{
  "type": "FeatureCollection",
  "features": [
    {
      "type": "Feature",
      "properties": {
        "name": "Koszykowa",
        "highway": "tertiary"
      },
      "geometry": {
        "type": "MultiLineString",
        "coordinates": [
          [
            [
              52.2230104,
              21.0048912
            ],
            [
              52.2230167,
              21.0047763
            ],
            [
              52.2230194,
              21.0047285
            ],
            [
              52.2230263,
              21.0046172
            ]
          ],
          [
            [
              52.2230263,
              21.0046172
            ],
            [
              52.2230383,
              21.0043689
            ],
            [
              52.2230429,
              21.0042779
            ],
            [
              52.2230582,
              21.0039776
            ],
            [
              52.2230802,
              21.0035479
            ],
            [
              52.2230915,
              21.0033275
            ]
          ],
          [
            [
              52.2237622,
              20.9899829
            ],
            [
              52.2237661,
              20.9899463
            ],
            [
              52.2237701,
              20.9899237
            ],
            [
              52.2237792,
              20.9898921
            ],
            [
              52.2237959,
              20.989856
            ],
            [
              52.2238682,
              20.9896752
            ]
          ],
          [
            [
              52.2232498,
              21.0003564
            ],
            [
              52.2232581,
              21.0001678
            ],
            [
              52.223271,
              20.9998774
            ]
          ],
          [
            [
              52.2234846,
              20.9954485
            ],
            [
              52.2234928,
              20.9952798
            ],
            [
              52.2234964,
              20.9952001
            ],
            [
              52.22354,
              20.994356
            ],
            [
              52.2235894,
              20.9933994
            ],
            [
              52.2236266,
              20.9926899
            ],
            [
              52.2236956,
              20.9913764
            ],
            [
              52.2237084,
              20.9911474
            ],
            [
              52.2237175,
              20.9910131
            ],
            [
              52.223723,
              20.9909524
            ],
            [
              52.2237383,
              20.9908213
            ],
            [
              52.2237447,
              20.9907228
            ]
          ],
          [
            [
              52.2233885,
              20.9975471
            ],
            [
              52.2233921,
              20.9974337
            ],
            [
              52.223393,
              20.9973437
            ],
            [
              52.2233947,
              20.9972958
            ],
            [
              52.2234035,
              20.9970947
            ]
          ],
          [
            [
              52.2237927,
              20.990396
            ],
            [
              52.2238008,
              20.9902859
            ],
            [
              52.2238066,
              20.9901925
            ],
            [
              52.2238106,
              20.9901323
            ],
            [
              52.2238207,
              20.9900805
            ],
            [
              52.2238341,
              20.9900244
            ],
            [
              52.2238513,
              20.989976
            ],
            [
              52.2238754,
              20.9899206
            ]
          ],
          [
            [
              52.2237368,
              20.9905727
            ],
            [
              52.2237514,
              20.9902212
            ],
            [
              52.2237541,
              20.9901613
            ],
            [
              52.2237622,
              20.9899829
            ]
          ],
          [
            [
              52.2233258,
              20.998833
            ],
            [
              52.2233362,
              20.9986476
            ],
            [
              52.2233617,
              20.9981938
            ]
          ],
          [
            [
              52.2237447,
              20.9907228
            ],
            [
              52.2237655,
              20.990637
            ],
            [
              52.2237765,
              20.9905483
            ],
            [
              52.2237927,
              20.990396
            ]
          ],
          [
            [
              52.2237368,
              20.9905727
            ],
            [
              52.2237415,
              20.9906623
            ],
            [
              52.2237447,
              20.9907228
            ]
          ],
          [
            [
              52.2232359,
              21.0006523
            ],
            [
              52.2232387,
              21.0005931
            ],
            [
              52.2232422,
              21.0005189
            ],
            [
              52.2232498,
              21.0003564
            ]
          ],
          [
            [
              52.223271,
              20.9998774
            ],
            [
              52.2233258,
              20.998833
            ]
          ],
          [
            [
              52.2233783,
              20.9978032
            ],
            [
              52.2233844,
              20.9976488
            ],
            [
              52.2233885,
              20.9975471
            ]
          ],
          [
            [
              52.2233617,
              20.9981938
            ],
            [
              52.2233698,
              20.9980032
            ],
            [
              52.2233783,
              20.9978032
            ]
          ],
          [
            [
              52.2230915,
              21.0033275
            ],
            [
              52.2231232,
              21.0027746
            ],
            [
              52.2231993,
              21.0013684
            ],
            [
              52.2232209,
              21.0009683
            ],
            [
              52.2232252,
              21.0008791
            ],
            [
              52.2232359,
              21.0006523
            ]
          ],
          [
            [
              52.2234035,
              20.9970947
            ],
            [
              52.223437,
              20.9964117
            ],
            [
              52.2234767,
              20.9956162
            ],
            [
              52.2234846,
              20.9954485
            ]
          ]
        ]
      }
    },
    {
      "type": "Feature",
      "properties": {
        "name": "Tytusa Chałubińskiego",
        "highway": "secondary"
      },
      "geometry": {
        "type": "MultiLineString",
        "coordinates": [
          [
            [
              52.2251462,
              21.0033556
            ],
            [
              52.2258396,
              21.0029852
            ]
          ],
          [
            [
              52.2258396,
              21.0029852
            ],
            [
              52.2277046,
              21.0017885
            ]
          ],
          [
            [
              52.2251462,
              21.0033556
            ],
            [
              52.2258014,
              21.0028969
            ],
            [
              52.2266358,
              21.0023702
            ]
          ],
          [
            [
              52.2230263,
              21.0046172
            ],
            [
              52.2230526,
              21.0046116
            ],
            [
              52.2230717,
              21.0046057
            ],
            [
              52.2231062,
              21.0045927
            ],
            [
              52.2231422,
              21.0045755
            ],
            [
              52.223191,
              21.0045478
            ],
            [
              52.2232779,
              21.0044948
            ],
            [
              52.223856,
              21.0041414
            ],
            [
              52.2240363,
              21.0040254
            ],
            [
              52.2249209,
              21.0034861
            ],
            [
              52.2251462,
              21.0033556
            ]
          ],
          [
            [
              52.226728,
              21.0022914
            ],
            [
              52.2267645,
              21.002267
            ],
            [
              52.2269315,
              21.0021587
            ],
            [
              52.2269904,
              21.0021196
            ],
            [
              52.2270418,
              21.0020832
            ],
            [
              52.2270979,
              21.0020421
            ],
            [
              52.2271612,
              21.0019923
            ],
            [
              52.2272075,
              21.0019523
            ],
            [
              52.2272633,
              21.0019006
            ],
            [
              52.2273029,
              21.0018645
            ],
            [
              52.2273425,
              21.0018261
            ],
            [
              52.227443,
              21.001731
            ]
          ],
          [
            [
              52.2266358,
              21.0023702
            ],
            [
              52.2266701,
              21.002349
            ],
            [
              52.226728,
              21.0022914
            ]
          ]
        ]
      }
    },
    {
      "type": "Feature",
      "properties": {
        "name": "Wawelska",
        "highway": "primary"
      },
      "geometry": {
        "type": "MultiLineString",
        "coordinates": [
          [
            [
              52.2161819,
              20.9812314
            ],
            [
              52.216228,
              20.9810968
            ],
            [
              52.2162444,
              20.9810488
            ],
            [
              52.2162897,
              20.980922
            ]
          ],
          [
            [
              52.2170537,
              21.001657
            ],
            [
              52.2172165,
              21.0045873
            ]
          ],
          [
            [
              52.2162903,
              20.9865587
            ],
            [
              52.2163216,
              20.9871607
            ],
            [
              52.2163265,
              20.9872308
            ],
            [
              52.2163311,
              20.9872838
            ],
            [
              52.2163347,
              20.9873198
            ],
            [
              52.2163417,
              20.9873872
            ],
            [
              52.2163496,
              20.9874491
            ],
            [
              52.2163557,
              20.9874876
            ],
            [
              52.2163744,
              20.9875957
            ],
            [
              52.2164113,
              20.9877711
            ],
            [
              52.216423,
              20.987826
            ]
          ],
          [
            [
              52.2161846,
              20.9888414
            ],
            [
              52.2162423,
              20.9898524
            ],
            [
              52.2162475,
              20.9899379
            ],
            [
              52.2162511,
              20.9899955
            ],
            [
              52.2162885,
              20.9902885
            ]
          ],
          [
            [
              52.2162885,
              20.9902885
            ],
            [
              52.2163033,
              20.9903983
            ],
            [
              52.2163103,
              20.9904859
            ],
            [
              52.2163268,
              20.9908051
            ]
          ],
          [
            [
              52.2162936,
              20.9813254
            ],
            [
              52.2163416,
              20.981195
            ],
            [
              52.2163588,
              20.981148
            ],
            [
              52.2164046,
              20.981022
            ]
          ],
          [
            [
              52.216486,
              20.9903027
            ],
            [
              52.2164639,
              20.9899059
            ],
            [
              52.2164534,
              20.9897177
            ],
            [
              52.2164491,
              20.9896206
            ],
            [
              52.2164467,
              20.9895159
            ],
            [
              52.2164467,
              20.9894079
            ],
            [
              52.216448,
              20.9893225
            ],
            [
              52.216453,
              20.9892139
            ],
            [
              52.2164587,
              20.9891243
            ],
            [
              52.2164656,
              20.9890438
            ],
            [
              52.2165017,
              20.9886436
            ]
          ],
          [
            [
              52.2169505,
              21.0017086
            ],
            [
              52.2170439,
              21.0035275
            ]
          ],
          [
            [
              52.2167283,
              20.9980008
            ],
            [
              52.2167522,
              20.9984343
            ],
            [
              52.2168341,
              20.999917
            ],
            [
              52.2168644,
              21.000465
            ]
          ],
          [
            [
              52.2159758,
              20.9826765
            ],
            [
              52.2159936,
              20.9829951
            ],
            [
              52.2160081,
              20.9832556
            ],
            [
              52.2160389,
              20.9838091
            ],
            [
              52.2160434,
              20.98389
            ],
            [
              52.2160469,
              20.9839542
            ],
            [
              52.2160534,
              20.9840798
            ]
          ],
          [
            [
              52.216192,
              20.9880854
            ],
            [
              52.2162198,
              20.9879133
            ],
            [
              52.2162276,
              20.9878565
            ],
            [
              52.2162331,
              20.9877994
            ],
            [
              52.2162355,
              20.9877684
            ],
            [
              52.2162384,
              20.987717
            ],
            [
              52.2162397,
              20.9876534
            ],
            [
              52.216239,
              20.9875652
            ],
            [
              52.2162366,
              20.9874772
            ],
            [
              52.2162323,
              20.9873927
            ]
          ],
          [
            [
              52.2161011,
              20.9849542
            ],
            [
              52.2161538,
              20.9859271
            ],
            [
              52.2162097,
              20.986968
            ],
            [
              52.2162323,
              20.9873927
            ]
          ],
          [
            [
              52.2159562,
              20.9821349
            ],
            [
              52.215955,
              20.9821688
            ],
            [
              52.2159548,
              20.9822761
            ],
            [
              52.2159643,
              20.9824636
            ],
            [
              52.2159758,
              20.9826765
            ]
          ],
          [
            [
              52.2160648,
              20.9823968
            ],
            [
              52.2161039,
              20.9830941
            ],
            [
              52.2161448,
              20.9836708
            ],
            [
              52.2161551,
              20.9838729
            ],
            [
              52.2161582,
              20.9839395
            ],
            [
              52.2161701,
              20.9841945
            ]
          ],
          [
            [
              52.2170054,
              20.9997615
            ],
            [
              52.2170153,
              21.0000004
            ],
            [
              52.2170173,
              21.0002784
            ]
          ],
          [
            [
              52.2159562,
              20.9821349
            ],
            [
              52.2159624,
              20.9820388
            ],
            [
              52.2159738,
              20.9819451
            ],
            [
              52.2159885,
              20.9818607
            ],
            [
              52.2160058,
              20.981779
            ],
            [
              52.2160399,
              20.9816513
            ],
            [
              52.2160754,
              20.9815395
            ],
            [
              52.2161083,
              20.9814442
            ],
            [
              52.2161819,
              20.9812314
            ]
          ],
          [
            [
              52.2165261,
              20.9943749
            ],
            [
              52.2165686,
              20.9951332
            ],
            [
              52.2166697,
              20.9969402
            ]
          ],
          [
            [
              52.2161701,
              20.9841945
            ],
            [
              52.2162055,
              20.984948
            ]
          ],
          [
            [
              52.2160648,
              20.9823968
            ],
            [
              52.2160614,
              20.982257
            ],
            [
              52.2160633,
              20.9821128
            ],
            [
              52.2160804,
              20.9819723
            ],
            [
              52.2161073,
              20.9818606
            ],
            [
              52.2161826,
              20.9816362
            ],
            [
              52.2162124,
              20.9815473
            ],
            [
              52.2162936,
              20.9813254
            ]
          ],
          [
            [
              52.2161629,
              20.9884602
            ],
            [
              52.2161846,
              20.9888414
            ]
          ],
          [
            [
              52.2165835,
              20.9921736
            ],
            [
              52.216637,
              20.9932027
            ]
          ],
          [
            [
              52.2169199,
              20.998276
            ],
            [
              52.2169867,
              20.9994457
            ],
            [
              52.2170054,
              20.9997615
            ]
          ],
          [
            [
              52.216637,
              20.9932027
            ],
            [
              52.216812,
              20.9964027
            ],
            [
              52.2168542,
              20.9971361
            ],
            [
              52.2169199,
              20.998276
            ]
          ],
          [
            [
              52.216486,
              20.9903027
            ],
            [
              52.2165047,
              20.9906275
            ],
            [
              52.2165835,
              20.9921736
            ]
          ],
          [
            [
              52.2162055,
              20.984948
            ],
            [
              52.2162607,
              20.9859527
            ]
          ],
          [
            [
              52.2162607,
              20.9859527
            ],
            [
              52.2162903,
              20.9865587
            ]
          ],
          [
            [
              52.2160534,
              20.9840798
            ],
            [
              52.2161011,
              20.9849542
            ]
          ],
          [
            [
              52.2164619,
              20.993228
            ],
            [
              52.2165261,
              20.9943749
            ]
          ],
          [
            [
              52.2163268,
              20.9908051
            ],
            [
              52.2163539,
              20.9912979
            ]
          ],
          [
            [
              52.2166697,
              20.9969402
            ],
            [
              52.2167019,
              20.9975235
            ],
            [
              52.2167283,
              20.9980008
            ]
          ],
          [
            [
              52.2170439,
              21.0035275
            ],
            [
              52.217109,
              21.0045965
            ]
          ],
          [
            [
              52.216423,
              20.987826
            ],
            [
              52.2164424,
              20.9879071
            ],
            [
              52.2164956,
              20.9881092
            ]
          ],
          [
            [
              52.2164284,
              20.9926283
            ],
            [
              52.2164619,
              20.993228
            ]
          ],
          [
            [
              52.2163539,
              20.9912979
            ],
            [
              52.2164284,
              20.9926283
            ]
          ],
          [
            [
              52.2168644,
              21.000465
            ],
            [
              52.21691,
              21.0009842
            ],
            [
              52.2169505,
              21.0017086
            ]
          ],
          [
            [
              52.2170173,
              21.0002784
            ],
            [
              52.2170214,
              21.0006288
            ],
            [
              52.217024,
              21.0007937
            ],
            [
              52.217028,
              21.0009562
            ],
            [
              52.2170371,
              21.0013078
            ],
            [
              52.2170411,
              21.001416
            ],
            [
              52.2170537,
              21.001657
            ]
          ]
        ]
      }
    },
    {
      "type": "Feature",
      "properties": {
        "name": "Aleja Armii Ludowej",
        "highway": "primary"
      },
      "geometry": {
        "type": "MultiLineString",
        "coordinates": [
          [
            [
              52.2172165,
              21.0045873
            ],
            [
              52.2172742,
              21.0055406
            ]
          ],
          [
            [
              52.217109,
              21.0045965
            ],
            [
              52.2171609,
              21.0055559
            ]
          ]
        ]
      }
    },
    {
      "type": "Feature",
      "properties": {
        "name": "Rondo Ryszarda Kaczorowskiego",
        "highway": "secondary"
      },
      "geometry": {
        "type": "MultiLineString",
        "coordinates": [
          [
            [
              52.216192,
              20.9880854
            ],
            [
              52.2162517,
              20.9880595
            ],
            [
              52.2162735,
              20.9880535
            ],
            [
              52.2162989,
              20.9880484
            ],
            [
              52.2163254,
              20.9880449
            ],
            [
              52.2163503,
              20.9880458
            ],
            [
              52.2163755,
              20.9880515
            ],
            [
              52.2164047,
              20.988063
            ],
            [
              52.2164956,
              20.9881092
            ]
          ],
          [
            [
              52.2161629,
              20.9884602
            ],
            [
              52.2161601,
              20.9883891
            ],
            [
              52.2161607,
              20.9883262
            ],
            [
              52.2161653,
              20.9882666
            ],
            [
              52.2161718,
              20.9882131
            ],
            [
              52.216192,
              20.9880854
            ]
          ],
          [
            [
              52.2164956,
              20.9881092
            ],
            [
              52.2165086,
              20.9881679
            ],
            [
              52.2165193,
              20.9882267
            ],
            [
              52.2165248,
              20.9882812
            ],
            [
              52.2165257,
              20.9883319
            ],
            [
              52.2165244,
              20.9883839
            ],
            [
              52.2165212,
              20.9884317
            ],
            [
              52.216515,
              20.9884989
            ],
            [
              52.2165017,
              20.9886436
            ]
          ]
        ]
      }
    },
    {
      "type": "Feature",
      "properties": {
        "name": "Nowowiejska",
        "highway": "tertiary"
      },
      "geometry": {
        "type": "MultiLineString",
        "coordinates": [
          [
            [
              52.2201502,
              21.0042864
            ],
            [
              52.2201535,
              21.0041375
            ],
            [
              52.220166,
              21.0036534
            ],
            [
              52.2201694,
              21.0035794
            ],
            [
              52.2201787,
              21.0034495
            ],
            [
              52.2201896,
              21.0033193
            ],
            [
              52.220194,
              21.0032502
            ],
            [
              52.2201971,
              21.0031709
            ],
            [
              52.2202079,
              21.0028348
            ],
            [
              52.2202294,
              21.0020947
            ],
            [
              52.2202326,
              21.00194
            ],
            [
              52.2202465,
              21.0012255
            ],
            [
              52.2202486,
              21.0011559
            ],
            [
              52.2202497,
              21.0011201
            ],
            [
              52.2202522,
              21.0010352
            ]
          ],
          [
            [
              52.2202412,
              21.0005758
            ],
            [
              52.2202518,
              21.0006328
            ],
            [
              52.2202552,
              21.0006757
            ],
            [
              52.2202581,
              21.0007334
            ],
            [
              52.2202574,
              21.0008095
            ],
            [
              52.2202554,
              21.000928
            ],
            [
              52.2202522,
              21.0010352
            ]
          ],
          [
            [
              52.2201345,
              21.0050247
            ],
            [
              52.2201348,
              21.0049936
            ],
            [
              52.2201358,
              21.0049195
            ],
            [
              52.2201364,
              21.0048744
            ],
            [
              52.2201375,
              21.004785
            ],
            [
              52.2201378,
              21.004768
            ]
          ],
          [
            [
              52.2200824,
              21.0002005
            ],
            [
              52.2201138,
              21.0002474
            ],
            [
              52.2201481,
              21.0003115
            ],
            [
              52.2201685,
              21.000356
            ],
            [
              52.220189,
              21.0004073
            ],
            [
              52.2202105,
              21.0004712
            ],
            [
              52.2202266,
              21.0005228
            ],
            [
              52.2202412,
              21.0005758
            ]
          ],
          [
            [
              52.2201378,
              21.004768
            ],
            [
              52.2201387,
              21.0047155
            ],
            [
              52.2201416,
              21.0046093
            ],
            [
              52.2201441,
              21.0045315
            ],
            [
              52.2201472,
              21.0044258
            ],
            [
              52.2201502,
              21.0042864
            ]
          ]
        ]
      }
    },
    {
      "type": "Feature",
      "properties": {
        "name": "Żwirki i Wigury",
        "highway": "secondary"
      },
      "geometry": {
        "type": "MultiLineString",
        "coordinates": [
          [
            [
              52.2141172,
              20.9883752
            ],
            [
              52.214954,
              20.9882746
            ],
            [
              52.2152208,
              20.9882424
            ],
            [
              52.2154971,
              20.9882089
            ]
          ],
          [
            [
              52.2112685,
              20.9884487
            ],
            [
              52.211365,
              20.9884951
            ],
            [
              52.2114308,
              20.988523
            ],
            [
              52.2114916,
              20.9885455
            ],
            [
              52.2115667,
              20.98857
            ],
            [
              52.2119671,
              20.9887081
            ],
            [
              52.2120771,
              20.9887449
            ],
            [
              52.2121439,
              20.9887674
            ],
            [
              52.2122102,
              20.9887869
            ],
            [
              52.2122983,
              20.9888099
            ],
            [
              52.2123725,
              20.9888275
            ],
            [
              52.2124593,
              20.9888459
            ],
            [
              52.2125309,
              20.9888579
            ],
            [
              52.2126064,
              20.9888687
            ],
            [
              52.2126804,
              20.9888783
            ],
            [
              52.2127664,
              20.9888864
            ],
            [
              52.2128481,
              20.9888911
            ],
            [
              52.2129254,
              20.9888924
            ],
            [
              52.2129943,
              20.9888925
            ],
            [
              52.2130649,
              20.9888913
            ],
            [
              52.2131409,
              20.9888867
            ],
            [
              52.2132233,
              20.9888797
            ],
            [
              52.2133067,
              20.9888709
            ],
            [
              52.2133875,
              20.9888616
            ],
            [
              52.2139663,
              20.9887949
            ],
            [
              52.2140393,
              20.9887836
            ],
            [
              52.2141346,
              20.9887642
            ]
          ],
          [
            [
              52.1927751,
              20.9817627
            ],
            [
              52.1932229,
              20.9819178
            ]
          ],
          [
            [
              52.2141346,
              20.9887642
            ],
            [
              52.2142916,
              20.9887337
            ],
            [
              52.2143499,
              20.9887281
            ],
            [
              52.2144056,
              20.988727
            ],
            [
              52.2144773,
              20.9887252
            ],
            [
              52.2145298,
              20.9887245
            ],
            [
              52.2145816,
              20.9887269
            ],
            [
              52.2146341,
              20.988734
            ],
            [
              52.2146908,
              20.9887453
            ],
            [
              52.2147392,
              20.9887586
            ],
            [
              52.2148033,
              20.9887811
            ],
            [
              52.2148591,
              20.9888049
            ],
            [
              52.214911,
              20.9888321
            ],
            [
              52.2149634,
              20.988862
            ],
            [
              52.2150222,
              20.9888996
            ],
            [
              52.2150722,
              20.9889339
            ],
            [
              52.2151238,
              20.9889723
            ],
            [
              52.215169,
              20.9890067
            ],
            [
              52.2152192,
              20.9890483
            ],
            [
              52.2152583,
              20.9890814
            ],
            [
              52.2153038,
              20.9891235
            ],
            [
              52.2153447,
              20.9891617
            ],
            [
              52.2153882,
              20.989206
            ],
            [
              52.215433,
              20.9892529
            ],
            [
              52.2154812,
              20.9893051
            ],
            [
              52.2155227,
              20.9893544
            ],
            [
              52.2155716,
              20.9894145
            ],
            [
              52.2156159,
              20.9894736
            ],
            [
              52.2156504,
              20.9895228
            ]
          ],
          [
            [
              52.2118281,
              20.9882575
            ],
            [
              52.2121527,
              20.988368
            ],
            [
              52.2122255,
              20.9883907
            ],
            [
              52.2123109,
              20.988415
            ],
            [
              52.2123871,
              20.9884343
            ],
            [
              52.2124592,
              20.9884505
            ],
            [
              52.2125441,
              20.988466
            ],
            [
              52.2126218,
              20.9884783
            ],
            [
              52.2126804,
              20.9884872
            ],
            [
              52.2127471,
              20.9884929
            ],
            [
              52.21283,
              20.9884978
            ],
            [
              52.212909,
              20.9885008
            ],
            [
              52.2129824,
              20.9885003
            ],
            [
              52.2130551,
              20.9884984
            ],
            [
              52.2131239,
              20.9884945
            ],
            [
              52.2131975,
              20.9884888
            ],
            [
              52.2133043,
              20.9884761
            ],
            [
              52.213672,
              20.9884319
            ],
            [
              52.2141172,
              20.9883752
            ]
          ],
          [
            [
              52.2005215,
              20.9843804
            ],
            [
              52.2009252,
              20.9845184
            ],
            [
              52.2011014,
              20.9845786
            ],
            [
              52.2011302,
              20.9845884
            ],
            [
              52.2013036,
              20.9846476
            ]
          ],
          [
            [
              52.1979644,
              20.9835066
            ],
            [
              52.1982181,
              20.9835936
            ],
            [
              52.1982476,
              20.9836037
            ],
            [
              52.1984035,
              20.9836572
            ]
          ],
          [
            [
              52.2020823,
              20.9849167
            ],
            [
              52.2027964,
              20.9851649
            ],
            [
              52.2029166,
              20.985205
            ],
            [
              52.2036337,
              20.985453
            ],
            [
              52.2045433,
              20.9857641
            ],
            [
              52.2047192,
              20.9858218
            ],
            [
              52.2050836,
              20.9859426
            ],
            [
              52.2051158,
              20.9859543
            ]
          ],
          [
            [
              52.1985062,
              20.9836924
            ],
            [
              52.1986639,
              20.9837465
            ],
            [
              52.1986931,
              20.9837565
            ],
            [
              52.1987287,
              20.9837687
            ],
            [
              52.1988367,
              20.9838057
            ],
            [
              52.1993023,
              20.9839654
            ]
          ],
          [
            [
              52.1993023,
              20.9839654
            ],
            [
              52.1999514,
              20.9841878
            ]
          ],
          [
            [
              52.2013036,
              20.9846476
            ],
            [
              52.2015076,
              20.9847181
            ],
            [
              52.2020823,
              20.9849167
            ]
          ],
          [
            [
              52.2102242,
              20.9877098
            ],
            [
              52.2103854,
              20.9877647
            ]
          ],
          [
            [
              52.2099893,
              20.9876293
            ],
            [
              52.2100179,
              20.9876391
            ],
            [
              52.2100486,
              20.9876496
            ],
            [
              52.2102242,
              20.9877098
            ]
          ],
          [
            [
              52.1984035,
              20.9836572
            ],
            [
              52.1985062,
              20.9836924
            ]
          ],
          [
            [
              52.2156504,
              20.9895228
            ],
            [
              52.2159548,
              20.9899519
            ],
            [
              52.2160767,
              20.9901204
            ]
          ],
          [
            [
              52.1951117,
              20.9825532
            ],
            [
              52.1956551,
              20.9827391
            ],
            [
              52.1958164,
              20.9827894
            ],
            [
              52.1958533,
              20.9828013
            ],
            [
              52.196326,
              20.9829492
            ]
          ],
          [
            [
              52.1932229,
              20.9819178
            ],
            [
              52.1937791,
              20.982094
            ],
            [
              52.1940573,
              20.9821894
            ],
            [
              52.1942552,
              20.982253
            ]
          ],
          [
            [
              52.1942552,
              20.982253
            ],
            [
              52.194392,
              20.9822966
            ],
            [
              52.194421,
              20.9823067
            ],
            [
              52.1944668,
              20.9823214
            ],
            [
              52.1946725,
              20.982394
            ],
            [
              52.1949622,
              20.982498
            ],
            [
              52.1951117,
              20.9825532
            ]
          ],
          [
            [
              52.2162885,
              20.9902885
            ],
            [
              52.2163318,
              20.9902968
            ],
            [
              52.2163803,
              20.9903039
            ],
            [
              52.2164346,
              20.9903048
            ],
            [
              52.216486,
              20.9903027
            ]
          ],
          [
            [
              52.196326,
              20.9829492
            ],
            [
              52.1963946,
              20.9829701
            ],
            [
              52.1965144,
              20.9830103
            ],
            [
              52.1976929,
              20.9834149
            ]
          ],
          [
            [
              52.2104905,
              20.9881698
            ],
            [
              52.210523,
              20.9881783
            ],
            [
              52.2109132,
              20.988309
            ],
            [
              52.211089,
              20.9883693
            ],
            [
              52.2111468,
              20.9883928
            ],
            [
              52.2112016,
              20.9884167
            ],
            [
              52.2112685,
              20.9884487
            ]
          ],
          [
            [
              52.2100581,
              20.9880725
            ],
            [
              52.2102087,
              20.9881205
            ],
            [
              52.2102552,
              20.9881341
            ],
            [
              52.2103018,
              20.9881428
            ],
            [
              52.2103617,
              20.9881521
            ]
          ],
          [
            [
              52.20938,
              20.9874191
            ],
            [
              52.209745,
              20.987545
            ],
            [
              52.2099893,
              20.9876293
            ]
          ],
          [
            [
              52.2103854,
              20.9877647
            ],
            [
              52.2105282,
              20.9878142
            ],
            [
              52.2105619,
              20.9878259
            ],
            [
              52.210615,
              20.9878445
            ],
            [
              52.2113206,
              20.9880847
            ],
            [
              52.2118281,
              20.9882575
            ]
          ],
          [
            [
              52.2060003,
              20.9862608
            ],
            [
              52.2083825,
              20.9870775
            ],
            [
              52.20938,
              20.9874191
            ]
          ],
          [
            [
              52.2160767,
              20.9901204
            ],
            [
              52.2161126,
              20.990166
            ],
            [
              52.2161381,
              20.9901934
            ],
            [
              52.216159,
              20.9902137
            ],
            [
              52.2161827,
              20.990233
            ],
            [
              52.2162081,
              20.99025
            ],
            [
              52.2162458,
              20.9902706
            ],
            [
              52.2162885,
              20.9902885
            ]
          ],
          [
            [
              52.1976929,
              20.9834149
            ],
            [
              52.1979644,
              20.9835066
            ]
          ],
          [
            [
              52.1999514,
              20.9841878
            ],
            [
              52.2005215,
              20.9843804
            ]
          ],
          [
            [
              52.2159343,
              20.9881575
            ],
            [
              52.2160143,
              20.9881496
            ],
            [
              52.2160341,
              20.988146
            ],
            [
              52.2160572,
              20.9881402
            ],
            [
              52.2160795,
              20.988132
            ],
            [
              52.2161051,
              20.9881211
            ],
            [
              52.216192,
              20.9880854
            ]
          ],
          [
            [
              52.2154971,
              20.9882089
            ],
            [
              52.2155875,
              20.9881979
            ]
          ],
          [
            [
              52.2051158,
              20.9859543
            ],
            [
              52.2052718,
              20.986011
            ]
          ],
          [
            [
              52.2103617,
              20.9881521
            ],
            [
              52.2104905,
              20.9881698
            ]
          ],
          [
            [
              52.2155875,
              20.9881979
            ],
            [
              52.2159343,
              20.9881575
            ]
          ],
          [
            [
              52.2052718,
              20.986011
            ],
            [
              52.2054497,
              20.9860724
            ],
            [
              52.2060003,
              20.9862608
            ]
          ]
        ]
      }
    },
    {
      "type": "Feature",
      "properties": {
        "name": "Racławicka",
        "highway": "secondary"
      },
      "geometry": {
        "type": "MultiLineString",
        "coordinates": [
          [
            [
              52.1985054,
              20.9840916
            ],
            [
              52.1985112,
              20.9839533
            ],
            [
              52.1985105,
              20.9838122
            ],
            [
              52.1985062,
              20.9836924
            ]
          ],
          [
            [
              52.1983746,
              20.9840458
            ],
            [
              52.1983908,
              20.9839166
            ],
            [
              52.1984006,
              20.9837857
            ],
            [
              52.1984035,
              20.9836572
            ]
          ],
          [
            [
              52.198432,
              20.9827909
            ],
            [
              52.1984484,
              20.9830034
            ],
            [
              52.1984841,
              20.9834208
            ]
          ],
          [
            [
              52.1983562,
              20.9808194
            ],
            [
              52.1983569,
              20.9807215
            ],
            [
              52.1983627,
              20.9801231
            ],
            [
              52.1983682,
              20.979396
            ],
            [
              52.1983704,
              20.9791062
            ],
            [
              52.1983755,
              20.9785343
            ],
            [
              52.1983767,
              20.978495
            ],
            [
              52.1983818,
              20.9784546
            ],
            [
              52.1983869,
              20.978429
            ],
            [
              52.1983934,
              20.9783998
            ],
            [
              52.1984006,
              20.9783778
            ],
            [
              52.1984186,
              20.9783432
            ]
          ],
          [
            [
              52.1990323,
              20.9683845
            ],
            [
              52.198939,
              20.9686384
            ],
            [
              52.1989214,
              20.968703
            ],
            [
              52.1989171,
              20.9687562
            ],
            [
              52.1989193,
              20.9687824
            ],
            [
              52.1989225,
              20.9687997
            ],
            [
              52.1989291,
              20.9688229
            ],
            [
              52.1989374,
              20.9688426
            ],
            [
              52.1989478,
              20.9688604
            ],
            [
              52.1989638,
              20.9688789
            ],
            [
              52.1989824,
              20.9688935
            ],
            [
              52.1990072,
              20.9689131
            ],
            [
              52.1990651,
              20.9689549
            ]
          ],
          [
            [
              52.1986412,
              20.9742845
            ],
            [
              52.1986422,
              20.9736123
            ],
            [
              52.1986502,
              20.9730789
            ],
            [
              52.1986548,
              20.9723264
            ],
            [
              52.1986588,
              20.9714521
            ],
            [
              52.198675,
              20.9708993
            ],
            [
              52.1986934,
              20.9706767
            ],
            [
              52.1987052,
              20.9705347
            ],
            [
              52.1987515,
              20.9702367
            ],
            [
              52.1988094,
              20.9699346
            ],
            [
              52.1988298,
              20.9698447
            ],
            [
              52.1988849,
              20.9696018
            ],
            [
              52.1989407,
              20.9694013
            ],
            [
              52.1990651,
              20.9689549
            ]
          ],
          [
            [
              52.1995447,
              20.9666614
            ],
            [
              52.1995902,
              20.9665222
            ],
            [
              52.1996066,
              20.9664722
            ],
            [
              52.1996428,
              20.9663617
            ]
          ],
          [
            [
              52.1983295,
              20.9824665
            ],
            [
              52.1983335,
              20.9825981
            ],
            [
              52.1983411,
              20.9827615
            ]
          ],
          [
            [
              52.1983699,
              20.9831054
            ],
            [
              52.1983874,
              20.9833148
            ],
            [
              52.1983961,
              20.9834193
            ],
            [
              52.1983992,
              20.9834649
            ],
            [
              52.1984035,
              20.9836572
            ]
          ],
          [
            [
              52.1991455,
              20.9679704
            ],
            [
              52.1991579,
              20.9679211
            ],
            [
              52.1991846,
              20.9678092
            ],
            [
              52.1992068,
              20.9677096
            ],
            [
              52.1992408,
              20.9675503
            ],
            [
              52.1992828,
              20.9673713
            ],
            [
              52.1993284,
              20.9672154
            ],
            [
              52.1994385,
              20.9668734
            ],
            [
              52.1994551,
              20.9668218
            ]
          ],
          [
            [
              52.1991889,
              20.9679948
            ],
            [
              52.199235,
              20.9678507
            ],
            [
              52.1992717,
              20.9677331
            ],
            [
              52.1993023,
              20.9676205
            ],
            [
              52.1993516,
              20.9674358
            ],
            [
              52.1993859,
              20.9673196
            ],
            [
              52.1994303,
              20.9671834
            ],
            [
              52.1994884,
              20.9670059
            ],
            [
              52.1995114,
              20.9669354
            ],
            [
              52.1995272,
              20.9668834
            ]
          ],
          [
            [
              52.1984078,
              20.9824867
            ],
            [
              52.198432,
              20.9827909
            ]
          ],
          [
            [
              52.1995272,
              20.9668834
            ],
            [
              52.1995532,
              20.9668612
            ],
            [
              52.1995868,
              20.9668373
            ],
            [
              52.1996405,
              20.96681
            ],
            [
              52.1996655,
              20.9668037
            ],
            [
              52.1996923,
              20.9667938
            ]
          ],
          [
            [
              52.1983295,
              20.9824665
            ],
            [
              52.1983295,
              20.9824541
            ],
            [
              52.1983345,
              20.9824002
            ],
            [
              52.1983411,
              20.9823642
            ],
            [
              52.1983575,
              20.9823074
            ],
            [
              52.1983685,
              20.9822699
            ]
          ],
          [
            [
              52.1983411,
              20.9827615
            ],
            [
              52.1983699,
              20.9831054
            ]
          ],
          [
            [
              52.1983685,
              20.9822699
            ],
            [
              52.1983747,
              20.9823005
            ],
            [
              52.1983885,
              20.9823658
            ],
            [
              52.1984078,
              20.9824867
            ]
          ],
          [
            [
              52.1984841,
              20.9834208
            ],
            [
              52.1984866,
              20.9834571
            ],
            [
              52.1984903,
              20.9835006
            ],
            [
              52.1985062,
              20.9836924
            ]
          ],
          [
            [
              52.1983562,
              20.9808194
            ],
            [
              52.1983521,
              20.9815751
            ],
            [
              52.198352,
              20.9818392
            ],
            [
              52.1983566,
              20.9820277
            ],
            [
              52.1983685,
              20.9822699
            ]
          ],
          [
            [
              52.1995272,
              20.9668834
            ],
            [
              52.1995447,
              20.9666614
            ]
          ],
          [
            [
              52.1990323,
              20.9683845
            ],
            [
              52.1991889,
              20.9679948
            ]
          ],
          [
            [
              52.1990323,
              20.9683845
            ],
            [
              52.1991137,
              20.9680915
            ],
            [
              52.1991455,
              20.9679704
            ]
          ],
          [
            [
              52.1994551,
              20.9668218
            ],
            [
              52.1995447,
              20.9666614
            ]
          ]
        ]
      }
    },
    {
      "type": "Feature",
      "properties": {
        "name": "Stefana Banacha",
        "highway": "secondary"
      },
      "geometry": {
        "type": "MultiLineString",
        "coordinates": [
          [
            [
              52.2103854,
              20.9877647
            ],
            [
              52.2104045,
              20.9876726
            ],
            [
              52.2104105,
              20.9875758
            ],
            [
              52.2104133,
              20.987526
            ],
            [
              52.2104381,
              20.9870924
            ]
          ],
          [
            [
              52.2104207,
              20.9843001
            ],
            [
              52.21048,
              20.9834082
            ],
            [
              52.2105219,
              20.9826537
            ],
            [
              52.2105259,
              20.9824979
            ],
            [
              52.2105275,
              20.982429
            ]
          ],
          [
            [
              52.2107051,
              20.981089
            ],
            [
              52.2107094,
              20.9816878
            ]
          ],
          [
            [
              52.2105706,
              20.9847893
            ],
            [
              52.2106229,
              20.9838821
            ]
          ],
          [
            [
              52.2105209,
              20.9783204
            ],
            [
              52.2105214,
              20.9782671
            ],
            [
              52.2105234,
              20.9782186
            ],
            [
              52.2105268,
              20.9781679
            ],
            [
              52.2105316,
              20.9781137
            ],
            [
              52.210538,
              20.9780586
            ],
            [
              52.2105484,
              20.977992
            ],
            [
              52.2105603,
              20.9779292
            ],
            [
              52.210573,
              20.977873
            ],
            [
              52.2105857,
              20.9778245
            ],
            [
              52.2105969,
              20.9777854
            ],
            [
              52.2106942,
              20.9774557
            ]
          ],
          [
            [
              52.2106891,
              20.97849
            ],
            [
              52.2106951,
              20.9784149
            ],
            [
              52.2107008,
              20.9783587
            ],
            [
              52.2107081,
              20.978301
            ],
            [
              52.210717,
              20.9782441
            ],
            [
              52.2107264,
              20.9781913
            ],
            [
              52.2107359,
              20.9781454
            ],
            [
              52.2107514,
              20.9780776
            ],
            [
              52.2107665,
              20.9780173
            ],
            [
              52.2107845,
              20.9779551
            ],
            [
              52.210804,
              20.9778888
            ],
            [
              52.2110071,
              20.9772018
            ],
            [
              52.21103,
              20.9771224
            ],
            [
              52.2110509,
              20.9770497
            ],
            [
              52.2111159,
              20.9768317
            ]
          ],
          [
            [
              52.2105202,
              20.9802838
            ],
            [
              52.2105171,
              20.9805436
            ],
            [
              52.2105185,
              20.9807935
            ],
            [
              52.2105188,
              20.9808337
            ],
            [
              52.2105209,
              20.9811181
            ]
          ],
          [
            [
              52.2111159,
              20.9768317
            ],
            [
              52.2111324,
              20.9767764
            ],
            [
              52.2111621,
              20.9766768
            ],
            [
              52.211166,
              20.9766638
            ],
            [
              52.2111747,
              20.9766349
            ],
            [
              52.2111894,
              20.9765855
            ],
            [
              52.2112144,
              20.9765021
            ],
            [
              52.2112308,
              20.976447
            ]
          ],
          [
            [
              52.2102185,
              20.9875963
            ],
            [
              52.2102221,
              20.9875062
            ],
            [
              52.2102244,
              20.9874563
            ],
            [
              52.210229,
              20.9873767
            ],
            [
              52.2102614,
              20.9868004
            ],
            [
              52.2103167,
              20.9858332
            ],
            [
              52.2103254,
              20.9857099
            ],
            [
              52.2103351,
              20.9855881
            ]
          ],
          [
            [
              52.2105209,
              20.9811181
            ],
            [
              52.2105259,
              20.9818115
            ],
            [
              52.2105275,
              20.982429
            ]
          ],
          [
            [
              52.2105202,
              20.9802838
            ],
            [
              52.2105231,
              20.9799973
            ],
            [
              52.210526,
              20.9797035
            ],
            [
              52.2105264,
              20.9796192
            ],
            [
              52.2105267,
              20.9795359
            ],
            [
              52.2105273,
              20.9794466
            ],
            [
              52.2105277,
              20.9793656
            ],
            [
              52.2105273,
              20.979254
            ],
            [
              52.2105244,
              20.9787753
            ]
          ],
          [
            [
              52.2106942,
              20.9774557
            ],
            [
              52.2108371,
              20.9769715
            ],
            [
              52.2108586,
              20.9768988
            ],
            [
              52.2108645,
              20.9768787
            ],
            [
              52.2109278,
              20.9766644
            ]
          ],
          [
            [
              52.2104748,
              20.986456
            ],
            [
              52.2105074,
              20.98589
            ],
            [
              52.2105388,
              20.9853405
            ]
          ],
          [
            [
              52.2102185,
              20.9875963
            ],
            [
              52.2102242,
              20.9877098
            ]
          ],
          [
            [
              52.210702,
              20.982447
            ],
            [
              52.2107096,
              20.982246
            ],
            [
              52.2107115,
              20.9820466
            ],
            [
              52.2107094,
              20.9816878
            ]
          ],
          [
            [
              52.2106984,
              20.9802664
            ],
            [
              52.2106991,
              20.9804053
            ],
            [
              52.2106997,
              20.9805404
            ],
            [
              52.2107013,
              20.9806268
            ],
            [
              52.2107024,
              20.980721
            ]
          ],
          [
            [
              52.2106891,
              20.97849
            ],
            [
              52.2106862,
              20.9785534
            ],
            [
              52.2106852,
              20.9786093
            ],
            [
              52.2106853,
              20.978667
            ],
            [
              52.21069,
              20.9791436
            ],
            [
              52.210696,
              20.9797547
            ],
            [
              52.2106984,
              20.9802664
            ]
          ],
          [
            [
              52.2106229,
              20.9838821
            ],
            [
              52.2106519,
              20.9833683
            ],
            [
              52.2106912,
              20.9826725
            ],
            [
              52.210702,
              20.982447
            ]
          ],
          [
            [
              52.2105388,
              20.9853405
            ],
            [
              52.2105507,
              20.9851135
            ],
            [
              52.2105637,
              20.9849021
            ],
            [
              52.2105706,
              20.9847893
            ]
          ],
          [
            [
              52.2103351,
              20.9855881
            ],
            [
              52.2103458,
              20.9854497
            ]
          ],
          [
            [
              52.2107024,
              20.980721
            ],
            [
              52.2107051,
              20.981089
            ]
          ],
          [
            [
              52.2104381,
              20.9870924
            ],
            [
              52.2104601,
              20.9867224
            ],
            [
              52.2104748,
              20.986456
            ]
          ],
          [
            [
              52.2109278,
              20.9766644
            ],
            [
              52.210958,
              20.9765625
            ],
            [
              52.2109842,
              20.9764736
            ],
            [
              52.2110003,
              20.9764191
            ],
            [
              52.2110216,
              20.976347
            ],
            [
              52.2110417,
              20.976279
            ]
          ],
          [
            [
              52.2105209,
              20.9783204
            ],
            [
              52.2105211,
              20.9783478
            ],
            [
              52.2105221,
              20.978476
            ],
            [
              52.2105244,
              20.9787753
            ]
          ],
          [
            [
              52.2103458,
              20.9854497
            ],
            [
              52.2103854,
              20.984832
            ],
            [
              52.2104207,
              20.9843001
            ]
          ]
        ]
      }
    },
    {
      "type": "Feature",
      "properties": {
        "name": "Ludwika Pasteura",
        "highway": "residential"
      },
      "geometry": {
        "type": "MultiLineString",
        "coordinates": [
          [
            [
              52.2156399,
              20.9821128
            ],
            [
              52.2158117,
              20.9821255
            ],
            [
              52.2158949,
              20.9821302
            ],
            [
              52.2159169,
              20.9821322
            ],
            [
              52.2159562,
              20.9821349
            ]
          ],
          [
            [
              52.213328,
              20.9821079
            ],
            [
              52.2134168,
              20.9820775
            ],
            [
              52.2135071,
              20.98205
            ],
            [
              52.2135612,
              20.9820345
            ],
            [
              52.2136582,
              20.982017
            ],
            [
              52.2137015,
              20.9820098
            ],
            [
              52.2137569,
              20.9820021
            ],
            [
              52.2138156,
              20.9819984
            ],
            [
              52.2138778,
              20.9819949
            ],
            [
              52.2139308,
              20.9819943
            ],
            [
              52.2139882,
              20.9819959
            ],
            [
              52.2140449,
              20.9819994
            ],
            [
              52.2141436,
              20.9820072
            ],
            [
              52.2143227,
              20.98202
            ],
            [
              52.2144927,
              20.9820314
            ],
            [
              52.2147382,
              20.9820472
            ],
            [
              52.2151036,
              20.9820732
            ],
            [
              52.2156399,
              20.9821128
            ]
          ],
          [
            [
              52.2131171,
              20.9821872
            ],
            [
              52.213328,
              20.9821079
            ]
          ],
          [
            [
              52.210702,
              20.982447
            ],
            [
              52.2108004,
              20.9824529
            ],
            [
              52.2108304,
              20.9824548
            ],
            [
              52.2112776,
              20.9824428
            ],
            [
              52.2121795,
              20.982409
            ],
            [
              52.2124035,
              20.9824006
            ],
            [
              52.2125105,
              20.9823902
            ],
            [
              52.2126176,
              20.9823712
            ],
            [
              52.2126902,
              20.9823536
            ],
            [
              52.2128925,
              20.9822742
            ],
            [
              52.213003,
              20.9822312
            ],
            [
              52.2130439,
              20.9822152
            ],
            [
              52.2131171,
              20.9821872
            ]
          ],
          [
            [
              52.2105275,
              20.982429
            ],
            [
              52.210702,
              20.982447
            ]
          ]
        ]
      }
    },
    {
      "type": "Feature",
      "properties": {
        "name": "Winnicka",
        "highway": "residential"
      },
      "geometry": {
        "type": "MultiLineString",
        "coordinates": [
          [
            [
              52.2131171,
              20.9821872
            ],
            [
              52.2131062,
              20.9820995
            ],
            [
              52.2131044,
              20.9820192
            ],
            [
              52.2130965,
              20.9816935
            ],
            [
              52.2130894,
              20.9813249
            ],
            [
              52.213095,
              20.9812251
            ],
            [
              52.2131087,
              20.9811169
            ],
            [
              52.2131312,
              20.981018
            ],
            [
              52.2131579,
              20.9809251
            ],
            [
              52.2131972,
              20.9808071
            ],
            [
              52.2132384,
              20.9806891
            ],
            [
              52.213256,
              20.9806388
            ],
            [
              52.2134739,
              20.9799553
            ],
            [
              52.2135438,
              20.9797488
            ],
            [
              52.2136087,
              20.9795453
            ],
            [
              52.213713,
              20.9792185
            ],
            [
              52.2137456,
              20.9791238
            ],
            [
              52.2137659,
              20.9790647
            ]
          ]
        ]
      }
    },
    {
      "type": "Feature",
      "properties": {
        "name": "Grójecka",
        "highway": "secondary"
      },
      "geometry": {
        "type": "MultiLineString",
        "coordinates": [
          [
            [
              52.2161279,
              20.9807787
            ],
            [
              52.2162897,
              20.980922
            ]
          ],
          [
            [
              52.2109278,
              20.9766644
            ],
            [
              52.2109991,
              20.9767279
            ],
            [
              52.2110136,
              20.9767408
            ],
            [
              52.2110182,
              20.9767449
            ],
            [
              52.2110246,
              20.9767506
            ],
            [
              52.211087,
              20.976806
            ],
            [
              52.2111159,
              20.9768317
            ]
          ],
          [
            [
              52.1973662,
              20.9648095
            ],
            [
              52.1977201,
              20.9651163
            ]
          ],
          [
            [
              52.1970673,
              20.9640987
            ],
            [
              52.1974538,
              20.9644428
            ]
          ],
          [
            [
              52.2161819,
              20.9812314
            ],
            [
              52.2162936,
              20.9813254
            ]
          ],
          [
            [
              52.2162897,
              20.980922
            ],
            [
              52.2164046,
              20.981022
            ]
          ],
          [
            [
              52.2210452,
              20.9854793
            ],
            [
              52.2212092,
              20.9856238
            ],
            [
              52.2225864,
              20.9868428
            ],
            [
              52.2226282,
              20.9868786
            ],
            [
              52.2227131,
              20.9869541
            ],
            [
              52.2228185,
              20.9870498
            ]
          ],
          [
            [
              52.2164046,
              20.981022
            ],
            [
              52.2165514,
              20.9811532
            ],
            [
              52.2166015,
              20.9811981
            ],
            [
              52.2168372,
              20.9814094
            ],
            [
              52.2171139,
              20.9816687
            ]
          ],
          [
            [
              52.2219248,
              20.9859108
            ],
            [
              52.2227156,
              20.98661
            ],
            [
              52.2227576,
              20.9866457
            ],
            [
              52.2227785,
              20.986663
            ],
            [
              52.2232573,
              20.9870971
            ],
            [
              52.2233519,
              20.9871809
            ],
            [
              52.2240288,
              20.9877772
            ],
            [
              52.2243585,
              20.9880676
            ]
          ],
          [
            [
              52.2162936,
              20.9813254
            ],
            [
              52.2164511,
              20.9814578
            ],
            [
              52.2167734,
              20.9817289
            ]
          ],
          [
            [
              52.2199121,
              20.9841452
            ],
            [
              52.2200208,
              20.9842415
            ],
            [
              52.2209646,
              20.9850737
            ],
            [
              52.221071,
              20.9851723
            ]
          ],
          [
            [
              52.2167734,
              20.9817289
            ],
            [
              52.2168221,
              20.9817691
            ],
            [
              52.2172962,
              20.9821764
            ]
          ],
          [
            [
              52.2196149,
              20.9847037
            ],
            [
              52.2197029,
              20.9846472
            ],
            [
              52.2197456,
              20.9846198
            ],
            [
              52.2198304,
              20.9845616
            ],
            [
              52.2198658,
              20.9845499
            ],
            [
              52.2198974,
              20.9845465
            ],
            [
              52.2199216,
              20.9845435
            ],
            [
              52.219952,
              20.9845482
            ],
            [
              52.219987,
              20.9845587
            ],
            [
              52.220023,
              20.9845779
            ],
            [
              52.2200612,
              20.9846047
            ],
            [
              52.2203385,
              20.9848552
            ],
            [
              52.2208227,
              20.985281
            ],
            [
              52.2208791,
              20.9853323
            ],
            [
              52.2210452,
              20.9854793
            ]
          ],
          [
            [
              52.2180432,
              20.9829306
            ],
            [
              52.2180566,
              20.982966
            ],
            [
              52.2180679,
              20.9830004
            ],
            [
              52.2180834,
              20.983053
            ],
            [
              52.2180953,
              20.9831039
            ],
            [
              52.218103,
              20.983143
            ],
            [
              52.2181094,
              20.9831852
            ]
          ],
          [
            [
              52.1969512,
              20.9644461
            ],
            [
              52.1973662,
              20.9648095
            ]
          ],
          [
            [
              52.202146,
              20.9685724
            ],
            [
              52.2025411,
              20.9689053
            ],
            [
              52.2026539,
              20.9690061
            ]
          ],
          [
            [
              52.2013677,
              20.9682529
            ],
            [
              52.2014117,
              20.9682944
            ],
            [
              52.2016967,
              20.9685608
            ],
            [
              52.2020736,
              20.9688917
            ],
            [
              52.2023881,
              20.9691665
            ],
            [
              52.2024395,
              20.9692113
            ],
            [
              52.2025451,
              20.9692985
            ]
          ],
          [
            [
              52.2025451,
              20.9692985
            ],
            [
              52.2026694,
              20.9694017
            ],
            [
              52.2035981,
              20.9702258
            ],
            [
              52.204973,
              20.9714585
            ]
          ],
          [
            [
              52.2107043,
              20.9759833
            ],
            [
              52.2109001,
              20.976154
            ],
            [
              52.2109437,
              20.976192
            ],
            [
              52.2109556,
              20.9762024
            ],
            [
              52.2110417,
              20.976279
            ]
          ],
          [
            [
              52.2026539,
              20.9690061
            ],
            [
              52.2027617,
              20.9691033
            ],
            [
              52.2028027,
              20.9691404
            ],
            [
              52.2031668,
              20.9694607
            ],
            [
              52.2033281,
              20.9696043
            ]
          ],
          [
            [
              52.2046189,
              20.970783
            ],
            [
              52.2054357,
              20.9715044
            ],
            [
              52.2057033,
              20.971739
            ],
            [
              52.2058095,
              20.9718237
            ]
          ],
          [
            [
              52.2119193,
              20.9770543
            ],
            [
              52.2119655,
              20.9770954
            ],
            [
              52.2120118,
              20.9771386
            ],
            [
              52.2120579,
              20.9771834
            ],
            [
              52.2121039,
              20.9772303
            ],
            [
              52.212239,
              20.9773755
            ],
            [
              52.2122711,
              20.9774063
            ],
            [
              52.212305,
              20.9774374
            ],
            [
              52.2127372,
              20.9778218
            ],
            [
              52.2133031,
              20.9783168
            ],
            [
              52.2137159,
              20.9786767
            ],
            [
              52.2144517,
              20.9793168
            ],
            [
              52.2145939,
              20.9794429
            ],
            [
              52.2151643,
              20.9799488
            ],
            [
              52.215288,
              20.9800589
            ],
            [
              52.2154709,
              20.9802182
            ],
            [
              52.215807,
              20.9805051
            ],
            [
              52.2161279,
              20.9807787
            ]
          ],
          [
            [
              52.2213335,
              20.9853719
            ],
            [
              52.2216299,
              20.9856357
            ],
            [
              52.2219248,
              20.9859108
            ]
          ],
          [
            [
              52.2102855,
              20.976102
            ],
            [
              52.2103859,
              20.9761867
            ],
            [
              52.2104864,
              20.9762723
            ],
            [
              52.2105867,
              20.9763609
            ],
            [
              52.2106872,
              20.9764504
            ],
            [
              52.2107756,
              20.9765291
            ],
            [
              52.210819,
              20.9765677
            ],
            [
              52.2109278,
              20.9766644
            ]
          ],
          [
            [
              52.2110417,
              20.976279
            ],
            [
              52.2110849,
              20.9763174
            ],
            [
              52.2111258,
              20.9763537
            ],
            [
              52.2111275,
              20.9763552
            ],
            [
              52.2111393,
              20.9763649
            ],
            [
              52.2111511,
              20.9763762
            ],
            [
              52.2111981,
              20.9764179
            ],
            [
              52.2112308,
              20.976447
            ]
          ],
          [
            [
              52.221071,
              20.9851723
            ],
            [
              52.2211681,
              20.9852572
            ],
            [
              52.2213335,
              20.9853719
            ]
          ],
          [
            [
              52.2112308,
              20.976447
            ],
            [
              52.2113689,
              20.9765688
            ],
            [
              52.2114108,
              20.9766058
            ],
            [
              52.2114598,
              20.976649
            ],
            [
              52.2115918,
              20.9767654
            ],
            [
              52.2119193,
              20.9770543
            ]
          ],
          [
            [
              52.2058095,
              20.9718237
            ],
            [
              52.2059169,
              20.9719172
            ],
            [
              52.205952,
              20.9719482
            ],
            [
              52.206594,
              20.9725125
            ]
          ],
          [
            [
              52.2105069,
              20.9758084
            ],
            [
              52.2107043,
              20.9759833
            ]
          ],
          [
            [
              52.206594,
              20.9725125
            ],
            [
              52.2074477,
              20.9732624
            ],
            [
              52.2087586,
              20.974414
            ],
            [
              52.2088191,
              20.9744662
            ],
            [
              52.2094401,
              20.9750149
            ]
          ],
          [
            [
              52.2185677,
              20.9829586
            ],
            [
              52.2186735,
              20.983051
            ],
            [
              52.2188889,
              20.9832442
            ],
            [
              52.218944,
              20.9832934
            ],
            [
              52.2191512,
              20.9834758
            ],
            [
              52.2192258,
              20.9835422
            ],
            [
              52.2193534,
              20.9836535
            ]
          ],
          [
            [
              52.2034336,
              20.9697139
            ],
            [
              52.2036685,
              20.9699262
            ],
            [
              52.2046189,
              20.970783
            ]
          ],
          [
            [
              52.1982967,
              20.9651731
            ],
            [
              52.1984224,
              20.9652835
            ],
            [
              52.1984602,
              20.9653167
            ],
            [
              52.199115,
              20.9658916
            ],
            [
              52.1993569,
              20.9661049
            ],
            [
              52.1994951,
              20.9662268
            ],
            [
              52.1995246,
              20.9662538
            ],
            [
              52.1996428,
              20.9663617
            ]
          ],
          [
            [
              52.2240017,
              20.9880915
            ],
            [
              52.224053,
              20.988158
            ],
            [
              52.2241061,
              20.9882366
            ],
            [
              52.2241603,
              20.9883468
            ],
            [
              52.2241993,
              20.9884337
            ],
            [
              52.2243199,
              20.9887466
            ],
            [
              52.2243397,
              20.9887985
            ],
            [
              52.2243558,
              20.9888398
            ],
            [
              52.2244124,
              20.9889866
            ]
          ],
          [
            [
              52.2176921,
              20.9825257
            ],
            [
              52.2179023,
              20.9827093
            ],
            [
              52.217929,
              20.9827366
            ],
            [
              52.2179543,
              20.9827692
            ],
            [
              52.2179804,
              20.9828057
            ],
            [
              52.2179998,
              20.9828395
            ],
            [
              52.2180229,
              20.9828841
            ],
            [
              52.2180432,
              20.9829306
            ]
          ],
          [
            [
              52.2171139,
              20.9816687
            ],
            [
              52.217198,
              20.9817465
            ],
            [
              52.2172789,
              20.9818204
            ],
            [
              52.2174204,
              20.9819492
            ],
            [
              52.2176555,
              20.9821568
            ],
            [
              52.2182361,
              20.9826679
            ],
            [
              52.2184229,
              20.9828322
            ]
          ],
          [
            [
              52.2197243,
              20.9839783
            ],
            [
              52.2199121,
              20.9841452
            ]
          ],
          [
            [
              52.2154638,
              20.9805686
            ],
            [
              52.2157397,
              20.9808451
            ],
            [
              52.2159836,
              20.9810625
            ],
            [
              52.2160211,
              20.981096
            ],
            [
              52.2161819,
              20.9812314
            ]
          ],
          [
            [
              52.1969076,
              20.9639586
            ],
            [
              52.196983,
              20.9640246
            ],
            [
              52.1970159,
              20.9640534
            ],
            [
              52.1970485,
              20.964082
            ],
            [
              52.1970673,
              20.9640987
            ]
          ],
          [
            [
              52.2193534,
              20.9836535
            ],
            [
              52.2195618,
              20.9838357
            ],
            [
              52.2196904,
              20.9839473
            ]
          ],
          [
            [
              52.1977201,
              20.9651163
            ],
            [
              52.1979216,
              20.9652762
            ],
            [
              52.1980785,
              20.9654007
            ],
            [
              52.199018,
              20.966209
            ],
            [
              52.1992478,
              20.9664013
            ],
            [
              52.1992736,
              20.9664225
            ],
            [
              52.199352,
              20.9664885
            ],
            [
              52.1993965,
              20.9665284
            ],
            [
              52.1994254,
              20.9665543
            ]
          ],
          [
            [
              52.2246373,
              20.9883132
            ],
            [
              52.2246939,
              20.9883628
            ],
            [
              52.2247234,
              20.9883886
            ],
            [
              52.2247583,
              20.9884177
            ],
            [
              52.2249944,
              20.9886137
            ],
            [
              52.2250071,
              20.9886276
            ]
          ],
          [
            [
              52.200596,
              20.9672025
            ],
            [
              52.2019462,
              20.9683923
            ],
            [
              52.202146,
              20.9685724
            ]
          ],
          [
            [
              52.2006868,
              20.9676524
            ],
            [
              52.2010571,
              20.9679713
            ],
            [
              52.2013677,
              20.9682529
            ]
          ],
          [
            [
              52.1997063,
              20.9668063
            ],
            [
              52.1997349,
              20.9668311
            ],
            [
              52.1998897,
              20.9669627
            ],
            [
              52.2003148,
              20.9673242
            ]
          ],
          [
            [
              52.1996428,
              20.9663617
            ],
            [
              52.1998084,
              20.9664998
            ],
            [
              52.1998387,
              20.9665268
            ],
            [
              52.1998802,
              20.9665638
            ],
            [
              52.200596,
              20.9672025
            ]
          ],
          [
            [
              52.2102699,
              20.9756111
            ],
            [
              52.2103467,
              20.975672
            ],
            [
              52.2103783,
              20.9756967
            ],
            [
              52.2104017,
              20.9757169
            ],
            [
              52.210426,
              20.9757374
            ],
            [
              52.2105069,
              20.9758084
            ]
          ],
          [
            [
              52.2243585,
              20.9880676
            ],
            [
              52.224593,
              20.9882742
            ],
            [
              52.2246373,
              20.9883132
            ]
          ],
          [
            [
              52.204973,
              20.9714585
            ],
            [
              52.2055583,
              20.9719827
            ],
            [
              52.2056127,
              20.9720318
            ],
            [
              52.2057128,
              20.9721227
            ]
          ],
          [
            [
              52.2236973,
              20.9878282
            ],
            [
              52.2240017,
              20.9880915
            ]
          ],
          [
            [
              52.2228185,
              20.9870498
            ],
            [
              52.2231852,
              20.9873831
            ],
            [
              52.2232963,
              20.9874796
            ],
            [
              52.2236973,
              20.9878282
            ]
          ],
          [
            [
              52.2172962,
              20.9821764
            ],
            [
              52.2176921,
              20.9825257
            ]
          ],
          [
            [
              52.2196904,
              20.9839473
            ],
            [
              52.2197243,
              20.9839783
            ]
          ],
          [
            [
              52.1994254,
              20.9665543
            ],
            [
              52.1995447,
              20.9666614
            ]
          ],
          [
            [
              52.1995447,
              20.9666614
            ],
            [
              52.1996923,
              20.9667938
            ],
            [
              52.1997063,
              20.9668063
            ]
          ],
          [
            [
              52.2033281,
              20.9696043
            ],
            [
              52.2034336,
              20.9697139
            ]
          ],
          [
            [
              52.2094401,
              20.9750149
            ],
            [
              52.2094986,
              20.9750658
            ],
            [
              52.2095611,
              20.9751176
            ],
            [
              52.2096258,
              20.9751666
            ],
            [
              52.2096774,
              20.9752048
            ],
            [
              52.2101842,
              20.9755513
            ],
            [
              52.2102266,
              20.9755799
            ],
            [
              52.2102699,
              20.9756111
            ]
          ],
          [
            [
              52.2111159,
              20.9768317
            ],
            [
              52.2112438,
              20.9769456
            ],
            [
              52.211287,
              20.9769839
            ],
            [
              52.211542,
              20.9772087
            ],
            [
              52.2117014,
              20.9773487
            ],
            [
              52.2117287,
              20.9773718
            ],
            [
              52.2117476,
              20.9773878
            ],
            [
              52.2117944,
              20.9774259
            ],
            [
              52.2118435,
              20.9774624
            ],
            [
              52.2119404,
              20.9775309
            ],
            [
              52.2123299,
              20.9778061
            ],
            [
              52.2123719,
              20.9778351
            ],
            [
              52.2124128,
              20.977865
            ],
            [
              52.2124518,
              20.9778965
            ],
            [
              52.2126375,
              20.9780605
            ],
            [
              52.2128837,
              20.9782796
            ]
          ],
          [
            [
              52.2057128,
              20.9721227
            ],
            [
              52.2058165,
              20.9722136
            ],
            [
              52.2059352,
              20.9723178
            ],
            [
              52.2072383,
              20.9734398
            ],
            [
              52.2086099,
              20.9746455
            ],
            [
              52.2086664,
              20.9746947
            ],
            [
              52.2087396,
              20.9747564
            ],
            [
              52.2098443,
              20.9757297
            ],
            [
              52.2098731,
              20.9757546
            ],
            [
              52.2099453,
              20.9758126
            ],
            [
              52.2100441,
              20.9758983
            ]
          ],
          [
            [
              52.2128837,
              20.9782796
            ],
            [
              52.2134756,
              20.9788
            ],
            [
              52.2137659,
              20.9790647
            ],
            [
              52.2142823,
              20.9795165
            ],
            [
              52.2143619,
              20.9795861
            ],
            [
              52.2147741,
              20.9799537
            ],
            [
              52.2154638,
              20.9805686
            ]
          ],
          [
            [
              52.2184229,
              20.9828322
            ],
            [
              52.2184984,
              20.9828981
            ],
            [
              52.2185677,
              20.9829586
            ]
          ],
          [
            [
              52.2100441,
              20.9758983
            ],
            [
              52.2102855,
              20.976102
            ]
          ],
          [
            [
              52.2003148,
              20.9673242
            ],
            [
              52.2006868,
              20.9676524
            ]
          ],
          [
            [
              52.1974538,
              20.9644428
            ],
            [
              52.1977408,
              20.9646914
            ]
          ],
          [
            [
              52.1977408,
              20.9646914
            ],
            [
              52.1982967,
              20.9651731
            ]
          ]
        ]
      }
    },
    {
      "type": "Feature",
      "properties": {
        "name": "Andrzeja Krzyckiego",
        "highway": "secondary"
      },
      "geometry": {
        "type": "MultiLineString",
        "coordinates": [
          [
            [
              52.2190987,
              20.9901168
            ],
            [
              52.2191577,
              20.9900981
            ],
            [
              52.2191846,
              20.9900868
            ]
          ],
          [
            [
              52.216486,
              20.9903027
            ],
            [
              52.216606,
              20.990291
            ],
            [
              52.2168732,
              20.9902497
            ],
            [
              52.2171446,
              20.9902073
            ],
            [
              52.217205,
              20.9901975
            ],
            [
              52.2173469,
              20.990176
            ],
            [
              52.2179591,
              20.9900854
            ],
            [
              52.2180674,
              20.9900749
            ],
            [
              52.2181329,
              20.9900751
            ],
            [
              52.2182298,
              20.9900807
            ],
            [
              52.2185514,
              20.9901013
            ],
            [
              52.2188371,
              20.9901207
            ],
            [
              52.2189676,
              20.9901286
            ],
            [
              52.2190199,
              20.9901317
            ],
            [
              52.2190647,
              20.990125
            ],
            [
              52.2190987,
              20.9901168
            ]
          ]
        ]
      }
    },
    {
      "type": "Feature",
      "properties": {
        "name": "Ilji Miecznikowa",
        "highway": "residential"
      },
      "geometry": {
        "type": "MultiLineString",
        "coordinates": [
          [
            [
              52.2139871,
              20.9854465
            ],
            [
              52.2139956,
              20.9856404
            ],
            [
              52.2140308,
              20.9864148
            ],
            [
              52.2140318,
              20.9864373
            ],
            [
              52.2140332,
              20.9864719
            ],
            [
              52.2140741,
              20.9874136
            ],
            [
              52.2141016,
              20.988056
            ]
          ],
          [
            [
              52.2141016,
              20.988056
            ],
            [
              52.2141054,
              20.9881335
            ],
            [
              52.2141145,
              20.98832
            ],
            [
              52.2141172,
              20.9883752
            ]
          ]
        ]
      }
    },
    {
      "type": "Feature",
      "properties": {
        "name": "Podpułkownika Mieczysława Sokołowskiego „Grzymały”",
        "highway": "primary"
      },
      "geometry": {
        "type": "MultiLineString",
        "coordinates": [
          [
            [
              52.2184235,
              20.974606
            ],
            [
              52.2185866,
              20.9741113
            ],
            [
              52.2187718,
              20.9735533
            ],
            [
              52.2187894,
              20.9734992
            ],
            [
              52.2188585,
              20.9732878
            ]
          ],
          [
            [
              52.2194703,
              20.9706735
            ],
            [
              52.2194868,
              20.9707504
            ],
            [
              52.2194979,
              20.9708727
            ],
            [
              52.2195043,
              20.9710209
            ],
            [
              52.2194992,
              20.9711466
            ],
            [
              52.2194943,
              20.971226
            ],
            [
              52.2194879,
              20.9713127
            ]
          ],
          [
            [
              52.2189839,
              20.9734105
            ],
            [
              52.2190642,
              20.9731685
            ],
            [
              52.2190856,
              20.9731044
            ],
            [
              52.2194814,
              20.9719641
            ],
            [
              52.2196052,
              20.9716047
            ],
            [
              52.2196349,
              20.9715182
            ],
            [
              52.2196542,
              20.9714639
            ],
            [
              52.2197345,
              20.9712226
            ]
          ],
          [
            [
              52.2188585,
              20.9732878
            ],
            [
              52.2189399,
              20.973052
            ],
            [
              52.2189614,
              20.9729898
            ],
            [
              52.2189898,
              20.9729092
            ],
            [
              52.2193349,
              20.9719209
            ],
            [
              52.2193934,
              20.9717338
            ],
            [
              52.219425,
              20.9716159
            ]
          ],
          [
            [
              52.2176626,
              20.9773219
            ],
            [
              52.2177551,
              20.9770486
            ],
            [
              52.2179645,
              20.9764254
            ],
            [
              52.2180639,
              20.9761265
            ]
          ],
          [
            [
              52.2175522,
              20.9772272
            ],
            [
              52.2176439,
              20.9769524
            ],
            [
              52.2176674,
              20.9768818
            ],
            [
              52.217938,
              20.9760704
            ]
          ],
          [
            [
              52.2197462,
              20.9704737
            ],
            [
              52.219758,
              20.970558
            ],
            [
              52.2197772,
              20.9708842
            ]
          ],
          [
            [
              52.2197345,
              20.9712226
            ],
            [
              52.219742,
              20.9711932
            ],
            [
              52.2197581,
              20.9711175
            ],
            [
              52.2197742,
              20.9710222
            ],
            [
              52.2197772,
              20.9708842
            ]
          ],
          [
            [
              52.2180639,
              20.9761265
            ],
            [
              52.2184223,
              20.9750561
            ],
            [
              52.2186799,
              20.9743216
            ]
          ],
          [
            [
              52.2186799,
              20.9743216
            ],
            [
              52.21887,
              20.9737545
            ],
            [
              52.2188978,
              20.9736716
            ],
            [
              52.2189157,
              20.9736174
            ],
            [
              52.2189839,
              20.9734105
            ]
          ],
          [
            [
              52.217938,
              20.9760704
            ],
            [
              52.2184235,
              20.974606
            ]
          ],
          [
            [
              52.219425,
              20.9716159
            ],
            [
              52.2194549,
              20.9714911
            ],
            [
              52.2194803,
              20.9713723
            ],
            [
              52.2194879,
              20.9713127
            ]
          ]
        ]
      }
    },
    {
      "type": "Feature",
      "properties": {
        "name": "Kopińska",
        "highway": "primary"
      },
      "geometry": {
        "type": "MultiLineString",
        "coordinates": [
          [
            [
              52.2164046,
              20.981022
            ],
            [
              52.2165057,
              20.9807305
            ],
            [
              52.2166016,
              20.9804522
            ],
            [
              52.2167516,
              20.9800212
            ],
            [
              52.2168305,
              20.9797881
            ],
            [
              52.2169152,
              20.9795401
            ],
            [
              52.2172469,
              20.9785582
            ]
          ],
          [
            [
              52.2174617,
              20.9766885
            ],
            [
              52.2174984,
              20.9765814
            ],
            [
              52.2175124,
              20.9765389
            ],
            [
              52.2175239,
              20.9764907
            ],
            [
              52.21753,
              20.9764407
            ],
            [
              52.2175676,
              20.9757434
            ],
            [
              52.2175735,
              20.9756357
            ],
            [
              52.2175998,
              20.9751478
            ],
            [
              52.2176216,
              20.974744
            ],
            [
              52.2176373,
              20.9744543
            ],
            [
              52.2176427,
              20.9743534
            ],
            [
              52.2176495,
              20.9742273
            ],
            [
              52.2176665,
              20.9739134
            ],
            [
              52.217696,
              20.9733679
            ]
          ],
          [
            [
              52.2170831,
              20.9785609
            ],
            [
              52.2172502,
              20.9780675
            ],
            [
              52.2174461,
              20.9774945
            ],
            [
              52.2175522,
              20.9772272
            ]
          ],
          [
            [
              52.2162897,
              20.980922
            ],
            [
              52.2163928,
              20.9806337
            ],
            [
              52.2164183,
              20.9805584
            ],
            [
              52.2166593,
              20.9798478
            ],
            [
              52.2168541,
              20.9792336
            ]
          ],
          [
            [
              52.2172469,
              20.9785582
            ],
            [
              52.2175408,
              20.9776857
            ],
            [
              52.2175689,
              20.9776022
            ]
          ],
          [
            [
              52.2168541,
              20.9792336
            ],
            [
              52.2170831,
              20.9785609
            ]
          ],
          [
            [
              52.2175689,
              20.9776022
            ],
            [
              52.2176626,
              20.9773219
            ]
          ],
          [
            [
              52.2179405,
              20.9701351
            ],
            [
              52.2179706,
              20.9699556
            ],
            [
              52.2179867,
              20.9698672
            ],
            [
              52.2180077,
              20.9697649
            ],
            [
              52.2180255,
              20.969694
            ],
            [
              52.2180395,
              20.9696423
            ],
            [
              52.2180617,
              20.9695708
            ],
            [
              52.2180842,
              20.9695058
            ],
            [
              52.2181075,
              20.9694434
            ],
            [
              52.2181325,
              20.9693832
            ],
            [
              52.2181575,
              20.9693261
            ],
            [
              52.218183,
              20.9692717
            ],
            [
              52.2182088,
              20.9692196
            ],
            [
              52.2182405,
              20.9691622
            ],
            [
              52.2182707,
              20.9691124
            ],
            [
              52.2182981,
              20.9690692
            ],
            [
              52.2183253,
              20.9690282
            ],
            [
              52.2183321,
              20.9690182
            ],
            [
              52.2183567,
              20.9689826
            ],
            [
              52.2183904,
              20.96894
            ],
            [
              52.2184241,
              20.9689008
            ]
          ],
          [
            [
              52.2176562,
              20.9721116
            ],
            [
              52.2176799,
              20.9719237
            ],
            [
              52.2177209,
              20.9715745
            ],
            [
              52.2177503,
              20.9713838
            ]
          ],
          [
            [
              52.217696,
              20.9733679
            ],
            [
              52.2177,
              20.9732929
            ],
            [
              52.2177461,
              20.9724403
            ],
            [
              52.2177547,
              20.972281
            ],
            [
              52.2177592,
              20.9722124
            ]
          ],
          [
            [
              52.2177503,
              20.9713838
            ],
            [
              52.2178136,
              20.9709728
            ],
            [
              52.2178644,
              20.9706496
            ],
            [
              52.2179295,
              20.9702004
            ],
            [
              52.2179367,
              20.9701573
            ],
            [
              52.2179405,
              20.9701351
            ]
          ]
        ]
      }
    },
    {
      "type": "Feature",
      "properties": {
        "name": "Aleje Jerozolimskie",
        "highway": "primary"
      },
      "geometry": {
        "type": "MultiLineString",
        "coordinates": [
          [
            [
              52.2147878,
              20.956401
            ],
            [
              52.2148779,
              20.9566555
            ],
            [
              52.2148943,
              20.9566964
            ],
            [
              52.215039,
              20.9570194
            ],
            [
              52.2151404,
              20.9572525
            ],
            [
              52.2152204,
              20.9574494
            ],
            [
              52.21531,
              20.9576845
            ],
            [
              52.2153867,
              20.9578993
            ],
            [
              52.2154711,
              20.9581569
            ],
            [
              52.2155049,
              20.9582612
            ]
          ],
          [
            [
              52.2108794,
              20.9507093
            ],
            [
              52.2111028,
              20.9510471
            ],
            [
              52.2113851,
              20.9514868
            ],
            [
              52.2116775,
              20.9519759
            ]
          ],
          [
            [
              52.2168262,
              20.9626283
            ],
            [
              52.2172454,
              20.9639257
            ],
            [
              52.2174058,
              20.9644881
            ],
            [
              52.2175498,
              20.965025
            ]
          ],
          [
            [
              52.2249564,
              20.9884653
            ],
            [
              52.2249887,
              20.9885667
            ],
            [
              52.2250071,
              20.9886276
            ]
          ],
          [
            [
              52.2265412,
              20.9958284
            ],
            [
              52.2265974,
              20.9961038
            ],
            [
              52.2266313,
              20.9962662
            ],
            [
              52.2268046,
              20.9970936
            ],
            [
              52.2268662,
              20.9974328
            ]
          ],
          [
            [
              52.2263567,
              20.9959668
            ],
            [
              52.2264078,
              20.996208
            ],
            [
              52.2264165,
              20.9962512
            ],
            [
              52.2265164,
              20.9967079
            ],
            [
              52.2266355,
              20.9971612
            ],
            [
              52.2267662,
              20.9977704
            ],
            [
              52.2270053,
              20.9988848
            ],
            [
              52.2271037,
              20.9993412
            ],
            [
              52.2271898,
              20.9997441
            ],
            [
              52.2272408,
              20.9999792
            ],
            [
              52.2272738,
              21.0001482
            ],
            [
              52.2272951,
              21.0002717
            ],
            [
              52.2273101,
              21.00037
            ]
          ],
          [
            [
              52.2194703,
              20.9706735
            ],
            [
              52.219562,
              20.9708417
            ],
            [
              52.2195759,
              20.9708708
            ],
            [
              52.2195952,
              20.970922
            ]
          ],
          [
            [
              52.2246382,
              20.9895634
            ],
            [
              52.2246834,
              20.9896646
            ],
            [
              52.2247333,
              20.9897989
            ],
            [
              52.2247524,
              20.9898474
            ],
            [
              52.2250134,
              20.9905092
            ],
            [
              52.2251112,
              20.9907688
            ],
            [
              52.225177,
              20.9909791
            ],
            [
              52.2252495,
              20.9912255
            ],
            [
              52.2252819,
              20.9913575
            ],
            [
              52.2253657,
              20.9916988
            ],
            [
              52.225549,
              20.9924756
            ],
            [
              52.2255718,
              20.99257
            ],
            [
              52.2257559,
              20.9933015
            ],
            [
              52.2258821,
              20.9938031
            ],
            [
              52.2259364,
              20.9940189
            ],
            [
              52.2259628,
              20.9941242
            ],
            [
              52.2259894,
              20.9942307
            ],
            [
              52.2260186,
              20.9943519
            ]
          ],
          [
            [
              52.2054377,
              20.942602
            ],
            [
              52.2057086,
              20.9430006
            ]
          ],
          [
            [
              52.2058296,
              20.9428945
            ],
            [
              52.2059435,
              20.943066
            ]
          ],
          [
            [
              52.2058512,
              20.9432129
            ],
            [
              52.206822,
              20.944683
            ]
          ],
          [
            [
              52.2078185,
              20.9458585
            ],
            [
              52.2083148,
              20.946652
            ],
            [
              52.2088835,
              20.9475288
            ]
          ],
          [
            [
              52.208823,
              20.9476154
            ],
            [
              52.2098619,
              20.9491806
            ],
            [
              52.2108794,
              20.9507093
            ]
          ],
          [
            [
              52.2088835,
              20.9475288
            ],
            [
              52.2109354,
              20.9506156
            ]
          ],
          [
            [
              52.2158063,
              20.959191
            ],
            [
              52.2161841,
              20.960352
            ],
            [
              52.2166483,
              20.9617866
            ],
            [
              52.2168605,
              20.9624399
            ],
            [
              52.2168985,
              20.9625658
            ]
          ],
          [
            [
              52.2157356,
              20.9592541
            ],
            [
              52.2161224,
              20.9604516
            ],
            [
              52.2167879,
              20.9625091
            ],
            [
              52.2168262,
              20.9626283
            ]
          ],
          [
            [
              52.212351,
              20.9527473
            ],
            [
              52.2132345,
              20.9540271
            ],
            [
              52.2137958,
              20.9548712
            ]
          ],
          [
            [
              52.2144392,
              20.9561512
            ],
            [
              52.2145916,
              20.9563506
            ],
            [
              52.2146491,
              20.95644
            ],
            [
              52.2147724,
              20.956677
            ],
            [
              52.214887,
              20.9569074
            ],
            [
              52.2149869,
              20.9571266
            ],
            [
              52.215073,
              20.9573246
            ],
            [
              52.2151418,
              20.9574926
            ],
            [
              52.2152163,
              20.9576868
            ],
            [
              52.2153082,
              20.9579448
            ],
            [
              52.2153746,
              20.9581464
            ],
            [
              52.2154323,
              20.958324
            ]
          ],
          [
            [
              52.2168985,
              20.9625658
            ],
            [
              52.2169343,
              20.9626811
            ],
            [
              52.2174591,
              20.9642814
            ],
            [
              52.217664,
              20.9648104
            ]
          ],
          [
            [
              52.2181448,
              20.9668772
            ],
            [
              52.2186974,
              20.9685923
            ],
            [
              52.2187767,
              20.9688413
            ],
            [
              52.2188663,
              20.9691021
            ],
            [
              52.2189416,
              20.9693038
            ],
            [
              52.2191211,
              20.9697584
            ]
          ],
          [
            [
              52.2192507,
              20.9692075
            ],
            [
              52.2197462,
              20.9704737
            ]
          ],
          [
            [
              52.214943,
              20.9573025
            ],
            [
              52.2149657,
              20.9573753
            ],
            [
              52.2149991,
              20.957493
            ],
            [
              52.2150336,
              20.9576139
            ],
            [
              52.2151779,
              20.9581305
            ],
            [
              52.2152896,
              20.958505
            ]
          ],
          [
            [
              52.2157537,
              20.9585266
            ],
            [
              52.2159524,
              20.9590481
            ],
            [
              52.2161103,
              20.9594746
            ],
            [
              52.2162843,
              20.9599448
            ]
          ],
          [
            [
              52.2109354,
              20.9506156
            ],
            [
              52.2115921,
              20.9516034
            ],
            [
              52.211931,
              20.9521217
            ]
          ],
          [
            [
              52.2076188,
              20.9458496
            ],
            [
              52.208823,
              20.9476154
            ]
          ],
          [
            [
              52.2116775,
              20.9519759
            ],
            [
              52.2119794,
              20.9524182
            ]
          ],
          [
            [
              52.2072212,
              20.9449737
            ],
            [
              52.2075485,
              20.9454532
            ],
            [
              52.2078185,
              20.9458585
            ]
          ],
          [
            [
              52.2188164,
              20.9680975
            ],
            [
              52.2191358,
              20.9689124
            ],
            [
              52.2192507,
              20.9692075
            ]
          ],
          [
            [
              52.2073662,
              20.9454729
            ],
            [
              52.2074688,
              20.9456313
            ],
            [
              52.2076188,
              20.9458496
            ]
          ],
          [
            [
              52.2137958,
              20.9548712
            ],
            [
              52.2143082,
              20.9556372
            ],
            [
              52.2144763,
              20.9558941
            ],
            [
              52.2146574,
              20.9561803
            ],
            [
              52.214749,
              20.9563309
            ],
            [
              52.2147878,
              20.956401
            ]
          ],
          [
            [
              52.2274677,
              21.0002935
            ],
            [
              52.2274907,
              21.0003944
            ],
            [
              52.2275168,
              21.0004978
            ],
            [
              52.2275418,
              21.0005944
            ],
            [
              52.2275678,
              21.0006884
            ],
            [
              52.2275962,
              21.0007863
            ],
            [
              52.2276261,
              21.0008904
            ],
            [
              52.2277155,
              21.0012027
            ],
            [
              52.227733,
              21.0012636
            ],
            [
              52.227754,
              21.0013369
            ],
            [
              52.227759,
              21.0013543
            ],
            [
              52.2277744,
              21.0014054
            ],
            [
              52.2277865,
              21.0014403
            ],
            [
              52.2278128,
              21.0015138
            ]
          ],
          [
            [
              52.2119794,
              20.9524182
            ],
            [
              52.2121743,
              20.9526992
            ]
          ],
          [
            [
              52.2121743,
              20.9526992
            ],
            [
              52.2125457,
              20.9532425
            ],
            [
              52.2128489,
              20.9537223
            ],
            [
              52.2131213,
              20.9541594
            ],
            [
              52.2141558,
              20.955711
            ],
            [
              52.214406,
              20.9561008
            ],
            [
              52.2144392,
              20.9561512
            ]
          ],
          [
            [
              52.2195952,
              20.970922
            ],
            [
              52.219647,
              20.9710514
            ],
            [
              52.2197345,
              20.9712226
            ]
          ],
          [
            [
              52.2191211,
              20.9697584
            ],
            [
              52.2194054,
              20.970506
            ],
            [
              52.2194703,
              20.9706735
            ]
          ],
          [
            [
              52.2251642,
              20.9892095
            ],
            [
              52.2252342,
              20.989543
            ],
            [
              52.2252572,
              20.9896519
            ],
            [
              52.2255042,
              20.990916
            ]
          ],
          [
            [
              52.2258448,
              20.9925381
            ],
            [
              52.2260778,
              20.9936393
            ],
            [
              52.2264335,
              20.9953077
            ],
            [
              52.2264454,
              20.9953643
            ],
            [
              52.2265107,
              20.9956846
            ]
          ],
          [
            [
              52.2197462,
              20.9704737
            ],
            [
              52.2198353,
              20.9707017
            ],
            [
              52.2199377,
              20.9709666
            ],
            [
              52.2200151,
              20.9711925
            ],
            [
              52.22004,
              20.9712697
            ],
            [
              52.2200594,
              20.9713296
            ],
            [
              52.2201161,
              20.9715057
            ]
          ],
          [
            [
              52.220392,
              20.9724454
            ],
            [
              52.2205366,
              20.9729608
            ]
          ],
          [
            [
              52.2199718,
              20.9717665
            ],
            [
              52.2201082,
              20.9721011
            ],
            [
              52.2201717,
              20.9722578
            ],
            [
              52.2202281,
              20.9724263
            ],
            [
              52.2202713,
              20.9725713
            ],
            [
              52.2203168,
              20.9727311
            ]
          ],
          [
            [
              52.2273101,
              21.00037
            ],
            [
              52.2273236,
              21.0004611
            ],
            [
              52.2273376,
              21.0005737
            ],
            [
              52.2273507,
              21.0006993
            ],
            [
              52.2274064,
              21.0013505
            ],
            [
              52.2274176,
              21.0014675
            ],
            [
              52.2274257,
              21.0015513
            ],
            [
              52.227443,
              21.001731
            ]
          ],
          [
            [
              52.2265107,
              20.9956846
            ],
            [
              52.2265412,
              20.9958284
            ]
          ],
          [
            [
              52.226322,
              20.9957947
            ],
            [
              52.2263324,
              20.9958485
            ],
            [
              52.2263478,
              20.995922
            ],
            [
              52.2263567,
              20.9959668
            ]
          ],
          [
            [
              52.2260186,
              20.9943519
            ],
            [
              52.2260581,
              20.9945322
            ],
            [
              52.2260975,
              20.9947175
            ],
            [
              52.2262201,
              20.9952926
            ],
            [
              52.2262519,
              20.9954413
            ],
            [
              52.2263127,
              20.9957435
            ],
            [
              52.226322,
              20.9957947
            ]
          ],
          [
            [
              52.2231533,
              20.9824966
            ],
            [
              52.2232301,
              20.9827634
            ],
            [
              52.2232597,
              20.9828699
            ],
            [
              52.2234231,
              20.9834572
            ],
            [
              52.2235361,
              20.9838615
            ],
            [
              52.2235622,
              20.9839538
            ],
            [
              52.2240365,
              20.9854931
            ],
            [
              52.2241777,
              20.9859456
            ]
          ],
          [
            [
              52.2241777,
              20.9859456
            ],
            [
              52.2244266,
              20.9867518
            ]
          ],
          [
            [
              52.2214349,
              20.9768046
            ],
            [
              52.2215118,
              20.9771016
            ],
            [
              52.2216313,
              20.9775386
            ],
            [
              52.2216481,
              20.9775997
            ],
            [
              52.2216626,
              20.9776535
            ],
            [
              52.2217216,
              20.977864
            ]
          ],
          [
            [
              52.2153586,
              20.9575263
            ],
            [
              52.2157537,
              20.9585266
            ]
          ],
          [
            [
              52.2147878,
              20.956401
            ],
            [
              52.2149559,
              20.9566543
            ],
            [
              52.2150047,
              20.9567385
            ],
            [
              52.2150892,
              20.9569164
            ],
            [
              52.2152975,
              20.9573948
            ],
            [
              52.2153586,
              20.9575263
            ]
          ],
          [
            [
              52.2152896,
              20.958505
            ],
            [
              52.2155691,
              20.9594431
            ],
            [
              52.2157314,
              20.9599641
            ],
            [
              52.2158731,
              20.9604862
            ],
            [
              52.2158927,
              20.9605543
            ],
            [
              52.2159585,
              20.9607762
            ],
            [
              52.2159929,
              20.9608923
            ]
          ],
          [
            [
              52.221111,
              20.9750421
            ],
            [
              52.2211767,
              20.9752768
            ],
            [
              52.2211955,
              20.9753465
            ],
            [
              52.2212769,
              20.9756478
            ]
          ],
          [
            [
              52.2210416,
              20.9753725
            ],
            [
              52.2212677,
              20.9761941
            ]
          ],
          [
            [
              52.2212677,
              20.9761941
            ],
            [
              52.2214349,
              20.9768046
            ]
          ],
          [
            [
              52.211931,
              20.9521217
            ],
            [
              52.212351,
              20.9527473
            ]
          ],
          [
            [
              52.2059435,
              20.943066
            ],
            [
              52.2063619,
              20.9436769
            ],
            [
              52.2067328,
              20.9442351
            ]
          ],
          [
            [
              52.2244266,
              20.9867518
            ],
            [
              52.2246773,
              20.9875626
            ],
            [
              52.2248631,
              20.9881635
            ],
            [
              52.2248735,
              20.9881971
            ],
            [
              52.2248839,
              20.9882308
            ],
            [
              52.2248921,
              20.9882575
            ]
          ],
          [
            [
              52.2175498,
              20.965025
            ],
            [
              52.2177309,
              20.9655887
            ]
          ],
          [
            [
              52.2201161,
              20.9715057
            ],
            [
              52.2202196,
              20.971868
            ],
            [
              52.220392,
              20.9724454
            ]
          ],
          [
            [
              52.2205366,
              20.9729608
            ],
            [
              52.2208425,
              20.974079
            ]
          ],
          [
            [
              52.2212769,
              20.9756478
            ],
            [
              52.2214891,
              20.9764353
            ]
          ],
          [
            [
              52.2216154,
              20.9768933
            ],
            [
              52.2216882,
              20.9771577
            ],
            [
              52.221774,
              20.977469
            ],
            [
              52.2217831,
              20.9775019
            ],
            [
              52.2217978,
              20.9775553
            ],
            [
              52.2218703,
              20.9778184
            ]
          ],
          [
            [
              52.2209762,
              20.9751371
            ],
            [
              52.2210416,
              20.9753725
            ]
          ],
          [
            [
              52.2208425,
              20.974079
            ],
            [
              52.2210556,
              20.9748428
            ],
            [
              52.221111,
              20.9750421
            ]
          ],
          [
            [
              52.2217216,
              20.977864
            ],
            [
              52.2218251,
              20.9782443
            ],
            [
              52.2218539,
              20.9783525
            ],
            [
              52.2218678,
              20.9784257
            ]
          ],
          [
            [
              52.2067328,
              20.9442351
            ],
            [
              52.2072212,
              20.9449737
            ]
          ],
          [
            [
              52.206822,
              20.944683
            ],
            [
              52.2073662,
              20.9454729
            ]
          ],
          [
            [
              52.2255042,
              20.990916
            ],
            [
              52.2258229,
              20.9924315
            ],
            [
              52.2258448,
              20.9925381
            ]
          ],
          [
            [
              52.2048295,
              20.9413904
            ],
            [
              52.2055504,
              20.9424758
            ]
          ],
          [
            [
              52.2047096,
              20.9415138
            ],
            [
              52.2054377,
              20.942602
            ]
          ],
          [
            [
              52.2055504,
              20.9424758
            ],
            [
              52.2058296,
              20.9428945
            ]
          ],
          [
            [
              52.2057086,
              20.9430006
            ],
            [
              52.2058512,
              20.9432129
            ]
          ],
          [
            [
              52.2268662,
              20.9974328
            ],
            [
              52.2271668,
              20.9988383
            ],
            [
              52.2271908,
              20.9989504
            ],
            [
              52.2273611,
              20.9997466
            ],
            [
              52.2273768,
              20.9998245
            ],
            [
              52.2274164,
              21.0000471
            ],
            [
              52.2274298,
              21.0001236
            ],
            [
              52.2274484,
              21.0002119
            ],
            [
              52.2274677,
              21.0002935
            ]
          ],
          [
            [
              52.2214891,
              20.9764353
            ],
            [
              52.2216154,
              20.9768933
            ]
          ],
          [
            [
              52.222225,
              20.9791392
            ],
            [
              52.2225042,
              20.9801654
            ],
            [
              52.2225699,
              20.9804284
            ]
          ],
          [
            [
              52.2225699,
              20.9804284
            ],
            [
              52.2226431,
              20.9807215
            ]
          ],
          [
            [
              52.2226431,
              20.9807215
            ],
            [
              52.2227384,
              20.9810752
            ],
            [
              52.2229334,
              20.9817599
            ]
          ],
          [
            [
              52.2229334,
              20.9817599
            ],
            [
              52.2231533,
              20.9824966
            ]
          ],
          [
            [
              52.2218703,
              20.9778184
            ],
            [
              52.2219177,
              20.9779929
            ],
            [
              52.2220743,
              20.978577
            ],
            [
              52.222225,
              20.9791392
            ]
          ],
          [
            [
              52.2203168,
              20.9727311
            ],
            [
              52.2206568,
              20.9739739
            ]
          ],
          [
            [
              52.2206568,
              20.9739739
            ],
            [
              52.2209181,
              20.9749291
            ],
            [
              52.2209762,
              20.9751371
            ]
          ],
          [
            [
              52.217664,
              20.9648104
            ],
            [
              52.2177309,
              20.9655887
            ]
          ],
          [
            [
              52.2179325,
              20.9662163
            ],
            [
              52.2182012,
              20.966732
            ],
            [
              52.2182884,
              20.9668631
            ],
            [
              52.2183428,
              20.9669318
            ],
            [
              52.2183954,
              20.9670138
            ]
          ],
          [
            [
              52.2177309,
              20.9655887
            ],
            [
              52.2179325,
              20.9662163
            ]
          ],
          [
            [
              52.2179325,
              20.9662163
            ],
            [
              52.2181448,
              20.9668772
            ]
          ],
          [
            [
              52.2183954,
              20.9670138
            ],
            [
              52.218725,
              20.9678575
            ],
            [
              52.2188164,
              20.9680975
            ]
          ],
          [
            [
              52.2197345,
              20.9712226
            ],
            [
              52.2198333,
              20.9714326
            ],
            [
              52.2198594,
              20.9714966
            ],
            [
              52.2199064,
              20.9716078
            ],
            [
              52.2199718,
              20.9717665
            ]
          ],
          [
            [
              52.2154323,
              20.958324
            ],
            [
              52.2155483,
              20.9586742
            ],
            [
              52.2157356,
              20.9592541
            ]
          ],
          [
            [
              52.2155049,
              20.9582612
            ],
            [
              52.2156022,
              20.9585639
            ],
            [
              52.2158063,
              20.959191
            ]
          ],
          [
            [
              52.2248921,
              20.9882575
            ],
            [
              52.2249564,
              20.9884653
            ]
          ]
        ]
      }
    },
    {
      "type": "Feature",
      "properties": {
        "name": "Raszyńska",
        "highway": "secondary"
      },
      "geometry": {
        "type": "MultiLineString",
        "coordinates": [
          [
            [
              52.2240929,
              20.9894038
            ],
            [
              52.2242995,
              20.9891256
            ],
            [
              52.2243228,
              20.9890959
            ],
            [
              52.2244124,
              20.9889866
            ]
          ],
          [
            [
              52.2237622,
              20.9899829
            ],
            [
              52.2238754,
              20.9899206
            ],
            [
              52.2240697,
              20.9898121
            ]
          ],
          [
            [
              52.2206104,
              20.9895073
            ],
            [
              52.2217031,
              20.9896716
            ],
            [
              52.2221841,
              20.9897329
            ],
            [
              52.2233237,
              20.9898968
            ],
            [
              52.2233823,
              20.9899033
            ],
            [
              52.223398,
              20.989905
            ],
            [
              52.2234754,
              20.9899051
            ],
            [
              52.223537,
              20.989896
            ],
            [
              52.2235615,
              20.9898901
            ],
            [
              52.22358,
              20.9898847
            ],
            [
              52.22361,
              20.9898734
            ],
            [
              52.2236537,
              20.9898526
            ]
          ],
          [
            [
              52.2172089,
              20.98847
            ],
            [
              52.2173838,
              20.9885646
            ],
            [
              52.21747,
              20.9886087
            ],
            [
              52.2175766,
              20.9886607
            ],
            [
              52.2176889,
              20.9887128
            ],
            [
              52.2183029,
              20.9889951
            ],
            [
              52.2183937,
              20.9890366
            ],
            [
              52.2187433,
              20.9891991
            ],
            [
              52.2188997,
              20.9892705
            ],
            [
              52.2189794,
              20.9893051
            ],
            [
              52.2190131,
              20.9893192
            ],
            [
              52.2190278,
              20.9893234
            ],
            [
              52.2190429,
              20.9893263
            ],
            [
              52.2190561,
              20.9893269
            ],
            [
              52.2190786,
              20.9893272
            ],
            [
              52.2191204,
              20.9893264
            ]
          ],
          [
            [
              52.2228714,
              20.9901323
            ],
            [
              52.222967,
              20.9901455
            ],
            [
              52.2230008,
              20.9901494
            ],
            [
              52.223032,
              20.9901527
            ],
            [
              52.2230852,
              20.990157
            ],
            [
              52.2231504,
              20.9901608
            ],
            [
              52.2232542,
              20.9901554
            ],
            [
              52.2233025,
              20.9901498
            ],
            [
              52.2233612,
              20.9901395
            ]
          ],
          [
            [
              52.2239818,
              20.9895422
            ],
            [
              52.2240148,
              20.9895001
            ],
            [
              52.2240929,
              20.9894038
            ]
          ],
          [
            [
              52.2238682,
              20.9896752
            ],
            [
              52.2239818,
              20.9895422
            ]
          ],
          [
            [
              52.2241541,
              20.989766
            ],
            [
              52.224352,
              20.9896552
            ],
            [
              52.2244583,
              20.9895984
            ],
            [
              52.2245078,
              20.9895725
            ],
            [
              52.2245392,
              20.9895609
            ],
            [
              52.2245577,
              20.9895568
            ],
            [
              52.2245812,
              20.989556
            ],
            [
              52.2246382,
              20.9895634
            ]
          ],
          [
            [
              52.2191204,
              20.9893264
            ],
            [
              52.2191802,
              20.9893271
            ],
            [
              52.2192066,
              20.9893278
            ],
            [
              52.2192524,
              20.9893289
            ],
            [
              52.2193009,
              20.9893351
            ],
            [
              52.2196992,
              20.9893864
            ],
            [
              52.2198889,
              20.9894083
            ]
          ],
          [
            [
              52.2168018,
              20.9882734
            ],
            [
              52.2168085,
              20.9882781
            ],
            [
              52.2168763,
              20.9883151
            ],
            [
              52.2170756,
              20.9884199
            ],
            [
              52.2172089,
              20.98847
            ]
          ],
          [
            [
              52.2192992,
              20.9900299
            ],
            [
              52.219513,
              20.989915
            ],
            [
              52.2196121,
              20.9898753
            ],
            [
              52.2196743,
              20.9898539
            ],
            [
              52.2197497,
              20.9898321
            ],
            [
              52.2198115,
              20.9898169
            ],
            [
              52.2198855,
              20.9898023
            ],
            [
              52.2199795,
              20.9897871
            ],
            [
              52.2200511,
              20.9897758
            ],
            [
              52.2201026,
              20.9897704
            ],
            [
              52.2201351,
              20.9897689
            ],
            [
              52.2201791,
              20.9897709
            ],
            [
              52.2203581,
              20.9897895
            ],
            [
              52.2208443,
              20.9898524
            ],
            [
              52.2228714,
              20.9901323
            ]
          ],
          [
            [
              52.2191846,
              20.9900868
            ],
            [
              52.2192265,
              20.9900668
            ],
            [
              52.2192992,
              20.9900299
            ]
          ],
          [
            [
              52.2240697,
              20.9898121
            ],
            [
              52.224097,
              20.9897978
            ],
            [
              52.2241541,
              20.989766
            ]
          ],
          [
            [
              52.2198889,
              20.9894083
            ],
            [
              52.2200312,
              20.9894263
            ],
            [
              52.2200525,
              20.989429
            ]
          ],
          [
            [
              52.2233612,
              20.9901395
            ],
            [
              52.2233965,
              20.9901312
            ],
            [
              52.2234243,
              20.9901238
            ],
            [
              52.2234479,
              20.990118
            ],
            [
              52.2234847,
              20.9901061
            ],
            [
              52.2235185,
              20.9900955
            ],
            [
              52.2235529,
              20.9900835
            ],
            [
              52.2235747,
              20.9900762
            ],
            [
              52.2236169,
              20.9900592
            ],
            [
              52.2236505,
              20.9900443
            ],
            [
              52.2237622,
              20.9899829
            ]
          ],
          [
            [
              52.2236537,
              20.9898526
            ],
            [
              52.2236877,
              20.9898314
            ],
            [
              52.2237235,
              20.9898073
            ],
            [
              52.2237455,
              20.9897908
            ],
            [
              52.2237685,
              20.9897701
            ]
          ],
          [
            [
              52.2237685,
              20.9897701
            ],
            [
              52.2237959,
              20.9897471
            ],
            [
              52.2238286,
              20.9897161
            ],
            [
              52.2238682,
              20.9896752
            ]
          ],
          [
            [
              52.2200525,
              20.989429
            ],
            [
              52.2206104,
              20.9895073
            ]
          ],
          [
            [
              52.2164956,
              20.9881092
            ],
            [
              52.2166655,
              20.9882012
            ],
            [
              52.2167094,
              20.9882244
            ],
            [
              52.2168018,
              20.9882734
            ]
          ]
        ]
      }
    },
    {
      "type": "Feature",
      "properties": {
        "name": "Williama Heerleina Lindleya",
        "highway": "residential"
      },
      "geometry": {
        "type": "MultiLineString",
        "coordinates": [
          [
            [
              52.2256208,
              20.9963991
            ],
            [
              52.2257253,
              20.9963528
            ],
            [
              52.2257773,
              20.9963288
            ],
            [
              52.2258353,
              20.9962952
            ],
            [
              52.2261695,
              20.996086
            ],
            [
              52.2262475,
              20.9960364
            ],
            [
              52.2263567,
              20.9959668
            ]
          ],
          [
            [
              52.2242636,
              20.9972751
            ],
            [
              52.2248764,
              20.996893
            ],
            [
              52.2249437,
              20.9968495
            ],
            [
              52.2251372,
              20.9967293
            ],
            [
              52.2252776,
              20.9966428
            ],
            [
              52.2253311,
              20.9966006
            ]
          ],
          [
            [
              52.2240188,
              20.9974284
            ],
            [
              52.2241146,
              20.9974052
            ],
            [
              52.2241479,
              20.9973912
            ],
            [
              52.2241818,
              20.9973622
            ],
            [
              52.2242636,
              20.9972751
            ]
          ],
          [
            [
              52.2233783,
              20.9978032
            ],
            [
              52.2234286,
              20.9977739
            ],
            [
              52.2234816,
              20.9977426
            ],
            [
              52.2235218,
              20.9977184
            ],
            [
              52.2235624,
              20.9976938
            ],
            [
              52.2236088,
              20.9976726
            ],
            [
              52.2236779,
              20.9976399
            ],
            [
              52.2240188,
              20.9974284
            ]
          ],
          [
            [
              52.2253311,
              20.9966006
            ],
            [
              52.2254156,
              20.9965231
            ],
            [
              52.2254489,
              20.9965009
            ]
          ],
          [
            [
              52.2254489,
              20.9965009
            ],
            [
              52.2255686,
              20.9964262
            ],
            [
              52.2256208,
              20.9963991
            ]
          ]
        ]
      }
    },
    {
      "type": "Feature",
      "properties": {
        "name": "Plac Sokratesa Starynkiewicza",
        "highway": "residential"
      },
      "geometry": {
        "type": "MultiLineString",
        "coordinates": [
          [
            [
              52.2261621,
              20.9958526
            ],
            [
              52.2261809,
              20.9958522
            ],
            [
              52.2262084,
              20.9958481
            ],
            [
              52.226249,
              20.9958302
            ],
            [
              52.226322,
              20.9957947
            ]
          ],
          [
            [
              52.2234846,
              20.9954485
            ],
            [
              52.2235843,
              20.9954607
            ],
            [
              52.223834,
              20.9954968
            ],
            [
              52.2243945,
              20.9955779
            ],
            [
              52.2250524,
              20.9956832
            ],
            [
              52.2251295,
              20.9956955
            ]
          ],
          [
            [
              52.2251295,
              20.9956955
            ],
            [
              52.2252282,
              20.9957113
            ],
            [
              52.2252732,
              20.9957181
            ]
          ],
          [
            [
              52.2260695,
              20.9958386
            ],
            [
              52.2261621,
              20.9958526
            ]
          ],
          [
            [
              52.2252732,
              20.9957181
            ],
            [
              52.2260695,
              20.9958386
            ]
          ]
        ]
      }
    },
    {
      "type": "Feature",
      "properties": {
        "name": "Wojciecha Oczki",
        "highway": "residential"
      },
      "geometry": {
        "type": "MultiLineString",
        "coordinates": [
          [
            [
              52.2234035,
              20.9970947
            ],
            [
              52.2234539,
              20.9971037
            ],
            [
              52.2234745,
              20.9971132
            ],
            [
              52.2234916,
              20.9971316
            ],
            [
              52.2235066,
              20.9971605
            ],
            [
              52.2235184,
              20.9971957
            ],
            [
              52.2235279,
              20.9972325
            ],
            [
              52.2235973,
              20.9975417
            ],
            [
              52.223604,
              20.9975832
            ],
            [
              52.2236068,
              20.9976114
            ],
            [
              52.2236088,
              20.9976726
            ]
          ],
          [
            [
              52.2236088,
              20.9976726
            ],
            [
              52.2236159,
              20.9977291
            ],
            [
              52.2236346,
              20.9978114
            ],
            [
              52.2238876,
              20.9989237
            ],
            [
              52.2242631,
              21.0005751
            ],
            [
              52.2243474,
              21.0009456
            ],
            [
              52.2244223,
              21.001275
            ],
            [
              52.2248197,
              21.0030224
            ]
          ],
          [
            [
              52.2248197,
              21.0030224
            ],
            [
              52.2248889,
              21.0033395
            ],
            [
              52.2249209,
              21.0034861
            ]
          ]
        ]
      }
    },
    {
      "type": "Feature",
      "properties": {
        "name": "Żelazna",
        "highway": "tertiary"
      },
      "geometry": {
        "type": "MultiLineString",
        "coordinates": [
          [
            [
              52.2263567,
              20.9959668
            ],
            [
              52.2263874,
              20.9959458
            ],
            [
              52.2264252,
              20.9959135
            ],
            [
              52.2264386,
              20.9959064
            ],
            [
              52.2264635,
              20.9958893
            ],
            [
              52.2265412,
              20.9958284
            ]
          ],
          [
            [
              52.226322,
              20.9957947
            ],
            [
              52.2263666,
              20.9957732
            ],
            [
              52.2264055,
              20.9957509
            ],
            [
              52.2264304,
              20.9957363
            ],
            [
              52.2265107,
              20.9956846
            ]
          ],
          [
            [
              52.2265412,
              20.9958284
            ],
            [
              52.2266314,
              20.9957633
            ],
            [
              52.2266476,
              20.9957512
            ],
            [
              52.2266588,
              20.9957449
            ]
          ],
          [
            [
              52.2266588,
              20.9957449
            ],
            [
              52.2268971,
              20.9956113
            ]
          ],
          [
            [
              52.2265107,
              20.9956846
            ],
            [
              52.2266042,
              20.9956316
            ],
            [
              52.2266313,
              20.9956162
            ]
          ]
        ]
      }
    },
    {
      "type": "Feature",
      "properties": {
        "name": "Juliana Ursyna Niemcewicza",
        "highway": "secondary"
      },
      "geometry": {
        "type": "MultiLineString",
        "coordinates": [
          [
            [
              52.221231,
              20.9843119
            ],
            [
              52.2212887,
              20.9839292
            ],
            [
              52.2212918,
              20.9839088
            ],
            [
              52.2213679,
              20.9833842
            ],
            [
              52.2215414,
              20.982191
            ],
            [
              52.2215508,
              20.9821267
            ],
            [
              52.2215643,
              20.9820385
            ],
            [
              52.2216446,
              20.9814908
            ],
            [
              52.2217584,
              20.9807156
            ],
            [
              52.2217803,
              20.9805653
            ],
            [
              52.2218892,
              20.9798184
            ],
            [
              52.2219086,
              20.9796709
            ],
            [
              52.2219159,
              20.9795735
            ],
            [
              52.2219171,
              20.9794757
            ],
            [
              52.2219142,
              20.9791921
            ]
          ],
          [
            [
              52.2206104,
              20.9895073
            ],
            [
              52.220616,
              20.9894441
            ],
            [
              52.2206237,
              20.9893577
            ],
            [
              52.2206591,
              20.9889316
            ],
            [
              52.2207052,
              20.9883325
            ],
            [
              52.220711,
              20.9882533
            ],
            [
              52.2207198,
              20.9881354
            ],
            [
              52.2207259,
              20.9880569
            ],
            [
              52.220772,
              20.9875006
            ],
            [
              52.2207848,
              20.9873674
            ],
            [
              52.2208891,
              20.9866559
            ],
            [
              52.2209145,
              20.9864942
            ],
            [
              52.2209541,
              20.9862367
            ],
            [
              52.221009,
              20.9859088
            ]
          ],
          [
            [
              52.2210452,
              20.9854793
            ],
            [
              52.2210555,
              20.9853562
            ],
            [
              52.2210605,
              20.9852967
            ],
            [
              52.221071,
              20.9851723
            ]
          ],
          [
            [
              52.2203581,
              20.9897895
            ],
            [
              52.2204711,
              20.9897301
            ],
            [
              52.2205439,
              20.9896616
            ],
            [
              52.2205962,
              20.9895783
            ],
            [
              52.2206104,
              20.9895073
            ]
          ],
          [
            [
              52.221009,
              20.9859088
            ],
            [
              52.2210274,
              20.9856792
            ],
            [
              52.2210452,
              20.9854793
            ]
          ],
          [
            [
              52.221009,
              20.9859088
            ],
            [
              52.2210445,
              20.9857918
            ],
            [
              52.2210547,
              20.9857559
            ],
            [
              52.2210689,
              20.9857115
            ],
            [
              52.2210722,
              20.9857029
            ],
            [
              52.2210838,
              20.985686
            ],
            [
              52.2211013,
              20.9856703
            ],
            [
              52.2211194,
              20.985658
            ],
            [
              52.2211398,
              20.9856478
            ],
            [
              52.2211719,
              20.9856318
            ],
            [
              52.2212092,
              20.9856238
            ]
          ],
          [
            [
              52.221071,
              20.9851723
            ],
            [
              52.2211118,
              20.9849405
            ],
            [
              52.2211284,
              20.9848549
            ],
            [
              52.2211858,
              20.9845527
            ],
            [
              52.221231,
              20.9843119
            ]
          ],
          [
            [
              52.2218678,
              20.9784257
            ],
            [
              52.2218772,
              20.9785001
            ],
            [
              52.2218837,
              20.9785828
            ],
            [
              52.2218966,
              20.9788091
            ],
            [
              52.2219082,
              20.9790622
            ],
            [
              52.2219118,
              20.979139
            ],
            [
              52.2219142,
              20.9791921
            ]
          ]
        ]
      }
    },
    {
      "type": "Feature",
      "properties": {
        "name": "Mołdawska",
        "highway": "tertiary"
      },
      "geometry": {
        "type": "MultiLineString",
        "coordinates": [
          [
            [
              52.1984186,
              20.9783432
            ],
            [
              52.1984313,
              20.9783304
            ],
            [
              52.1984469,
              20.9783219
            ],
            [
              52.1984639,
              20.9783184
            ],
            [
              52.1984835,
              20.9783206
            ],
            [
              52.1985044,
              20.9783264
            ],
            [
              52.198529,
              20.9783415
            ],
            [
              52.1985493,
              20.9783592
            ],
            [
              52.1988654,
              20.978622
            ]
          ],
          [
            [
              52.2002323,
              20.9797341
            ],
            [
              52.2003937,
              20.9798564
            ],
            [
              52.2006758,
              20.9800825
            ],
            [
              52.2010196,
              20.980364
            ],
            [
              52.201152,
              20.9804738
            ],
            [
              52.2012144,
              20.9805226
            ],
            [
              52.2012543,
              20.9805492
            ],
            [
              52.2012857,
              20.9805674
            ],
            [
              52.2013085,
              20.9805782
            ],
            [
              52.2013244,
              20.9805857
            ],
            [
              52.2013753,
              20.9806062
            ],
            [
              52.2014939,
              20.9806327
            ],
            [
              52.2015536,
              20.9806728
            ]
          ],
          [
            [
              52.1959391,
              20.9763183
            ],
            [
              52.1960336,
              20.9763822
            ],
            [
              52.1967828,
              20.9769743
            ],
            [
              52.1969367,
              20.9770954
            ],
            [
              52.1969999,
              20.9771463
            ],
            [
              52.1970196,
              20.9771621
            ],
            [
              52.1973425,
              20.9774141
            ],
            [
              52.1974241,
              20.9774792
            ],
            [
              52.1976619,
              20.9776735
            ],
            [
              52.1977118,
              20.9777143
            ],
            [
              52.1980777,
              20.9780021
            ],
            [
              52.1981882,
              20.9780862
            ],
            [
              52.1982623,
              20.9781445
            ],
            [
              52.1982984,
              20.9781747
            ],
            [
              52.1983442,
              20.9782186
            ],
            [
              52.1983682,
              20.9782486
            ],
            [
              52.1983881,
              20.9782816
            ],
            [
              52.1984186,
              20.9783432
            ]
          ],
          [
            [
              52.1947713,
              20.9754582
            ],
            [
              52.1947853,
              20.9754676
            ],
            [
              52.1948871,
              20.9755572
            ],
            [
              52.1949802,
              20.9756408
            ],
            [
              52.1952377,
              20.9758321
            ],
            [
              52.1954557,
              20.9759891
            ],
            [
              52.195888,
              20.9762831
            ],
            [
              52.1959391,
              20.9763183
            ]
          ],
          [
            [
              52.1943453,
              20.9784513
            ],
            [
              52.1949802,
              20.9756408
            ]
          ],
          [
            [
              52.199438,
              20.9790836
            ],
            [
              52.1999952,
              20.9795466
            ],
            [
              52.200087,
              20.9796168
            ]
          ],
          [
            [
              52.1988654,
              20.978622
            ],
            [
              52.1988942,
              20.978646
            ],
            [
              52.1989499,
              20.9786924
            ],
            [
              52.1990225,
              20.978753
            ],
            [
              52.1992159,
              20.978898
            ]
          ],
          [
            [
              52.1992159,
              20.978898
            ],
            [
              52.1993765,
              20.9790327
            ],
            [
              52.199438,
              20.9790836
            ]
          ],
          [
            [
              52.2015536,
              20.9806728
            ],
            [
              52.2016361,
              20.9806848
            ],
            [
              52.201732,
              20.9806992
            ]
          ],
          [
            [
              52.200087,
              20.9796168
            ],
            [
              52.2001743,
              20.9796902
            ],
            [
              52.2002323,
              20.9797341
            ]
          ]
        ]
      }
    },
    {
      "type": "Feature",
      "properties": {
        "name": "Władysława Korotyńskiego",
        "highway": "residential"
      },
      "geometry": {
        "type": "MultiLineString",
        "coordinates": [
          [
            [
              52.1996343,
              20.9833165
            ],
            [
              52.1996674,
              20.9821919
            ],
            [
              52.1996801,
              20.981887
            ],
            [
              52.1996946,
              20.9816776
            ],
            [
              52.1997268,
              20.9814123
            ],
            [
              52.1997466,
              20.9812915
            ]
          ],
          [
            [
              52.200087,
              20.9796168
            ],
            [
              52.2001462,
              20.9793877
            ],
            [
              52.2002278,
              20.9790534
            ],
            [
              52.2003005,
              20.9787554
            ],
            [
              52.200349,
              20.9785543
            ],
            [
              52.2004956,
              20.9779379
            ],
            [
              52.2005485,
              20.9777129
            ],
            [
              52.2007008,
              20.9770784
            ],
            [
              52.2008551,
              20.9764239
            ],
            [
              52.2009274,
              20.9761086
            ],
            [
              52.2010056,
              20.9756369
            ],
            [
              52.2010409,
              20.975028
            ],
            [
              52.201068,
              20.9745575
            ],
            [
              52.2010773,
              20.9743946
            ],
            [
              52.2010874,
              20.9742194
            ],
            [
              52.2011083,
              20.9740319
            ],
            [
              52.2011329,
              20.9738103
            ]
          ],
          [
            [
              52.2025451,
              20.9692985
            ],
            [
              52.2025883,
              20.9691824
            ],
            [
              52.2026067,
              20.969133
            ],
            [
              52.2026539,
              20.9690061
            ]
          ],
          [
            [
              52.2027157,
              20.9688314
            ],
            [
              52.2027415,
              20.9687574
            ],
            [
              52.2028155,
              20.9685353
            ],
            [
              52.2030754,
              20.9677551
            ]
          ],
          [
            [
              52.2017283,
              20.97175
            ],
            [
              52.2018295,
              20.9714417
            ],
            [
              52.2019992,
              20.9709351
            ],
            [
              52.2020412,
              20.9708048
            ],
            [
              52.2021105,
              20.9706019
            ]
          ],
          [
            [
              52.2032998,
              20.9670739
            ],
            [
              52.2033804,
              20.9668327
            ],
            [
              52.2036341,
              20.9660699
            ],
            [
              52.2037905,
              20.9655963
            ]
          ],
          [
            [
              52.2037905,
              20.9655963
            ],
            [
              52.2038351,
              20.9654321
            ],
            [
              52.2038547,
              20.9653735
            ],
            [
              52.2038692,
              20.9653316
            ],
            [
              52.2038868,
              20.9652924
            ],
            [
              52.2038973,
              20.965279
            ],
            [
              52.2039077,
              20.9652687
            ],
            [
              52.2039267,
              20.9652563
            ]
          ],
          [
            [
              52.2026539,
              20.9690061
            ],
            [
              52.2027007,
              20.9688737
            ],
            [
              52.2027157,
              20.9688314
            ]
          ],
          [
            [
              52.1997466,
              20.9812915
            ],
            [
              52.1997641,
              20.9811507
            ],
            [
              52.199797,
              20.9808793
            ],
            [
              52.1998481,
              20.9806235
            ],
            [
              52.1998812,
              20.980483
            ],
            [
              52.2000599,
              20.9797262
            ],
            [
              52.200087,
              20.9796168
            ]
          ],
          [
            [
              52.1996343,
              20.9833165
            ],
            [
              52.1996902,
              20.9833405
            ]
          ],
          [
            [
              52.2021105,
              20.9706019
            ],
            [
              52.2021921,
              20.9703633
            ],
            [
              52.2023881,
              20.9697745
            ],
            [
              52.2024596,
              20.9695552
            ],
            [
              52.2024795,
              20.9694944
            ],
            [
              52.2025451,
              20.9692985
            ]
          ],
          [
            [
              52.2031857,
              20.9673877
            ],
            [
              52.2032464,
              20.9672029
            ],
            [
              52.2032651,
              20.9671483
            ],
            [
              52.2032998,
              20.9670739
            ]
          ],
          [
            [
              52.2030754,
              20.9677551
            ],
            [
              52.2031159,
              20.9675951
            ],
            [
              52.2031325,
              20.9675456
            ],
            [
              52.2031857,
              20.9673877
            ]
          ],
          [
            [
              52.2013562,
              20.9728151
            ],
            [
              52.2013708,
              20.9727735
            ],
            [
              52.2013831,
              20.972734
            ],
            [
              52.2015359,
              20.9722589
            ]
          ],
          [
            [
              52.2014206,
              20.9728683
            ],
            [
              52.2014294,
              20.9728321
            ],
            [
              52.2015816,
              20.9722968
            ]
          ],
          [
            [
              52.2011329,
              20.9738103
            ],
            [
              52.2011948,
              20.9733812
            ]
          ],
          [
            [
              52.2011948,
              20.9733812
            ],
            [
              52.2012736,
              20.9731047
            ]
          ],
          [
            [
              52.2011329,
              20.9738103
            ],
            [
              52.2012293,
              20.9734474
            ],
            [
              52.2012396,
              20.9734088
            ]
          ],
          [
            [
              52.2015816,
              20.9722968
            ],
            [
              52.2016413,
              20.9721139
            ],
            [
              52.2016614,
              20.9720524
            ],
            [
              52.2017283,
              20.97175
            ]
          ],
          [
            [
              52.2015359,
              20.9722589
            ],
            [
              52.2016092,
              20.9720079
            ],
            [
              52.201632,
              20.9719585
            ],
            [
              52.2017283,
              20.97175
            ]
          ],
          [
            [
              52.201326,
              20.9731507
            ],
            [
              52.2014206,
              20.9728683
            ]
          ],
          [
            [
              52.2012736,
              20.9731047
            ],
            [
              52.2013562,
              20.9728151
            ]
          ],
          [
            [
              52.2012396,
              20.9734088
            ],
            [
              52.201326,
              20.9731507
            ]
          ]
        ]
      }
    },
    {
      "type": "Feature",
      "properties": {
        "name": "Pruszkowska",
        "highway": "residential"
      },
      "geometry": {
        "type": "MultiLineString",
        "coordinates": [
          [
            [
              52.2018221,
              20.9790992
            ],
            [
              52.2018283,
              20.9789848
            ],
            [
              52.2018353,
              20.9788563
            ],
            [
              52.2018521,
              20.978546
            ],
            [
              52.2018728,
              20.9781527
            ],
            [
              52.2018782,
              20.9780691
            ],
            [
              52.2018862,
              20.9779454
            ],
            [
              52.2019012,
              20.9776699
            ],
            [
              52.2019183,
              20.977359
            ],
            [
              52.2019257,
              20.9772311
            ],
            [
              52.2019585,
              20.9766854
            ],
            [
              52.2019969,
              20.9763507
            ],
            [
              52.2020263,
              20.9761258
            ],
            [
              52.2020616,
              20.9759162
            ],
            [
              52.2020967,
              20.9757562
            ],
            [
              52.2021489,
              20.975549
            ],
            [
              52.2022065,
              20.9753733
            ],
            [
              52.2024171,
              20.9747303
            ],
            [
              52.2025146,
              20.9744327
            ],
            [
              52.2025779,
              20.9742507
            ]
          ],
          [
            [
              52.2014495,
              20.9835025
            ],
            [
              52.201484,
              20.9832403
            ],
            [
              52.2015717,
              20.982572
            ],
            [
              52.201595,
              20.9823847
            ],
            [
              52.2016436,
              20.981996
            ],
            [
              52.2016615,
              20.9818404
            ]
          ],
          [
            [
              52.201732,
              20.9806992
            ],
            [
              52.2017464,
              20.9804522
            ],
            [
              52.2017529,
              20.9803443
            ],
            [
              52.2017659,
              20.9801112
            ],
            [
              52.201786,
              20.9797505
            ],
            [
              52.2018009,
              20.9794828
            ],
            [
              52.2018138,
              20.9792512
            ],
            [
              52.2018221,
              20.9790992
            ]
          ],
          [
            [
              52.2013909,
              20.9839685
            ],
            [
              52.2014351,
              20.9836151
            ],
            [
              52.2014495,
              20.9835025
            ]
          ],
          [
            [
              52.2013789,
              20.9840584
            ],
            [
              52.2013909,
              20.9839685
            ]
          ],
          [
            [
              52.2013036,
              20.9846476
            ],
            [
              52.2013269,
              20.9844648
            ],
            [
              52.2013334,
              20.9844134
            ],
            [
              52.2013419,
              20.9843473
            ],
            [
              52.2013702,
              20.9841248
            ],
            [
              52.2013789,
              20.9840584
            ]
          ],
          [
            [
              52.2016615,
              20.9818404
            ],
            [
              52.2016734,
              20.9816798
            ],
            [
              52.201732,
              20.9806992
            ]
          ]
        ]
      }
    },
    {
      "type": "Feature",
      "properties": {
        "name": "Księcia Trojdena",
        "highway": "residential"
      },
      "geometry": {
        "type": "MultiLineString",
        "coordinates": [
          [
            [
              52.2053077,
              20.9853387
            ],
            [
              52.2053098,
              20.985308
            ],
            [
              52.2053309,
              20.9849295
            ],
            [
              52.2053391,
              20.9847674
            ],
            [
              52.2053991,
              20.9834267
            ],
            [
              52.2054313,
              20.9827706
            ],
            [
              52.2054437,
              20.9825513
            ],
            [
              52.2054568,
              20.9822854
            ],
            [
              52.2054971,
              20.98157
            ],
            [
              52.2055304,
              20.9809804
            ],
            [
              52.2055355,
              20.9808785
            ],
            [
              52.205564,
              20.9803188
            ],
            [
              52.205581,
              20.9799835
            ],
            [
              52.205606,
              20.9795016
            ],
            [
              52.2056913,
              20.9780579
            ],
            [
              52.2057459,
              20.9772508
            ],
            [
              52.2057681,
              20.9770861
            ]
          ],
          [
            [
              52.2052355,
              20.986401
            ],
            [
              52.2052718,
              20.986011
            ]
          ],
          [
            [
              52.2052718,
              20.986011
            ],
            [
              52.2052815,
              20.98583
            ],
            [
              52.2052841,
              20.985781
            ],
            [
              52.2052879,
              20.9857103
            ],
            [
              52.2053077,
              20.9853387
            ]
          ]
        ]
      }
    },
    {
      "type": "Feature",
      "properties": {
        "name": "Adolfa Pawińskiego",
        "highway": "tertiary"
      },
      "geometry": {
        "type": "MultiLineString",
        "coordinates": [
          [
            [
              52.201881,
              20.9736384
            ],
            [
              52.2020811,
              20.9738142
            ],
            [
              52.202273,
              20.9739828
            ],
            [
              52.202321,
              20.974025
            ],
            [
              52.2024607,
              20.9741477
            ],
            [
              52.2025034,
              20.9741852
            ],
            [
              52.2025779,
              20.9742507
            ]
          ],
          [
            [
              52.2042164,
              20.975708
            ],
            [
              52.2043188,
              20.975798
            ],
            [
              52.2044504,
              20.9759213
            ]
          ],
          [
            [
              52.2078296,
              20.9789051
            ],
            [
              52.2078521,
              20.9789251
            ],
            [
              52.2079555,
              20.9790166
            ],
            [
              52.2082883,
              20.9793109
            ],
            [
              52.2084951,
              20.9794938
            ],
            [
              52.2085303,
              20.9795249
            ],
            [
              52.2090088,
              20.9799444
            ],
            [
              52.2090876,
              20.9800115
            ],
            [
              52.2091695,
              20.9800766
            ],
            [
              52.2092098,
              20.9801058
            ]
          ],
          [
            [
              52.2025779,
              20.9742507
            ],
            [
              52.2026825,
              20.9743495
            ],
            [
              52.2037306,
              20.9752779
            ],
            [
              52.2037637,
              20.975307
            ],
            [
              52.2038581,
              20.9753909
            ],
            [
              52.2039072,
              20.9754324
            ],
            [
              52.2042164,
              20.975708
            ]
          ],
          [
            [
              52.2044504,
              20.9759213
            ],
            [
              52.2048643,
              20.9762745
            ],
            [
              52.2048952,
              20.9763042
            ],
            [
              52.2050743,
              20.9764753
            ],
            [
              52.2056196,
              20.976954
            ],
            [
              52.2057681,
              20.9770861
            ]
          ],
          [
            [
              52.2105202,
              20.9802838
            ],
            [
              52.2106071,
              20.9802753
            ],
            [
              52.2106984,
              20.9802664
            ]
          ],
          [
            [
              52.2097866,
              20.9803477
            ],
            [
              52.2098163,
              20.9803494
            ],
            [
              52.2098782,
              20.9803468
            ],
            [
              52.2101334,
              20.9803209
            ],
            [
              52.2103034,
              20.9803059
            ],
            [
              52.2103533,
              20.9803008
            ],
            [
              52.2104145,
              20.980294
            ],
            [
              52.2104495,
              20.9802905
            ],
            [
              52.2105202,
              20.9802838
            ]
          ],
          [
            [
              52.2092098,
              20.9801058
            ],
            [
              52.2093172,
              20.9801542
            ],
            [
              52.2093893,
              20.9801895
            ],
            [
              52.2094882,
              20.9802347
            ],
            [
              52.2095871,
              20.9802772
            ],
            [
              52.209649,
              20.9802953
            ],
            [
              52.2097183,
              20.980311
            ],
            [
              52.2097866,
              20.9803477
            ]
          ],
          [
            [
              52.2057681,
              20.9770861
            ],
            [
              52.2057962,
              20.9771107
            ],
            [
              52.2067956,
              20.9779761
            ],
            [
              52.2069739,
              20.9781334
            ],
            [
              52.2076971,
              20.9787878
            ],
            [
              52.2078296,
              20.9789051
            ]
          ],
          [
            [
              52.2012736,
              20.9731047
            ],
            [
              52.201326,
              20.9731507
            ]
          ],
          [
            [
              52.201326,
              20.9731507
            ],
            [
              52.201357,
              20.973178
            ]
          ],
          [
            [
              52.201357,
              20.973178
            ],
            [
              52.2014233,
              20.9732362
            ],
            [
              52.2014702,
              20.9732774
            ],
            [
              52.201881,
              20.9736384
            ]
          ]
        ]
      }
    },
    {
      "type": "Feature",
      "properties": {
        "name": "Mikołaja Reja",
        "highway": "residential"
      },
      "geometry": {
        "type": "MultiLineString",
        "coordinates": [
          [
            [
              52.217205,
              20.9901975
            ],
            [
              52.2172022,
              20.9901502
            ],
            [
              52.2172018,
              20.9900999
            ],
            [
              52.2172034,
              20.9900593
            ],
            [
              52.2172069,
              20.9899994
            ],
            [
              52.2172367,
              20.9895612
            ],
            [
              52.2172437,
              20.9894538
            ],
            [
              52.2172488,
              20.9893908
            ],
            [
              52.2172513,
              20.9893618
            ],
            [
              52.2172542,
              20.9893328
            ],
            [
              52.2172604,
              20.9892831
            ],
            [
              52.2172694,
              20.9892273
            ],
            [
              52.217302,
              20.9890401
            ],
            [
              52.2173552,
              20.9887235
            ],
            [
              52.217368,
              20.9886524
            ],
            [
              52.2173838,
              20.9885646
            ]
          ],
          [
            [
              52.217205,
              20.9901975
            ],
            [
              52.2172087,
              20.9902501
            ],
            [
              52.2172141,
              20.9903176
            ],
            [
              52.2173142,
              20.991151
            ],
            [
              52.217375,
              20.9916748
            ],
            [
              52.2174244,
              20.9920781
            ],
            [
              52.2174317,
              20.9921425
            ]
          ],
          [
            [
              52.2174317,
              20.9921425
            ],
            [
              52.2174467,
              20.9922748
            ],
            [
              52.2174736,
              20.9925132
            ],
            [
              52.2176041,
              20.9935924
            ]
          ]
        ]
      }
    },
    {
      "type": "Feature",
      "properties": {
        "name": "Jana Dantyszka",
        "highway": "residential"
      },
      "geometry": {
        "type": "MultiLineString",
        "coordinates": [
          [
            [
              52.2181329,
              20.9900751
            ],
            [
              52.2181353,
              20.9900348
            ],
            [
              52.2181386,
              20.9899953
            ],
            [
              52.2181439,
              20.9899468
            ],
            [
              52.2181506,
              20.9898966
            ],
            [
              52.2182883,
              20.9890804
            ],
            [
              52.2182928,
              20.9890543
            ],
            [
              52.2183029,
              20.9889951
            ]
          ],
          [
            [
              52.2180889,
              20.9918745
            ],
            [
              52.2181042,
              20.9910553
            ],
            [
              52.2181058,
              20.9909692
            ]
          ],
          [
            [
              52.2181058,
              20.9909692
            ],
            [
              52.2181286,
              20.9902052
            ],
            [
              52.2181329,
              20.9900751
            ]
          ],
          [
            [
              52.2180608,
              20.9927854
            ],
            [
              52.2180887,
              20.9918826
            ],
            [
              52.2180889,
              20.9918745
            ]
          ],
          [
            [
              52.2180507,
              20.9936768
            ],
            [
              52.2180457,
              20.9936571
            ],
            [
              52.2180426,
              20.9936449
            ],
            [
              52.2180391,
              20.993607
            ],
            [
              52.2180608,
              20.9927854
            ]
          ]
        ]
      }
    },
    {
      "type": "Feature",
      "properties": {
        "name": "Ludwika Krzywickiego",
        "highway": "tertiary"
      },
      "geometry": {
        "type": "MultiLineString",
        "coordinates": [
          [
            [
              52.2198239,
              21.0000082
            ],
            [
              52.2199363,
              20.999994
            ],
            [
              52.2200057,
              20.9999912
            ],
            [
              52.2200856,
              20.9999948
            ],
            [
              52.2201046,
              20.9999981
            ],
            [
              52.2201724,
              21.0000176
            ],
            [
              52.2201954,
              21.0000156
            ],
            [
              52.2202463,
              21.0000112
            ],
            [
              52.2202768,
              21.0000039
            ],
            [
              52.2203252,
              20.9999906
            ],
            [
              52.2203691,
              20.9999775
            ],
            [
              52.2204618,
              20.9999885
            ]
          ],
          [
            [
              52.2204618,
              20.9999885
            ],
            [
              52.2204898,
              20.9999854
            ],
            [
              52.2205276,
              20.9999902
            ],
            [
              52.2214343,
              21.0001154
            ],
            [
              52.2230938,
              21.0003361
            ],
            [
              52.2231627,
              21.0003453
            ],
            [
              52.2232498,
              21.0003564
            ]
          ],
          [
            [
              52.2202702,
              21.0001775
            ],
            [
              52.2202981,
              21.0001283
            ],
            [
              52.220318,
              21.0000978
            ],
            [
              52.2203447,
              21.0000646
            ],
            [
              52.2203617,
              21.0000455
            ],
            [
              52.2203909,
              21.0000255
            ],
            [
              52.2204618,
              20.9999885
            ]
          ],
          [
            [
              52.2170054,
              20.9997615
            ],
            [
              52.2170599,
              20.9997541
            ],
            [
              52.2171144,
              20.9997466
            ],
            [
              52.2171566,
              20.9997446
            ],
            [
              52.217188,
              20.9997455
            ],
            [
              52.2177843,
              20.9997826
            ],
            [
              52.2179247,
              20.9997918
            ],
            [
              52.2182372,
              20.9998108
            ],
            [
              52.2183383,
              20.9998272
            ],
            [
              52.218795,
              20.9998549
            ],
            [
              52.2188385,
              20.9998569
            ],
            [
              52.2188668,
              20.9998582
            ]
          ],
          [
            [
              52.2202412,
              21.0005758
            ],
            [
              52.2202426,
              21.0004203
            ],
            [
              52.2202436,
              21.0003632
            ],
            [
              52.2202481,
              21.0003063
            ],
            [
              52.2202557,
              21.0002466
            ],
            [
              52.2202702,
              21.0001775
            ]
          ],
          [
            [
              52.2198239,
              21.0000082
            ],
            [
              52.2198739,
              21.0000245
            ],
            [
              52.2199063,
              21.000042
            ],
            [
              52.2199473,
              21.0000661
            ],
            [
              52.2199881,
              21.000097
            ],
            [
              52.2200133,
              21.0001194
            ],
            [
              52.2200419,
              21.0001503
            ],
            [
              52.2200824,
              21.0002005
            ]
          ],
          [
            [
              52.2188668,
              20.9998582
            ],
            [
              52.2189255,
              20.9998855
            ],
            [
              52.2190062,
              20.9999153
            ],
            [
              52.2190465,
              20.9999244
            ],
            [
              52.219203,
              20.9999435
            ]
          ],
          [
            [
              52.219203,
              20.9999435
            ],
            [
              52.2196232,
              20.9999871
            ],
            [
              52.2198239,
              21.0000082
            ]
          ]
        ]
      }
    },
    {
      "type": "Feature",
      "properties": {
        "name": "Filtrowa",
        "highway": "tertiary"
      },
      "geometry": {
        "type": "MultiLineString",
        "coordinates": [
          [
            [
              52.2188668,
              20.9998582
            ],
            [
              52.2188606,
              20.9997639
            ],
            [
              52.2188603,
              20.9996976
            ],
            [
              52.2188682,
              20.999334
            ]
          ],
          [
            [
              52.2187582,
              21.0042529
            ],
            [
              52.2187597,
              21.0041826
            ],
            [
              52.2187924,
              21.0027002
            ],
            [
              52.2187939,
              21.0026475
            ],
            [
              52.2188266,
              21.0014693
            ],
            [
              52.2188665,
              20.9999854
            ],
            [
              52.2188665,
              20.9999481
            ],
            [
              52.2188668,
              20.9998582
            ]
          ],
          [
            [
              52.2190642,
              20.9919419
            ],
            [
              52.2190858,
              20.9910337
            ],
            [
              52.2190967,
              20.9903869
            ],
            [
              52.2190981,
              20.990304
            ],
            [
              52.2190987,
              20.9901168
            ]
          ],
          [
            [
              52.2190987,
              20.9901168
            ],
            [
              52.2191012,
              20.9900255
            ],
            [
              52.2191138,
              20.9895656
            ],
            [
              52.2191204,
              20.9893264
            ]
          ],
          [
            [
              52.2191689,
              20.9883395
            ],
            [
              52.219179,
              20.9881956
            ],
            [
              52.219219,
              20.9876121
            ],
            [
              52.2192314,
              20.9874337
            ],
            [
              52.2192391,
              20.987321
            ],
            [
              52.2192514,
              20.9871025
            ],
            [
              52.2192572,
              20.9869789
            ],
            [
              52.2192683,
              20.9867861
            ],
            [
              52.2192819,
              20.9865313
            ],
            [
              52.2193151,
              20.9859269
            ],
            [
              52.2193341,
              20.9855677
            ]
          ],
          [
            [
              52.2188682,
              20.999334
            ],
            [
              52.2188697,
              20.9992641
            ],
            [
              52.2188757,
              20.9990503
            ]
          ],
          [
            [
              52.2188757,
              20.9990503
            ],
            [
              52.2188883,
              20.9985945
            ],
            [
              52.2189157,
              20.9976749
            ],
            [
              52.218936,
              20.9967441
            ],
            [
              52.2189646,
              20.9956785
            ],
            [
              52.2190175,
              20.993747
            ],
            [
              52.2190424,
              20.9928399
            ],
            [
              52.2190642,
              20.9919419
            ]
          ],
          [
            [
              52.2187507,
              21.004597
            ],
            [
              52.2187546,
              21.0046816
            ],
            [
              52.2187604,
              21.0047141
            ],
            [
              52.2187726,
              21.0047441
            ],
            [
              52.2188306,
              21.0048306
            ]
          ],
          [
            [
              52.2187507,
              21.004597
            ],
            [
              52.2187574,
              21.0042907
            ],
            [
              52.2187582,
              21.0042529
            ]
          ],
          [
            [
              52.2191204,
              20.9893264
            ],
            [
              52.2191269,
              20.9891523
            ],
            [
              52.2191311,
              20.9890682
            ],
            [
              52.219164,
              20.9884148
            ],
            [
              52.2191689,
              20.9883395
            ]
          ]
        ]
      }
    },
    {
      "type": "Feature",
      "properties": {
        "name": "Nowogrodzka",
        "highway": "residential"
      },
      "geometry": {
        "type": "MultiLineString",
        "coordinates": [
          [
            [
              52.2251295,
              20.9956955
            ],
            [
              52.2252084,
              20.9960561
            ],
            [
              52.2253019,
              20.9964757
            ],
            [
              52.2253311,
              20.9966006
            ]
          ],
          [
            [
              52.2265251,
              21.0017919
            ],
            [
              52.2265461,
              21.0018749
            ],
            [
              52.2265551,
              21.0019068
            ],
            [
              52.2265655,
              21.0019355
            ],
            [
              52.2265847,
              21.0019891
            ],
            [
              52.2265967,
              21.0020218
            ],
            [
              52.2266061,
              21.0020507
            ],
            [
              52.2266128,
              21.0020751
            ],
            [
              52.22663,
              21.0021472
            ],
            [
              52.2266404,
              21.0021913
            ]
          ],
          [
            [
              52.2254219,
              20.9969343
            ],
            [
              52.2256255,
              20.9978256
            ],
            [
              52.2258745,
              20.9989235
            ],
            [
              52.2259003,
              20.999037
            ],
            [
              52.2259585,
              20.999294
            ],
            [
              52.2259982,
              20.999469
            ],
            [
              52.2261016,
              20.9999249
            ],
            [
              52.2261952,
              21.0003374
            ],
            [
              52.2262668,
              21.0006532
            ],
            [
              52.2263015,
              21.0008058
            ],
            [
              52.2263313,
              21.0009375
            ],
            [
              52.2264805,
              21.0015953
            ],
            [
              52.2264965,
              21.0016659
            ],
            [
              52.2265251,
              21.0017919
            ]
          ],
          [
            [
              52.2248662,
              20.9945409
            ],
            [
              52.2248896,
              20.9946431
            ],
            [
              52.2249326,
              20.9948318
            ],
            [
              52.2250787,
              20.9954726
            ],
            [
              52.2251295,
              20.9956955
            ]
          ],
          [
            [
              52.2237927,
              20.990396
            ],
            [
              52.2238514,
              20.9903938
            ],
            [
              52.2239022,
              20.9903951
            ],
            [
              52.223923,
              20.9903989
            ],
            [
              52.2239339,
              20.9904062
            ],
            [
              52.2239425,
              20.9904231
            ],
            [
              52.2239718,
              20.990547
            ],
            [
              52.2240176,
              20.9907515
            ],
            [
              52.2240815,
              20.9910345
            ],
            [
              52.2241016,
              20.9911232
            ],
            [
              52.2243162,
              20.9920726
            ],
            [
              52.2243559,
              20.9922503
            ],
            [
              52.2243991,
              20.9924438
            ],
            [
              52.2245239,
              20.9929929
            ],
            [
              52.2245763,
              20.9932231
            ],
            [
              52.2246201,
              20.9934164
            ],
            [
              52.2248365,
              20.9943582
            ],
            [
              52.2248648,
              20.9944812
            ],
            [
              52.2248662,
              20.9945409
            ]
          ],
          [
            [
              52.2253311,
              20.9966006
            ],
            [
              52.225363,
              20.9966232
            ],
            [
              52.2253878,
              20.9966813
            ],
            [
              52.2254045,
              20.9967638
            ],
            [
              52.225419,
              20.9968444
            ],
            [
              52.2254219,
              20.9969343
            ]
          ],
          [
            [
              52.2266404,
              21.0021913
            ],
            [
              52.2266545,
              21.0022242
            ],
            [
              52.226668,
              21.0022481
            ],
            [
              52.2266857,
              21.0022692
            ],
            [
              52.2267008,
              21.002281
            ],
            [
              52.2267141,
              21.0022879
            ],
            [
              52.226728,
              21.0022914
            ]
          ]
        ]
      }
    },
    {
      "type": "Feature",
      "properties": {
        "name": "Wolnej Wszechnicy",
        "highway": "residential"
      },
      "geometry": {
        "type": "MultiLineString",
        "coordinates": [
          [
            [
              52.2107024,
              20.980721
            ],
            [
              52.21074,
              20.9806669
            ],
            [
              52.2107857,
              20.9806277
            ]
          ],
          [
            [
              52.2108381,
              20.9806049
            ],
            [
              52.2108736,
              20.9805952
            ],
            [
              52.2118229,
              20.9805914
            ],
            [
              52.2119667,
              20.9805894
            ],
            [
              52.2119928,
              20.9805891
            ],
            [
              52.2126162,
              20.9805944
            ],
            [
              52.2127597,
              20.9805958
            ],
            [
              52.2127985,
              20.9806005
            ],
            [
              52.2128398,
              20.9806201
            ],
            [
              52.2131211,
              20.9808898
            ],
            [
              52.2131579,
              20.9809251
            ]
          ],
          [
            [
              52.2107857,
              20.9806277
            ],
            [
              52.2108041,
              20.9806164
            ],
            [
              52.2108381,
              20.9806049
            ]
          ]
        ]
      }
    },
    {
      "type": "Feature",
      "properties": {
        "name": "Towarowa",
        "highway": "secondary"
      },
      "geometry": {
        "type": "MultiLineString",
        "coordinates": [
          [
            [
              52.2251642,
              20.9892095
            ],
            [
              52.2252179,
              20.9890935
            ],
            [
              52.2252365,
              20.9890651
            ],
            [
              52.2252469,
              20.9890525
            ],
            [
              52.2252498,
              20.98905
            ]
          ],
          [
            [
              52.2250071,
              20.9886276
            ],
            [
              52.2250306,
              20.988615
            ],
            [
              52.2250595,
              20.9885961
            ],
            [
              52.2250993,
              20.9885664
            ]
          ],
          [
            [
              52.2252498,
              20.98905
            ],
            [
              52.2252743,
              20.9890273
            ],
            [
              52.2255812,
              20.9887817
            ]
          ],
          [
            [
              52.2251257,
              20.9885492
            ],
            [
              52.225141,
              20.9885372
            ],
            [
              52.225468,
              20.9882786
            ]
          ],
          [
            [
              52.2250993,
              20.9885664
            ],
            [
              52.2251257,
              20.9885492
            ]
          ]
        ]
      }
    },
    {
      "type": "Feature",
      "properties": {
        "name": "Prezydencka",
        "highway": "residential"
      },
      "geometry": {
        "type": "MultiLineString",
        "coordinates": [
          [
            [
              52.2172345,
              21.001199
            ],
            [
              52.2172751,
              21.0011917
            ],
            [
              52.217359,
              21.0011813
            ],
            [
              52.2178827,
              21.001209
            ],
            [
              52.2181732,
              21.0012306
            ],
            [
              52.2181996,
              21.0012329
            ]
          ]
        ]
      }
    },
    {
      "type": "Feature",
      "properties": {
        "name": "Łukasza Górnickiego",
        "highway": "residential"
      },
      "geometry": {
        "type": "MultiLineString",
        "coordinates": [
          [
            [
              52.2180507,
              20.9936768
            ],
            [
              52.2180691,
              20.9936938
            ],
            [
              52.2189485,
              20.9937447
            ],
            [
              52.2190175,
              20.993747
            ]
          ]
        ]
      }
    },
    {
      "type": "Feature",
      "properties": {
        "name": "Aleja Prymasa Tysiąclecia",
        "highway": "primary"
      },
      "geometry": {
        "type": "MultiLineString",
        "coordinates": [
          [
            [
              52.2168852,
              20.9608986
            ],
            [
              52.2170347,
              20.9607673
            ]
          ],
          [
            [
              52.2177729,
              20.9599665
            ],
            [
              52.218296,
              20.9598925
            ]
          ],
          [
            [
              52.2166423,
              20.9610887
            ],
            [
              52.216766,
              20.9609841
            ],
            [
              52.2168852,
              20.9608986
            ]
          ],
          [
            [
              52.2173465,
              20.9600911
            ],
            [
              52.2174375,
              20.9600668
            ],
            [
              52.2175423,
              20.9600305
            ],
            [
              52.2176705,
              20.9599893
            ],
            [
              52.2177729,
              20.9599665
            ]
          ],
          [
            [
              52.2174488,
              20.9604623
            ],
            [
              52.2175374,
              20.9604121
            ],
            [
              52.2176611,
              20.9603506
            ],
            [
              52.2177445,
              20.9603127
            ],
            [
              52.2178717,
              20.9602675
            ]
          ],
          [
            [
              52.2170347,
              20.9607673
            ],
            [
              52.2170723,
              20.9607399
            ],
            [
              52.2172999,
              20.960558
            ],
            [
              52.217374,
              20.9605075
            ],
            [
              52.2174488,
              20.9604623
            ]
          ],
          [
            [
              52.2167793,
              20.9602771
            ],
            [
              52.2169424,
              20.9602014
            ],
            [
              52.2170805,
              20.9601458
            ],
            [
              52.2171299,
              20.9601292
            ],
            [
              52.2172358,
              20.9601077
            ],
            [
              52.2173465,
              20.9600911
            ]
          ],
          [
            [
              52.2182518,
              20.9601818
            ],
            [
              52.2183903,
              20.9601704
            ]
          ],
          [
            [
              52.2178717,
              20.9602675
            ],
            [
              52.2179968,
              20.9602318
            ],
            [
              52.2182518,
              20.9601818
            ]
          ]
        ]
      }
    },
    {
      "type": "Feature",
      "properties": {
        "name": "Leszowa",
        "highway": "service"
      },
      "geometry": {
        "type": "MultiLineString",
        "coordinates": [
          [
            [
              52.2145586,
              21.0015912
            ],
            [
              52.2146171,
              21.0016297
            ],
            [
              52.2146816,
              21.0017027
            ],
            [
              52.2147675,
              21.0018758
            ],
            [
              52.2148559,
              21.0021607
            ],
            [
              52.2148903,
              21.0025419
            ],
            [
              52.215119,
              21.0050767
            ],
            [
              52.2151583,
              21.0052698
            ],
            [
              52.2151909,
              21.0053604
            ]
          ],
          [
            [
              52.2143465,
              21.0015749
            ],
            [
              52.2145586,
              21.0015912
            ]
          ]
        ]
      }
    },
    {
      "type": "Feature",
      "properties": {
        "name": "Śmigłowca",
        "highway": "unclassified"
      },
      "geometry": {
        "type": "MultiLineString",
        "coordinates": [
          [
            [
              52.2091344,
              20.9495324
            ],
            [
              52.2093348,
              20.9495167
            ]
          ],
          [
            [
              52.2093175,
              20.949434
            ],
            [
              52.2094184,
              20.9493868
            ],
            [
              52.2095396,
              20.94933
            ],
            [
              52.2096238,
              20.9492801
            ],
            [
              52.2096609,
              20.949257
            ],
            [
              52.2097507,
              20.9491957
            ]
          ],
          [
            [
              52.2099213,
              20.9494604
            ],
            [
              52.2100628,
              20.9493882
            ]
          ],
          [
            [
              52.2074241,
              20.9529856
            ],
            [
              52.2081356,
              20.9512559
            ],
            [
              52.2086728,
              20.9499276
            ],
            [
              52.2087363,
              20.9498111
            ],
            [
              52.2088077,
              20.949721
            ],
            [
              52.2088852,
              20.9496581
            ],
            [
              52.2091344,
              20.9495324
            ]
          ],
          [
            [
              52.2073715,
              20.954891
            ],
            [
              52.2073618,
              20.9548317
            ],
            [
              52.2073269,
              20.9546181
            ],
            [
              52.2072418,
              20.9540787
            ],
            [
              52.2072197,
              20.953885
            ],
            [
              52.2072118,
              20.9537839
            ],
            [
              52.2072104,
              20.9536908
            ],
            [
              52.2072184,
              20.9536161
            ],
            [
              52.2072303,
              20.9535366
            ],
            [
              52.2072461,
              20.9534699
            ],
            [
              52.2072671,
              20.9533951
            ],
            [
              52.2074241,
              20.9529856
            ]
          ],
          [
            [
              52.2093348,
              20.9495167
            ],
            [
              52.2095023,
              20.9494773
            ],
            [
              52.2095832,
              20.9494788
            ],
            [
              52.209708,
              20.9494812
            ],
            [
              52.2097692,
              20.9494821
            ],
            [
              52.209811,
              20.9494853
            ],
            [
              52.2099213,
              20.9494604
            ]
          ],
          [
            [
              52.2091344,
              20.9495324
            ],
            [
              52.2093175,
              20.949434
            ]
          ],
          [
            [
              52.2097507,
              20.9491957
            ],
            [
              52.2098066,
              20.9491525
            ],
            [
              52.209891,
              20.9490874
            ]
          ]
        ]
      }
    },
    {
      "type": "Feature",
      "properties": {
        "name": "Mszczonowska",
        "highway": "residential"
      },
      "geometry": {
        "type": "MultiLineString",
        "coordinates": [
          [
            [
              52.2103024,
              20.9491938
            ],
            [
              52.2103402,
              20.9491656
            ],
            [
              52.2103837,
              20.9491453
            ],
            [
              52.2104388,
              20.9491244
            ],
            [
              52.2104789,
              20.9491156
            ],
            [
              52.2105764,
              20.9491029
            ],
            [
              52.2106107,
              20.949094
            ],
            [
              52.2106944,
              20.9490683
            ]
          ],
          [
            [
              52.2099957,
              20.9490233
            ],
            [
              52.2100298,
              20.9490126
            ],
            [
              52.2100697,
              20.9490033
            ],
            [
              52.2101286,
              20.9489949
            ],
            [
              52.2101672,
              20.9489949
            ],
            [
              52.2102212,
              20.9489922
            ],
            [
              52.2105779,
              20.9489739
            ],
            [
              52.2106206,
              20.948972
            ],
            [
              52.2106927,
              20.9489653
            ],
            [
              52.2107501,
              20.9489558
            ]
          ],
          [
            [
              52.209891,
              20.9490874
            ],
            [
              52.2099957,
              20.9490233
            ]
          ],
          [
            [
              52.2114132,
              20.9486153
            ],
            [
              52.2115133,
              20.9485335
            ],
            [
              52.2115539,
              20.9484999
            ],
            [
              52.211602,
              20.9484688
            ],
            [
              52.2116597,
              20.9484469
            ],
            [
              52.2118723,
              20.9484007
            ],
            [
              52.2123615,
              20.948311
            ],
            [
              52.2125891,
              20.9482693
            ],
            [
              52.2126633,
              20.948255
            ],
            [
              52.2127435,
              20.9482399
            ],
            [
              52.2130992,
              20.9481715
            ],
            [
              52.2134298,
              20.9481079
            ],
            [
              52.2138028,
              20.9480361
            ],
            [
              52.2139172,
              20.9480089
            ],
            [
              52.2143275,
              20.9479183
            ],
            [
              52.2143669,
              20.9479099
            ],
            [
              52.2143976,
              20.9479032
            ],
            [
              52.2147002,
              20.9478398
            ],
            [
              52.2147521,
              20.9478282
            ],
            [
              52.2148538,
              20.9478075
            ],
            [
              52.214893,
              20.9478003
            ]
          ],
          [
            [
              52.2108757,
              20.9489455
            ],
            [
              52.2110338,
              20.9488903
            ],
            [
              52.2114132,
              20.9486153
            ]
          ],
          [
            [
              52.2100628,
              20.9493882
            ],
            [
              52.2101226,
              20.9493358
            ],
            [
              52.2101751,
              20.9492898
            ]
          ],
          [
            [
              52.2106944,
              20.9490683
            ],
            [
              52.210778,
              20.9490426
            ],
            [
              52.2108757,
              20.9489455
            ]
          ],
          [
            [
              52.2101751,
              20.9492898
            ],
            [
              52.2102666,
              20.9492175
            ],
            [
              52.2103024,
              20.9491938
            ]
          ],
          [
            [
              52.2107501,
              20.9489558
            ],
            [
              52.2108757,
              20.9489455
            ]
          ]
        ]
      }
    },
    {
      "type": "Feature",
      "properties": {
        "name": "Kołomyjska",
        "highway": "residential"
      },
      "geometry": {
        "type": "MultiLineString",
        "coordinates": [
          [
            [
              52.2114132,
              20.9486153
            ],
            [
              52.2114744,
              20.9487684
            ],
            [
              52.2115029,
              20.9488677
            ],
            [
              52.2115174,
              20.9489717
            ],
            [
              52.2115263,
              20.9491017
            ],
            [
              52.2115386,
              20.9492624
            ],
            [
              52.211541,
              20.9492933
            ]
          ],
          [
            [
              52.211566,
              20.9496266
            ],
            [
              52.2115813,
              20.949674
            ],
            [
              52.2115987,
              20.9497173
            ],
            [
              52.2116099,
              20.9497774
            ],
            [
              52.2116105,
              20.9497848
            ],
            [
              52.2116219,
              20.9499205
            ],
            [
              52.2116482,
              20.9502227
            ]
          ],
          [
            [
              52.211541,
              20.9492933
            ],
            [
              52.211566,
              20.9496266
            ]
          ],
          [
            [
              52.2116482,
              20.9502227
            ],
            [
              52.2116795,
              20.9505818
            ],
            [
              52.211697,
              20.9508603
            ],
            [
              52.2116936,
              20.9509629
            ],
            [
              52.2116795,
              20.9510418
            ]
          ]
        ]
      }
    },
    {
      "type": "Feature",
      "properties": {
        "name": "Urbanistów",
        "highway": "unclassified"
      },
      "geometry": {
        "type": "MultiLineString",
        "coordinates": [
          [
            [
              52.2039921,
              20.9652597
            ],
            [
              52.2040402,
              20.9652943
            ],
            [
              52.2040773,
              20.9653273
            ],
            [
              52.2041552,
              20.965401
            ],
            [
              52.2042866,
              20.9655227
            ],
            [
              52.2045673,
              20.9657628
            ],
            [
              52.2047854,
              20.9659547
            ],
            [
              52.2050521,
              20.9661822
            ],
            [
              52.2051053,
              20.9662292
            ],
            [
              52.2051603,
              20.9662775
            ],
            [
              52.2053332,
              20.9664341
            ],
            [
              52.2058662,
              20.9668956
            ],
            [
              52.2060732,
              20.9670753
            ],
            [
              52.2061504,
              20.9671423
            ],
            [
              52.2062629,
              20.9672454
            ]
          ],
          [
            [
              52.2066382,
              20.9675827
            ],
            [
              52.2069396,
              20.9678537
            ],
            [
              52.2069832,
              20.9678928
            ],
            [
              52.2070903,
              20.967992
            ]
          ],
          [
            [
              52.2062629,
              20.9672454
            ],
            [
              52.2066382,
              20.9675827
            ]
          ],
          [
            [
              52.2039267,
              20.9652563
            ],
            [
              52.2039471,
              20.9652492
            ],
            [
              52.2039689,
              20.965251
            ],
            [
              52.2039921,
              20.9652597
            ]
          ]
        ]
      }
    },
    {
      "type": "Feature",
      "properties": {
        "name": "Akademicka",
        "highway": "residential"
      },
      "geometry": {
        "type": "MultiLineString",
        "coordinates": [
          [
            [
              52.2183413,
              20.9851577
            ],
            [
              52.218381,
              20.9852544
            ],
            [
              52.2184596,
              20.9853811
            ],
            [
              52.2184941,
              20.9854266
            ],
            [
              52.2185303,
              20.9854711
            ],
            [
              52.2185776,
              20.9855252
            ],
            [
              52.2186115,
              20.9855623
            ],
            [
              52.2186421,
              20.985594
            ],
            [
              52.2186957,
              20.9856448
            ],
            [
              52.2187262,
              20.9856704
            ],
            [
              52.2187694,
              20.9857043
            ],
            [
              52.2188165,
              20.9857438
            ],
            [
              52.2188776,
              20.9857803
            ],
            [
              52.2189224,
              20.985806
            ],
            [
              52.2189566,
              20.9858206
            ],
            [
              52.2189897,
              20.9858342
            ],
            [
              52.2190432,
              20.985855
            ],
            [
              52.2190876,
              20.9858701
            ],
            [
              52.2191406,
              20.9858959
            ],
            [
              52.2191921,
              20.9859054
            ],
            [
              52.2192831,
              20.9859221
            ],
            [
              52.2193151,
              20.9859269
            ]
          ],
          [
            [
              52.2179869,
              20.9834841
            ],
            [
              52.2179789,
              20.9835095
            ],
            [
              52.2179807,
              20.983582
            ],
            [
              52.2180234,
              20.9840743
            ],
            [
              52.2180698,
              20.9845673
            ],
            [
              52.2180767,
              20.9846154
            ],
            [
              52.2180847,
              20.9846571
            ],
            [
              52.2180885,
              20.9846751
            ],
            [
              52.2180959,
              20.9847051
            ],
            [
              52.2181065,
              20.9847378
            ],
            [
              52.2181217,
              20.9847721
            ],
            [
              52.2181367,
              20.9847999
            ],
            [
              52.2181497,
              20.9848228
            ],
            [
              52.2182377,
              20.9849652
            ],
            [
              52.2182998,
              20.9850659
            ],
            [
              52.2183413,
              20.9851577
            ]
          ],
          [
            [
              52.2179869,
              20.9834841
            ],
            [
              52.2179907,
              20.9834721
            ],
            [
              52.2180171,
              20.9834419
            ],
            [
              52.2180405,
              20.9834282
            ],
            [
              52.2181292,
              20.9834042
            ]
          ]
        ]
      }
    },
    {
      "type": "Feature",
      "properties": {
        "name": "Uniwersytecka",
        "highway": "residential"
      },
      "geometry": {
        "type": "MultiLineString",
        "coordinates": [
          [
            [
              52.2172499,
              20.986902
            ],
            [
              52.2172927,
              20.986832
            ],
            [
              52.2176221,
              20.9862939
            ],
            [
              52.2176449,
              20.9862586
            ],
            [
              52.2176915,
              20.9861831
            ],
            [
              52.2182789,
              20.9852559
            ],
            [
              52.2183413,
              20.9851577
            ]
          ],
          [
            [
              52.2167175,
              20.9877768
            ],
            [
              52.217226,
              20.9869411
            ],
            [
              52.2172499,
              20.986902
            ]
          ]
        ]
      }
    },
    {
      "type": "Feature",
      "properties": {
        "name": "Maurycego Mochnackiego",
        "highway": "residential"
      },
      "geometry": {
        "type": "MultiLineString",
        "coordinates": [
          [
            [
              52.2172764,
              20.9853984
            ],
            [
              52.2172527,
              20.9853143
            ],
            [
              52.2172438,
              20.9852835
            ],
            [
              52.2172035,
              20.9851204
            ],
            [
              52.2171619,
              20.9849255
            ],
            [
              52.217144,
              20.9848313
            ],
            [
              52.2171354,
              20.9847861
            ],
            [
              52.2171159,
              20.9846488
            ],
            [
              52.217091,
              20.9844451
            ],
            [
              52.2170755,
              20.9842111
            ],
            [
              52.2170624,
              20.9840031
            ],
            [
              52.2170591,
              20.9838532
            ],
            [
              52.2170595,
              20.9836861
            ],
            [
              52.2170669,
              20.9835299
            ],
            [
              52.2170749,
              20.9834055
            ],
            [
              52.2170838,
              20.9832935
            ],
            [
              52.2170953,
              20.9831787
            ],
            [
              52.2170973,
              20.9831587
            ],
            [
              52.2171231,
              20.9829909
            ],
            [
              52.2171614,
              20.9827852
            ],
            [
              52.2171998,
              20.9826025
            ],
            [
              52.2172576,
              20.9823441
            ],
            [
              52.2172962,
              20.9821764
            ]
          ],
          [
            [
              52.2176449,
              20.9862586
            ],
            [
              52.2177009,
              20.9863555
            ],
            [
              52.2178408,
              20.9865789
            ],
            [
              52.2179157,
              20.9866722
            ],
            [
              52.2179819,
              20.9867482
            ],
            [
              52.2180327,
              20.9868072
            ],
            [
              52.2180899,
              20.9868708
            ],
            [
              52.2181355,
              20.9869203
            ],
            [
              52.2181879,
              20.9869705
            ],
            [
              52.2182329,
              20.9870115
            ],
            [
              52.2182829,
              20.9870532
            ],
            [
              52.2183228,
              20.9870851
            ],
            [
              52.2183611,
              20.9871131
            ],
            [
              52.2184101,
              20.9871476
            ],
            [
              52.2184672,
              20.9871855
            ],
            [
              52.2185335,
              20.9872262
            ],
            [
              52.2185635,
              20.9872428
            ],
            [
              52.2186189,
              20.9872736
            ],
            [
              52.2186748,
              20.9873008
            ],
            [
              52.2187317,
              20.9873261
            ],
            [
              52.2187792,
              20.9873457
            ],
            [
              52.2188529,
              20.9873708
            ],
            [
              52.2189275,
              20.9873925
            ],
            [
              52.2189338,
              20.9873941
            ],
            [
              52.2189861,
              20.9874072
            ],
            [
              52.2190318,
              20.9874156
            ],
            [
              52.2190849,
              20.9874087
            ],
            [
              52.2191232,
              20.9874142
            ],
            [
              52.2191994,
              20.9874279
            ],
            [
              52.2192314,
              20.9874337
            ]
          ],
          [
            [
              52.2172764,
              20.9853984
            ],
            [
              52.2173462,
              20.9856097
            ],
            [
              52.2174354,
              20.9858461
            ],
            [
              52.2174797,
              20.9859498
            ],
            [
              52.2175292,
              20.9860548
            ],
            [
              52.2175802,
              20.9861464
            ],
            [
              52.2176036,
              20.9861871
            ],
            [
              52.2176449,
              20.9862586
            ]
          ]
        ]
      }
    },
    {
      "type": "Feature",
      "properties": {
        "name": "Józefa Mianowskiego",
        "highway": "residential"
      },
      "geometry": {
        "type": "MultiLineString",
        "coordinates": [
          [
            [
              52.2167518,
              20.9856903
            ],
            [
              52.2167711,
              20.9857837
            ],
            [
              52.2167828,
              20.9858302
            ],
            [
              52.2168491,
              20.9860254
            ],
            [
              52.2169109,
              20.9861914
            ],
            [
              52.216958,
              20.9863098
            ],
            [
              52.2170362,
              20.9864881
            ],
            [
              52.2171485,
              20.9867275
            ],
            [
              52.2171738,
              20.9867756
            ],
            [
              52.2172106,
              20.9868368
            ],
            [
              52.2172499,
              20.986902
            ],
            [
              52.2173051,
              20.986998
            ],
            [
              52.2173239,
              20.9870327
            ],
            [
              52.2173496,
              20.987093
            ],
            [
              52.2174034,
              20.9871709
            ],
            [
              52.2174473,
              20.987232
            ],
            [
              52.2175015,
              20.9873047
            ],
            [
              52.2175241,
              20.9873352
            ],
            [
              52.2175621,
              20.9873842
            ],
            [
              52.2175981,
              20.9874261
            ],
            [
              52.217669,
              20.9875063
            ],
            [
              52.2177841,
              20.9876306
            ],
            [
              52.2178141,
              20.987663
            ],
            [
              52.2178451,
              20.9876908
            ],
            [
              52.2178652,
              20.9877088
            ],
            [
              52.2179121,
              20.9877525
            ],
            [
              52.2179278,
              20.9877664
            ],
            [
              52.2180015,
              20.9878316
            ],
            [
              52.2180737,
              20.9878871
            ],
            [
              52.2181244,
              20.9879255
            ],
            [
              52.2181404,
              20.9879376
            ],
            [
              52.2181593,
              20.9879514
            ],
            [
              52.2181998,
              20.9879809
            ],
            [
              52.2182521,
              20.9880172
            ],
            [
              52.2183337,
              20.9880648
            ],
            [
              52.2183664,
              20.9880838
            ],
            [
              52.2184383,
              20.9881238
            ],
            [
              52.2184492,
              20.9881296
            ],
            [
              52.2184951,
              20.9881542
            ],
            [
              52.2185515,
              20.9881831
            ],
            [
              52.21865,
              20.9882214
            ],
            [
              52.2187434,
              20.9882561
            ],
            [
              52.2188463,
              20.9882897
            ],
            [
              52.2188766,
              20.9882971
            ],
            [
              52.2189139,
              20.9883063
            ],
            [
              52.2189963,
              20.988324
            ],
            [
              52.219044,
              20.988316
            ],
            [
              52.2190725,
              20.9883212
            ],
            [
              52.2191689,
              20.9883395
            ]
          ]
        ]
      }
    },
    {
      "type": "Feature",
      "properties": {
        "name": "Zygmunta Glogera",
        "highway": "residential"
      },
      "geometry": {
        "type": "MultiLineString",
        "coordinates": [
          [
            [
              52.2161039,
              20.9830941
            ],
            [
              52.2161217,
              20.9831123
            ],
            [
              52.2161342,
              20.9831216
            ],
            [
              52.2161479,
              20.983129
            ],
            [
              52.2161671,
              20.9831366
            ],
            [
              52.2161838,
              20.9831364
            ],
            [
              52.2161999,
              20.9831342
            ],
            [
              52.2166857,
              20.9830788
            ],
            [
              52.2167259,
              20.9830772
            ],
            [
              52.216765,
              20.9830833
            ],
            [
              52.2167976,
              20.9830906
            ],
            [
              52.2170658,
              20.9831506
            ],
            [
              52.2170973,
              20.9831587
            ]
          ]
        ]
      }
    },
    {
      "type": "Feature",
      "properties": {
        "name": "Klementyny Hoffmanowej",
        "highway": "residential"
      },
      "geometry": {
        "type": "MultiLineString",
        "coordinates": [
          [
            [
              52.2163836,
              20.9848889
            ],
            [
              52.2167947,
              20.9848322
            ],
            [
              52.2171122,
              20.9847889
            ],
            [
              52.2171354,
              20.9847861
            ]
          ],
          [
            [
              52.2156202,
              20.9850146
            ],
            [
              52.2158292,
              20.98499
            ],
            [
              52.2160306,
              20.984962
            ],
            [
              52.2161011,
              20.9849542
            ]
          ]
        ]
      }
    },
    {
      "type": "Feature",
      "properties": {
        "name": "Adama Pługa",
        "highway": "residential"
      },
      "geometry": {
        "type": "MultiLineString",
        "coordinates": [
          [
            [
              52.2162607,
              20.9859527
            ],
            [
              52.2162925,
              20.9858892
            ],
            [
              52.2163177,
              20.98586
            ],
            [
              52.216342,
              20.9858411
            ],
            [
              52.2163567,
              20.9858364
            ],
            [
              52.2166231,
              20.9857373
            ],
            [
              52.2167518,
              20.9856903
            ]
          ],
          [
            [
              52.2167518,
              20.9856903
            ],
            [
              52.216872,
              20.985638
            ],
            [
              52.2169281,
              20.9856105
            ],
            [
              52.2169935,
              20.9855752
            ],
            [
              52.2170569,
              20.9855388
            ],
            [
              52.2171155,
              20.9855041
            ],
            [
              52.2171838,
              20.9854602
            ],
            [
              52.2172508,
              20.9854136
            ],
            [
              52.2172764,
              20.9853984
            ]
          ]
        ]
      }
    },
    {
      "type": "Feature",
      "properties": {
        "name": "Adama Asnyka",
        "highway": "residential"
      },
      "geometry": {
        "type": "MultiLineString",
        "coordinates": [
          [
            [
              52.2192514,
              20.9871025
            ],
            [
              52.2192882,
              20.9871111
            ],
            [
              52.2193017,
              20.9871143
            ],
            [
              52.2193276,
              20.9871204
            ],
            [
              52.2194086,
              20.9871394
            ],
            [
              52.2195058,
              20.9871635
            ],
            [
              52.2195404,
              20.9871748
            ],
            [
              52.2195708,
              20.9871911
            ],
            [
              52.2196002,
              20.9872114
            ],
            [
              52.2196319,
              20.9872365
            ],
            [
              52.220565,
              20.9880434
            ],
            [
              52.2205825,
              20.9880583
            ],
            [
              52.2206872,
              20.9881293
            ],
            [
              52.2207198,
              20.9881354
            ]
          ]
        ]
      }
    },
    {
      "type": "Feature",
      "properties": {
        "name": "Kaliska",
        "highway": "residential"
      },
      "geometry": {
        "type": "MultiLineString",
        "coordinates": [
          [
            [
              52.2203965,
              20.9808587
            ],
            [
              52.2205143,
              20.9808423
            ],
            [
              52.2210092,
              20.9807649
            ],
            [
              52.2211162,
              20.9807485
            ],
            [
              52.2215588,
              20.9806788
            ],
            [
              52.2216499,
              20.98068
            ],
            [
              52.2216861,
              20.9806876
            ],
            [
              52.2217242,
              20.9807023
            ],
            [
              52.2217584,
              20.9807156
            ]
          ],
          [
            [
              52.2173283,
              20.9813231
            ],
            [
              52.2180371,
              20.9812078
            ],
            [
              52.2180655,
              20.9812032
            ],
            [
              52.2184178,
              20.9811581
            ],
            [
              52.2187117,
              20.9811205
            ],
            [
              52.2187524,
              20.9811153
            ],
            [
              52.2187721,
              20.9811128
            ]
          ],
          [
            [
              52.2187721,
              20.9811128
            ],
            [
              52.2188091,
              20.9811081
            ],
            [
              52.2188328,
              20.9811051
            ],
            [
              52.2192518,
              20.9810385
            ],
            [
              52.2193906,
              20.9810164
            ],
            [
              52.2197094,
              20.9809657
            ],
            [
              52.2203251,
              20.980869
            ],
            [
              52.2203965,
              20.9808587
            ]
          ]
        ]
      }
    },
    {
      "type": "Feature",
      "properties": {
        "name": "Andrzejowska",
        "highway": "living_street"
      },
      "geometry": {
        "type": "MultiLineString",
        "coordinates": [
          [
            [
              52.2203177,
              20.9816221
            ],
            [
              52.2203901,
              20.9816463
            ],
            [
              52.2205892,
              20.9817124
            ],
            [
              52.2206124,
              20.9817201
            ],
            [
              52.2206467,
              20.9817316
            ],
            [
              52.2208676,
              20.9818055
            ],
            [
              52.2212263,
              20.9819256
            ],
            [
              52.2213191,
              20.9819566
            ],
            [
              52.2214799,
              20.9820103
            ],
            [
              52.2215643,
              20.9820385
            ]
          ]
        ]
      }
    },
    {
      "type": "Feature",
      "properties": {
        "name": "Słupecka",
        "highway": "residential"
      },
      "geometry": {
        "type": "MultiLineString",
        "coordinates": [
          [
            [
              52.2201366,
              20.9833857
            ],
            [
              52.2202339,
              20.9824429
            ],
            [
              52.2203177,
              20.9816221
            ],
            [
              52.2203965,
              20.9808587
            ]
          ],
          [
            [
              52.2199121,
              20.9841452
            ],
            [
              52.2199574,
              20.9839831
            ],
            [
              52.2200988,
              20.983569
            ],
            [
              52.2201176,
              20.9835112
            ],
            [
              52.2201266,
              20.9834709
            ],
            [
              52.2201366,
              20.9833857
            ]
          ]
        ]
      }
    },
    {
      "type": "Feature",
      "properties": {
        "name": "Sękocińska",
        "highway": "residential"
      },
      "geometry": {
        "type": "MultiLineString",
        "coordinates": [
          [
            [
              52.2205315,
              20.9783642
            ],
            [
              52.2205414,
              20.9781768
            ],
            [
              52.2205618,
              20.9776852
            ],
            [
              52.220593,
              20.9766676
            ],
            [
              52.2205982,
              20.9764467
            ],
            [
              52.2206132,
              20.9759069
            ],
            [
              52.2206217,
              20.975576
            ],
            [
              52.2206279,
              20.9753703
            ],
            [
              52.2206362,
              20.9751947
            ]
          ],
          [
            [
              52.2203965,
              20.9808587
            ],
            [
              52.2204133,
              20.9807212
            ],
            [
              52.2204251,
              20.9806213
            ],
            [
              52.220435,
              20.9804892
            ],
            [
              52.220441,
              20.9803595
            ],
            [
              52.2204476,
              20.98019
            ],
            [
              52.2204877,
              20.9791957
            ],
            [
              52.2205102,
              20.9786403
            ],
            [
              52.2205208,
              20.978495
            ],
            [
              52.2205315,
              20.9783642
            ]
          ]
        ]
      }
    },
    {
      "type": "Feature",
      "properties": {
        "name": "Tadeusza Joteyki",
        "highway": "residential"
      },
      "geometry": {
        "type": "MultiLineString",
        "coordinates": [
          [
            [
              52.2197094,
              20.9809657
            ],
            [
              52.2197066,
              20.9809171
            ],
            [
              52.2197087,
              20.9808234
            ],
            [
              52.2197402,
              20.979458
            ],
            [
              52.2197593,
              20.9787501
            ],
            [
              52.2197618,
              20.978661
            ],
            [
              52.2197673,
              20.978455
            ],
            [
              52.2197749,
              20.9781744
            ],
            [
              52.2197777,
              20.9780666
            ]
          ],
          [
            [
              52.2197211,
              20.9780439
            ],
            [
              52.2197253,
              20.9779299
            ],
            [
              52.2197976,
              20.9763533
            ]
          ]
        ]
      }
    },
    {
      "type": "Feature",
      "properties": {
        "name": "Barska",
        "highway": "residential"
      },
      "geometry": {
        "type": "MultiLineString",
        "coordinates": [
          [
            [
              52.2187721,
              20.9811128
            ],
            [
              52.218908,
              20.9821869
            ],
            [
              52.2189425,
              20.982459
            ],
            [
              52.218937,
              20.9825377
            ],
            [
              52.2189192,
              20.9826281
            ],
            [
              52.218843,
              20.982943
            ],
            [
              52.2188332,
              20.9829823
            ]
          ],
          [
            [
              52.2189257,
              20.9777155
            ],
            [
              52.2189305,
              20.9775841
            ],
            [
              52.2189428,
              20.9773757
            ],
            [
              52.218945,
              20.9773236
            ],
            [
              52.2189475,
              20.9772597
            ],
            [
              52.2189713,
              20.9766871
            ],
            [
              52.2189791,
              20.9765004
            ],
            [
              52.218996,
              20.976093
            ],
            [
              52.2190118,
              20.9757125
            ],
            [
              52.2190176,
              20.9755733
            ],
            [
              52.2190305,
              20.9752473
            ],
            [
              52.2190395,
              20.9750174
            ],
            [
              52.2190525,
              20.9746954
            ],
            [
              52.2190699,
              20.9742382
            ],
            [
              52.2190797,
              20.9740063
            ]
          ],
          [
            [
              52.2187721,
              20.9811128
            ],
            [
              52.218767,
              20.9810192
            ],
            [
              52.2187645,
              20.9809455
            ],
            [
              52.2187718,
              20.9807557
            ],
            [
              52.218849,
              20.9794237
            ],
            [
              52.2188573,
              20.9792663
            ],
            [
              52.2188607,
              20.9791824
            ],
            [
              52.2188764,
              20.9788253
            ],
            [
              52.2189201,
              20.9778401
            ],
            [
              52.2189257,
              20.9777155
            ]
          ],
          [
            [
              52.2186735,
              20.983051
            ],
            [
              52.2187269,
              20.983051
            ],
            [
              52.2187637,
              20.9830407
            ],
            [
              52.2188022,
              20.9830162
            ],
            [
              52.2188332,
              20.9829823
            ]
          ]
        ]
      }
    },
    {
      "type": "Feature",
      "properties": {
        "name": "Węgierska",
        "highway": "residential"
      },
      "geometry": {
        "type": "MultiLineString",
        "coordinates": [
          [
            [
              52.2180655,
              20.9812032
            ],
            [
              52.2180696,
              20.9810983
            ],
            [
              52.2180992,
              20.9803353
            ],
            [
              52.2181073,
              20.9801494
            ],
            [
              52.2181427,
              20.9793422
            ],
            [
              52.2181515,
              20.9791548
            ],
            [
              52.218181,
              20.978421
            ],
            [
              52.2182133,
              20.9777178
            ],
            [
              52.218219,
              20.9775928
            ]
          ]
        ]
      }
    },
    {
      "type": "Feature",
      "properties": {
        "name": "Odrzykońska",
        "highway": "residential"
      },
      "geometry": {
        "type": "MultiLineString",
        "coordinates": [
          [
            [
              52.2202339,
              20.9824429
            ],
            [
              52.2203065,
              20.9824704
            ],
            [
              52.2203495,
              20.9824863
            ],
            [
              52.2208817,
              20.982693
            ]
          ]
        ]
      }
    },
    {
      "type": "Feature",
      "properties": {
        "name": "Poniecka",
        "highway": "residential"
      },
      "geometry": {
        "type": "MultiLineString",
        "coordinates": [
          [
            [
              52.2201366,
              20.9833857
            ],
            [
              52.2202113,
              20.9834077
            ],
            [
              52.220799,
              20.9836383
            ],
            [
              52.220871,
              20.9836666
            ],
            [
              52.2209997,
              20.9837172
            ]
          ]
        ]
      }
    },
    {
      "type": "Feature",
      "properties": {
        "name": "Spiska",
        "highway": "residential"
      },
      "geometry": {
        "type": "MultiLineString",
        "coordinates": [
          [
            [
              52.2213335,
              20.9853719
            ],
            [
              52.2212689,
              20.9852326
            ],
            [
              52.2212433,
              20.985168
            ],
            [
              52.2212297,
              20.985124
            ],
            [
              52.2212229,
              20.985078
            ],
            [
              52.221228,
              20.9850138
            ],
            [
              52.221249,
              20.984949
            ],
            [
              52.2212815,
              20.9848859
            ],
            [
              52.2213522,
              20.984808
            ],
            [
              52.2214923,
              20.9846556
            ]
          ],
          [
            [
              52.2216579,
              20.9844753
            ],
            [
              52.2219055,
              20.9842054
            ],
            [
              52.2224781,
              20.9835811
            ],
            [
              52.2225268,
              20.9835485
            ],
            [
              52.2225835,
              20.9834951
            ],
            [
              52.2230062,
              20.9830389
            ],
            [
              52.2230376,
              20.9830051
            ]
          ],
          [
            [
              52.2214923,
              20.9846556
            ],
            [
              52.2216579,
              20.9844753
            ]
          ],
          [
            [
              52.2231017,
              20.9828814
            ],
            [
              52.2231221,
              20.9828274
            ],
            [
              52.2231366,
              20.9827794
            ],
            [
              52.2231476,
              20.9827277
            ],
            [
              52.223151,
              20.9826732
            ],
            [
              52.2231533,
              20.9824966
            ]
          ],
          [
            [
              52.2230376,
              20.9830051
            ],
            [
              52.2231017,
              20.9828814
            ]
          ]
        ]
      }
    },
    {
      "type": "Feature",
      "properties": {
        "name": "Daleka",
        "highway": "residential"
      },
      "geometry": {
        "type": "MultiLineString",
        "coordinates": [
          [
            [
              52.2217031,
              20.9896716
            ],
            [
              52.2217143,
              20.9896033
            ],
            [
              52.2217233,
              20.9895482
            ],
            [
              52.2221236,
              20.988508
            ],
            [
              52.2222635,
              20.9881447
            ],
            [
              52.2223081,
              20.9880394
            ],
            [
              52.2223856,
              20.9878564
            ],
            [
              52.2225187,
              20.9874869
            ],
            [
              52.2226563,
              20.987111
            ],
            [
              52.2226786,
              20.9870495
            ],
            [
              52.2227131,
              20.9869541
            ]
          ]
        ]
      }
    },
    {
      "type": "Feature",
      "properties": {
        "name": "Tarczyńska",
        "highway": "residential"
      },
      "geometry": {
        "type": "MultiLineString",
        "coordinates": [
          [
            [
              52.2208891,
              20.9866559
            ],
            [
              52.2209215,
              20.9866707
            ],
            [
              52.2209628,
              20.9866989
            ],
            [
              52.2211034,
              20.9868157
            ],
            [
              52.2212435,
              20.9869374
            ],
            [
              52.2213216,
              20.9870094
            ],
            [
              52.221363,
              20.9870524
            ],
            [
              52.2215228,
              20.9872181
            ],
            [
              52.2215829,
              20.9872804
            ],
            [
              52.2217573,
              20.987452
            ],
            [
              52.2220392,
              20.9877408
            ],
            [
              52.2220732,
              20.9877828
            ],
            [
              52.2221044,
              20.9878213
            ],
            [
              52.2221383,
              20.9878565
            ],
            [
              52.2222523,
              20.9879747
            ],
            [
              52.2223081,
              20.9880394
            ]
          ],
          [
            [
              52.2237608,
              20.9895312
            ],
            [
              52.2238075,
              20.9895551
            ],
            [
              52.2238304,
              20.9895623
            ],
            [
              52.2238676,
              20.9895636
            ],
            [
              52.2239818,
              20.9895422
            ]
          ],
          [
            [
              52.2223081,
              20.9880394
            ],
            [
              52.2223903,
              20.9881345
            ],
            [
              52.2226552,
              20.9884086
            ],
            [
              52.2228999,
              20.9886587
            ],
            [
              52.2230728,
              20.9888356
            ],
            [
              52.2232531,
              20.9890198
            ],
            [
              52.2234111,
              20.9891812
            ],
            [
              52.223733,
              20.9895103
            ],
            [
              52.2237608,
              20.9895312
            ]
          ]
        ]
      }
    },
    {
      "type": "Feature",
      "properties": {
        "name": "Szymona Zimorowica",
        "highway": "residential"
      },
      "geometry": {
        "type": "MultiLineString",
        "coordinates": [
          [
            [
              52.2181058,
              20.9909692
            ],
            [
              52.2190206,
              20.991029
            ],
            [
              52.2190858,
              20.9910337
            ]
          ]
        ]
      }
    },
    {
      "type": "Feature",
      "properties": {
        "name": "Marcina Kromera",
        "highway": "residential"
      },
      "geometry": {
        "type": "MultiLineString",
        "coordinates": [
          [
            [
              52.2180889,
              20.9918745
            ],
            [
              52.218996,
              20.9919377
            ],
            [
              52.2190642,
              20.9919419
            ]
          ]
        ]
      }
    },
    {
      "type": "Feature",
      "properties": {
        "name": "Krzysztofa Warszewickiego",
        "highway": "residential"
      },
      "geometry": {
        "type": "MultiLineString",
        "coordinates": [
          [
            [
              52.2180608,
              20.9927854
            ],
            [
              52.218978,
              20.9928383
            ],
            [
              52.2190424,
              20.9928399
            ]
          ]
        ]
      }
    },
    {
      "type": "Feature",
      "properties": {
        "name": "Marii Skłodowskiej-Curie",
        "highway": "residential"
      },
      "geometry": {
        "type": "MultiLineString",
        "coordinates": [
          [
            [
              52.2157484,
              20.984117
            ],
            [
              52.2159071,
              20.984095
            ],
            [
              52.2159436,
              20.9840887
            ],
            [
              52.2160114,
              20.98408
            ],
            [
              52.2160534,
              20.9840798
            ]
          ],
          [
            [
              52.2160534,
              20.9840798
            ],
            [
              52.2160721,
              20.9840778
            ],
            [
              52.2160864,
              20.9840818
            ],
            [
              52.2160981,
              20.9840886
            ],
            [
              52.2161139,
              20.9841043
            ],
            [
              52.216127,
              20.9841219
            ],
            [
              52.2161465,
              20.9841518
            ],
            [
              52.2161701,
              20.9841945
            ]
          ],
          [
            [
              52.2143058,
              20.9843711
            ],
            [
              52.2143303,
              20.9843398
            ],
            [
              52.2143462,
              20.984325
            ],
            [
              52.2143678,
              20.9843135
            ],
            [
              52.2143958,
              20.9843095
            ],
            [
              52.2157484,
              20.984117
            ]
          ]
        ]
      }
    },
    {
      "type": "Feature",
      "properties": {
        "name": "Józefa Korzeniowskiego",
        "highway": "residential"
      },
      "geometry": {
        "type": "MultiLineString",
        "coordinates": [
          [
            [
              52.2163268,
              20.9839728
            ],
            [
              52.2170346,
              20.9838573
            ],
            [
              52.2170591,
              20.9838532
            ]
          ]
        ]
      }
    },
    {
      "type": "Feature",
      "properties": {
        "name": "Błogosławionego Ładysława z Gielniowa",
        "highway": "residential"
      },
      "geometry": {
        "type": "MultiLineString",
        "coordinates": [
          [
            [
              52.2179196,
              20.9985326
            ],
            [
              52.217921,
              20.9984784
            ],
            [
              52.2179282,
              20.998348
            ],
            [
              52.2179354,
              20.998083
            ],
            [
              52.2179517,
              20.9976199
            ],
            [
              52.2179655,
              20.9969636
            ],
            [
              52.2179715,
              20.9966769
            ],
            [
              52.2179822,
              20.9957899
            ],
            [
              52.2179876,
              20.9956126
            ]
          ],
          [
            [
              52.2178213,
              20.9985287
            ],
            [
              52.2178835,
              20.9985311
            ],
            [
              52.2179196,
              20.9985326
            ]
          ],
          [
            [
              52.2177843,
              20.9997826
            ],
            [
              52.217786,
              20.9997263
            ],
            [
              52.2177877,
              20.9996696
            ],
            [
              52.2178199,
              20.9985885
            ],
            [
              52.2178213,
              20.9985287
            ]
          ]
        ]
      }
    },
    {
      "type": "Feature",
      "properties": {
        "name": "Rudawska",
        "highway": "residential"
      },
      "geometry": {
        "type": "MultiLineString",
        "coordinates": [
          [
            [
              52.2179517,
              20.9976199
            ],
            [
              52.2184276,
              20.997647
            ],
            [
              52.2188501,
              20.997671
            ],
            [
              52.2189157,
              20.9976749
            ]
          ]
        ]
      }
    },
    {
      "type": "Feature",
      "properties": {
        "name": "Orzechowska",
        "highway": "residential"
      },
      "geometry": {
        "type": "MultiLineString",
        "coordinates": [
          [
            [
              52.2179715,
              20.9966769
            ],
            [
              52.2188731,
              20.9967427
            ],
            [
              52.218936,
              20.9967441
            ]
          ]
        ]
      }
    },
    {
      "type": "Feature",
      "properties": {
        "name": "Łęczycka",
        "highway": "residential"
      },
      "geometry": {
        "type": "MultiLineString",
        "coordinates": [
          [
            [
              52.2176822,
              20.9955932
            ],
            [
              52.2177303,
              20.9955963
            ],
            [
              52.2179876,
              20.9956126
            ]
          ],
          [
            [
              52.2179876,
              20.9956126
            ],
            [
              52.218031,
              20.9956155
            ],
            [
              52.218263,
              20.9956311
            ],
            [
              52.2189032,
              20.9956743
            ],
            [
              52.2189646,
              20.9956785
            ]
          ],
          [
            [
              52.2169517,
              20.9955449
            ],
            [
              52.2176822,
              20.9955932
            ]
          ]
        ]
      }
    },
    {
      "type": "Feature",
      "properties": {
        "name": "Antoniego Solariego",
        "highway": "residential"
      },
      "geometry": {
        "type": "MultiLineString",
        "coordinates": [
          [
            [
              52.2179196,
              20.9985326
            ],
            [
              52.2184075,
              20.9985642
            ],
            [
              52.2188262,
              20.9985913
            ],
            [
              52.2188567,
              20.9985929
            ],
            [
              52.2188883,
              20.9985945
            ]
          ],
          [
            [
              52.2171149,
              20.9984852
            ],
            [
              52.2178213,
              20.9985287
            ]
          ]
        ]
      }
    },
    {
      "type": "Feature",
      "properties": {
        "name": "Trybunalska",
        "highway": "residential"
      },
      "geometry": {
        "type": "MultiLineString",
        "coordinates": [
          [
            [
              52.2188266,
              21.0014693
            ],
            [
              52.2188923,
              21.0014746
            ],
            [
              52.2191119,
              21.0014861
            ],
            [
              52.2191656,
              21.0014895
            ],
            [
              52.2191685,
              21.001371
            ],
            [
              52.219183,
              21.0007765
            ],
            [
              52.2191873,
              21.0005988
            ],
            [
              52.2191997,
              21.0000882
            ],
            [
              52.2192009,
              21.0000407
            ],
            [
              52.219203,
              20.9999435
            ]
          ]
        ]
      }
    },
    {
      "type": "Feature",
      "properties": {
        "name": "Rondo Zesłańców Syberyjskich",
        "highway": "primary"
      },
      "geometry": {
        "type": "MultiLineString",
        "coordinates": [
          [
            [
              52.2159929,
              20.9608923
            ],
            [
              52.2161148,
              20.961285
            ],
            [
              52.2162438,
              20.9616552
            ]
          ],
          [
            [
              52.216561,
              20.9607825
            ],
            [
              52.2166423,
              20.9610887
            ]
          ],
          [
            [
              52.2162438,
              20.9616552
            ],
            [
              52.2162883,
              20.9615472
            ],
            [
              52.2163586,
              20.9614056
            ],
            [
              52.2164563,
              20.9612488
            ]
          ],
          [
            [
              52.2159929,
              20.9608923
            ],
            [
              52.2160783,
              20.96074
            ],
            [
              52.2161498,
              20.9606494
            ],
            [
              52.2162284,
              20.9605685
            ],
            [
              52.2162872,
              20.9605239
            ],
            [
              52.216346,
              20.9604909
            ],
            [
              52.2164626,
              20.9604452
            ]
          ],
          [
            [
              52.2164626,
              20.9604452
            ],
            [
              52.2165053,
              20.9605907
            ]
          ],
          [
            [
              52.2164563,
              20.9612488
            ],
            [
              52.2166423,
              20.9610887
            ]
          ],
          [
            [
              52.2165053,
              20.9605907
            ],
            [
              52.2165358,
              20.9606957
            ],
            [
              52.216561,
              20.9607825
            ]
          ]
        ]
      }
    },
    {
      "type": "Feature",
      "properties": {
        "name": "Drawska",
        "highway": "residential"
      },
      "geometry": {
        "type": "MultiLineString",
        "coordinates": [
          [
            [
              52.2051795,
              20.9531093
            ],
            [
              52.2052134,
              20.9531409
            ],
            [
              52.2053739,
              20.9532904
            ],
            [
              52.2055358,
              20.9534383
            ],
            [
              52.2057739,
              20.9536203
            ],
            [
              52.2059981,
              20.9537915
            ],
            [
              52.2060027,
              20.953795
            ],
            [
              52.2062465,
              20.9539759
            ],
            [
              52.2065182,
              20.9541889
            ],
            [
              52.2066,
              20.9542624
            ],
            [
              52.2066793,
              20.954344
            ],
            [
              52.2068053,
              20.9545111
            ],
            [
              52.2069543,
              20.9547083
            ],
            [
              52.2071414,
              20.9549526
            ],
            [
              52.2071604,
              20.9549734
            ],
            [
              52.2071823,
              20.954994
            ],
            [
              52.2072012,
              20.9549964
            ],
            [
              52.2072193,
              20.9549911
            ],
            [
              52.2072798,
              20.9549518
            ],
            [
              52.2073387,
              20.9549128
            ],
            [
              52.2073715,
              20.954891
            ]
          ],
          [
            [
              52.2028904,
              20.9500573
            ],
            [
              52.2033047,
              20.9506193
            ],
            [
              52.2039095,
              20.9514432
            ],
            [
              52.2040909,
              20.9516928
            ],
            [
              52.2041497,
              20.9517737
            ],
            [
              52.2041846,
              20.9518217
            ],
            [
              52.2043085,
              20.9521457
            ],
            [
              52.2044174,
              20.9522791
            ],
            [
              52.2044307,
              20.9522957
            ]
          ],
          [
            [
              52.2073715,
              20.954891
            ],
            [
              52.2074232,
              20.9551227
            ],
            [
              52.2074889,
              20.955376
            ],
            [
              52.2076068,
              20.9558366
            ],
            [
              52.2076116,
              20.9558547
            ],
            [
              52.2076492,
              20.9559967
            ],
            [
              52.2077914,
              20.9565226
            ],
            [
              52.2080396,
              20.9574594
            ],
            [
              52.2082093,
              20.9580798
            ],
            [
              52.2082808,
              20.95835
            ],
            [
              52.2083117,
              20.9584684
            ],
            [
              52.2084582,
              20.9590301
            ],
            [
              52.2087082,
              20.9599748
            ],
            [
              52.2089104,
              20.9607388
            ],
            [
              52.2089441,
              20.9608617
            ],
            [
              52.2089736,
              20.9609706
            ],
            [
              52.2090385,
              20.9612719
            ],
            [
              52.2090663,
              20.9614689
            ],
            [
              52.2090723,
              20.961652
            ],
            [
              52.2090661,
              20.9618286
            ],
            [
              52.2090511,
              20.9619611
            ]
          ],
          [
            [
              52.2088078,
              20.9628288
            ],
            [
              52.2088548,
              20.9626808
            ],
            [
              52.2089311,
              20.9624591
            ],
            [
              52.2089801,
              20.9623105
            ],
            [
              52.2090329,
              20.9620925
            ],
            [
              52.2090511,
              20.9619611
            ]
          ],
          [
            [
              52.2086235,
              20.9633867
            ],
            [
              52.2086384,
              20.9633312
            ],
            [
              52.2086465,
              20.9633017
            ],
            [
              52.2086567,
              20.96327
            ],
            [
              52.2086731,
              20.9632303
            ],
            [
              52.2086957,
              20.9631759
            ],
            [
              52.2087647,
              20.9630093
            ],
            [
              52.2088078,
              20.9628288
            ]
          ],
          [
            [
              52.2085472,
              20.9632923
            ],
            [
              52.2085594,
              20.9632832
            ],
            [
              52.2085785,
              20.963262
            ],
            [
              52.2085963,
              20.9632391
            ],
            [
              52.2086125,
              20.9632136
            ],
            [
              52.2086292,
              20.9631761
            ],
            [
              52.2086506,
              20.963128
            ],
            [
              52.2087296,
              20.9629504
            ],
            [
              52.2088078,
              20.9628288
            ]
          ],
          [
            [
              52.2027763,
              20.9499068
            ],
            [
              52.2028267,
              20.9499709
            ],
            [
              52.2028904,
              20.9500573
            ]
          ]
        ]
      }
    },
    {
      "type": "Feature",
      "properties": {
        "name": "Włodarzewska",
        "highway": "residential"
      },
      "geometry": {
        "type": "MultiLineString",
        "coordinates": [
          [
            [
              52.2013843,
              20.9617976
            ],
            [
              52.2013952,
              20.9617127
            ],
            [
              52.2014748,
              20.9610571
            ],
            [
              52.2014897,
              20.9609311
            ],
            [
              52.2015099,
              20.9607576
            ]
          ],
          [
            [
              52.2028607,
              20.9491568
            ],
            [
              52.2028648,
              20.9491194
            ],
            [
              52.2028706,
              20.9490672
            ],
            [
              52.2028987,
              20.9488256
            ],
            [
              52.2029065,
              20.9487556
            ],
            [
              52.2029317,
              20.9485288
            ],
            [
              52.2029686,
              20.9482215
            ],
            [
              52.2029796,
              20.9481302
            ],
            [
              52.2029925,
              20.9480123
            ],
            [
              52.2030126,
              20.9478479
            ],
            [
              52.2030408,
              20.9476064
            ],
            [
              52.2030957,
              20.9471082
            ],
            [
              52.203135,
              20.9467718
            ],
            [
              52.2031476,
              20.9466684
            ],
            [
              52.2031514,
              20.9466331
            ],
            [
              52.2031624,
              20.946531
            ],
            [
              52.2031834,
              20.9463455
            ],
            [
              52.2032005,
              20.9461884
            ],
            [
              52.2032276,
              20.945942
            ],
            [
              52.2032543,
              20.9456971
            ],
            [
              52.2032814,
              20.9454489
            ],
            [
              52.2032976,
              20.9452988
            ],
            [
              52.2033078,
              20.9452037
            ],
            [
              52.2033282,
              20.9450425
            ],
            [
              52.2033386,
              20.9449658
            ],
            [
              52.2033647,
              20.9448501
            ],
            [
              52.203402,
              20.9447362
            ]
          ],
          [
            [
              52.202146,
              20.9685724
            ],
            [
              52.2021661,
              20.9685071
            ],
            [
              52.2021929,
              20.9684208
            ],
            [
              52.2022025,
              20.9683754
            ],
            [
              52.2022148,
              20.968299
            ],
            [
              52.2022225,
              20.9682426
            ],
            [
              52.2022283,
              20.9681779
            ],
            [
              52.20223,
              20.9681279
            ],
            [
              52.2022285,
              20.9680808
            ],
            [
              52.2022246,
              20.9680358
            ],
            [
              52.2022188,
              20.9679903
            ],
            [
              52.2022004,
              20.9678839
            ]
          ],
          [
            [
              52.201553,
              20.9640585
            ],
            [
              52.201575,
              20.9641875
            ],
            [
              52.2015959,
              20.9643095
            ],
            [
              52.2016536,
              20.9646513
            ],
            [
              52.2016984,
              20.9649116
            ],
            [
              52.2017826,
              20.9654095
            ],
            [
              52.2018968,
              20.9660824
            ],
            [
              52.2019107,
              20.9661639
            ],
            [
              52.2019298,
              20.9662745
            ],
            [
              52.2019905,
              20.9666242
            ],
            [
              52.2020354,
              20.9668832
            ],
            [
              52.2020566,
              20.9670142
            ],
            [
              52.2020728,
              20.9671145
            ],
            [
              52.2020955,
              20.9672453
            ],
            [
              52.2022004,
              20.9678839
            ]
          ],
          [
            [
              52.2048729,
              20.9436591
            ],
            [
              52.2049261,
              20.9436459
            ],
            [
              52.205014,
              20.9436192
            ],
            [
              52.2050817,
              20.9435868
            ],
            [
              52.2051315,
              20.9435543
            ],
            [
              52.2051795,
              20.9435171
            ],
            [
              52.2052108,
              20.9434878
            ],
            [
              52.2052341,
              20.943464
            ],
            [
              52.205268,
              20.943423
            ],
            [
              52.2053073,
              20.9433685
            ],
            [
              52.2053408,
              20.9433176
            ],
            [
              52.2053678,
              20.9432754
            ],
            [
              52.2053821,
              20.94325
            ],
            [
              52.2054231,
              20.9431811
            ],
            [
              52.2054432,
              20.9431471
            ]
          ],
          [
            [
              52.2020786,
              20.9559354
            ],
            [
              52.2020931,
              20.9558136
            ],
            [
              52.2021011,
              20.9557469
            ],
            [
              52.2021093,
              20.9556764
            ],
            [
              52.202131,
              20.9554881
            ],
            [
              52.2021593,
              20.9552376
            ],
            [
              52.2021642,
              20.9551926
            ],
            [
              52.202184,
              20.955032
            ],
            [
              52.2022014,
              20.9548809
            ],
            [
              52.2022242,
              20.9546943
            ],
            [
              52.2022432,
              20.9545378
            ],
            [
              52.202267,
              20.954351
            ],
            [
              52.2023129,
              20.9539898
            ],
            [
              52.2023698,
              20.9535366
            ],
            [
              52.2023864,
              20.9533938
            ],
            [
              52.2024009,
              20.9532509
            ],
            [
              52.202421,
              20.9530207
            ],
            [
              52.2024352,
              20.9528706
            ],
            [
              52.2024531,
              20.952695
            ],
            [
              52.2024777,
              20.9524731
            ],
            [
              52.2025032,
              20.9522649
            ],
            [
              52.2025309,
              20.952042
            ],
            [
              52.2025902,
              20.9515392
            ],
            [
              52.2026096,
              20.9513778
            ],
            [
              52.2026638,
              20.950916
            ],
            [
              52.2027253,
              20.9503536
            ],
            [
              52.2027503,
              20.950144
            ],
            [
              52.2027763,
              20.9499068
            ]
          ],
          [
            [
              52.2013107,
              20.9626792
            ],
            [
              52.2013041,
              20.9626226
            ],
            [
              52.2013015,
              20.9625749
            ],
            [
              52.2013016,
              20.9625397
            ],
            [
              52.2013027,
              20.962507
            ],
            [
              52.2013526,
              20.9620556
            ],
            [
              52.2013843,
              20.9617976
            ]
          ],
          [
            [
              52.2013107,
              20.9626792
            ],
            [
              52.2013167,
              20.9627222
            ],
            [
              52.2013296,
              20.9628013
            ],
            [
              52.2013494,
              20.9628999
            ],
            [
              52.2013829,
              20.9630661
            ],
            [
              52.2014057,
              20.9631965
            ],
            [
              52.2014285,
              20.9633293
            ],
            [
              52.2014735,
              20.9635947
            ]
          ],
          [
            [
              52.2014735,
              20.9635947
            ],
            [
              52.2015224,
              20.9638825
            ],
            [
              52.201553,
              20.9640585
            ]
          ],
          [
            [
              52.2015099,
              20.9607576
            ],
            [
              52.2015954,
              20.9600419
            ],
            [
              52.2016395,
              20.9596697
            ],
            [
              52.2016961,
              20.9591971
            ],
            [
              52.201748,
              20.9587679
            ],
            [
              52.2017965,
              20.9583565
            ],
            [
              52.2018049,
              20.9582909
            ],
            [
              52.201821,
              20.9581545
            ],
            [
              52.2019173,
              20.9573441
            ],
            [
              52.2020022,
              20.9566307
            ]
          ],
          [
            [
              52.2027763,
              20.9499068
            ],
            [
              52.2027889,
              20.9497816
            ],
            [
              52.2028062,
              20.9496332
            ],
            [
              52.2028096,
              20.949604
            ]
          ],
          [
            [
              52.2028096,
              20.949604
            ],
            [
              52.2028313,
              20.9494227
            ],
            [
              52.2028378,
              20.9493709
            ],
            [
              52.2028549,
              20.9492076
            ],
            [
              52.2028607,
              20.9491568
            ]
          ],
          [
            [
              52.2020022,
              20.9566307
            ],
            [
              52.2020224,
              20.9564639
            ],
            [
              52.2020308,
              20.9564023
            ],
            [
              52.2020469,
              20.9562659
            ],
            [
              52.2020598,
              20.9561269
            ]
          ],
          [
            [
              52.2020598,
              20.9561269
            ],
            [
              52.2020786,
              20.9559354
            ]
          ],
          [
            [
              52.203402,
              20.9447362
            ],
            [
              52.2034536,
              20.9446278
            ],
            [
              52.203487,
              20.9445787
            ],
            [
              52.203516,
              20.944539
            ],
            [
              52.2035745,
              20.944468
            ],
            [
              52.2037212,
              20.9443167
            ],
            [
              52.2038549,
              20.9441784
            ],
            [
              52.2039641,
              20.944071
            ],
            [
              52.2040204,
              20.944022
            ],
            [
              52.2040787,
              20.9439737
            ],
            [
              52.2041449,
              20.9439228
            ],
            [
              52.2041886,
              20.9438959
            ],
            [
              52.2042575,
              20.9438535
            ],
            [
              52.2043029,
              20.9438313
            ],
            [
              52.2044405,
              20.9437704
            ]
          ],
          [
            [
              52.2044405,
              20.9437704
            ],
            [
              52.2045129,
              20.9437481
            ],
            [
              52.2045811,
              20.9437288
            ],
            [
              52.2046303,
              20.9437155
            ],
            [
              52.2046944,
              20.9437009
            ],
            [
              52.2047656,
              20.943685
            ],
            [
              52.2048187,
              20.9436724
            ],
            [
              52.2048729,
              20.9436591
            ]
          ]
        ]
      }
    },
    {
      "type": "Feature",
      "properties": {
        "name": "Jana Nielubowicza",
        "highway": "service"
      },
      "geometry": {
        "type": "MultiLineString",
        "coordinates": [
          [
            [
              52.2081673,
              20.9830835
            ],
            [
              52.2084374,
              20.9831026
            ],
            [
              52.2085288,
              20.983115
            ],
            [
              52.208621,
              20.9831456
            ],
            [
              52.2092656,
              20.9832435
            ],
            [
              52.2093575,
              20.9832404
            ],
            [
              52.2094219,
              20.9832479
            ],
            [
              52.2095701,
              20.9832679
            ],
            [
              52.2097061,
              20.9832862
            ],
            [
              52.2098153,
              20.9833009
            ],
            [
              52.209924,
              20.9833146
            ]
          ],
          [
            [
              52.206598,
              20.9828117
            ],
            [
              52.2067459,
              20.9828324
            ],
            [
              52.2072098,
              20.9828984
            ],
            [
              52.2072887,
              20.9829069
            ],
            [
              52.2074142,
              20.9829634
            ],
            [
              52.2074973,
              20.9830008
            ],
            [
              52.2075777,
              20.983011
            ],
            [
              52.2077748,
              20.983036
            ],
            [
              52.2080811,
              20.9830757
            ],
            [
              52.2081308,
              20.9830807
            ],
            [
              52.2081673,
              20.9830835
            ]
          ],
          [
            [
              52.2053991,
              20.9834267
            ],
            [
              52.2054613,
              20.9834382
            ],
            [
              52.2055756,
              20.9834593
            ],
            [
              52.2057133,
              20.9834801
            ],
            [
              52.2062238,
              20.9835575
            ],
            [
              52.2063805,
              20.9835798
            ],
            [
              52.2064446,
              20.9835889
            ],
            [
              52.2064737,
              20.983593
            ],
            [
              52.2065537,
              20.9836044
            ]
          ],
          [
            [
              52.2065537,
              20.9836044
            ],
            [
              52.2065798,
              20.9831382
            ],
            [
              52.2065897,
              20.982961
            ],
            [
              52.206598,
              20.9828117
            ]
          ],
          [
            [
              52.209924,
              20.9833146
            ],
            [
              52.210071,
              20.9833319
            ],
            [
              52.210094,
              20.9833353
            ],
            [
              52.2101687,
              20.9833479
            ],
            [
              52.2102157,
              20.9833516
            ],
            [
              52.2103472,
              20.9833735
            ],
            [
              52.2103924,
              20.9833817
            ],
            [
              52.21048,
              20.9834082
            ]
          ]
        ]
      }
    },
    {
      "type": "Feature",
      "properties": {
        "name": "Stanisława Binieckiego",
        "highway": "service"
      },
      "geometry": {
        "type": "MultiLineString",
        "coordinates": [
          [
            [
              52.2098183,
              20.9853796
            ],
            [
              52.2099572,
              20.9853979
            ],
            [
              52.2100563,
              20.9854091
            ],
            [
              52.2101338,
              20.9854179
            ],
            [
              52.2103458,
              20.9854497
            ]
          ],
          [
            [
              52.2065537,
              20.9836044
            ],
            [
              52.2064848,
              20.9847898
            ],
            [
              52.2064896,
              20.9848648
            ],
            [
              52.2065206,
              20.9849037
            ],
            [
              52.2068444,
              20.9849483
            ],
            [
              52.2071939,
              20.9849965
            ],
            [
              52.2072344,
              20.985002
            ],
            [
              52.207317,
              20.9850156
            ],
            [
              52.2074949,
              20.9850401
            ],
            [
              52.2076067,
              20.9850562
            ],
            [
              52.2078282,
              20.9850871
            ]
          ],
          [
            [
              52.2078282,
              20.9850871
            ],
            [
              52.2079143,
              20.9850992
            ],
            [
              52.2083082,
              20.9851548
            ],
            [
              52.208589,
              20.9851959
            ],
            [
              52.2086243,
              20.9852011
            ],
            [
              52.2087172,
              20.9852141
            ],
            [
              52.209155,
              20.9852754
            ],
            [
              52.2094802,
              20.9853223
            ],
            [
              52.2097667,
              20.9853664
            ],
            [
              52.2098183,
              20.9853796
            ]
          ]
        ]
      }
    },
    {
      "type": "Feature",
      "properties": {
        "name": "Szczęśliwicka",
        "highway": "tertiary"
      },
      "geometry": {
        "type": "MultiLineString",
        "coordinates": [
          [
            [
              52.2194294,
              20.9738464
            ],
            [
              52.2195614,
              20.9739844
            ],
            [
              52.2199476,
              20.9743701
            ],
            [
              52.2203243,
              20.9747477
            ],
            [
              52.2203614,
              20.9747922
            ],
            [
              52.2205483,
              20.9750863
            ],
            [
              52.2205997,
              20.9751604
            ],
            [
              52.2206362,
              20.9751947
            ]
          ],
          [
            [
              52.2188585,
              20.9732878
            ],
            [
              52.2189839,
              20.9734105
            ]
          ],
          [
            [
              52.2161384,
              20.9706266
            ],
            [
              52.2165935,
              20.9710719
            ],
            [
              52.216768,
              20.971238
            ],
            [
              52.2173676,
              20.9718232
            ],
            [
              52.2174837,
              20.9719368
            ],
            [
              52.2176562,
              20.9721116
            ],
            [
              52.2177592,
              20.9722124
            ],
            [
              52.2179218,
              20.9723626
            ],
            [
              52.2180579,
              20.9724929
            ],
            [
              52.2183889,
              20.9728284
            ],
            [
              52.218508,
              20.9729449
            ],
            [
              52.2186379,
              20.9730701
            ],
            [
              52.218682,
              20.9731126
            ],
            [
              52.2187137,
              20.9731441
            ],
            [
              52.2188585,
              20.9732878
            ]
          ],
          [
            [
              52.2098742,
              20.9645636
            ],
            [
              52.2102333,
              20.964901
            ]
          ],
          [
            [
              52.2133084,
              20.9678661
            ],
            [
              52.2137437,
              20.9682896
            ],
            [
              52.2137736,
              20.968319
            ],
            [
              52.2138106,
              20.9683529
            ],
            [
              52.2138834,
              20.9684235
            ]
          ],
          [
            [
              52.2102333,
              20.964901
            ],
            [
              52.2103603,
              20.9650235
            ],
            [
              52.2104237,
              20.9650784
            ],
            [
              52.2104461,
              20.9651018
            ],
            [
              52.2110508,
              20.9656773
            ],
            [
              52.2111728,
              20.9657973
            ],
            [
              52.2112367,
              20.9658591
            ],
            [
              52.2112687,
              20.9658905
            ],
            [
              52.2115199,
              20.9661352
            ],
            [
              52.2116842,
              20.9662893
            ],
            [
              52.211838,
              20.9664372
            ],
            [
              52.2119848,
              20.9665783
            ],
            [
              52.2123277,
              20.9669086
            ],
            [
              52.2125572,
              20.9671297
            ],
            [
              52.2126396,
              20.9672123
            ],
            [
              52.2128675,
              20.967441
            ],
            [
              52.2129252,
              20.9674967
            ],
            [
              52.2129994,
              20.9675681
            ],
            [
              52.2131309,
              20.9676949
            ],
            [
              52.2133084,
              20.9678661
            ]
          ],
          [
            [
              52.208872,
              20.9637028
            ],
            [
              52.2089689,
              20.9637673
            ],
            [
              52.2091052,
              20.9638874
            ],
            [
              52.209189,
              20.9639612
            ],
            [
              52.2092372,
              20.9640042
            ],
            [
              52.2097098,
              20.9644179
            ],
            [
              52.2097388,
              20.9644426
            ],
            [
              52.2098742,
              20.9645636
            ]
          ],
          [
            [
              52.2206362,
              20.9751947
            ],
            [
              52.2206867,
              20.9752159
            ],
            [
              52.2207295,
              20.9752128
            ],
            [
              52.2207948,
              20.9752005
            ],
            [
              52.2208312,
              20.9751919
            ],
            [
              52.2208693,
              20.9751781
            ],
            [
              52.2209762,
              20.9751371
            ]
          ],
          [
            [
              52.2189839,
              20.9734105
            ],
            [
              52.2191067,
              20.9735307
            ],
            [
              52.219139,
              20.9735623
            ],
            [
              52.2191844,
              20.9736067
            ],
            [
              52.2192251,
              20.9736465
            ],
            [
              52.2194294,
              20.9738464
            ]
          ],
          [
            [
              52.2209762,
              20.9751371
            ],
            [
              52.221111,
              20.9750421
            ]
          ],
          [
            [
              52.2085937,
              20.9636106
            ],
            [
              52.2086233,
              20.9636164
            ],
            [
              52.2086422,
              20.9636199
            ],
            [
              52.2086792,
              20.963639
            ],
            [
              52.2087173,
              20.9636585
            ],
            [
              52.2087487,
              20.963675
            ],
            [
              52.208872,
              20.9637028
            ]
          ],
          [
            [
              52.2086355,
              20.9634814
            ],
            [
              52.208681,
              20.9635235
            ],
            [
              52.2087057,
              20.963542
            ],
            [
              52.208743,
              20.9635698
            ],
            [
              52.2087717,
              20.9635913
            ],
            [
              52.208872,
              20.9637028
            ]
          ],
          [
            [
              52.2145153,
              20.9690388
            ],
            [
              52.2146665,
              20.9691867
            ],
            [
              52.2147568,
              20.969275
            ],
            [
              52.2149965,
              20.9695095
            ],
            [
              52.215174,
              20.9696832
            ],
            [
              52.2151931,
              20.9697018
            ],
            [
              52.21528,
              20.9697868
            ],
            [
              52.215424,
              20.9699277
            ],
            [
              52.2154755,
              20.9699781
            ],
            [
              52.2155438,
              20.9700449
            ],
            [
              52.216047,
              20.9705372
            ],
            [
              52.2161384,
              20.9706266
            ]
          ],
          [
            [
              52.2138834,
              20.9684235
            ],
            [
              52.2140378,
              20.9685802
            ],
            [
              52.2141251,
              20.9686649
            ],
            [
              52.2141919,
              20.96873
            ],
            [
              52.2142438,
              20.9687774
            ]
          ],
          [
            [
              52.2143113,
              20.9688392
            ],
            [
              52.2145153,
              20.9690388
            ]
          ],
          [
            [
              52.2142438,
              20.9687774
            ],
            [
              52.2143113,
              20.9688392
            ]
          ]
        ]
      }
    },
    {
      "type": "Feature",
      "properties": {
        "name": "Białobrzeska",
        "highway": "tertiary"
      },
      "geometry": {
        "type": "MultiLineString",
        "coordinates": [
          [
            [
              52.2175522,
              20.9772272
            ],
            [
              52.2176626,
              20.9773219
            ]
          ],
          [
            [
              52.2189257,
              20.9777155
            ],
            [
              52.2189741,
              20.9777373
            ],
            [
              52.2190303,
              20.9777602
            ],
            [
              52.2194564,
              20.9779362
            ],
            [
              52.2197211,
              20.9780439
            ],
            [
              52.2197777,
              20.9780666
            ],
            [
              52.2198705,
              20.9781043
            ],
            [
              52.2204339,
              20.9783334
            ],
            [
              52.2205315,
              20.9783642
            ]
          ],
          [
            [
              52.2070903,
              20.967992
            ],
            [
              52.2071802,
              20.9680717
            ],
            [
              52.2072195,
              20.9681071
            ],
            [
              52.2073528,
              20.9682271
            ],
            [
              52.2076583,
              20.9684783
            ],
            [
              52.2080948,
              20.9688704
            ],
            [
              52.2081604,
              20.9689317
            ],
            [
              52.2083651,
              20.9691036
            ],
            [
              52.2083766,
              20.9691121
            ],
            [
              52.2088536,
              20.9695275
            ],
            [
              52.20931,
              20.9699356
            ],
            [
              52.2094477,
              20.9700587
            ],
            [
              52.2095043,
              20.9701051
            ],
            [
              52.2098872,
              20.9704579
            ],
            [
              52.2101152,
              20.9706591
            ],
            [
              52.2102204,
              20.970751
            ],
            [
              52.2104764,
              20.9709788
            ],
            [
              52.2106259,
              20.9711118
            ]
          ],
          [
            [
              52.2106259,
              20.9711118
            ],
            [
              52.210728,
              20.9712033
            ],
            [
              52.2113508,
              20.9717519
            ],
            [
              52.2114259,
              20.9718181
            ],
            [
              52.2115223,
              20.971903
            ],
            [
              52.2117097,
              20.9720681
            ],
            [
              52.2117536,
              20.9721067
            ],
            [
              52.21189,
              20.9722265
            ]
          ],
          [
            [
              52.212748,
              20.9729845
            ],
            [
              52.2130908,
              20.9732885
            ],
            [
              52.2136147,
              20.9737515
            ],
            [
              52.2137741,
              20.9738917
            ],
            [
              52.2138866,
              20.9739914
            ],
            [
              52.2141152,
              20.9741939
            ],
            [
              52.2141708,
              20.9742414
            ]
          ],
          [
            [
              52.2215734,
              20.9779215
            ],
            [
              52.2216069,
              20.9779026
            ],
            [
              52.2217216,
              20.977864
            ]
          ],
          [
            [
              52.21189,
              20.9722265
            ],
            [
              52.2119703,
              20.9722986
            ],
            [
              52.2120928,
              20.9724085
            ],
            [
              52.2121568,
              20.972466
            ],
            [
              52.2122356,
              20.9725367
            ]
          ],
          [
            [
              52.2217216,
              20.977864
            ],
            [
              52.2218703,
              20.9778184
            ]
          ],
          [
            [
              52.2205315,
              20.9783642
            ],
            [
              52.2206108,
              20.9783842
            ],
            [
              52.2206946,
              20.9783925
            ],
            [
              52.2208252,
              20.9783876
            ],
            [
              52.2209041,
              20.9783617
            ],
            [
              52.220976,
              20.978328
            ],
            [
              52.221078,
              20.9782737
            ],
            [
              52.2211512,
              20.9782218
            ],
            [
              52.2214774,
              20.9779907
            ]
          ],
          [
            [
              52.2167921,
              20.9765586
            ],
            [
              52.2168448,
              20.9766051
            ],
            [
              52.2170674,
              20.9768003
            ],
            [
              52.2172909,
              20.9769995
            ],
            [
              52.2173477,
              20.9770503
            ],
            [
              52.2173979,
              20.977094
            ],
            [
              52.2175522,
              20.9772272
            ]
          ],
          [
            [
              52.2156788,
              20.9755703
            ],
            [
              52.2157303,
              20.9756173
            ],
            [
              52.2161727,
              20.9760162
            ]
          ],
          [
            [
              52.2141708,
              20.9742414
            ],
            [
              52.2142244,
              20.9742889
            ],
            [
              52.2144252,
              20.9744666
            ],
            [
              52.2146131,
              20.9746322
            ],
            [
              52.2150877,
              20.9750494
            ],
            [
              52.215511,
              20.9754273
            ],
            [
              52.2155604,
              20.9754695
            ]
          ],
          [
            [
              52.2155604,
              20.9754695
            ],
            [
              52.2156788,
              20.9755703
            ]
          ],
          [
            [
              52.2214774,
              20.9779907
            ],
            [
              52.2215734,
              20.9779215
            ]
          ],
          [
            [
              52.2176626,
              20.9773219
            ],
            [
              52.217816,
              20.977428
            ],
            [
              52.2178637,
              20.9774599
            ],
            [
              52.2179777,
              20.9775244
            ],
            [
              52.2180653,
              20.9775598
            ],
            [
              52.218219,
              20.9775928
            ],
            [
              52.2187614,
              20.9776664
            ],
            [
              52.2188069,
              20.9776749
            ],
            [
              52.2188502,
              20.9776859
            ],
            [
              52.2189257,
              20.9777155
            ]
          ],
          [
            [
              52.2161727,
              20.9760162
            ],
            [
              52.2163201,
              20.9761491
            ],
            [
              52.2167921,
              20.9765586
            ]
          ],
          [
            [
              52.2123926,
              20.9726745
            ],
            [
              52.2124542,
              20.9727279
            ],
            [
              52.2124789,
              20.9727493
            ],
            [
              52.2125494,
              20.9728104
            ]
          ],
          [
            [
              52.2125494,
              20.9728104
            ],
            [
              52.2126414,
              20.9728916
            ],
            [
              52.212748,
              20.9729845
            ]
          ],
          [
            [
              52.2122356,
              20.9725367
            ],
            [
              52.2122403,
              20.9725409
            ],
            [
              52.2123034,
              20.9725973
            ],
            [
              52.2123625,
              20.9726493
            ],
            [
              52.2123926,
              20.9726745
            ]
          ]
        ]
      }
    },
    {
      "type": "Feature",
      "properties": {
        "name": "Walentego Skorochód-Majewskiego",
        "highway": "residential"
      },
      "geometry": {
        "type": "MultiLineString",
        "coordinates": [
          [
            [
              52.2020412,
              20.9708048
            ],
            [
              52.2021325,
              20.9708839
            ],
            [
              52.2023065,
              20.9710306
            ],
            [
              52.202693,
              20.9713645
            ],
            [
              52.2028268,
              20.971483
            ],
            [
              52.2029208,
              20.9715655
            ],
            [
              52.2032365,
              20.9718464
            ],
            [
              52.2032583,
              20.9718616
            ],
            [
              52.2032863,
              20.9718742
            ],
            [
              52.2033413,
              20.971889
            ],
            [
              52.2036988,
              20.9719646
            ],
            [
              52.2040878,
              20.9723134
            ],
            [
              52.2042081,
              20.9724159
            ],
            [
              52.2045473,
              20.972701
            ],
            [
              52.2046237,
              20.9727663
            ],
            [
              52.2047176,
              20.972845
            ],
            [
              52.2052205,
              20.9733053
            ],
            [
              52.205298,
              20.9733712
            ]
          ],
          [
            [
              52.2060808,
              20.9740452
            ],
            [
              52.2062858,
              20.9742291
            ],
            [
              52.2064256,
              20.9743545
            ],
            [
              52.2064654,
              20.974387
            ],
            [
              52.2065338,
              20.9744469
            ],
            [
              52.207195,
              20.975035
            ],
            [
              52.2073974,
              20.975211
            ],
            [
              52.2079327,
              20.9756765
            ],
            [
              52.2079876,
              20.9757265
            ],
            [
              52.2081467,
              20.9758652
            ],
            [
              52.2082106,
              20.9759187
            ],
            [
              52.2082685,
              20.9759691
            ],
            [
              52.2086407,
              20.9762927
            ],
            [
              52.2086631,
              20.9763135
            ],
            [
              52.2086744,
              20.9763279
            ],
            [
              52.2086848,
              20.9763573
            ],
            [
              52.2086882,
              20.9763932
            ],
            [
              52.2086829,
              20.9764401
            ]
          ],
          [
            [
              52.205298,
              20.9733712
            ],
            [
              52.2053726,
              20.9734369
            ],
            [
              52.2054545,
              20.9735009
            ],
            [
              52.2056541,
              20.973666
            ],
            [
              52.205722,
              20.9737263
            ],
            [
              52.2060808,
              20.9740452
            ]
          ]
        ]
      }
    },
    {
      "type": "Feature",
      "properties": {
        "name": "Archiwalna",
        "highway": "residential"
      },
      "geometry": {
        "type": "MultiLineString",
        "coordinates": [
          [
            [
              52.2078521,
              20.9789251
            ],
            [
              52.2079059,
              20.9787619
            ],
            [
              52.2079639,
              20.9785911
            ],
            [
              52.2082153,
              20.9778405
            ],
            [
              52.2084202,
              20.9772246
            ],
            [
              52.2084414,
              20.9771614
            ],
            [
              52.2086829,
              20.9764401
            ]
          ]
        ]
      }
    },
    {
      "type": "Feature",
      "properties": {
        "name": "Józefa Siemieńskiego",
        "highway": "residential"
      },
      "geometry": {
        "type": "MultiLineString",
        "coordinates": [
          [
            [
              52.2048012,
              20.9748696
            ],
            [
              52.2048856,
              20.974945
            ],
            [
              52.2049581,
              20.9750115
            ],
            [
              52.2057116,
              20.9756909
            ]
          ],
          [
            [
              52.2020811,
              20.9738142
            ],
            [
              52.2021239,
              20.9736865
            ],
            [
              52.2023586,
              20.973006
            ],
            [
              52.2024061,
              20.9729208
            ],
            [
              52.2024264,
              20.9729109
            ],
            [
              52.2024915,
              20.9728888
            ],
            [
              52.2025534,
              20.9729016
            ],
            [
              52.2028357,
              20.9731421
            ],
            [
              52.2029065,
              20.9732068
            ],
            [
              52.2029621,
              20.9732642
            ],
            [
              52.2035168,
              20.9737511
            ],
            [
              52.2035742,
              20.973803
            ],
            [
              52.203683,
              20.9738976
            ],
            [
              52.2040462,
              20.9742134
            ],
            [
              52.2041043,
              20.9742639
            ],
            [
              52.2041902,
              20.9743386
            ],
            [
              52.2047212,
              20.974798
            ],
            [
              52.2047643,
              20.974836
            ],
            [
              52.2048012,
              20.9748696
            ]
          ],
          [
            [
              52.2065047,
              20.9763971
            ],
            [
              52.2073667,
              20.9771675
            ],
            [
              52.2074328,
              20.9772253
            ],
            [
              52.2075046,
              20.9772874
            ],
            [
              52.2076989,
              20.9774528
            ],
            [
              52.2077276,
              20.9774747
            ],
            [
              52.2079145,
              20.9776429
            ],
            [
              52.2081359,
              20.9778369
            ],
            [
              52.2081553,
              20.9778494
            ],
            [
              52.2081734,
              20.9778508
            ],
            [
              52.2081927,
              20.9778501
            ],
            [
              52.2082153,
              20.9778405
            ]
          ],
          [
            [
              52.2057116,
              20.9756909
            ],
            [
              52.2059077,
              20.975864
            ],
            [
              52.2059652,
              20.9759152
            ],
            [
              52.2060034,
              20.9759493
            ],
            [
              52.2061306,
              20.9760627
            ],
            [
              52.2064431,
              20.976342
            ],
            [
              52.2065047,
              20.9763971
            ]
          ]
        ]
      }
    },
    {
      "type": "Feature",
      "properties": {
        "name": "Stefana Kazimierza Hankiewicza",
        "highway": "residential"
      },
      "geometry": {
        "type": "MultiLineString",
        "coordinates": [
          [
            [
              52.2087372,
              20.9789075
            ],
            [
              52.2090389,
              20.9779923
            ],
            [
              52.2090634,
              20.9778759
            ],
            [
              52.2090761,
              20.977818
            ]
          ],
          [
            [
              52.2085303,
              20.9795249
            ],
            [
              52.2085891,
              20.9793502
            ],
            [
              52.2086349,
              20.9792164
            ],
            [
              52.2086502,
              20.9791715
            ]
          ],
          [
            [
              52.2084202,
              20.9772246
            ],
            [
              52.2084879,
              20.9772836
            ],
            [
              52.2085325,
              20.9773249
            ],
            [
              52.2090112,
              20.9777521
            ],
            [
              52.2090761,
              20.977818
            ]
          ],
          [
            [
              52.2086502,
              20.9791715
            ],
            [
              52.2087372,
              20.9789075
            ]
          ]
        ]
      }
    },
    {
      "type": "Feature",
      "properties": {
        "name": "Wincentego Rapackiego",
        "highway": "residential"
      },
      "geometry": {
        "type": "MultiLineString",
        "coordinates": [
          [
            [
              52.2183937,
              20.9890366
            ],
            [
              52.2184134,
              20.988931
            ],
            [
              52.2184714,
              20.988618
            ],
            [
              52.2184922,
              20.9885056
            ],
            [
              52.2185439,
              20.9882264
            ],
            [
              52.2185515,
              20.9881831
            ]
          ]
        ]
      }
    },
    {
      "type": "Feature",
      "properties": {
        "name": "Sędziowska",
        "highway": "residential"
      },
      "geometry": {
        "type": "MultiLineString",
        "coordinates": [
          [
            [
              52.2187582,
              21.0042529
            ],
            [
              52.2188208,
              21.0042536
            ],
            [
              52.2190836,
              21.0042678
            ],
            [
              52.2191159,
              21.0042534
            ],
            [
              52.2191385,
              21.0042385
            ],
            [
              52.2191693,
              21.0041957
            ],
            [
              52.2191818,
              21.0041583
            ],
            [
              52.2191949,
              21.0041232
            ],
            [
              52.2192125,
              21.0041028
            ],
            [
              52.2192277,
              21.0040996
            ],
            [
              52.2192475,
              21.0040978
            ],
            [
              52.2196368,
              21.0041109
            ],
            [
              52.2198456,
              21.0041233
            ],
            [
              52.2200792,
              21.0041329
            ],
            [
              52.220118,
              21.0041345
            ],
            [
              52.2201535,
              21.0041375
            ]
          ],
          [
            [
              52.2181072,
              21.0042304
            ],
            [
              52.2181486,
              21.0042319
            ],
            [
              52.2187123,
              21.0042517
            ],
            [
              52.2187582,
              21.0042529
            ]
          ],
          [
            [
              52.217405,
              21.0042022
            ],
            [
              52.2178143,
              21.0042195
            ],
            [
              52.2180746,
              21.0042292
            ],
            [
              52.2181072,
              21.0042304
            ]
          ]
        ]
      }
    },
    {
      "type": "Feature",
      "properties": {
        "name": "Mariana Langiewicza",
        "highway": "residential"
      },
      "geometry": {
        "type": "MultiLineString",
        "coordinates": [
          [
            [
              52.2181072,
              21.0042304
            ],
            [
              52.2181093,
              21.0041629
            ],
            [
              52.2181286,
              21.0035496
            ],
            [
              52.2181512,
              21.0029273
            ],
            [
              52.2181532,
              21.0028731
            ],
            [
              52.2181543,
              21.0028321
            ],
            [
              52.2181719,
              21.0021601
            ],
            [
              52.2181996,
              21.0012329
            ],
            [
              52.2182174,
              21.000585
            ],
            [
              52.2182351,
              20.9999363
            ],
            [
              52.2182372,
              20.9998108
            ]
          ]
        ]
      }
    },
    {
      "type": "Feature",
      "properties": {
        "name": "Prokuratorska",
        "highway": "residential"
      },
      "geometry": {
        "type": "MultiLineString",
        "coordinates": [
          [
            [
              52.2173244,
              21.0028426
            ],
            [
              52.2178534,
              21.0028494
            ],
            [
              52.2181247,
              21.0028709
            ],
            [
              52.2181532,
              21.0028731
            ]
          ]
        ]
      }
    },
    {
      "type": "Feature",
      "properties": {
        "name": "Stefana Bobrowskiego",
        "highway": "residential"
      },
      "geometry": {
        "type": "MultiLineString",
        "coordinates": [
          [
            [
              52.2067503,
              20.9690179
            ],
            [
              52.2070218,
              20.9692544
            ],
            [
              52.2072773,
              20.9694837
            ],
            [
              52.2073478,
              20.9695473
            ],
            [
              52.2073633,
              20.9695609
            ],
            [
              52.2075725,
              20.9697403
            ],
            [
              52.2077601,
              20.9699046
            ],
            [
              52.2078821,
              20.9700118
            ],
            [
              52.2080337,
              20.9701438
            ],
            [
              52.2087288,
              20.9707622
            ],
            [
              52.2093613,
              20.9713169
            ],
            [
              52.209493,
              20.9714324
            ],
            [
              52.2095874,
              20.9715152
            ],
            [
              52.2097554,
              20.9716687
            ],
            [
              52.2099174,
              20.9718088
            ],
            [
              52.2099599,
              20.9718271
            ],
            [
              52.2099997,
              20.9718357
            ],
            [
              52.2100262,
              20.971833
            ],
            [
              52.2100396,
              20.9718316
            ],
            [
              52.2101858,
              20.9718235
            ],
            [
              52.2102511,
              20.9718148
            ]
          ]
        ]
      }
    },
    {
      "type": "Feature",
      "properties": {
        "name": "Wiślicka",
        "highway": "residential"
      },
      "geometry": {
        "type": "MultiLineString",
        "coordinates": [
          [
            [
              52.2018862,
              20.9779454
            ],
            [
              52.2019759,
              20.9779478
            ],
            [
              52.2026404,
              20.9779333
            ],
            [
              52.203007,
              20.9779254
            ],
            [
              52.2031743,
              20.9779223
            ],
            [
              52.203285,
              20.9779171
            ],
            [
              52.2033292,
              20.9778965
            ],
            [
              52.2033756,
              20.9778754
            ],
            [
              52.2034631,
              20.9778081
            ],
            [
              52.2035475,
              20.9776726
            ],
            [
              52.2036635,
              20.9773458
            ],
            [
              52.2037098,
              20.9772093
            ],
            [
              52.2037523,
              20.977084
            ],
            [
              52.2038867,
              20.9766881
            ],
            [
              52.2039469,
              20.9765103
            ],
            [
              52.2041726,
              20.9758446
            ],
            [
              52.2042164,
              20.975708
            ]
          ]
        ]
      }
    },
    {
      "type": "Feature",
      "properties": {
        "name": "Sanocka",
        "highway": "residential"
      },
      "geometry": {
        "type": "MultiLineString",
        "coordinates": [
          [
            [
              52.2018437,
              20.9818872
            ],
            [
              52.2022277,
              20.9819856
            ],
            [
              52.2023141,
              20.9820043
            ],
            [
              52.202877,
              20.982142
            ],
            [
              52.2031282,
              20.98221
            ],
            [
              52.2032036,
              20.9822291
            ],
            [
              52.2033195,
              20.9822585
            ],
            [
              52.2035676,
              20.9823255
            ],
            [
              52.204109,
              20.9824601
            ],
            [
              52.2041854,
              20.9824791
            ],
            [
              52.204288,
              20.9825047
            ],
            [
              52.2045519,
              20.9825748
            ],
            [
              52.2050807,
              20.9827012
            ],
            [
              52.2051971,
              20.9827316
            ]
          ],
          [
            [
              52.2051971,
              20.9827316
            ],
            [
              52.2053114,
              20.9827549
            ],
            [
              52.2054313,
              20.9827706
            ]
          ],
          [
            [
              52.2016615,
              20.9818404
            ],
            [
              52.2017712,
              20.9818686
            ]
          ],
          [
            [
              52.2017712,
              20.9818686
            ],
            [
              52.2018437,
              20.9818872
            ]
          ]
        ]
      }
    },
    {
      "type": "Feature",
      "properties": {
        "name": "Częstochowska",
        "highway": "residential"
      },
      "geometry": {
        "type": "MultiLineString",
        "coordinates": [
          [
            [
              52.2155604,
              20.9754695
            ],
            [
              52.2155764,
              20.9754186
            ],
            [
              52.2155856,
              20.9753607
            ],
            [
              52.2156346,
              20.9746314
            ],
            [
              52.2156449,
              20.974478
            ],
            [
              52.2156948,
              20.9737024
            ],
            [
              52.2157104,
              20.9734608
            ],
            [
              52.2158087,
              20.9719325
            ],
            [
              52.215825,
              20.9716782
            ],
            [
              52.2158465,
              20.9712956
            ],
            [
              52.2158569,
              20.9711084
            ],
            [
              52.2158673,
              20.9710396
            ],
            [
              52.2158816,
              20.9709835
            ],
            [
              52.2159792,
              20.9707257
            ],
            [
              52.216047,
              20.9705372
            ]
          ],
          [
            [
              52.2146107,
              20.9788219
            ],
            [
              52.2149118,
              20.977917
            ],
            [
              52.2150448,
              20.9775185
            ],
            [
              52.2150899,
              20.9773793
            ],
            [
              52.2153809,
              20.9764859
            ],
            [
              52.2155391,
              20.9760001
            ],
            [
              52.2156293,
              20.9757231
            ],
            [
              52.2156455,
              20.9756734
            ],
            [
              52.2156788,
              20.9755703
            ]
          ]
        ]
      }
    },
    {
      "type": "Feature",
      "properties": {
        "name": "Dorotowska",
        "highway": "residential"
      },
      "geometry": {
        "type": "MultiLineString",
        "coordinates": [
          [
            [
              52.2135815,
              20.976065
            ],
            [
              52.2139886,
              20.976409
            ],
            [
              52.2141084,
              20.9765103
            ],
            [
              52.2142261,
              20.976613
            ],
            [
              52.2143668,
              20.9767351
            ]
          ],
          [
            [
              52.2130204,
              20.9756153
            ],
            [
              52.2130624,
              20.9756574
            ],
            [
              52.2130886,
              20.9756769
            ]
          ],
          [
            [
              52.2130886,
              20.9756769
            ],
            [
              52.2132071,
              20.9757832
            ]
          ],
          [
            [
              52.2132071,
              20.9757832
            ],
            [
              52.213227,
              20.9757988
            ],
            [
              52.213279,
              20.9758367
            ],
            [
              52.2133372,
              20.9758764
            ],
            [
              52.2134328,
              20.9759461
            ],
            [
              52.2135815,
              20.976065
            ]
          ],
          [
            [
              52.2143668,
              20.9767351
            ],
            [
              52.2146519,
              20.9769878
            ],
            [
              52.2147137,
              20.9770434
            ],
            [
              52.2148557,
              20.9771709
            ],
            [
              52.215034,
              20.9773311
            ],
            [
              52.2150899,
              20.9773793
            ]
          ]
        ]
      }
    },
    {
      "type": "Feature",
      "properties": {
        "name": "Baśniowa",
        "highway": "residential"
      },
      "geometry": {
        "type": "MultiLineString",
        "coordinates": [
          [
            [
              52.2139032,
              20.9781031
            ],
            [
              52.2141398,
              20.9774151
            ],
            [
              52.214205,
              20.9772252
            ],
            [
              52.2143404,
              20.9768129
            ],
            [
              52.2143668,
              20.9767351
            ]
          ],
          [
            [
              52.2137159,
              20.9786767
            ],
            [
              52.2137369,
              20.9786135
            ],
            [
              52.213767,
              20.9785227
            ],
            [
              52.2139032,
              20.9781031
            ]
          ]
        ]
      }
    },
    {
      "type": "Feature",
      "properties": {
        "name": "Lelechowska",
        "highway": "residential"
      },
      "geometry": {
        "type": "MultiLineString",
        "coordinates": [
          [
            [
              52.2167921,
              20.9765586
            ],
            [
              52.2167988,
              20.9764382
            ],
            [
              52.2168278,
              20.9759652
            ],
            [
              52.2168272,
              20.9759132
            ],
            [
              52.2168121,
              20.9757718
            ],
            [
              52.2167899,
              20.9755555
            ],
            [
              52.2167869,
              20.9754899
            ],
            [
              52.2167882,
              20.9754203
            ],
            [
              52.2168137,
              20.9749703
            ],
            [
              52.2168164,
              20.974919
            ],
            [
              52.2168258,
              20.9747671
            ],
            [
              52.2168393,
              20.974517
            ],
            [
              52.2168493,
              20.9743355
            ],
            [
              52.2168566,
              20.9742027
            ],
            [
              52.2168801,
              20.9737702
            ],
            [
              52.2169004,
              20.9733951
            ],
            [
              52.2169098,
              20.9732404
            ]
          ],
          [
            [
              52.2169098,
              20.9732404
            ],
            [
              52.2172785,
              20.9732981
            ],
            [
              52.2173244,
              20.9733064
            ],
            [
              52.2174916,
              20.9733331
            ],
            [
              52.2175168,
              20.9733375
            ],
            [
              52.2176581,
              20.9733618
            ],
            [
              52.217696,
              20.9733679
            ]
          ]
        ]
      }
    },
    {
      "type": "Feature",
      "properties": {
        "name": "Radomska",
        "highway": "residential"
      },
      "geometry": {
        "type": "MultiLineString",
        "coordinates": [
          [
            [
              52.215807,
              20.9805051
            ],
            [
              52.2158589,
              20.9803417
            ],
            [
              52.2159516,
              20.9800553
            ],
            [
              52.2159728,
              20.9800503
            ],
            [
              52.215989,
              20.9800417
            ],
            [
              52.2160067,
              20.9800229
            ],
            [
              52.2162003,
              20.9794331
            ],
            [
              52.2164788,
              20.9785939
            ],
            [
              52.2166512,
              20.9780714
            ],
            [
              52.216758,
              20.9777508
            ],
            [
              52.2168642,
              20.9774302
            ],
            [
              52.2170324,
              20.9769067
            ],
            [
              52.2170522,
              20.9768454
            ],
            [
              52.2170674,
              20.9768003
            ]
          ]
        ]
      }
    },
    {
      "type": "Feature",
      "properties": {
        "name": "Ondraszka",
        "highway": "residential"
      },
      "geometry": {
        "type": "MultiLineString",
        "coordinates": [
          [
            [
              52.2143078,
              20.9958888
            ],
            [
              52.2143245,
              20.9958398
            ],
            [
              52.2143469,
              20.9957913
            ],
            [
              52.2143781,
              20.9957571
            ],
            [
              52.2157929,
              20.9949464
            ],
            [
              52.2159254,
              20.9948705
            ],
            [
              52.2160619,
              20.9947909
            ],
            [
              52.2161088,
              20.9947633
            ],
            [
              52.2161498,
              20.9947316
            ],
            [
              52.2161901,
              20.9946798
            ],
            [
              52.2162366,
              20.9946026
            ],
            [
              52.2162793,
              20.9944918
            ]
          ],
          [
            [
              52.213235,
              20.9964343
            ],
            [
              52.2140584,
              20.9960666
            ],
            [
              52.2141121,
              20.9960426
            ]
          ],
          [
            [
              52.2141121,
              20.9960426
            ],
            [
              52.2141294,
              20.9960298
            ],
            [
              52.2142603,
              20.9959331
            ],
            [
              52.2142842,
              20.9959155
            ],
            [
              52.2143078,
              20.9958888
            ]
          ],
          [
            [
              52.2162793,
              20.9944918
            ],
            [
              52.2163117,
              20.9944463
            ],
            [
              52.216362,
              20.9944114
            ],
            [
              52.2164005,
              20.9943936
            ],
            [
              52.2165261,
              20.9943749
            ]
          ]
        ]
      }
    },
    {
      "type": "Feature",
      "properties": {
        "name": "Profesora Witolda Pogorzelskiego",
        "highway": "service"
      },
      "geometry": {
        "type": "MultiLineString",
        "coordinates": [
          [
            [
              52.212771,
              20.9851213
            ],
            [
              52.2129345,
              20.9851121
            ],
            [
              52.2130397,
              20.9851053
            ],
            [
              52.2130316,
              20.9848993
            ],
            [
              52.2130154,
              20.9845469
            ],
            [
              52.2129811,
              20.9837982
            ],
            [
              52.2129784,
              20.9837403
            ],
            [
              52.2129717,
              20.9835954
            ],
            [
              52.2129175,
              20.9824186
            ],
            [
              52.2128925,
              20.9822742
            ]
          ]
        ]
      }
    },
    {
      "type": "Feature",
      "properties": {
        "name": "Poronińska",
        "highway": "residential"
      },
      "geometry": {
        "type": "MultiLineString",
        "coordinates": [
          [
            [
              52.2103606,
              20.9332451
            ],
            [
              52.2103726,
              20.9333559
            ],
            [
              52.2104644,
              20.9342052
            ],
            [
              52.2105034,
              20.9344975
            ],
            [
              52.2105335,
              20.934726
            ],
            [
              52.2106886,
              20.9361386
            ],
            [
              52.2107025,
              20.9362962
            ],
            [
              52.2107306,
              20.936589
            ]
          ]
        ]
      }
    },
    {
      "type": "Feature",
      "properties": {
        "name": "Budki Szczęśliwickie",
        "highway": "residential"
      },
      "geometry": {
        "type": "MultiLineString",
        "coordinates": [
          [
            [
              52.2095477,
              20.9370044
            ],
            [
              52.2107306,
              20.936589
            ],
            [
              52.211123,
              20.9364415
            ],
            [
              52.2113091,
              20.9363883
            ],
            [
              52.2115436,
              20.9363468
            ],
            [
              52.2117711,
              20.936346
            ]
          ],
          [
            [
              52.2092162,
              20.9370967
            ],
            [
              52.2095477,
              20.9370044
            ]
          ]
        ]
      }
    },
    {
      "type": "Feature",
      "properties": {
        "name": "Czubatki",
        "highway": "residential"
      },
      "geometry": {
        "type": "MultiLineString",
        "coordinates": [
          [
            [
              52.2151913,
              21.0002982
            ],
            [
              52.2152499,
              21.0003059
            ],
            [
              52.2152972,
              21.0002985
            ],
            [
              52.2156126,
              21.0001267
            ],
            [
              52.2157663,
              21.0000654
            ],
            [
              52.2161205,
              20.9999241
            ],
            [
              52.2161832,
              20.9999169
            ],
            [
              52.216232,
              20.9999252
            ]
          ],
          [
            [
              52.2166081,
              21.0001479
            ],
            [
              52.2166556,
              21.0001284
            ],
            [
              52.2166808,
              21.0001164
            ],
            [
              52.2166999,
              21.0001007
            ],
            [
              52.2167168,
              21.0000839
            ],
            [
              52.2167636,
              21.0000214
            ],
            [
              52.2168341,
              20.999917
            ]
          ],
          [
            [
              52.2166081,
              21.0001479
            ],
            [
              52.2166472,
              21.0001942
            ],
            [
              52.2166894,
              21.0002386
            ],
            [
              52.2167144,
              21.0002714
            ],
            [
              52.2167539,
              21.0003174
            ],
            [
              52.2168644,
              21.000465
            ]
          ],
          [
            [
              52.216232,
              20.9999252
            ],
            [
              52.2162788,
              20.9999441
            ],
            [
              52.2164967,
              21.0000787
            ],
            [
              52.2166081,
              21.0001479
            ]
          ]
        ]
      }
    },
    {
      "type": "Feature",
      "properties": {
        "name": "Aplikancka",
        "highway": "living_street"
      },
      "geometry": {
        "type": "MultiLineString",
        "coordinates": [
          [
            [
              52.2178143,
              21.0042195
            ],
            [
              52.2178159,
              21.0041632
            ],
            [
              52.2178521,
              21.0028982
            ],
            [
              52.2178534,
              21.0028494
            ]
          ]
        ]
      }
    },
    {
      "type": "Feature",
      "properties": {
        "name": "Józefa Szujskiego",
        "highway": "residential"
      },
      "geometry": {
        "type": "MultiLineString",
        "coordinates": [
          [
            [
              52.215335,
              20.9606134
            ],
            [
              52.2153689,
              20.960653
            ],
            [
              52.2153862,
              20.9607057
            ],
            [
              52.2154096,
              20.9608091
            ],
            [
              52.2155342,
              20.9613584
            ],
            [
              52.2155554,
              20.9614131
            ],
            [
              52.215585,
              20.9614518
            ],
            [
              52.2156635,
              20.961488
            ],
            [
              52.2156853,
              20.9614917
            ],
            [
              52.2158124,
              20.9615132
            ]
          ]
        ]
      }
    },
    {
      "type": "Feature",
      "properties": {
        "name": "Architektów",
        "highway": "residential"
      },
      "geometry": {
        "type": "MultiLineString",
        "coordinates": [
          [
            [
              52.2059997,
              20.9678384
            ],
            [
              52.2060685,
              20.9678167
            ],
            [
              52.2062188,
              20.967362
            ],
            [
              52.2062629,
              20.9672454
            ]
          ],
          [
            [
              52.2063764,
              20.9669081
            ],
            [
              52.2064317,
              20.9667389
            ],
            [
              52.2064573,
              20.9666787
            ],
            [
              52.206489,
              20.9666678
            ],
            [
              52.2065173,
              20.9666732
            ],
            [
              52.2069072,
              20.967024
            ],
            [
              52.2069439,
              20.9670376
            ],
            [
              52.2069805,
              20.967024
            ],
            [
              52.2070072,
              20.9669805
            ],
            [
              52.2071188,
              20.9666431
            ],
            [
              52.2071355,
              20.9666025
            ],
            [
              52.2071755,
              20.9665998
            ],
            [
              52.2072338,
              20.9666488
            ]
          ],
          [
            [
              52.2054109,
              20.9697926
            ],
            [
              52.2054518,
              20.9696706
            ],
            [
              52.205485,
              20.9695714
            ],
            [
              52.2055882,
              20.969263
            ],
            [
              52.2056508,
              20.969076
            ],
            [
              52.2057052,
              20.9689137
            ],
            [
              52.2058234,
              20.9685606
            ],
            [
              52.2058398,
              20.9684361
            ],
            [
              52.205844,
              20.968365
            ],
            [
              52.2058472,
              20.9683103
            ]
          ],
          [
            [
              52.2062629,
              20.9672454
            ],
            [
              52.206287,
              20.967174
            ],
            [
              52.2063049,
              20.9671211
            ],
            [
              52.2063764,
              20.9669081
            ]
          ],
          [
            [
              52.2058472,
              20.9683103
            ],
            [
              52.2059143,
              20.9680956
            ],
            [
              52.2059997,
              20.9678384
            ]
          ]
        ]
      }
    },
    {
      "type": "Feature",
      "properties": {
        "name": "Piotrkowska",
        "highway": "residential"
      },
      "geometry": {
        "type": "MultiLineString",
        "coordinates": [
          [
            [
              52.2103417,
              20.9681715
            ],
            [
              52.2104085,
              20.9681726
            ],
            [
              52.2109582,
              20.9683162
            ],
            [
              52.2114088,
              20.9684459
            ],
            [
              52.2118243,
              20.968554
            ]
          ]
        ]
      }
    },
    {
      "type": "Feature",
      "properties": {
        "name": "Dobosza",
        "highway": "residential"
      },
      "geometry": {
        "type": "MultiLineString",
        "coordinates": [
          [
            [
              52.2109902,
              20.966965
            ],
            [
              52.2110117,
              20.9661479
            ]
          ],
          [
            [
              52.2109582,
              20.9683162
            ],
            [
              52.2109607,
              20.96821
            ],
            [
              52.2109702,
              20.9678072
            ],
            [
              52.21098,
              20.9673949
            ],
            [
              52.2109902,
              20.966965
            ]
          ],
          [
            [
              52.2110117,
              20.9661479
            ],
            [
              52.2110186,
              20.9658498
            ],
            [
              52.2110216,
              20.9657965
            ],
            [
              52.2110229,
              20.9657821
            ],
            [
              52.2110249,
              20.9657692
            ],
            [
              52.2110315,
              20.965742
            ],
            [
              52.2110508,
              20.9656773
            ]
          ]
        ]
      }
    },
    {
      "type": "Feature",
      "properties": {
        "name": "Chińskiej Róży",
        "highway": "residential"
      },
      "geometry": {
        "type": "MultiLineString",
        "coordinates": [
          [
            [
              52.2082093,
              20.9580798
            ],
            [
              52.2082497,
              20.9580646
            ],
            [
              52.2083852,
              20.9580138
            ]
          ],
          [
            [
              52.2088544,
              20.9578449
            ],
            [
              52.2090394,
              20.9582097
            ],
            [
              52.2090662,
              20.9582261
            ],
            [
              52.2090843,
              20.9582374
            ],
            [
              52.2091256,
              20.958233
            ],
            [
              52.2095934,
              20.9580615
            ]
          ],
          [
            [
              52.2083852,
              20.9580138
            ],
            [
              52.2086917,
              20.9579037
            ],
            [
              52.2088544,
              20.9578449
            ]
          ]
        ]
      }
    },
    {
      "type": "Feature",
      "properties": {
        "name": "Pandy",
        "highway": "residential"
      },
      "geometry": {
        "type": "MultiLineString",
        "coordinates": [
          [
            [
              52.2084741,
              20.9555889
            ],
            [
              52.2084843,
              20.9556762
            ],
            [
              52.2084856,
              20.9556897
            ],
            [
              52.2085395,
              20.9561513
            ],
            [
              52.2086513,
              20.9570723
            ],
            [
              52.2086771,
              20.9571853
            ],
            [
              52.2088111,
              20.9577269
            ],
            [
              52.2088544,
              20.9578449
            ]
          ],
          [
            [
              52.2086917,
              20.9579037
            ],
            [
              52.2087831,
              20.9586354
            ],
            [
              52.2088236,
              20.9588493
            ],
            [
              52.2089628,
              20.9591167
            ],
            [
              52.2089887,
              20.9591665
            ],
            [
              52.2091978,
              20.9597944
            ],
            [
              52.2093265,
              20.9605931
            ]
          ]
        ]
      }
    },
    {
      "type": "Feature",
      "properties": {
        "name": "Złotego Smoka",
        "highway": "residential"
      },
      "geometry": {
        "type": "MultiLineString",
        "coordinates": [
          [
            [
              52.2089441,
              20.9608617
            ],
            [
              52.2089843,
              20.960833
            ],
            [
              52.2090535,
              20.9607801
            ],
            [
              52.2093265,
              20.9605931
            ],
            [
              52.2094757,
              20.9608426
            ],
            [
              52.209613,
              20.9609719
            ],
            [
              52.2098047,
              20.9610073
            ],
            [
              52.2099094,
              20.9610082
            ],
            [
              52.2099445,
              20.9609395
            ],
            [
              52.2099585,
              20.9608137
            ],
            [
              52.2098253,
              20.9592924
            ],
            [
              52.2097693,
              20.9589893
            ],
            [
              52.2096291,
              20.9583888
            ],
            [
              52.2095934,
              20.9580615
            ],
            [
              52.2094714,
              20.9571298
            ],
            [
              52.2094258,
              20.9569577
            ],
            [
              52.2092889,
              20.9559058
            ]
          ]
        ]
      }
    },
    {
      "type": "Feature",
      "properties": {
        "name": "Kwitnącego Sadu",
        "highway": "residential"
      },
      "geometry": {
        "type": "MultiLineString",
        "coordinates": [
          [
            [
              52.2082258,
              20.9565785
            ],
            [
              52.2081847,
              20.9562498
            ],
            [
              52.2085395,
              20.9561513
            ],
            [
              52.208737,
              20.9560836
            ],
            [
              52.2091255,
              20.9559585
            ],
            [
              52.2092889,
              20.9559058
            ],
            [
              52.209488,
              20.9558384
            ]
          ]
        ]
      }
    },
    {
      "type": "Feature",
      "properties": {
        "name": "Cesarskiej Korony",
        "highway": "residential"
      },
      "geometry": {
        "type": "MultiLineString",
        "coordinates": [
          [
            [
              52.2084373,
              20.9574495
            ],
            [
              52.2084206,
              20.9572598
            ],
            [
              52.2086771,
              20.9571853
            ],
            [
              52.2094258,
              20.9569577
            ]
          ]
        ]
      }
    },
    {
      "type": "Feature",
      "properties": {
        "name": "Opaczewska",
        "highway": "residential"
      },
      "geometry": {
        "type": "MultiLineString",
        "coordinates": [
          [
            [
              52.211822,
              20.9531927
            ],
            [
              52.2118522,
              20.9533254
            ],
            [
              52.2119559,
              20.9537733
            ],
            [
              52.2119741,
              20.9539039
            ]
          ],
          [
            [
              52.2103603,
              20.9650235
            ],
            [
              52.2103846,
              20.9649506
            ],
            [
              52.2104082,
              20.9648799
            ],
            [
              52.2104231,
              20.9648403
            ],
            [
              52.2107332,
              20.9640259
            ],
            [
              52.2107931,
              20.9638656
            ],
            [
              52.2108356,
              20.9637528
            ],
            [
              52.2111593,
              20.9628324
            ],
            [
              52.2112785,
              20.9624937
            ],
            [
              52.2113378,
              20.9623049
            ],
            [
              52.2113665,
              20.9621916
            ],
            [
              52.2113873,
              20.9621096
            ]
          ],
          [
            [
              52.2112765,
              20.960803
            ],
            [
              52.2112173,
              20.9604322
            ],
            [
              52.2111729,
              20.9601429
            ],
            [
              52.2111602,
              20.9600259
            ],
            [
              52.2111491,
              20.9598577
            ],
            [
              52.2111466,
              20.9598202
            ],
            [
              52.211145,
              20.9598076
            ],
            [
              52.2111423,
              20.9596101
            ],
            [
              52.2111526,
              20.9593659
            ],
            [
              52.2111785,
              20.9590986
            ],
            [
              52.2112091,
              20.9589066
            ],
            [
              52.2112815,
              20.9585785
            ],
            [
              52.2113211,
              20.9584259
            ],
            [
              52.2113848,
              20.9581807
            ],
            [
              52.2115919,
              20.9573716
            ],
            [
              52.211657,
              20.9571231
            ],
            [
              52.2117266,
              20.9568572
            ],
            [
              52.2117791,
              20.9566543
            ],
            [
              52.2117982,
              20.9565808
            ],
            [
              52.2118585,
              20.9563472
            ],
            [
              52.2118867,
              20.9562231
            ],
            [
              52.2119112,
              20.9560758
            ],
            [
              52.2119566,
              20.9558034
            ],
            [
              52.2119715,
              20.9556936
            ]
          ],
          [
            [
              52.2098742,
              20.9645636
            ],
            [
              52.2098347,
              20.9645861
            ],
            [
              52.209811,
              20.9646071
            ],
            [
              52.209795,
              20.9646713
            ],
            [
              52.2097913,
              20.964764
            ],
            [
              52.2098038,
              20.9656732
            ],
            [
              52.2098098,
              20.9660529
            ],
            [
              52.2098141,
              20.966556
            ],
            [
              52.2098144,
              20.9666167
            ],
            [
              52.2098216,
              20.9667461
            ],
            [
              52.2098563,
              20.9672038
            ],
            [
              52.2098704,
              20.9673536
            ],
            [
              52.2098975,
              20.9675834
            ],
            [
              52.209974,
              20.968232
            ],
            [
              52.2100255,
              20.9686693
            ],
            [
              52.2100579,
              20.9689439
            ],
            [
              52.2100764,
              20.9690876
            ],
            [
              52.2100935,
              20.9692404
            ],
            [
              52.2101465,
              20.9696679
            ],
            [
              52.2101579,
              20.969773
            ],
            [
              52.2101701,
              20.9699021
            ]
          ],
          [
            [
              52.2106259,
              20.9711118
            ],
            [
              52.2106301,
              20.9712533
            ],
            [
              52.2106402,
              20.9720054
            ],
            [
              52.2106595,
              20.9726375
            ],
            [
              52.2106806,
              20.9733254
            ],
            [
              52.2106845,
              20.9734533
            ],
            [
              52.210694,
              20.9741279
            ],
            [
              52.2107038,
              20.9748175
            ],
            [
              52.2107051,
              20.9749117
            ]
          ],
          [
            [
              52.2102204,
              20.970751
            ],
            [
              52.2102257,
              20.9708717
            ],
            [
              52.2102511,
              20.9718148
            ],
            [
              52.2102539,
              20.971883
            ],
            [
              52.210265,
              20.9721544
            ],
            [
              52.2102779,
              20.9725221
            ],
            [
              52.2102743,
              20.9726352
            ],
            [
              52.2102655,
              20.9727307
            ],
            [
              52.2102527,
              20.9728212
            ],
            [
              52.2102323,
              20.9729026
            ]
          ],
          [
            [
              52.2102333,
              20.964901
            ],
            [
              52.2102018,
              20.9650003
            ],
            [
              52.2101915,
              20.9650434
            ],
            [
              52.2101825,
              20.9651195
            ],
            [
              52.2101826,
              20.9653268
            ],
            [
              52.210184,
              20.9655651
            ],
            [
              52.2101851,
              20.9657472
            ],
            [
              52.2101855,
              20.9658084
            ],
            [
              52.2101875,
              20.9661434
            ],
            [
              52.2101907,
              20.9664167
            ],
            [
              52.2101952,
              20.9667123
            ],
            [
              52.2101989,
              20.9668702
            ],
            [
              52.2101996,
              20.9668861
            ],
            [
              52.2102038,
              20.9669858
            ],
            [
              52.210218,
              20.9671685
            ],
            [
              52.2102355,
              20.9673586
            ],
            [
              52.2102567,
              20.9675337
            ],
            [
              52.2102649,
              20.9676015
            ],
            [
              52.210321,
              20.9680224
            ],
            [
              52.2103417,
              20.9681715
            ],
            [
              52.210351,
              20.9682376
            ],
            [
              52.210376,
              20.9684142
            ],
            [
              52.2104526,
              20.9689807
            ],
            [
              52.2104625,
              20.9690538
            ],
            [
              52.2104723,
              20.9691272
            ],
            [
              52.2104831,
              20.9692166
            ],
            [
              52.2105018,
              20.9693576
            ],
            [
              52.2105277,
              20.9695536
            ],
            [
              52.2105358,
              20.9696287
            ],
            [
              52.2105419,
              20.9696854
            ],
            [
              52.2105568,
              20.9698245
            ],
            [
              52.2105648,
              20.9699154
            ],
            [
              52.2105678,
              20.969949
            ],
            [
              52.2105768,
              20.9700749
            ]
          ],
          [
            [
              52.2119715,
              20.9556936
            ],
            [
              52.2119914,
              20.955362
            ]
          ],
          [
            [
              52.2105768,
              20.9700749
            ],
            [
              52.2105935,
              20.9703356
            ],
            [
              52.2106007,
              20.9704764
            ],
            [
              52.2106053,
              20.9706113
            ],
            [
              52.2106119,
              20.9709753
            ],
            [
              52.2106259,
              20.9711118
            ]
          ],
          [
            [
              52.2119914,
              20.955362
            ],
            [
              52.2119947,
              20.9549123
            ]
          ],
          [
            [
              52.2119741,
              20.9539039
            ],
            [
              52.2119797,
              20.9540199
            ],
            [
              52.2119894,
              20.9543051
            ],
            [
              52.2119978,
              20.954503
            ]
          ],
          [
            [
              52.2113412,
              20.9612204
            ],
            [
              52.2113642,
              20.9613618
            ],
            [
              52.2113944,
              20.9615528
            ],
            [
              52.2114143,
              20.9617518
            ],
            [
              52.2114142,
              20.9619126
            ],
            [
              52.2113873,
              20.9621096
            ]
          ],
          [
            [
              52.2112765,
              20.960803
            ],
            [
              52.211297,
              20.9609431
            ]
          ],
          [
            [
              52.2119947,
              20.9549123
            ],
            [
              52.2119978,
              20.954503
            ]
          ],
          [
            [
              52.2094401,
              20.9750149
            ],
            [
              52.2094928,
              20.9749757
            ],
            [
              52.209519,
              20.9749529
            ],
            [
              52.2095476,
              20.9749121
            ],
            [
              52.2095545,
              20.9748922
            ],
            [
              52.2096085,
              20.9747301
            ],
            [
              52.20967,
              20.9745783
            ],
            [
              52.2097352,
              20.9743798
            ],
            [
              52.2098387,
              20.9740618
            ],
            [
              52.209938,
              20.9737786
            ]
          ],
          [
            [
              52.209938,
              20.9737786
            ],
            [
              52.2099992,
              20.9736008
            ],
            [
              52.2101171,
              20.973258
            ],
            [
              52.2101713,
              20.9731004
            ],
            [
              52.2102048,
              20.9729901
            ],
            [
              52.2102323,
              20.9729026
            ]
          ],
          [
            [
              52.2101701,
              20.9699021
            ],
            [
              52.2101734,
              20.9699419
            ],
            [
              52.2101834,
              20.9700618
            ],
            [
              52.2101935,
              20.9702375
            ],
            [
              52.2101991,
              20.9704024
            ],
            [
              52.2102005,
              20.9705765
            ],
            [
              52.2102105,
              20.9706638
            ],
            [
              52.2102204,
              20.970751
            ]
          ],
          [
            [
              52.2107027,
              20.9755898
            ],
            [
              52.2107024,
              20.9755088
            ],
            [
              52.2107048,
              20.9749481
            ],
            [
              52.2107051,
              20.9749117
            ]
          ]
        ]
      }
    },
    {
      "type": "Feature",
      "properties": {
        "name": "Henryka Mierzejewskiego",
        "highway": "residential"
      },
      "geometry": {
        "type": "MultiLineString",
        "coordinates": [
          [
            [
              52.2084656,
              20.9523639
            ],
            [
              52.2084796,
              20.9523313
            ],
            [
              52.2085172,
              20.9522444
            ],
            [
              52.2086289,
              20.951976
            ],
            [
              52.2093763,
              20.9501387
            ],
            [
              52.2094259,
              20.950001
            ],
            [
              52.2094493,
              20.9499089
            ],
            [
              52.2094531,
              20.9498663
            ],
            [
              52.2094341,
              20.9498013
            ]
          ],
          [
            [
              52.2093348,
              20.9495167
            ],
            [
              52.2093484,
              20.9495779
            ],
            [
              52.2093657,
              20.9496562
            ],
            [
              52.2094031,
              20.949736
            ],
            [
              52.2094341,
              20.9498013
            ]
          ],
          [
            [
              52.2073715,
              20.954891
            ],
            [
              52.2074069,
              20.9548532
            ],
            [
              52.2074396,
              20.9548036
            ],
            [
              52.2074818,
              20.9547157
            ],
            [
              52.2076211,
              20.9543876
            ]
          ],
          [
            [
              52.2076211,
              20.9543876
            ],
            [
              52.2080097,
              20.9534012
            ],
            [
              52.2081755,
              20.9530246
            ]
          ],
          [
            [
              52.2081755,
              20.9530246
            ],
            [
              52.2084476,
              20.9524069
            ],
            [
              52.2084656,
              20.9523639
            ]
          ]
        ]
      }
    },
    {
      "type": "Feature",
      "properties": {
        "name": "Rokosowska",
        "highway": "residential"
      },
      "geometry": {
        "type": "MultiLineString",
        "coordinates": [
          [
            [
              52.2143397,
              20.973728
            ],
            [
              52.2145077,
              20.9732169
            ],
            [
              52.2147052,
              20.9726241
            ],
            [
              52.2150568,
              20.9715565
            ],
            [
              52.2150927,
              20.9714445
            ],
            [
              52.2154834,
              20.9702364
            ],
            [
              52.2155251,
              20.9701062
            ],
            [
              52.2155438,
              20.9700449
            ]
          ],
          [
            [
              52.2135815,
              20.976065
            ],
            [
              52.2136136,
              20.9759679
            ],
            [
              52.2138016,
              20.9753845
            ],
            [
              52.2138229,
              20.9753234
            ],
            [
              52.2139248,
              20.9750019
            ],
            [
              52.2140418,
              20.9746423
            ],
            [
              52.2141338,
              20.9743596
            ],
            [
              52.2141708,
              20.9742414
            ]
          ],
          [
            [
              52.2141708,
              20.9742414
            ],
            [
              52.2142054,
              20.9741365
            ],
            [
              52.2143397,
              20.973728
            ]
          ]
        ]
      }
    },
    {
      "type": "Feature",
      "properties": {
        "name": "Usypiskowa",
        "highway": "residential"
      },
      "geometry": {
        "type": "MultiLineString",
        "coordinates": [
          [
            [
              52.2013952,
              20.9617127
            ],
            [
              52.2014168,
              20.9617186
            ],
            [
              52.2014352,
              20.9617218
            ],
            [
              52.2014516,
              20.9617226
            ],
            [
              52.2014696,
              20.9617192
            ],
            [
              52.2014948,
              20.9617131
            ],
            [
              52.2021092,
              20.9615434
            ],
            [
              52.2028232,
              20.9613156
            ],
            [
              52.2031713,
              20.9612087
            ],
            [
              52.2032523,
              20.9611836
            ],
            [
              52.2033277,
              20.961144
            ],
            [
              52.2034432,
              20.9610736
            ],
            [
              52.2035276,
              20.9609997
            ],
            [
              52.2036488,
              20.9609326
            ]
          ]
        ]
      }
    },
    {
      "type": "Feature",
      "properties": {
        "name": "Powstańców Wielkopolskich",
        "highway": "residential"
      },
      "geometry": {
        "type": "MultiLineString",
        "coordinates": [
          [
            [
              52.2042219,
              20.9671799
            ],
            [
              52.2042765,
              20.9670133
            ],
            [
              52.2043121,
              20.9669665
            ],
            [
              52.2043471,
              20.9669457
            ],
            [
              52.2044142,
              20.9669338
            ],
            [
              52.2044472,
              20.966937
            ],
            [
              52.2044929,
              20.966958
            ],
            [
              52.2045459,
              20.9670024
            ],
            [
              52.204885,
              20.9672989
            ],
            [
              52.2051479,
              20.9675289
            ]
          ],
          [
            [
              52.2039048,
              20.9681467
            ],
            [
              52.203945,
              20.9680241
            ],
            [
              52.2042219,
              20.9671799
            ]
          ],
          [
            [
              52.2051479,
              20.9675289
            ],
            [
              52.2057153,
              20.9680252
            ],
            [
              52.2057478,
              20.9680711
            ],
            [
              52.2057804,
              20.9681413
            ],
            [
              52.205814,
              20.9682129
            ],
            [
              52.2058472,
              20.9683103
            ]
          ]
        ]
      }
    },
    {
      "type": "Feature",
      "properties": {
        "name": "Bielska",
        "highway": "residential"
      },
      "geometry": {
        "type": "MultiLineString",
        "coordinates": [
          [
            [
              52.1978298,
              20.9622069
            ],
            [
              52.1978433,
              20.9621895
            ],
            [
              52.1978558,
              20.96218
            ],
            [
              52.1978668,
              20.9621757
            ],
            [
              52.1978786,
              20.9621723
            ],
            [
              52.1980223,
              20.9621278
            ],
            [
              52.1997314,
              20.9615988
            ],
            [
              52.2009559,
              20.9612182
            ],
            [
              52.2014353,
              20.9610692
            ],
            [
              52.2014748,
              20.9610571
            ]
          ],
          [
            [
              52.2015099,
              20.9607576
            ],
            [
              52.2015526,
              20.9607694
            ],
            [
              52.2015757,
              20.9607747
            ],
            [
              52.2015981,
              20.9607765
            ],
            [
              52.2016415,
              20.9607707
            ],
            [
              52.2023272,
              20.9605816
            ]
          ]
        ]
      }
    },
    {
      "type": "Feature",
      "properties": {
        "name": "Lirowa",
        "highway": "residential"
      },
      "geometry": {
        "type": "MultiLineString",
        "coordinates": [
          [
            [
              52.197503,
              20.9638022
            ],
            [
              52.197848,
              20.963703
            ]
          ],
          [
            [
              52.2013167,
              20.9627222
            ],
            [
              52.2013447,
              20.962712
            ],
            [
              52.2013614,
              20.9627069
            ],
            [
              52.202038,
              20.9625191
            ],
            [
              52.2027677,
              20.9623096
            ],
            [
              52.2034175,
              20.9621479
            ]
          ],
          [
            [
              52.2006158,
              20.9628695
            ],
            [
              52.2012594,
              20.9626947
            ],
            [
              52.2012795,
              20.9626886
            ],
            [
              52.2013107,
              20.9626792
            ]
          ],
          [
            [
              52.2001631,
              20.9629979
            ],
            [
              52.2006158,
              20.9628695
            ]
          ],
          [
            [
              52.1988441,
              20.9634262
            ],
            [
              52.1989895,
              20.9633792
            ],
            [
              52.1991225,
              20.9633381
            ]
          ],
          [
            [
              52.1979761,
              20.9637176
            ],
            [
              52.1979882,
              20.9637046
            ],
            [
              52.1979998,
              20.9636951
            ],
            [
              52.1980171,
              20.963689
            ],
            [
              52.1981463,
              20.963648
            ],
            [
              52.1984575,
              20.9635491
            ],
            [
              52.1988441,
              20.9634262
            ]
          ],
          [
            [
              52.1991225,
              20.9633381
            ],
            [
              52.2001631,
              20.9629979
            ]
          ],
          [
            [
              52.197848,
              20.963703
            ],
            [
              52.1978986,
              20.9636957
            ],
            [
              52.1979295,
              20.9636957
            ],
            [
              52.1979452,
              20.9636984
            ],
            [
              52.1979761,
              20.9637176
            ]
          ]
        ]
      }
    },
    {
      "type": "Feature",
      "properties": {
        "name": "Altowa",
        "highway": "residential"
      },
      "geometry": {
        "type": "MultiLineString",
        "coordinates": [
          [
            [
              52.2007898,
              20.962002
            ],
            [
              52.2013429,
              20.9618081
            ],
            [
              52.2013843,
              20.9617976
            ]
          ],
          [
            [
              52.1981538,
              20.9628473
            ],
            [
              52.198517,
              20.9627354
            ]
          ],
          [
            [
              52.198517,
              20.9627354
            ],
            [
              52.1990481,
              20.962564
            ]
          ],
          [
            [
              52.1990481,
              20.962564
            ],
            [
              52.1995625,
              20.962398
            ],
            [
              52.1998966,
              20.9622795
            ],
            [
              52.200235,
              20.9621684
            ],
            [
              52.2006425,
              20.9620462
            ],
            [
              52.2007898,
              20.962002
            ]
          ],
          [
            [
              52.197669,
              20.9630162
            ],
            [
              52.1981538,
              20.9628473
            ]
          ]
        ]
      }
    },
    {
      "type": "Feature",
      "properties": {
        "name": "Harfowa",
        "highway": "residential"
      },
      "geometry": {
        "type": "MultiLineString",
        "coordinates": [
          [
            [
              52.2002086,
              20.9647123
            ],
            [
              52.2002786,
              20.9646097
            ],
            [
              52.2003136,
              20.9645583
            ],
            [
              52.2003637,
              20.9645095
            ],
            [
              52.2003911,
              20.9644862
            ],
            [
              52.2004158,
              20.9644679
            ],
            [
              52.2004983,
              20.9644187
            ],
            [
              52.2005043,
              20.9644162
            ],
            [
              52.2005998,
              20.9643763
            ],
            [
              52.2009107,
              20.9642652
            ],
            [
              52.2009251,
              20.9642604
            ],
            [
              52.2010888,
              20.9642065
            ],
            [
              52.2011927,
              20.9641739
            ],
            [
              52.2013587,
              20.964122
            ],
            [
              52.2014734,
              20.9640847
            ],
            [
              52.201553,
              20.9640585
            ]
          ],
          [
            [
              52.1996428,
              20.9663617
            ],
            [
              52.1996922,
              20.9662109
            ],
            [
              52.1997087,
              20.9661605
            ],
            [
              52.1997317,
              20.9660904
            ],
            [
              52.1997615,
              20.966001
            ],
            [
              52.1998704,
              20.9656767
            ],
            [
              52.1999679,
              20.9653875
            ],
            [
              52.2001504,
              20.9648591
            ]
          ],
          [
            [
              52.2001504,
              20.9648591
            ],
            [
              52.2001618,
              20.9648312
            ],
            [
              52.2002086,
              20.9647123
            ]
          ]
        ]
      }
    },
    {
      "type": "Feature",
      "properties": {
        "name": "Wacława Sierpińskiego",
        "highway": "residential"
      },
      "geometry": {
        "type": "MultiLineString",
        "coordinates": [
          [
            [
              52.1990651,
              20.9689549
            ],
            [
              52.1991151,
              20.9688593
            ],
            [
              52.1993346,
              20.968521
            ],
            [
              52.1993752,
              20.9684588
            ],
            [
              52.1994046,
              20.9684229
            ],
            [
              52.1994306,
              20.9684041
            ],
            [
              52.1994467,
              20.9684011
            ],
            [
              52.1994726,
              20.9684061
            ],
            [
              52.1995033,
              20.9684244
            ],
            [
              52.1995417,
              20.9684613
            ],
            [
              52.1999951,
              20.9688801
            ]
          ],
          [
            [
              52.2002514,
              20.9691279
            ],
            [
              52.2002562,
              20.9691675
            ],
            [
              52.2002539,
              20.9692052
            ]
          ],
          [
            [
              52.200169,
              20.9693936
            ],
            [
              52.2002094,
              20.9693476
            ],
            [
              52.2002539,
              20.9692052
            ]
          ],
          [
            [
              52.1999951,
              20.9688801
            ],
            [
              52.2000598,
              20.9689084
            ],
            [
              52.2001969,
              20.9690226
            ],
            [
              52.2002215,
              20.969057
            ],
            [
              52.2002418,
              20.9690909
            ],
            [
              52.2002514,
              20.9691279
            ]
          ],
          [
            [
              52.2005366,
              20.9703522
            ],
            [
              52.2005842,
              20.9703889
            ],
            [
              52.2007377,
              20.9705076
            ],
            [
              52.2007443,
              20.9705133
            ],
            [
              52.2009779,
              20.9707163
            ],
            [
              52.2014404,
              20.9711181
            ],
            [
              52.2015119,
              20.9711799
            ],
            [
              52.2016319,
              20.9712822
            ],
            [
              52.201743,
              20.9713769
            ],
            [
              52.2017911,
              20.971413
            ],
            [
              52.2018295,
              20.9714417
            ]
          ],
          [
            [
              52.1999951,
              20.9688801
            ],
            [
              52.2000423,
              20.9689638
            ],
            [
              52.2001628,
              20.9690818
            ],
            [
              52.2001837,
              20.9691193
            ],
            [
              52.2001932,
              20.9691656
            ],
            [
              52.2001911,
              20.9692105
            ],
            [
              52.2001862,
              20.9692374
            ],
            [
              52.2001652,
              20.9693058
            ],
            [
              52.200169,
              20.9693936
            ]
          ],
          [
            [
              52.200169,
              20.9693936
            ],
            [
              52.200122,
              20.9695579
            ],
            [
              52.2000861,
              20.9696833
            ],
            [
              52.2000813,
              20.9697001
            ],
            [
              52.2000511,
              20.9698055
            ],
            [
              52.2000421,
              20.9698573
            ],
            [
              52.2000445,
              20.9698918
            ],
            [
              52.2000507,
              20.9699171
            ],
            [
              52.2000612,
              20.9699405
            ],
            [
              52.2000756,
              20.9699596
            ],
            [
              52.2001608,
              20.9700362
            ],
            [
              52.2005366,
              20.9703522
            ]
          ]
        ]
      }
    },
    {
      "type": "Feature",
      "properties": {
        "name": "Szczepana Grzeszczyka",
        "highway": "residential"
      },
      "geometry": {
        "type": "MultiLineString",
        "coordinates": [
          [
            [
              52.1999244,
              20.9731844
            ],
            [
              52.1999439,
              20.9728834
            ],
            [
              52.1999743,
              20.9725259
            ],
            [
              52.2000223,
              20.9722518
            ],
            [
              52.2000393,
              20.9721545
            ],
            [
              52.2000852,
              20.9719481
            ],
            [
              52.2002155,
              20.9714876
            ],
            [
              52.200483,
              20.9705418
            ],
            [
              52.2005213,
              20.9704063
            ],
            [
              52.2005366,
              20.9703522
            ]
          ]
        ]
      }
    },
    {
      "type": "Feature",
      "properties": {
        "name": "Władysława Okińskiego",
        "highway": "residential"
      },
      "geometry": {
        "type": "MultiLineString",
        "coordinates": [
          [
            [
              52.1969367,
              20.9770954
            ],
            [
              52.1969511,
              20.9769313
            ],
            [
              52.1969831,
              20.9765681
            ],
            [
              52.1970146,
              20.9761522
            ],
            [
              52.1970827,
              20.9753138
            ],
            [
              52.1971452,
              20.97458
            ],
            [
              52.1971646,
              20.9743518
            ],
            [
              52.1971975,
              20.9739747
            ],
            [
              52.1972392,
              20.9734969
            ],
            [
              52.1972506,
              20.9733661
            ]
          ]
        ]
      }
    },
    {
      "type": "Feature",
      "properties": {
        "name": "Sąchocka",
        "highway": "residential"
      },
      "geometry": {
        "type": "MultiLineString",
        "coordinates": [
          [
            [
              52.1972506,
              20.9733661
            ],
            [
              52.1974854,
              20.9734143
            ],
            [
              52.1976519,
              20.9734485
            ],
            [
              52.197863,
              20.9734813
            ],
            [
              52.1978894,
              20.9734854
            ],
            [
              52.1980629,
              20.9735135
            ],
            [
              52.1981099,
              20.9735211
            ],
            [
              52.1981756,
              20.9735317
            ],
            [
              52.198228,
              20.9735402
            ],
            [
              52.1983402,
              20.9735582
            ],
            [
              52.1985522,
              20.9735921
            ],
            [
              52.1986422,
              20.9736123
            ]
          ],
          [
            [
              52.1966872,
              20.9732945
            ],
            [
              52.1967012,
              20.9732804
            ],
            [
              52.1967242,
              20.9732754
            ],
            [
              52.1971698,
              20.9733516
            ],
            [
              52.1972506,
              20.9733661
            ]
          ]
        ]
      }
    },
    {
      "type": "Feature",
      "properties": {
        "name": "Stefana Baleya",
        "highway": "service"
      },
      "geometry": {
        "type": "MultiLineString",
        "coordinates": [
          [
            [
              52.1969947,
              20.9822346
            ],
            [
              52.197175,
              20.9822994
            ],
            [
              52.1972044,
              20.9823162
            ],
            [
              52.1972335,
              20.982348
            ],
            [
              52.1972567,
              20.9823629
            ],
            [
              52.1973072,
              20.9823818
            ],
            [
              52.1973408,
              20.9823919
            ],
            [
              52.1973637,
              20.9823908
            ],
            [
              52.1973907,
              20.9823802
            ],
            [
              52.1974097,
              20.9823805
            ],
            [
              52.1975327,
              20.9824184
            ]
          ],
          [
            [
              52.1970258,
              20.9807253
            ],
            [
              52.1970314,
              20.9799106
            ],
            [
              52.197035,
              20.9797093
            ],
            [
              52.1970401,
              20.9795959
            ],
            [
              52.1970467,
              20.9794802
            ],
            [
              52.1970547,
              20.9793707
            ],
            [
              52.1970682,
              20.9792356
            ],
            [
              52.1970832,
              20.9791037
            ],
            [
              52.1971302,
              20.9787293
            ],
            [
              52.1971476,
              20.9785969
            ],
            [
              52.1972494,
              20.9778215
            ],
            [
              52.1972755,
              20.9776273
            ],
            [
              52.1972896,
              20.9775692
            ],
            [
              52.1973062,
              20.9775195
            ],
            [
              52.1973425,
              20.9774141
            ]
          ],
          [
            [
              52.1969947,
              20.9822346
            ],
            [
              52.1969634,
              20.9822232
            ],
            [
              52.1969474,
              20.9822135
            ],
            [
              52.1969333,
              20.9821932
            ],
            [
              52.1969241,
              20.9821736
            ],
            [
              52.196917,
              20.9821413
            ],
            [
              52.1969164,
              20.9821048
            ],
            [
              52.1969186,
              20.9820735
            ],
            [
              52.1969794,
              20.981613
            ],
            [
              52.1970006,
              20.98137
            ],
            [
              52.1970124,
              20.981222
            ],
            [
              52.1970193,
              20.9810709
            ],
            [
              52.1970233,
              20.9809005
            ],
            [
              52.1970258,
              20.9807253
            ]
          ]
        ]
      }
    },
    {
      "type": "Feature",
      "properties": {
        "name": "Maszynowa",
        "highway": "residential"
      },
      "geometry": {
        "type": "MultiLineString",
        "coordinates": [
          [
            [
              52.2004837,
              20.9515195
            ],
            [
              52.2007,
              20.9514581
            ],
            [
              52.2008514,
              20.9514151
            ],
            [
              52.2008978,
              20.9514019
            ],
            [
              52.201036,
              20.9513626
            ],
            [
              52.2012778,
              20.9512939
            ],
            [
              52.2013318,
              20.9512785
            ],
            [
              52.2016431,
              20.9511901
            ],
            [
              52.2017152,
              20.951168
            ],
            [
              52.2020473,
              20.9510661
            ],
            [
              52.2021924,
              20.9510167
            ],
            [
              52.2022799,
              20.9509902
            ],
            [
              52.2025798,
              20.9509018
            ],
            [
              52.2026019,
              20.9509015
            ],
            [
              52.2026208,
              20.9509041
            ],
            [
              52.2026388,
              20.9509093
            ],
            [
              52.2026638,
              20.950916
            ]
          ],
          [
            [
              52.200325,
              20.9515646
            ],
            [
              52.2004666,
              20.9515244
            ],
            [
              52.2004837,
              20.9515195
            ]
          ]
        ]
      }
    },
    {
      "type": "Feature",
      "properties": {
        "name": "Chotomowska",
        "highway": "residential"
      },
      "geometry": {
        "type": "MultiLineString",
        "coordinates": [
          [
            [
              52.2155951,
              20.9789103
            ],
            [
              52.2159197,
              20.979194
            ],
            [
              52.2161657,
              20.9794045
            ],
            [
              52.2162003,
              20.9794331
            ]
          ]
        ]
      }
    },
    {
      "type": "Feature",
      "properties": {
        "name": "Dunajecka",
        "highway": "living_street"
      },
      "geometry": {
        "type": "MultiLineString",
        "coordinates": [
          [
            [
              52.2107051,
              20.9749117
            ],
            [
              52.2107494,
              20.9749123
            ],
            [
              52.2108236,
              20.9749107
            ],
            [
              52.210851,
              20.9749013
            ],
            [
              52.2108704,
              20.9748816
            ],
            [
              52.2109148,
              20.9747597
            ],
            [
              52.211037,
              20.9743559
            ],
            [
              52.2111606,
              20.9739542
            ],
            [
              52.2112848,
              20.973569
            ],
            [
              52.2114179,
              20.9731565
            ],
            [
              52.2116844,
              20.9723302
            ],
            [
              52.2117096,
              20.9722487
            ],
            [
              52.2117536,
              20.9721067
            ]
          ]
        ]
      }
    },
    {
      "type": "Feature",
      "properties": {
        "name": "Przemyska",
        "highway": "residential"
      },
      "geometry": {
        "type": "MultiLineString",
        "coordinates": [
          [
            [
              52.2129571,
              20.9737012
            ],
            [
              52.2130452,
              20.9734264
            ],
            [
              52.2130752,
              20.9733362
            ],
            [
              52.2130908,
              20.9732885
            ]
          ],
          [
            [
              52.2123536,
              20.9755874
            ],
            [
              52.2126547,
              20.9746991
            ],
            [
              52.2126811,
              20.9745951
            ],
            [
              52.2126883,
              20.9745332
            ]
          ],
          [
            [
              52.2129421,
              20.9737476
            ],
            [
              52.2129571,
              20.9737012
            ]
          ],
          [
            [
              52.2126883,
              20.9745332
            ],
            [
              52.2127271,
              20.974413
            ]
          ],
          [
            [
              52.2127271,
              20.974413
            ],
            [
              52.2129421,
              20.9737476
            ]
          ]
        ]
      }
    },
    {
      "type": "Feature",
      "properties": {
        "name": "Siewierska",
        "highway": "residential"
      },
      "geometry": {
        "type": "MultiLineString",
        "coordinates": [
          [
            [
              52.2130204,
              20.9756153
            ],
            [
              52.2130555,
              20.9755113
            ],
            [
              52.213322,
              20.9747213
            ],
            [
              52.2133732,
              20.9745598
            ],
            [
              52.2134641,
              20.9742733
            ],
            [
              52.2135764,
              20.9738769
            ],
            [
              52.2136147,
              20.9737515
            ]
          ],
          [
            [
              52.2125643,
              20.9770595
            ],
            [
              52.212781,
              20.9763747
            ],
            [
              52.2129902,
              20.9757109
            ],
            [
              52.2130204,
              20.9756153
            ]
          ]
        ]
      }
    },
    {
      "type": "Feature",
      "properties": {
        "name": "Nieborowska",
        "highway": "residential"
      },
      "geometry": {
        "type": "MultiLineString",
        "coordinates": [
          [
            [
              52.215849,
              20.9776383
            ],
            [
              52.2159573,
              20.9773157
            ],
            [
              52.2159731,
              20.9772244
            ],
            [
              52.2162847,
              20.9762588
            ],
            [
              52.2163201,
              20.9761491
            ]
          ]
        ]
      }
    },
    {
      "type": "Feature",
      "properties": {
        "name": "Trzech Budrysów",
        "highway": "residential"
      },
      "geometry": {
        "type": "MultiLineString",
        "coordinates": [
          [
            [
              52.207674,
              20.966897
            ],
            [
              52.2077767,
              20.966985
            ],
            [
              52.2082749,
              20.9674437
            ],
            [
              52.2089256,
              20.9680428
            ],
            [
              52.2090094,
              20.9680599
            ],
            [
              52.2090722,
              20.9680291
            ],
            [
              52.2091393,
              20.9679368
            ],
            [
              52.2091749,
              20.9677967
            ],
            [
              52.2091791,
              20.9676394
            ],
            [
              52.2091245,
              20.966913
            ],
            [
              52.2090623,
              20.9660865
            ],
            [
              52.2090383,
              20.9659472
            ],
            [
              52.2089785,
              20.9657865
            ],
            [
              52.2088947,
              20.9656505
            ],
            [
              52.2083826,
              20.9651932
            ],
            [
              52.2082409,
              20.9650669
            ],
            [
              52.2081754,
              20.9650079
            ],
            [
              52.2080989,
              20.9649395
            ]
          ],
          [
            [
              52.2075038,
              20.9667446
            ],
            [
              52.2076219,
              20.9668498
            ],
            [
              52.207674,
              20.966897
            ]
          ]
        ]
      }
    },
    {
      "type": "Feature",
      "properties": {
        "name": "Mątwicka",
        "highway": "residential"
      },
      "geometry": {
        "type": "MultiLineString",
        "coordinates": [
          [
            [
              52.2108552,
              20.9707174
            ],
            [
              52.2109883,
              20.970753
            ],
            [
              52.2111078,
              20.970785
            ],
            [
              52.2115249,
              20.9708925
            ],
            [
              52.2117027,
              20.9709411
            ]
          ],
          [
            [
              52.2111078,
              20.970785
            ],
            [
              52.2111123,
              20.9707333
            ],
            [
              52.2111948,
              20.9697723
            ],
            [
              52.2111868,
              20.9697052
            ],
            [
              52.2112094,
              20.9693723
            ],
            [
              52.2112173,
              20.9692974
            ]
          ]
        ]
      }
    },
    {
      "type": "Feature",
      "properties": {
        "name": "Kurhan",
        "highway": "residential"
      },
      "geometry": {
        "type": "MultiLineString",
        "coordinates": [
          [
            [
              52.2076116,
              20.9558547
            ],
            [
              52.2077964,
              20.9557965
            ]
          ],
          [
            [
              52.2077964,
              20.9557965
            ],
            [
              52.2080938,
              20.9557054
            ],
            [
              52.2084741,
              20.9555889
            ],
            [
              52.208697,
              20.9555249
            ],
            [
              52.2090389,
              20.9554152
            ],
            [
              52.2091739,
              20.9553719
            ],
            [
              52.2095084,
              20.9552671
            ],
            [
              52.2097863,
              20.95518
            ],
            [
              52.2101626,
              20.9550626
            ],
            [
              52.2102745,
              20.9550277
            ],
            [
              52.2104386,
              20.9549777
            ],
            [
              52.2106217,
              20.954922
            ],
            [
              52.21071,
              20.9548951
            ],
            [
              52.2111262,
              20.9547743
            ],
            [
              52.2115376,
              20.9546431
            ],
            [
              52.2119246,
              20.9545253
            ],
            [
              52.2119385,
              20.9545211
            ],
            [
              52.2119978,
              20.954503
            ]
          ]
        ]
      }
    },
    {
      "type": "Feature",
      "properties": {
        "name": "Nowoberestecka",
        "highway": "residential"
      },
      "geometry": {
        "type": "MultiLineString",
        "coordinates": [
          [
            [
              52.2105817,
              20.9534297
            ],
            [
              52.2107854,
              20.9534059
            ],
            [
              52.2108201,
              20.9534295
            ],
            [
              52.21085,
              20.9534624
            ],
            [
              52.2108883,
              20.953476
            ],
            [
              52.2109206,
              20.9534682
            ],
            [
              52.2109554,
              20.9534597
            ],
            [
              52.2110058,
              20.9534473
            ],
            [
              52.2110192,
              20.953444
            ],
            [
              52.2114612,
              20.9533353
            ],
            [
              52.21152,
              20.9533104
            ],
            [
              52.2115755,
              20.9532739
            ],
            [
              52.2116191,
              20.9532351
            ],
            [
              52.2116889,
              20.9531367
            ]
          ],
          [
            [
              52.2101384,
              20.9535327
            ],
            [
              52.2104952,
              20.9534741
            ],
            [
              52.2105295,
              20.9534673
            ]
          ],
          [
            [
              52.2105295,
              20.9534673
            ],
            [
              52.2105524,
              20.9534461
            ],
            [
              52.2105817,
              20.9534297
            ]
          ],
          [
            [
              52.2099364,
              20.953568
            ],
            [
              52.2101384,
              20.9535327
            ]
          ]
        ]
      }
    },
    {
      "type": "Feature",
      "properties": {
        "name": "Na Bateryjce",
        "highway": "residential"
      },
      "geometry": {
        "type": "MultiLineString",
        "coordinates": [
          [
            [
              52.2144239,
              20.9607056
            ],
            [
              52.2144239,
              20.9606412
            ],
            [
              52.2144208,
              20.9602498
            ],
            [
              52.2144122,
              20.9600877
            ],
            [
              52.2143855,
              20.9598695
            ],
            [
              52.2143074,
              20.9592571
            ],
            [
              52.2142864,
              20.9589369
            ],
            [
              52.2142973,
              20.9587299
            ],
            [
              52.214323,
              20.958242
            ],
            [
              52.2143336,
              20.9580324
            ],
            [
              52.2143619,
              20.9574737
            ],
            [
              52.2144255,
              20.9567967
            ]
          ]
        ]
      }
    },
    {
      "type": "Feature",
      "properties": {
        "name": "Karola Bohdanowicza",
        "highway": "residential"
      },
      "geometry": {
        "type": "MultiLineString",
        "coordinates": [
          [
            [
              52.1986412,
              20.9742845
            ],
            [
              52.1986582,
              20.974401
            ],
            [
              52.1986842,
              20.9744997
            ],
            [
              52.19875,
              20.9746455
            ],
            [
              52.1990299,
              20.9751262
            ],
            [
              52.1991882,
              20.9754196
            ],
            [
              52.1993603,
              20.9757329
            ],
            [
              52.19946,
              20.9757929
            ],
            [
              52.1997507,
              20.9759086
            ],
            [
              52.1998533,
              20.9759501
            ],
            [
              52.1999971,
              20.9760086
            ],
            [
              52.2000232,
              20.9760205
            ],
            [
              52.2000938,
              20.9760939
            ],
            [
              52.2001387,
              20.976201
            ],
            [
              52.2001396,
              20.9763281
            ],
            [
              52.2001085,
              20.976462
            ],
            [
              52.2000283,
              20.9767756
            ],
            [
              52.1998434,
              20.9774985
            ],
            [
              52.1997853,
              20.9777258
            ],
            [
              52.1995151,
              20.9787821
            ],
            [
              52.1994643,
              20.9789807
            ],
            [
              52.19945,
              20.979036
            ],
            [
              52.199438,
              20.9790836
            ]
          ]
        ]
      }
    },
    {
      "type": "Feature",
      "properties": {
        "name": "Gorlicka",
        "highway": "residential"
      },
      "geometry": {
        "type": "MultiLineString",
        "coordinates": [
          [
            [
              52.1952867,
              20.9801405
            ],
            [
              52.1954477,
              20.9789584
            ],
            [
              52.1954635,
              20.9788245
            ],
            [
              52.1955708,
              20.9779825
            ],
            [
              52.1956008,
              20.97775
            ],
            [
              52.1956164,
              20.9776416
            ],
            [
              52.1956183,
              20.9776286
            ],
            [
              52.1956503,
              20.977432
            ],
            [
              52.1956732,
              20.9773056
            ],
            [
              52.1957169,
              20.977117
            ],
            [
              52.1957931,
              20.9767986
            ],
            [
              52.1959391,
              20.9763183
            ]
          ],
          [
            [
              52.1952342,
              20.9804232
            ],
            [
              52.195268,
              20.9802456
            ],
            [
              52.1952751,
              20.9802047
            ],
            [
              52.1952867,
              20.9801405
            ]
          ],
          [
            [
              52.1966404,
              20.973423
            ],
            [
              52.1966523,
              20.9733654
            ],
            [
              52.1966647,
              20.9733308
            ],
            [
              52.1966872,
              20.9732945
            ]
          ],
          [
            [
              52.1959391,
              20.9763183
            ],
            [
              52.1959849,
              20.9761872
            ],
            [
              52.1960975,
              20.9757779
            ],
            [
              52.1962292,
              20.9752684
            ],
            [
              52.1964544,
              20.9742734
            ],
            [
              52.1966404,
              20.973423
            ]
          ]
        ]
      }
    },
    {
      "type": "Feature",
      "properties": {
        "name": "Główna",
        "highway": "service"
      },
      "geometry": {
        "type": "MultiLineString",
        "coordinates": [
          [
            [
              52.1978237,
              20.9724717
            ],
            [
              52.1978837,
              20.9722064
            ],
            [
              52.1980368,
              20.9715116
            ],
            [
              52.1983148,
              20.9703353
            ],
            [
              52.19844,
              20.9697917
            ],
            [
              52.1985123,
              20.9694764
            ],
            [
              52.1985416,
              20.9693593
            ],
            [
              52.1986685,
              20.9688134
            ],
            [
              52.1988206,
              20.9681695
            ],
            [
              52.1989708,
              20.9675448
            ],
            [
              52.1991189,
              20.9669095
            ],
            [
              52.1991686,
              20.9666964
            ]
          ]
        ]
      }
    },
    {
      "type": "Feature",
      "properties": {
        "name": "Mikołaja Drygały",
        "highway": "residential"
      },
      "geometry": {
        "type": "MultiLineString",
        "coordinates": [
          [
            [
              52.197503,
              20.9638022
            ],
            [
              52.1974988,
              20.9637842
            ],
            [
              52.1974988,
              20.9637688
            ],
            [
              52.1975014,
              20.9637493
            ],
            [
              52.197669,
              20.9630162
            ],
            [
              52.1976995,
              20.962856
            ],
            [
              52.1978099,
              20.9622663
            ],
            [
              52.1978217,
              20.9622245
            ],
            [
              52.1978298,
              20.9622069
            ]
          ],
          [
            [
              52.2001363,
              20.9521557
            ],
            [
              52.2001881,
              20.951952
            ],
            [
              52.2002118,
              20.9518734
            ],
            [
              52.2002546,
              20.9517315
            ],
            [
              52.2002844,
              20.9516253
            ],
            [
              52.200325,
              20.9515646
            ]
          ],
          [
            [
              52.1999736,
              20.9528549
            ],
            [
              52.2001363,
              20.9521557
            ]
          ]
        ]
      }
    },
    {
      "type": "Feature",
      "properties": {
        "name": "Włochowska",
        "highway": "residential"
      },
      "geometry": {
        "type": "MultiLineString",
        "coordinates": [
          [
            [
              52.213579,
              20.945093
            ],
            [
              52.2139093,
              20.9479395
            ],
            [
              52.2139172,
              20.9480089
            ]
          ],
          [
            [
              52.2119293,
              20.9399553
            ],
            [
              52.2118865,
              20.9398431
            ],
            [
              52.2118465,
              20.9397682
            ],
            [
              52.2118072,
              20.9397337
            ],
            [
              52.2117759,
              20.9397242
            ],
            [
              52.2117424,
              20.9397361
            ],
            [
              52.2117234,
              20.9397563
            ],
            [
              52.2117132,
              20.939792
            ],
            [
              52.2117191,
              20.9398514
            ],
            [
              52.211745,
              20.9399017
            ],
            [
              52.2119293,
              20.9399553
            ],
            [
              52.2125136,
              20.9402659
            ],
            [
              52.2126317,
              20.9403416
            ],
            [
              52.2127196,
              20.9404123
            ],
            [
              52.2127938,
              20.9404753
            ],
            [
              52.2128493,
              20.940555
            ],
            [
              52.2130523,
              20.9408283
            ],
            [
              52.2130964,
              20.940913
            ]
          ],
          [
            [
              52.2139172,
              20.9480089
            ],
            [
              52.2139225,
              20.9480747
            ],
            [
              52.2139459,
              20.948289
            ],
            [
              52.2140217,
              20.949014
            ],
            [
              52.2140535,
              20.9493065
            ],
            [
              52.2140672,
              20.9494109
            ],
            [
              52.2141334,
              20.9499176
            ],
            [
              52.214145,
              20.950006
            ],
            [
              52.2141541,
              20.950088
            ],
            [
              52.2141784,
              20.9502976
            ],
            [
              52.2142235,
              20.9506862
            ],
            [
              52.2142686,
              20.9510857
            ],
            [
              52.2142767,
              20.9512833
            ],
            [
              52.214283,
              20.9514367
            ],
            [
              52.2142782,
              20.9521908
            ],
            [
              52.2142809,
              20.9523176
            ],
            [
              52.2142832,
              20.9524287
            ],
            [
              52.2142872,
              20.9525346
            ],
            [
              52.2142919,
              20.9526661
            ],
            [
              52.2143025,
              20.9527889
            ]
          ],
          [
            [
              52.2143025,
              20.9527889
            ],
            [
              52.2143095,
              20.9528451
            ],
            [
              52.2143964,
              20.9535429
            ],
            [
              52.2144863,
              20.9541174
            ],
            [
              52.2145039,
              20.9543146
            ],
            [
              52.2144883,
              20.9547984
            ],
            [
              52.2144857,
              20.9548802
            ],
            [
              52.214482,
              20.9549931
            ]
          ],
          [
            [
              52.2130964,
              20.940913
            ],
            [
              52.2131686,
              20.9415388
            ],
            [
              52.2133975,
              20.9434878
            ],
            [
              52.213579,
              20.945093
            ]
          ],
          [
            [
              52.2144347,
              20.9553605
            ],
            [
              52.2144466,
              20.9553381
            ],
            [
              52.2144725,
              20.9552896
            ],
            [
              52.214482,
              20.9549931
            ]
          ]
        ]
      }
    },
    {
      "type": "Feature",
      "properties": {
        "name": "Plac Gabriela Narutowicza",
        "highway": "tertiary"
      },
      "geometry": {
        "type": "MultiLineString",
        "coordinates": [
          [
            [
              52.2193591,
              20.9853896
            ],
            [
              52.2193648,
              20.9852954
            ],
            [
              52.2193736,
              20.9851614
            ],
            [
              52.2193793,
              20.9851037
            ],
            [
              52.2193864,
              20.9850642
            ],
            [
              52.2194092,
              20.9849771
            ]
          ],
          [
            [
              52.2191003,
              20.9851215
            ],
            [
              52.2192155,
              20.9852185
            ],
            [
              52.2192269,
              20.9852292
            ],
            [
              52.2192383,
              20.9852409
            ],
            [
              52.2192529,
              20.985257
            ],
            [
              52.2192642,
              20.985273
            ],
            [
              52.2192786,
              20.9853003
            ],
            [
              52.2192884,
              20.9853225
            ],
            [
              52.2192966,
              20.9853452
            ],
            [
              52.2193048,
              20.9853727
            ],
            [
              52.2193125,
              20.985404
            ]
          ],
          [
            [
              52.2182297,
              20.9841531
            ],
            [
              52.2182467,
              20.9842018
            ],
            [
              52.2182648,
              20.9842438
            ],
            [
              52.218289,
              20.9842942
            ],
            [
              52.2183105,
              20.9843335
            ],
            [
              52.2183305,
              20.9843659
            ],
            [
              52.218352,
              20.9843954
            ],
            [
              52.2183733,
              20.9844215
            ],
            [
              52.2183993,
              20.9844498
            ],
            [
              52.2185085,
              20.9845469
            ]
          ],
          [
            [
              52.2181292,
              20.9834042
            ],
            [
              52.2181614,
              20.9837563
            ]
          ],
          [
            [
              52.2181614,
              20.9837563
            ],
            [
              52.2181696,
              20.9838526
            ],
            [
              52.2181784,
              20.983928
            ]
          ],
          [
            [
              52.2181094,
              20.9831852
            ],
            [
              52.2181292,
              20.9834042
            ]
          ],
          [
            [
              52.2184726,
              20.9849522
            ],
            [
              52.2185222,
              20.9848221
            ],
            [
              52.2185295,
              20.9847723
            ],
            [
              52.2185327,
              20.9847208
            ],
            [
              52.218532,
              20.9846612
            ],
            [
              52.2185228,
              20.9846099
            ],
            [
              52.2185085,
              20.9845469
            ]
          ],
          [
            [
              52.2184726,
              20.9849522
            ],
            [
              52.2185564,
              20.9848582
            ],
            [
              52.2185863,
              20.9848231
            ],
            [
              52.2186112,
              20.9847886
            ],
            [
              52.2186429,
              20.9847622
            ],
            [
              52.2186822,
              20.98474
            ],
            [
              52.2187169,
              20.9847274
            ]
          ],
          [
            [
              52.2189913,
              20.9849657
            ],
            [
              52.219041,
              20.9849762
            ],
            [
              52.2190938,
              20.984982
            ],
            [
              52.2191301,
              20.9849816
            ],
            [
              52.2191707,
              20.9849778
            ],
            [
              52.2192083,
              20.9849702
            ],
            [
              52.2192451,
              20.9849607
            ],
            [
              52.2192762,
              20.9849481
            ],
            [
              52.2193115,
              20.9849285
            ],
            [
              52.2193764,
              20.9848852
            ],
            [
              52.219411,
              20.9848587
            ],
            [
              52.2194553,
              20.9848241
            ],
            [
              52.219493,
              20.9847946
            ]
          ],
          [
            [
              52.2185085,
              20.9845469
            ],
            [
              52.2187169,
              20.9847274
            ],
            [
              52.2188448,
              20.9848383
            ],
            [
              52.2189371,
              20.9849184
            ],
            [
              52.2189913,
              20.9849657
            ]
          ],
          [
            [
              52.2181784,
              20.983928
            ],
            [
              52.2181861,
              20.9839831
            ],
            [
              52.2181946,
              20.98403
            ],
            [
              52.2182151,
              20.9841094
            ],
            [
              52.2182297,
              20.9841531
            ]
          ],
          [
            [
              52.219493,
              20.9847946
            ],
            [
              52.2196149,
              20.9847037
            ]
          ],
          [
            [
              52.2183413,
              20.9851577
            ],
            [
              52.218385,
              20.9850892
            ],
            [
              52.2184726,
              20.9849522
            ]
          ],
          [
            [
              52.2194092,
              20.9849771
            ],
            [
              52.2194221,
              20.9849315
            ],
            [
              52.2194354,
              20.9848979
            ],
            [
              52.2194536,
              20.9848559
            ],
            [
              52.2194681,
              20.9848286
            ],
            [
              52.219493,
              20.9847946
            ]
          ],
          [
            [
              52.2193341,
              20.9855677
            ],
            [
              52.2193591,
              20.9853896
            ]
          ],
          [
            [
              52.2193125,
              20.985404
            ],
            [
              52.2193341,
              20.9855677
            ]
          ],
          [
            [
              52.2189913,
              20.9849657
            ],
            [
              52.2190473,
              20.9850648
            ],
            [
              52.2191003,
              20.9851215
            ]
          ]
        ]
      }
    },
    {
      "type": "Feature",
      "properties": {
        "name": "Jankowska",
        "highway": "residential"
      },
      "geometry": {
        "type": "MultiLineString",
        "coordinates": [
          [
            [
              52.1952867,
              20.9801405
            ],
            [
              52.1953565,
              20.9801624
            ],
            [
              52.1958296,
              20.9803106
            ],
            [
              52.1958983,
              20.9803344
            ],
            [
              52.1959727,
              20.9803593
            ],
            [
              52.196938,
              20.980697
            ],
            [
              52.1970258,
              20.9807253
            ]
          ],
          [
            [
              52.1942683,
              20.9800528
            ],
            [
              52.1943962,
              20.9801158
            ],
            [
              52.1944505,
              20.9801434
            ],
            [
              52.1945846,
              20.9802114
            ],
            [
              52.194788,
              20.9803145
            ],
            [
              52.1949584,
              20.9803922
            ],
            [
              52.1950173,
              20.980419
            ],
            [
              52.1951509,
              20.9804216
            ],
            [
              52.1952342,
              20.9804232
            ]
          ]
        ]
      }
    },
    {
      "type": "Feature",
      "properties": {
        "name": "Jasielska",
        "highway": "residential"
      },
      "geometry": {
        "type": "MultiLineString",
        "coordinates": [
          [
            [
              52.1983562,
              20.9808194
            ],
            [
              52.1983884,
              20.980831
            ],
            [
              52.1984783,
              20.9808604
            ],
            [
              52.1985164,
              20.9808709
            ],
            [
              52.1985689,
              20.9808883
            ],
            [
              52.1992192,
              20.9811058
            ],
            [
              52.1996588,
              20.981262
            ],
            [
              52.1997466,
              20.9812915
            ]
          ],
          [
            [
              52.1997466,
              20.9812915
            ],
            [
              52.1998035,
              20.9813134
            ],
            [
              52.199927,
              20.9813603
            ],
            [
              52.2001237,
              20.9814311
            ],
            [
              52.2003045,
              20.9814889
            ],
            [
              52.200412,
              20.9815194
            ],
            [
              52.2004965,
              20.9815434
            ],
            [
              52.2008257,
              20.9816346
            ],
            [
              52.2010097,
              20.9816832
            ],
            [
              52.2014098,
              20.9817889
            ]
          ],
          [
            [
              52.2014098,
              20.9817889
            ],
            [
              52.2015752,
              20.9818221
            ],
            [
              52.2016615,
              20.9818404
            ]
          ],
          [
            [
              52.2000591,
              20.981925
            ],
            [
              52.2001119,
              20.98153
            ],
            [
              52.2001237,
              20.9814311
            ]
          ]
        ]
      }
    },
    {
      "type": "Feature",
      "properties": {
        "name": "Geodetów",
        "highway": "residential"
      },
      "geometry": {
        "type": "MultiLineString",
        "coordinates": [
          [
            [
              52.2041741,
              20.9684588
            ],
            [
              52.2044328,
              20.9687588
            ],
            [
              52.2048948,
              20.9692981
            ]
          ],
          [
            [
              52.2048948,
              20.9692981
            ],
            [
              52.2049428,
              20.9693542
            ],
            [
              52.2054109,
              20.9697926
            ],
            [
              52.2054805,
              20.9698563
            ],
            [
              52.2061567,
              20.9704561
            ],
            [
              52.2062107,
              20.9705032
            ],
            [
              52.2062245,
              20.9705152
            ],
            [
              52.206242,
              20.9705305
            ]
          ],
          [
            [
              52.2031857,
              20.9673877
            ],
            [
              52.2032706,
              20.9674604
            ],
            [
              52.2035073,
              20.9676562
            ],
            [
              52.2036286,
              20.9677896
            ],
            [
              52.2037436,
              20.9679328
            ],
            [
              52.2039048,
              20.9681467
            ]
          ],
          [
            [
              52.2039048,
              20.9681467
            ],
            [
              52.2041741,
              20.9684588
            ]
          ]
        ]
      }
    },
    {
      "type": "Feature",
      "properties": {
        "name": "Przy Parku",
        "highway": "residential"
      },
      "geometry": {
        "type": "MultiLineString",
        "coordinates": [
          [
            [
              52.2020786,
              20.9559354
            ],
            [
              52.2021556,
              20.9559582
            ],
            [
              52.2021779,
              20.9559618
            ],
            [
              52.2021964,
              20.9559633
            ],
            [
              52.2022229,
              20.9559625
            ],
            [
              52.202252,
              20.9559585
            ],
            [
              52.2022964,
              20.9559502
            ],
            [
              52.2026014,
              20.9558743
            ],
            [
              52.2027314,
              20.9558366
            ],
            [
              52.203177,
              20.9557075
            ],
            [
              52.203346,
              20.9556659
            ],
            [
              52.2034158,
              20.9556421
            ],
            [
              52.2036882,
              20.955562
            ],
            [
              52.2045593,
              20.9553003
            ],
            [
              52.2052506,
              20.9550922
            ],
            [
              52.2062805,
              20.9547821
            ],
            [
              52.2066595,
              20.954668
            ],
            [
              52.2066995,
              20.9546356
            ],
            [
              52.2067397,
              20.9545942
            ],
            [
              52.2067719,
              20.9545581
            ],
            [
              52.2068053,
              20.9545111
            ]
          ]
        ]
      }
    },
    {
      "type": "Feature",
      "properties": {
        "name": "Figiel",
        "highway": "residential"
      },
      "geometry": {
        "type": "MultiLineString",
        "coordinates": [
          [
            [
              52.2030909,
              20.9534425
            ],
            [
              52.2032148,
              20.9544768
            ],
            [
              52.2032443,
              20.9547501
            ],
            [
              52.2032608,
              20.9549035
            ],
            [
              52.203346,
              20.9556659
            ]
          ]
        ]
      }
    },
    {
      "type": "Feature",
      "properties": {
        "name": "Włodzimierza Kołosa",
        "highway": "service"
      },
      "geometry": {
        "type": "MultiLineString",
        "coordinates": [
          [
            [
              52.2121863,
              20.9832862
            ],
            [
              52.2121881,
              20.9834509
            ],
            [
              52.2121848,
              20.9835868
            ],
            [
              52.2121863,
              20.9837552
            ]
          ],
          [
            [
              52.2121853,
              20.9830439
            ],
            [
              52.2121863,
              20.9832862
            ]
          ],
          [
            [
              52.2121826,
              20.9826933
            ],
            [
              52.2121853,
              20.9830439
            ]
          ],
          [
            [
              52.2121863,
              20.9837552
            ],
            [
              52.2121928,
              20.9841665
            ],
            [
              52.2122049,
              20.9850032
            ],
            [
              52.2122068,
              20.9851322
            ]
          ],
          [
            [
              52.2121821,
              20.9826567
            ],
            [
              52.2121826,
              20.9826933
            ]
          ],
          [
            [
              52.2121795,
              20.982409
            ],
            [
              52.2121802,
              20.9825207
            ],
            [
              52.212181,
              20.9825909
            ],
            [
              52.2121814,
              20.9826324
            ],
            [
              52.2121821,
              20.9826567
            ]
          ]
        ]
      }
    },
    {
      "type": "Feature",
      "properties": {
        "name": "Rokitnicka",
        "highway": "living_street"
      },
      "geometry": {
        "type": "MultiLineString",
        "coordinates": [
          [
            [
              52.2111827,
              20.9901502
            ],
            [
              52.2112455,
              20.9905428
            ],
            [
              52.2113259,
              20.9910066
            ],
            [
              52.2114445,
              20.9917057
            ],
            [
              52.2115778,
              20.9924434
            ],
            [
              52.2116889,
              20.9930576
            ],
            [
              52.2118187,
              20.9938197
            ],
            [
              52.2119004,
              20.9943118
            ],
            [
              52.212142,
              20.9957664
            ],
            [
              52.2122951,
              20.9966884
            ],
            [
              52.2123198,
              20.9968356
            ]
          ],
          [
            [
              52.2111827,
              20.9901502
            ],
            [
              52.2111768,
              20.9900093
            ],
            [
              52.2111641,
              20.9891312
            ],
            [
              52.2111625,
              20.9889788
            ],
            [
              52.2111618,
              20.9888192
            ],
            [
              52.2111673,
              20.9887207
            ],
            [
              52.2111738,
              20.9886214
            ],
            [
              52.2112016,
              20.9884167
            ]
          ]
        ]
      }
    },
    {
      "type": "Feature",
      "properties": {
        "name": "Aleja Niepodległości",
        "highway": "secondary"
      },
      "geometry": {
        "type": "MultiLineString",
        "coordinates": [
          [
            [
              52.2173247,
              21.0048615
            ],
            [
              52.2174763,
              21.0048522
            ]
          ],
          [
            [
              52.2144873,
              21.0055508
            ],
            [
              52.2148486,
              21.005453
            ],
            [
              52.2151909,
              21.0053604
            ],
            [
              52.2157833,
              21.0052172
            ]
          ],
          [
            [
              52.2201378,
              21.004768
            ],
            [
              52.2201492,
              21.004767
            ],
            [
              52.2202032,
              21.0047622
            ],
            [
              52.2202317,
              21.0047597
            ],
            [
              52.220273,
              21.004756
            ],
            [
              52.2203104,
              21.0047525
            ],
            [
              52.2204756,
              21.0047398
            ],
            [
              52.2205665,
              21.0047331
            ],
            [
              52.2209557,
              21.0047158
            ],
            [
              52.2210167,
              21.0047122
            ],
            [
              52.2210518,
              21.0047119
            ],
            [
              52.2210765,
              21.0047125
            ],
            [
              52.2211044,
              21.0047157
            ],
            [
              52.2211804,
              21.0047269
            ],
            [
              52.2212338,
              21.0047312
            ],
            [
              52.2212877,
              21.0047307
            ],
            [
              52.2216631,
              21.0047128
            ],
            [
              52.2217692,
              21.0047006
            ],
            [
              52.2218348,
              21.0046929
            ],
            [
              52.2218899,
              21.0046867
            ],
            [
              52.2219433,
              21.0046832
            ],
            [
              52.2221229,
              21.0046754
            ]
          ],
          [
            [
              52.217827,
              21.0048491
            ],
            [
              52.2179685,
              21.0048541
            ],
            [
              52.2181515,
              21.0048682
            ],
            [
              52.2186659,
              21.0048389
            ],
            [
              52.2188306,
              21.0048306
            ],
            [
              52.2189918,
              21.0048193
            ],
            [
              52.2199481,
              21.0047783
            ],
            [
              52.2201012,
              21.0047693
            ],
            [
              52.2201378,
              21.004768
            ]
          ],
          [
            [
              52.2157833,
              21.0052172
            ],
            [
              52.216137,
              21.0051307
            ],
            [
              52.2164637,
              21.0050524
            ],
            [
              52.2167906,
              21.0049685
            ]
          ],
          [
            [
              52.2117329,
              21.0064731
            ],
            [
              52.2123215,
              21.0062589
            ],
            [
              52.2128483,
              21.0060808
            ],
            [
              52.2131206,
              21.005989
            ],
            [
              52.2144873,
              21.0055508
            ]
          ],
          [
            [
              52.2105776,
              21.0068313
            ],
            [
              52.2107292,
              21.0067876
            ],
            [
              52.2107799,
              21.0067714
            ],
            [
              52.2108329,
              21.0067553
            ],
            [
              52.2117329,
              21.0064731
            ]
          ],
          [
            [
              52.2171203,
              21.0049029
            ],
            [
              52.2173247,
              21.0048615
            ]
          ],
          [
            [
              52.2174763,
              21.0048522
            ],
            [
              52.217827,
              21.0048491
            ]
          ],
          [
            [
              52.2167906,
              21.0049685
            ],
            [
              52.2171203,
              21.0049029
            ]
          ],
          [
            [
              52.2221229,
              21.0046754
            ],
            [
              52.2227683,
              21.0046429
            ],
            [
              52.2228365,
              21.0046392
            ],
            [
              52.222876,
              21.0046371
            ],
            [
              52.2229261,
              21.0046321
            ],
            [
              52.2229875,
              21.0046232
            ],
            [
              52.2230263,
              21.0046172
            ]
          ]
        ]
      }
    },
    {
      "type": "Feature",
      "properties": {
        "name": "Jesionowa",
        "highway": "living_street"
      },
      "geometry": {
        "type": "MultiLineString",
        "coordinates": [
          [
            [
              52.2171872,
              21.0024378
            ],
            [
              52.2172092,
              21.0024344
            ],
            [
              52.2172685,
              21.0024253
            ],
            [
              52.2173086,
              21.0024191
            ],
            [
              52.2178129,
              21.0024285
            ],
            [
              52.2178286,
              21.0024211
            ],
            [
              52.2178394,
              21.0024098
            ],
            [
              52.2178447,
              21.0023965
            ],
            [
              52.2178469,
              21.0023856
            ],
            [
              52.2178827,
              21.001209
            ]
          ]
        ]
      }
    },
    {
      "type": "Feature",
      "properties": {
        "name": "Karola Dickensa",
        "highway": "tertiary"
      },
      "geometry": {
        "type": "MultiLineString",
        "coordinates": [
          [
            [
              52.2044504,
              20.9759213
            ],
            [
              52.2044995,
              20.975775
            ],
            [
              52.204756,
              20.9750042
            ],
            [
              52.2048012,
              20.9748696
            ],
            [
              52.2048469,
              20.9747291
            ],
            [
              52.2051207,
              20.9739048
            ],
            [
              52.2052575,
              20.9734934
            ],
            [
              52.205298,
              20.9733712
            ],
            [
              52.2053394,
              20.9732464
            ],
            [
              52.2056247,
              20.9723881
            ],
            [
              52.2056479,
              20.9723182
            ],
            [
              52.2057128,
              20.9721227
            ]
          ],
          [
            [
              52.2057128,
              20.9721227
            ],
            [
              52.2057562,
              20.9719893
            ],
            [
              52.2057718,
              20.9719415
            ],
            [
              52.2058095,
              20.9718237
            ]
          ],
          [
            [
              52.2070903,
              20.967992
            ],
            [
              52.2071436,
              20.9678266
            ]
          ],
          [
            [
              52.2075038,
              20.9667446
            ],
            [
              52.2075476,
              20.9666144
            ],
            [
              52.2078828,
              20.9655872
            ]
          ],
          [
            [
              52.2078828,
              20.9655872
            ],
            [
              52.2079554,
              20.9653816
            ],
            [
              52.2080989,
              20.9649395
            ],
            [
              52.2082486,
              20.9645028
            ]
          ],
          [
            [
              52.2067503,
              20.9690179
            ],
            [
              52.2069865,
              20.968304
            ]
          ],
          [
            [
              52.2061287,
              20.9708801
            ],
            [
              52.2062002,
              20.9706633
            ],
            [
              52.206242,
              20.9705305
            ]
          ],
          [
            [
              52.2063422,
              20.9702353
            ],
            [
              52.2064366,
              20.9699536
            ],
            [
              52.2067503,
              20.9690179
            ]
          ],
          [
            [
              52.2058095,
              20.9718237
            ],
            [
              52.2058624,
              20.9716699
            ],
            [
              52.2058776,
              20.9716257
            ],
            [
              52.2058981,
              20.9715631
            ],
            [
              52.2059797,
              20.9713239
            ]
          ],
          [
            [
              52.2082486,
              20.9645028
            ],
            [
              52.2083041,
              20.9643325
            ]
          ],
          [
            [
              52.2083041,
              20.9643325
            ],
            [
              52.2083582,
              20.9641699
            ]
          ],
          [
            [
              52.206004,
              20.9712531
            ],
            [
              52.2061287,
              20.9708801
            ]
          ],
          [
            [
              52.2071436,
              20.9678266
            ],
            [
              52.2071684,
              20.9677524
            ],
            [
              52.2073854,
              20.9671049
            ]
          ],
          [
            [
              52.2069865,
              20.968304
            ],
            [
              52.207003,
              20.968254
            ],
            [
              52.2070253,
              20.9681862
            ],
            [
              52.2070903,
              20.967992
            ]
          ],
          [
            [
              52.206242,
              20.9705305
            ],
            [
              52.2062849,
              20.9704063
            ],
            [
              52.2063422,
              20.9702353
            ]
          ],
          [
            [
              52.2083582,
              20.9641699
            ],
            [
              52.2083867,
              20.9639893
            ],
            [
              52.2084126,
              20.9638556
            ]
          ],
          [
            [
              52.2084126,
              20.9638556
            ],
            [
              52.2084233,
              20.9638008
            ],
            [
              52.208431,
              20.963761
            ],
            [
              52.2084458,
              20.9636847
            ],
            [
              52.2084479,
              20.9636376
            ],
            [
              52.2084441,
              20.9635914
            ]
          ],
          [
            [
              52.2083582,
              20.9641699
            ],
            [
              52.2084301,
              20.9640201
            ],
            [
              52.2084517,
              20.9639554
            ],
            [
              52.2084644,
              20.9639065
            ],
            [
              52.2084804,
              20.9638388
            ],
            [
              52.2084901,
              20.9637979
            ],
            [
              52.2084968,
              20.9637696
            ],
            [
              52.2085051,
              20.9637379
            ],
            [
              52.2085148,
              20.9637084
            ],
            [
              52.2085289,
              20.9636776
            ],
            [
              52.208544,
              20.9636468
            ]
          ],
          [
            [
              52.2059797,
              20.9713239
            ],
            [
              52.206004,
              20.9712531
            ]
          ],
          [
            [
              52.2073854,
              20.9671049
            ],
            [
              52.2074669,
              20.9668562
            ],
            [
              52.2075038,
              20.9667446
            ]
          ]
        ]
      }
    },
    {
      "type": "Feature",
      "properties": {
        "name": "Plac Artura Zawiszy",
        "highway": "secondary"
      },
      "geometry": {
        "type": "MultiLineString",
        "coordinates": [
          [
            [
              52.2244124,
              20.9889866
            ],
            [
              52.2245683,
              20.9893911
            ],
            [
              52.2246005,
              20.9894747
            ],
            [
              52.2246382,
              20.9895634
            ]
          ],
          [
            [
              52.2250071,
              20.9886276
            ],
            [
              52.225017,
              20.9886498
            ],
            [
              52.22505,
              20.9887445
            ],
            [
              52.225084,
              20.9888549
            ],
            [
              52.2250865,
              20.9888628
            ],
            [
              52.2250961,
              20.988894
            ],
            [
              52.2250999,
              20.9889066
            ],
            [
              52.2251192,
              20.9889826
            ],
            [
              52.2251415,
              20.9890874
            ],
            [
              52.2251642,
              20.9892095
            ]
          ],
          [
            [
              52.2244124,
              20.9889866
            ],
            [
              52.2245443,
              20.9888347
            ],
            [
              52.2245846,
              20.9887881
            ],
            [
              52.2245915,
              20.9887794
            ],
            [
              52.2246064,
              20.9887607
            ],
            [
              52.2246134,
              20.9887519
            ],
            [
              52.2246653,
              20.9887027
            ],
            [
              52.2247515,
              20.9886564
            ],
            [
              52.2248253,
              20.9886386
            ],
            [
              52.2250071,
              20.9886276
            ]
          ],
          [
            [
              52.2246382,
              20.9895634
            ],
            [
              52.2247199,
              20.9895694
            ],
            [
              52.2247782,
              20.9895725
            ],
            [
              52.224845,
              20.9895634
            ],
            [
              52.2248967,
              20.9895473
            ],
            [
              52.2249174,
              20.9895381
            ],
            [
              52.224923,
              20.9895347
            ],
            [
              52.2249508,
              20.9895134
            ],
            [
              52.224981,
              20.9894862
            ],
            [
              52.2249959,
              20.9894679
            ],
            [
              52.2250103,
              20.9894463
            ],
            [
              52.2250516,
              20.9893784
            ],
            [
              52.2251642,
              20.9892095
            ]
          ]
        ]
      }
    },
    {
      "type": "Feature",
      "properties": {
        "name": "Bitwy Warszawskiej 1920 roku",
        "highway": "secondary"
      },
      "geometry": {
        "type": "MultiLineString",
        "coordinates": [
          [
            [
              52.2158124,
              20.9615132
            ],
            [
              52.2158255,
              20.9613915
            ],
            [
              52.2158448,
              20.9612805
            ],
            [
              52.215865,
              20.9611899
            ],
            [
              52.2158835,
              20.9611282
            ],
            [
              52.2159179,
              20.9610356
            ],
            [
              52.2159929,
              20.9608923
            ]
          ],
          [
            [
              52.2157051,
              20.9626244
            ],
            [
              52.2157314,
              20.962371
            ],
            [
              52.2157661,
              20.962002
            ],
            [
              52.2157762,
              20.9618839
            ],
            [
              52.2158124,
              20.9615132
            ]
          ],
          [
            [
              52.215386,
              20.9642089
            ],
            [
              52.215485,
              20.9638575
            ],
            [
              52.2155265,
              20.9637035
            ],
            [
              52.2155659,
              20.9635472
            ]
          ],
          [
            [
              52.2150409,
              20.9651363
            ],
            [
              52.215121,
              20.9649487
            ],
            [
              52.215201,
              20.964745
            ],
            [
              52.2153622,
              20.9642777
            ]
          ],
          [
            [
              52.2143048,
              20.9672414
            ],
            [
              52.2144626,
              20.9667725
            ],
            [
              52.2147153,
              20.9660503
            ],
            [
              52.2147649,
              20.965909
            ],
            [
              52.2147883,
              20.9658427
            ],
            [
              52.2148696,
              20.9656053
            ],
            [
              52.2150409,
              20.9651363
            ]
          ],
          [
            [
              52.2158886,
              20.9630129
            ],
            [
              52.216142,
              20.9619758
            ],
            [
              52.2161624,
              20.9619005
            ],
            [
              52.2162156,
              20.9617321
            ],
            [
              52.2162438,
              20.9616552
            ]
          ],
          [
            [
              52.2157067,
              20.9636131
            ],
            [
              52.215748,
              20.9634851
            ],
            [
              52.2157863,
              20.9633655
            ],
            [
              52.2158208,
              20.9632523
            ],
            [
              52.2158464,
              20.9631634
            ],
            [
              52.2158886,
              20.9630129
            ]
          ],
          [
            [
              52.2155659,
              20.9635472
            ],
            [
              52.215618,
              20.9633084
            ],
            [
              52.2156436,
              20.9631761
            ],
            [
              52.2156649,
              20.9630414
            ],
            [
              52.2156837,
              20.9628575
            ],
            [
              52.2157051,
              20.9626244
            ]
          ],
          [
            [
              52.215386,
              20.9642089
            ],
            [
              52.2157067,
              20.9636131
            ]
          ],
          [
            [
              52.2153622,
              20.9642777
            ],
            [
              52.215386,
              20.9642089
            ]
          ],
          [
            [
              52.2110417,
              20.976279
            ],
            [
              52.2110603,
              20.9762159
            ],
            [
              52.2110744,
              20.9761681
            ],
            [
              52.211088,
              20.9761238
            ],
            [
              52.2111017,
              20.9760825
            ],
            [
              52.2111252,
              20.976012
            ],
            [
              52.211153,
              20.975932
            ],
            [
              52.2112397,
              20.9756763
            ],
            [
              52.2112768,
              20.9755703
            ],
            [
              52.2113132,
              20.9754696
            ],
            [
              52.2113374,
              20.9754034
            ],
            [
              52.2113594,
              20.9753454
            ],
            [
              52.2113762,
              20.9753019
            ],
            [
              52.2113952,
              20.9752528
            ],
            [
              52.2114163,
              20.9751987
            ],
            [
              52.2114377,
              20.9751457
            ],
            [
              52.2114612,
              20.9750874
            ],
            [
              52.2114868,
              20.9750259
            ],
            [
              52.2116466,
              20.974652
            ]
          ],
          [
            [
              52.2128904,
              20.9712548
            ],
            [
              52.2130308,
              20.9708544
            ],
            [
              52.2130553,
              20.9707844
            ],
            [
              52.2131106,
              20.9706268
            ]
          ],
          [
            [
              52.2116466,
              20.974652
            ],
            [
              52.2118197,
              20.9742464
            ],
            [
              52.2118478,
              20.9741819
            ],
            [
              52.2118732,
              20.9741214
            ],
            [
              52.2118982,
              20.974061
            ],
            [
              52.2119245,
              20.9739944
            ],
            [
              52.2119519,
              20.9739238
            ],
            [
              52.2119759,
              20.9738599
            ],
            [
              52.2119937,
              20.9738113
            ],
            [
              52.2122966,
              20.972948
            ],
            [
              52.21231,
              20.9729098
            ],
            [
              52.2123212,
              20.9728781
            ],
            [
              52.2123926,
              20.9726745
            ]
          ],
          [
            [
              52.2138834,
              20.9684235
            ],
            [
              52.2139513,
              20.9682303
            ],
            [
              52.2139714,
              20.9681731
            ],
            [
              52.21416,
              20.9676573
            ],
            [
              52.214214,
              20.9675095
            ],
            [
              52.2142808,
              20.9673124
            ],
            [
              52.2143048,
              20.9672414
            ]
          ],
          [
            [
              52.2123926,
              20.9726745
            ],
            [
              52.2124607,
              20.9724803
            ],
            [
              52.2124852,
              20.9724104
            ],
            [
              52.2125119,
              20.9723343
            ],
            [
              52.2128904,
              20.9712548
            ]
          ],
          [
            [
              52.2131106,
              20.9706268
            ],
            [
              52.2133482,
              20.9699489
            ],
            [
              52.2134646,
              20.9696169
            ]
          ],
          [
            [
              52.2134646,
              20.9696169
            ],
            [
              52.2135577,
              20.9693514
            ],
            [
              52.2136401,
              20.9691166
            ],
            [
              52.2137898,
              20.9686898
            ],
            [
              52.2138834,
              20.9684235
            ]
          ]
        ]
      }
    },
    {
      "type": "Feature",
      "properties": {
        "name": "Rondo Czterdziestolatka",
        "highway": "secondary"
      },
      "geometry": {
        "type": "MultiLineString",
        "coordinates": [
          [
            [
              52.2278128,
              21.0015138
            ],
            [
              52.227876,
              21.0016896
            ],
            [
              52.2278899,
              21.0017325
            ],
            [
              52.2279038,
              21.0017795
            ],
            [
              52.2279158,
              21.0018295
            ],
            [
              52.2279282,
              21.0018857
            ],
            [
              52.2279414,
              21.0019562
            ],
            [
              52.2279747,
              21.0021454
            ]
          ],
          [
            [
              52.227443,
              21.001731
            ],
            [
              52.2274576,
              21.0018921
            ],
            [
              52.2274651,
              21.0019736
            ],
            [
              52.2274753,
              21.0020531
            ],
            [
              52.2274872,
              21.0021044
            ],
            [
              52.227502,
              21.0021584
            ],
            [
              52.2275191,
              21.0022115
            ],
            [
              52.2275883,
              21.0024248
            ]
          ],
          [
            [
              52.227443,
              21.001731
            ],
            [
              52.2275344,
              21.0016398
            ],
            [
              52.2275575,
              21.0016178
            ],
            [
              52.2275924,
              21.0015894
            ],
            [
              52.2276211,
              21.0015688
            ],
            [
              52.2276455,
              21.001555
            ],
            [
              52.2276707,
              21.0015432
            ],
            [
              52.2277142,
              21.0015279
            ],
            [
              52.2277619,
              21.0015122
            ],
            [
              52.2277857,
              21.0015094
            ],
            [
              52.2278128,
              21.0015138
            ]
          ]
        ]
      }
    },
    {
      "type": "Feature",
      "properties": {
        "name": "Metrykantów",
        "highway": "service"
      },
      "geometry": {
        "type": "MultiLineString",
        "coordinates": [
          [
            [
              52.2091957,
              20.9778368
            ],
            [
              52.209423,
              20.9780557
            ],
            [
              52.2096343,
              20.9782299
            ],
            [
              52.2098278,
              20.9783753
            ],
            [
              52.2098566,
              20.9783969
            ],
            [
              52.2100098,
              20.9784845
            ],
            [
              52.2101731,
              20.9785591
            ],
            [
              52.2102883,
              20.9785983
            ]
          ],
          [
            [
              52.2091386,
              20.9777831
            ],
            [
              52.2091833,
              20.9778251
            ],
            [
              52.2091957,
              20.9778368
            ]
          ],
          [
            [
              52.2090761,
              20.977818
            ],
            [
              52.2090975,
              20.9778219
            ],
            [
              52.2091168,
              20.9778158
            ],
            [
              52.2091386,
              20.9777831
            ]
          ]
        ]
      }
    },
    {
      "type": "Feature",
      "properties": {
        "name": "Lutniowa",
        "highway": "residential"
      },
      "geometry": {
        "type": "MultiLineString",
        "coordinates": [
          [
            [
              52.2004498,
              20.9649558
            ],
            [
              52.2004862,
              20.9649885
            ],
            [
              52.2005828,
              20.9650757
            ],
            [
              52.2008845,
              20.9653483
            ],
            [
              52.2012482,
              20.9656768
            ],
            [
              52.20146,
              20.9658681
            ],
            [
              52.201535,
              20.9659299
            ],
            [
              52.2016408,
              20.9660249
            ],
            [
              52.2017018,
              20.9660787
            ],
            [
              52.2017267,
              20.9660977
            ]
          ],
          [
            [
              52.1988441,
              20.9634262
            ],
            [
              52.1988628,
              20.9634873
            ],
            [
              52.1988901,
              20.9635411
            ],
            [
              52.198919,
              20.9635903
            ],
            [
              52.1989671,
              20.9636405
            ],
            [
              52.1994662,
              20.9640782
            ],
            [
              52.1999661,
              20.964515
            ],
            [
              52.2000054,
              20.9645492
            ],
            [
              52.2000581,
              20.9645809
            ],
            [
              52.2001381,
              20.9646474
            ],
            [
              52.2002086,
              20.9647123
            ]
          ],
          [
            [
              52.2002086,
              20.9647123
            ],
            [
              52.200311,
              20.9648149
            ],
            [
              52.2004185,
              20.9649239
            ],
            [
              52.2004498,
              20.9649558
            ]
          ],
          [
            [
              52.2017267,
              20.9660977
            ],
            [
              52.2017544,
              20.9661101
            ],
            [
              52.2017869,
              20.9661137
            ],
            [
              52.2018152,
              20.9661124
            ],
            [
              52.2018367,
              20.9661088
            ],
            [
              52.2018525,
              20.9661044
            ],
            [
              52.2018699,
              20.966097
            ],
            [
              52.2018968,
              20.9660824
            ]
          ]
        ]
      }
    },
    {
      "type": "Feature",
      "properties": {
        "name": "Drobiazg",
        "highway": "service"
      },
      "geometry": {
        "type": "MultiLineString",
        "coordinates": [
          [
            [
              52.2174029,
              20.9786875
            ],
            [
              52.2177543,
              20.9789931
            ],
            [
              52.2178837,
              20.979104
            ],
            [
              52.2179001,
              20.9791193
            ],
            [
              52.217922,
              20.979129
            ],
            [
              52.2179484,
              20.9791326
            ],
            [
              52.2181032,
              20.9791495
            ],
            [
              52.2181515,
              20.9791548
            ]
          ]
        ]
      }
    },
    {
      "type": "Feature",
      "properties": {
        "name": "Kukiełki",
        "highway": "residential"
      },
      "geometry": {
        "type": "MultiLineString",
        "coordinates": [
          [
            [
              52.2090389,
              20.9554152
            ],
            [
              52.2092071,
              20.9538761
            ]
          ]
        ]
      }
    },
    {
      "type": "Feature",
      "properties": {
        "name": "Filipinki",
        "highway": "residential"
      },
      "geometry": {
        "type": "MultiLineString",
        "coordinates": [
          [
            [
              52.2076211,
              20.9543876
            ],
            [
              52.2087454,
              20.954025
            ],
            [
              52.2092071,
              20.9538761
            ]
          ],
          [
            [
              52.2092071,
              20.9538761
            ],
            [
              52.2092317,
              20.9538399
            ],
            [
              52.2092579,
              20.953814
            ],
            [
              52.2092964,
              20.9537884
            ],
            [
              52.2095655,
              20.9536857
            ]
          ],
          [
            [
              52.2095655,
              20.9536857
            ],
            [
              52.2099364,
              20.953568
            ]
          ]
        ]
      }
    },
    {
      "type": "Feature",
      "properties": {
        "name": "Rondo Bohdana Pniewskiego",
        "highway": "tertiary"
      },
      "geometry": {
        "type": "MultiLineString",
        "coordinates": [
          [
            [
              52.2084288,
              20.963381
            ],
            [
              52.2084376,
              20.9633592
            ],
            [
              52.2084596,
              20.9633239
            ],
            [
              52.2084867,
              20.9633001
            ],
            [
              52.2085167,
              20.9632893
            ],
            [
              52.2085472,
              20.9632923
            ]
          ],
          [
            [
              52.208544,
              20.9636468
            ],
            [
              52.2085626,
              20.9636388
            ],
            [
              52.2085908,
              20.9636142
            ],
            [
              52.2085937,
              20.9636106
            ]
          ],
          [
            [
              52.2084288,
              20.963381
            ],
            [
              52.2084224,
              20.963403
            ],
            [
              52.2084152,
              20.9634521
            ],
            [
              52.2084166,
              20.9635024
            ],
            [
              52.2084265,
              20.9635501
            ],
            [
              52.2084441,
              20.9635914
            ]
          ],
          [
            [
              52.2085472,
              20.9632923
            ],
            [
              52.2085772,
              20.9633099
            ],
            [
              52.2086028,
              20.9633406
            ],
            [
              52.2086219,
              20.9633818
            ],
            [
              52.2086235,
              20.9633867
            ]
          ],
          [
            [
              52.2086235,
              20.9633867
            ],
            [
              52.2086331,
              20.9634301
            ],
            [
              52.2086355,
              20.9634814
            ]
          ],
          [
            [
              52.2085937,
              20.9636106
            ],
            [
              52.2086134,
              20.9635777
            ],
            [
              52.2086288,
              20.9635322
            ],
            [
              52.2086355,
              20.9634814
            ]
          ],
          [
            [
              52.2084441,
              20.9635914
            ],
            [
              52.2084693,
              20.9636245
            ],
            [
              52.2084992,
              20.9636443
            ],
            [
              52.2085312,
              20.9636491
            ],
            [
              52.208544,
              20.9636468
            ]
          ]
        ]
      }
    },
    {
      "type": "Feature",
      "properties": {
        "name": "Aleja Bohaterów Września",
        "highway": "residential"
      },
      "geometry": {
        "type": "MultiLineString",
        "coordinates": [
          [
            [
              52.2090511,
              20.9619611
            ],
            [
              52.20915,
              20.9620005
            ],
            [
              52.2094108,
              20.9621045
            ],
            [
              52.2095108,
              20.9621299
            ],
            [
              52.2095687,
              20.962123
            ],
            [
              52.2096349,
              20.9620998
            ],
            [
              52.2101322,
              20.9619129
            ],
            [
              52.2102663,
              20.9618605
            ],
            [
              52.2106169,
              20.9617236
            ],
            [
              52.2107821,
              20.9616618
            ],
            [
              52.2108125,
              20.9616504
            ],
            [
              52.2108724,
              20.9616241
            ],
            [
              52.2109017,
              20.9615864
            ],
            [
              52.2109212,
              20.9615613
            ],
            [
              52.211021,
              20.9613562
            ],
            [
              52.2110792,
              20.96125
            ],
            [
              52.2111069,
              20.9612102
            ],
            [
              52.2111239,
              20.9611943
            ],
            [
              52.2111512,
              20.9611775
            ],
            [
              52.2112356,
              20.9611287
            ]
          ],
          [
            [
              52.215335,
              20.9606134
            ],
            [
              52.2154054,
              20.9606005
            ]
          ],
          [
            [
              52.2154054,
              20.9606005
            ],
            [
              52.2154333,
              20.9605867
            ],
            [
              52.2154577,
              20.9605606
            ],
            [
              52.2154746,
              20.9605538
            ],
            [
              52.2154998,
              20.960544
            ],
            [
              52.2155863,
              20.9605377
            ]
          ],
          [
            [
              52.2114044,
              20.9610517
            ],
            [
              52.2114856,
              20.9610151
            ],
            [
              52.2116043,
              20.9609681
            ],
            [
              52.2118686,
              20.9609441
            ],
            [
              52.212135,
              20.9609199
            ],
            [
              52.2122996,
              20.9609052
            ],
            [
              52.2125024,
              20.9608871
            ],
            [
              52.2125806,
              20.9608793
            ],
            [
              52.2129075,
              20.9608464
            ],
            [
              52.2131052,
              20.9608266
            ],
            [
              52.2134014,
              20.960799
            ],
            [
              52.2134565,
              20.9607936
            ],
            [
              52.2135625,
              20.9607814
            ],
            [
              52.2137295,
              20.9607674
            ],
            [
              52.2142301,
              20.9607223
            ],
            [
              52.2143509,
              20.9607121
            ],
            [
              52.2144239,
              20.9607056
            ],
            [
              52.2145767,
              20.96069
            ],
            [
              52.2149034,
              20.9606556
            ],
            [
              52.2149238,
              20.9606533
            ],
            [
              52.2150047,
              20.9606451
            ],
            [
              52.2152799,
              20.9606186
            ],
            [
              52.215335,
              20.9606134
            ]
          ]
        ]
      }
    },
    {
      "type": "Feature",
      "properties": {
        "name": "Sadurka",
        "highway": "residential"
      },
      "geometry": {
        "type": "MultiLineString",
        "coordinates": [
          [
            [
              52.2015635,
              20.9635622
            ],
            [
              52.2018455,
              20.9634671
            ],
            [
              52.2027331,
              20.9632336
            ]
          ],
          [
            [
              52.2014735,
              20.9635947
            ],
            [
              52.2015006,
              20.9635845
            ],
            [
              52.2015278,
              20.9635742
            ],
            [
              52.2015635,
              20.9635622
            ]
          ]
        ]
      }
    },
    {
      "type": "Feature",
      "properties": {
        "name": "Stadionowa",
        "highway": "residential"
      },
      "geometry": {
        "type": "MultiLineString",
        "coordinates": [
          [
            [
              52.2097863,
              20.95518
            ],
            [
              52.2097852,
              20.95514
            ],
            [
              52.2099188,
              20.954103
            ]
          ]
        ]
      }
    },
    {
      "type": "Feature",
      "properties": {
        "name": "Referendarska",
        "highway": "residential"
      },
      "geometry": {
        "type": "MultiLineString",
        "coordinates": [
          [
            [
              52.2187924,
              21.0027002
            ],
            [
              52.2188615,
              21.0027038
            ],
            [
              52.2190687,
              21.0027242
            ],
            [
              52.2191268,
              21.0027297
            ],
            [
              52.2191946,
              21.0027362
            ]
          ]
        ]
      }
    },
    {
      "type": "Feature",
      "properties": {
        "name": "Aleja Jana Pawła II",
        "highway": "secondary"
      },
      "geometry": {
        "type": "MultiLineString",
        "coordinates": [
          [
            [
              52.2278128,
              21.0015138
            ],
            [
              52.2278453,
              21.0015208
            ],
            [
              52.2278774,
              21.0015209
            ],
            [
              52.2279201,
              21.0015023
            ],
            [
              52.2279655,
              21.0014781
            ],
            [
              52.2280098,
              21.0014504
            ],
            [
              52.2280592,
              21.0014195
            ],
            [
              52.2287017,
              21.0010108
            ]
          ],
          [
            [
              52.2277046,
              21.0017885
            ],
            [
              52.2295411,
              21.0006136
            ]
          ]
        ]
      }
    },
    {
      "type": "Feature",
      "properties": {
        "name": "Zadumana",
        "highway": "residential"
      },
      "geometry": {
        "type": "MultiLineString",
        "coordinates": [
          [
            [
              52.2048593,
              20.945456
            ],
            [
              52.2048669,
              20.9454866
            ],
            [
              52.2049396,
              20.9457781
            ],
            [
              52.2049773,
              20.945929
            ],
            [
              52.204985,
              20.94596
            ],
            [
              52.205235,
              20.9469924
            ],
            [
              52.2052663,
              20.9471192
            ],
            [
              52.2052804,
              20.9472066
            ],
            [
              52.2052885,
              20.9472924
            ],
            [
              52.2052877,
              20.9473433
            ]
          ],
          [
            [
              52.2044405,
              20.9437704
            ],
            [
              52.2044479,
              20.9438204
            ],
            [
              52.2044558,
              20.9438525
            ],
            [
              52.2044678,
              20.9439011
            ],
            [
              52.2046344,
              20.9445744
            ]
          ],
          [
            [
              52.2046344,
              20.9445744
            ],
            [
              52.2047782,
              20.9451379
            ],
            [
              52.2048505,
              20.9454215
            ],
            [
              52.2048593,
              20.945456
            ]
          ],
          [
            [
              52.2052366,
              20.9475005
            ],
            [
              52.2052566,
              20.9474627
            ],
            [
              52.2052719,
              20.947429
            ],
            [
              52.2052818,
              20.9473863
            ],
            [
              52.2052877,
              20.9473433
            ]
          ]
        ]
      }
    },
    {
      "type": "Feature",
      "properties": {
        "name": "Elizy Orzeszkowej",
        "highway": "residential"
      },
      "geometry": {
        "type": "MultiLineString",
        "coordinates": [
          [
            [
              52.2104723,
              20.9691272
            ],
            [
              52.210559,
              20.9691414
            ],
            [
              52.2111818,
              20.969289
            ],
            [
              52.2112173,
              20.9692974
            ],
            [
              52.211648,
              20.9694058
            ],
            [
              52.2118207,
              20.9694597
            ],
            [
              52.2118644,
              20.969482
            ],
            [
              52.2119491,
              20.9695345
            ],
            [
              52.2119728,
              20.9695565
            ],
            [
              52.2121035,
              20.9696793
            ],
            [
              52.2121397,
              20.9697115
            ],
            [
              52.2124076,
              20.9699646
            ],
            [
              52.2125021,
              20.9700532
            ],
            [
              52.2125269,
              20.9700768
            ]
          ],
          [
            [
              52.2100764,
              20.9690876
            ],
            [
              52.2101034,
              20.9690783
            ],
            [
              52.2101506,
              20.9690686
            ],
            [
              52.2101787,
              20.969069
            ],
            [
              52.2104383,
              20.9691205
            ],
            [
              52.2104723,
              20.9691272
            ]
          ],
          [
            [
              52.2129593,
              20.9704852
            ],
            [
              52.2130284,
              20.9705496
            ],
            [
              52.2131106,
              20.9706268
            ]
          ],
          [
            [
              52.2125269,
              20.9700768
            ],
            [
              52.2127144,
              20.9702543
            ],
            [
              52.2129593,
              20.9704852
            ]
          ]
        ]
      }
    },
    {
      "type": "Feature",
      "properties": {
        "name": "Maksymiliana Tytusa Hubera",
        "highway": "service"
      },
      "geometry": {
        "type": "MultiLineString",
        "coordinates": [
          [
            [
              52.2105785,
              20.9538538
            ],
            [
              52.2106277,
              20.9542387
            ]
          ],
          [
            [
              52.2106277,
              20.9542387
            ],
            [
              52.2107023,
              20.9548339
            ],
            [
              52.21071,
              20.9548951
            ]
          ],
          [
            [
              52.2105295,
              20.9534673
            ],
            [
              52.2105407,
              20.9535559
            ],
            [
              52.2105785,
              20.9538538
            ]
          ]
        ]
      }
    },
    {
      "type": "Feature",
      "properties": {
        "name": "Nowa Hoża",
        "highway": "service"
      },
      "geometry": {
        "type": "MultiLineString",
        "coordinates": [
          [
            [
              52.2116118,
              20.9851204
            ],
            [
              52.2116122,
              20.9850361
            ],
            [
              52.211613,
              20.9848909
            ],
            [
              52.2116096,
              20.9834579
            ],
            [
              52.2116253,
              20.983457
            ],
            [
              52.2121881,
              20.9834509
            ]
          ],
          [
            [
              52.2121863,
              20.9837552
            ],
            [
              52.2122391,
              20.9837528
            ],
            [
              52.2123499,
              20.9837477
            ],
            [
              52.2126089,
              20.9837412
            ],
            [
              52.2129372,
              20.9837404
            ],
            [
              52.2129784,
              20.9837403
            ]
          ]
        ]
      }
    },
    {
      "type": "Feature",
      "properties": {
        "name": "Jana Pawła Woronicza",
        "highway": "tertiary"
      },
      "geometry": {
        "type": "MultiLineString",
        "coordinates": [
          [
            [
              52.1942159,
              20.9826079
            ],
            [
              52.1942552,
              20.982253
            ]
          ]
        ]
      }
    },
    {
      "type": "Feature",
      "properties": {
        "name": "Rondo Artemiego Aroniszydzego",
        "highway": "residential"
      },
      "geometry": {
        "type": "MultiLineString",
        "coordinates": [
          [
            [
              52.211297,
              20.9609431
            ],
            [
              52.2112705,
              20.9609621
            ],
            [
              52.2112492,
              20.9609941
            ],
            [
              52.2112355,
              20.9610356
            ],
            [
              52.2112308,
              20.9610822
            ],
            [
              52.2112356,
              20.9611287
            ],
            [
              52.2112478,
              20.9611666
            ],
            [
              52.2112662,
              20.961197
            ],
            [
              52.2112894,
              20.961217
            ],
            [
              52.2113151,
              20.9612251
            ],
            [
              52.2113412,
              20.9612204
            ],
            [
              52.2113656,
              20.9612029
            ],
            [
              52.2113857,
              20.9611743
            ],
            [
              52.2113995,
              20.9611372
            ],
            [
              52.211406,
              20.9610951
            ],
            [
              52.2114044,
              20.9610517
            ]
          ]
        ]
      }
    },
    {
      "type": "Feature",
      "properties": {
        "name": "Stanowisko przyjazdowe",
        "highway": "service"
      },
      "geometry": {
        "type": "MultiLineString",
        "coordinates": [
          [
            [
              52.2177597,
              20.9635522
            ],
            [
              52.217787,
              20.9636808
            ],
            [
              52.217803,
              20.9637373
            ],
            [
              52.217824,
              20.9637736
            ],
            [
              52.2178436,
              20.963799
            ],
            [
              52.2178638,
              20.9638095
            ],
            [
              52.2178866,
              20.9638145
            ],
            [
              52.2179074,
              20.9638096
            ],
            [
              52.2179469,
              20.9637877
            ]
          ],
          [
            [
              52.2175666,
              20.962613
            ],
            [
              52.2176164,
              20.9627584
            ],
            [
              52.2176711,
              20.9630213
            ],
            [
              52.2177013,
              20.9632333
            ],
            [
              52.2177436,
              20.9634761
            ],
            [
              52.2177597,
              20.9635522
            ]
          ]
        ]
      }
    },
    {
      "type": "Feature",
      "properties": {
        "name": "Stanisława Skarżyńskiego",
        "highway": "residential"
      },
      "geometry": {
        "type": "MultiLineString",
        "coordinates": [
          [
            [
              52.206242,
              20.9705305
            ],
            [
              52.2062781,
              20.9705622
            ],
            [
              52.2063148,
              20.9705944
            ],
            [
              52.2063914,
              20.9706602
            ],
            [
              52.2064504,
              20.9707131
            ],
            [
              52.2067741,
              20.9709948
            ],
            [
              52.2068459,
              20.9710564
            ],
            [
              52.2068758,
              20.9710824
            ],
            [
              52.2072348,
              20.9714001
            ],
            [
              52.2072616,
              20.9714238
            ],
            [
              52.2073769,
              20.9715266
            ],
            [
              52.2075499,
              20.9716799
            ],
            [
              52.2079148,
              20.9720033
            ],
            [
              52.2079655,
              20.9720483
            ],
            [
              52.2080979,
              20.9721656
            ],
            [
              52.2082932,
              20.9723387
            ],
            [
              52.2087754,
              20.972766
            ],
            [
              52.2090545,
              20.9730134
            ],
            [
              52.2092555,
              20.9731911
            ],
            [
              52.209398,
              20.9733182
            ],
            [
              52.209416,
              20.973333
            ],
            [
              52.2095921,
              20.9734718
            ],
            [
              52.2097657,
              20.9736247
            ],
            [
              52.2098975,
              20.9737424
            ],
            [
              52.209938,
              20.9737786
            ]
          ]
        ]
      }
    },
    {
      "type": "Feature",
      "properties": {
        "name": "Szybka",
        "highway": "residential"
      },
      "geometry": {
        "type": "MultiLineString",
        "coordinates": [
          [
            [
              52.2035835,
              20.9429609
            ],
            [
              52.2036063,
              20.9427737
            ],
            [
              52.2036106,
              20.9427338
            ],
            [
              52.2036507,
              20.9423377
            ],
            [
              52.2037003,
              20.9418911
            ]
          ],
          [
            [
              52.2026708,
              20.9438496
            ],
            [
              52.202838,
              20.9437111
            ],
            [
              52.2033085,
              20.9433039
            ],
            [
              52.2034693,
              20.9431678
            ],
            [
              52.2035218,
              20.943105
            ],
            [
              52.203561,
              20.9430476
            ],
            [
              52.2035727,
              20.9430113
            ],
            [
              52.2035835,
              20.9429609
            ]
          ]
        ]
      }
    },
    {
      "type": "Feature",
      "properties": {
        "name": "Aleja Krakowska",
        "highway": "secondary"
      },
      "geometry": {
        "type": "MultiLineString",
        "coordinates": [
          [
            [
              52.1968343,
              20.9643446
            ],
            [
              52.1968681,
              20.9643739
            ],
            [
              52.1969001,
              20.9644017
            ],
            [
              52.1969512,
              20.9644461
            ]
          ]
        ]
      }
    },
    {
      "type": "Feature",
      "properties": {
        "name": "Wahadło",
        "highway": "residential"
      },
      "geometry": {
        "type": "MultiLineString",
        "coordinates": [
          [
            [
              52.2165935,
              20.9710719
            ],
            [
              52.2166504,
              20.9709248
            ],
            [
              52.2166543,
              20.9707915
            ],
            [
              52.2167598,
              20.9705137
            ],
            [
              52.2168069,
              20.9703603
            ]
          ]
        ]
      }
    }
  ]
}