{
  "type": "FeatureCollection",
  "features": [
    {
      "type": "Feature",
      "properties": {
        "name": "Wybrzeże Helskie",
        "highway": "secondary"
      },
      "geometry": {
        "type": "MultiLineString",
        "coordinates": [
          [
            [
              52.2542301,
              21.0217564
            ],
            [
              52.2545959,
              21.021417
            ],
            [
              52.255064,
              21.02098
            ],
            [
              52.2554974,
              21.0205922
            ],
            [
              52.2573043,
              21.0189605
            ],
            [
              52.2573395,
              21.0189286
            ],
            [
              52.2576073,
              21.0186868
            ]
          ],
          [
            [
              52.2606932,
              21.0158836
            ],
            [
              52.2610318,
              21.0156044
            ],
            [
              52.2610657,
              21.0155745
            ],
            [
              52.2610966,
              21.0155473
            ],
            [
              52.2612163,
              21.0154455
            ],
            [
              52.2613006,
              21.0153717
            ],
            [
              52.2613315,
              21.0153446
            ]
          ],
          [
            [
              52.2606932,
              21.0158836
            ],
            [
              52.260915,
              21.015588
            ],
            [
              52.2609665,
              21.0154966
            ],
            [
              52.2609987,
              21.0154294
            ],
            [
              52.2610211,
              21.0153825
            ]
          ],
          [
            [
              52.261681,
              21.0135614
            ],
            [
              52.2617406,
              21.0135086
            ],
            [
              52.262234,
              21.0131266
            ],
            [
              52.2622537,
              21.0131089
            ]
          ],
          [
            [
              52.261165,
              21.0150154
            ],
            [
              52.2611906,
              21.0148812
            ],
            [
              52.2612847,
              21.014478
            ],
            [
              52.2614152,
              21.013949
            ],
            [
              52.2614534,
              21.0138509
            ],
            [
              52.2614863,
              21.0137795
            ],
            [
              52.2615209,
              21.0137242
            ],
            [
              52.2615644,
              21.0136657
            ],
            [
              52.261615,
              21.0136136
            ],
            [
              52.261681,
              21.0135614
            ]
          ],
          [
            [
              52.2613315,
              21.0153446
            ],
            [
              52.2614436,
              21.015214
            ],
            [
              52.2615705,
              21.0150898
            ]
          ],
          [
            [
              52.2535825,
              21.0223314
            ],
            [
              52.2536679,
              21.0222596
            ],
            [
              52.2537466,
              21.0221936
            ],
            [
              52.2537826,
              21.0221633
            ],
            [
              52.2538265,
              21.0221234
            ],
            [
              52.2542301,
              21.0217564
            ]
          ],
          [
            [
              52.2610211,
              21.0153825
            ],
            [
              52.2610785,
              21.0152436
            ],
            [
              52.2611013,
              21.0151841
            ]
          ],
          [
            [
              52.2528176,
              21.0229479
            ],
            [
              52.2531237,
              21.0227014
            ],
            [
              52.253406,
              21.0224742
            ],
            [
              52.2534475,
              21.0224407
            ],
            [
              52.2534842,
              21.0224111
            ],
            [
              52.2535825,
              21.0223314
            ]
          ],
          [
            [
              52.261681,
              21.0135614
            ],
            [
              52.2616372,
              21.0136606
            ],
            [
              52.2616044,
              21.0137463
            ],
            [
              52.261594,
              21.0137837
            ],
            [
              52.2615781,
              21.013851
            ],
            [
              52.2615699,
              21.0139342
            ],
            [
              52.2615722,
              21.0140296
            ],
            [
              52.2616022,
              21.0142343
            ],
            [
              52.2616316,
              21.0144078
            ],
            [
              52.2616824,
              21.0147123
            ]
          ],
          [
            [
              52.2501526,
              21.0252893
            ],
            [
              52.2504236,
              21.0249922
            ],
            [
              52.2507069,
              21.0246803
            ],
            [
              52.2509261,
              21.0244576
            ],
            [
              52.2509759,
              21.024407
            ],
            [
              52.2511095,
              21.0242944
            ],
            [
              52.2516902,
              21.0238332
            ],
            [
              52.2527091,
              21.023033
            ]
          ],
          [
            [
              52.2615705,
              21.0150898
            ],
            [
              52.2616029,
              21.0150479
            ],
            [
              52.2616347,
              21.0149923
            ],
            [
              52.261655,
              21.0149513
            ],
            [
              52.261672,
              21.014897
            ],
            [
              52.2616836,
              21.0148361
            ],
            [
              52.2616881,
              21.0147737
            ],
            [
              52.2616824,
              21.0147123
            ]
          ],
          [
            [
              52.2611013,
              21.0151841
            ],
            [
              52.261165,
              21.0150154
            ]
          ],
          [
            [
              52.2576073,
              21.0186868
            ],
            [
              52.2605692,
              21.0159979
            ],
            [
              52.2605869,
              21.0159818
            ],
            [
              52.2606932,
              21.0158836
            ]
          ],
          [
            [
              52.2527091,
              21.023033
            ],
            [
              52.2528176,
              21.0229479
            ]
          ]
        ]
      }
    },
    {
      "type": "Feature",
      "properties": {
        "name": "Wybrzeże Szczecińskie",
        "highway": "secondary"
      },
      "geometry": {
        "type": "MultiLineString",
        "coordinates": [
          [
            [
              52.2435082,
              21.0383427
            ],
            [
              52.2436157,
              21.0382052
            ]
          ],
          [
            [
              52.2416797,
              21.0394085
            ],
            [
              52.2417899,
              21.0393273
            ],
            [
              52.2419496,
              21.0392097
            ],
            [
              52.242038,
              21.0391501
            ]
          ],
          [
            [
              52.2441392,
              21.0368933
            ],
            [
              52.2442775,
              21.0363269
            ]
          ],
          [
            [
              52.2489818,
              21.0266346
            ],
            [
              52.2491058,
              21.0264714
            ],
            [
              52.2493333,
              21.0262
            ],
            [
              52.2501148,
              21.025332
            ],
            [
              52.2501526,
              21.0252893
            ]
          ],
          [
            [
              52.2460875,
              21.0327371
            ],
            [
              52.246271,
              21.0325036
            ],
            [
              52.2465566,
              21.0320831
            ],
            [
              52.246944,
              21.0315044
            ],
            [
              52.2469838,
              21.0314449
            ],
            [
              52.2471112,
              21.0312519
            ]
          ],
          [
            [
              52.2471112,
              21.0312519
            ],
            [
              52.247682,
              21.0303049
            ],
            [
              52.2477683,
              21.0301589
            ]
          ],
          [
            [
              52.2409335,
              21.0404545
            ],
            [
              52.2410489,
              21.0402919
            ],
            [
              52.2410709,
              21.040261
            ],
            [
              52.2415241,
              21.0395984
            ],
            [
              52.2416132,
              21.0394877
            ],
            [
              52.2416797,
              21.0394085
            ]
          ],
          [
            [
              52.2470798,
              21.0310686
            ],
            [
              52.247705,
              21.0300288
            ],
            [
              52.2477351,
              21.0299626
            ]
          ],
          [
            [
              52.2460875,
              21.0327371
            ],
            [
              52.2462425,
              21.0324079
            ],
            [
              52.2465382,
              21.0319083
            ],
            [
              52.2470798,
              21.0310686
            ]
          ],
          [
            [
              52.2442775,
              21.0363269
            ],
            [
              52.244328,
              21.0360644
            ],
            [
              52.24439,
              21.0358192
            ],
            [
              52.2444579,
              21.0356037
            ],
            [
              52.2445461,
              21.0353707
            ],
            [
              52.2446598,
              21.0351223
            ],
            [
              52.244817,
              21.034848
            ],
            [
              52.2460875,
              21.0327371
            ]
          ],
          [
            [
              52.2485944,
              21.0273923
            ],
            [
              52.2486079,
              21.0273594
            ],
            [
              52.2486293,
              21.0273051
            ],
            [
              52.2486551,
              21.0272394
            ],
            [
              52.2487551,
              21.027024
            ],
            [
              52.2488504,
              21.0268363
            ],
            [
              52.2489818,
              21.0266346
            ]
          ],
          [
            [
              52.2401028,
              21.0412037
            ],
            [
              52.2402787,
              21.0410253
            ],
            [
              52.240306,
              21.040997
            ],
            [
              52.2403371,
              21.0409648
            ],
            [
              52.2404136,
              21.0408854
            ],
            [
              52.2407101,
              21.0406113
            ],
            [
              52.240847,
              21.0405152
            ],
            [
              52.2409335,
              21.0404545
            ]
          ],
          [
            [
              52.2482073,
              21.0285735
            ],
            [
              52.2483394,
              21.028132
            ],
            [
              52.2484237,
              21.0278459
            ],
            [
              52.2484725,
              21.0277085
            ]
          ],
          [
            [
              52.2399681,
              21.0415071
            ],
            [
              52.2402735,
              21.0411869
            ],
            [
              52.2402931,
              21.0411664
            ],
            [
              52.2403228,
              21.0411355
            ],
            [
              52.2403482,
              21.0411069
            ],
            [
              52.2404628,
              21.0409781
            ],
            [
              52.2407604,
              21.0407002
            ],
            [
              52.240771,
              21.0406851
            ],
            [
              52.2409335,
              21.0404545
            ]
          ],
          [
            [
              52.243669,
              21.0384049
            ],
            [
              52.2437546,
              21.0382846
            ],
            [
              52.2438228,
              21.0381804
            ],
            [
              52.2438488,
              21.0381349
            ],
            [
              52.2438719,
              21.0380909
            ],
            [
              52.2439844,
              21.0378554
            ]
          ],
          [
            [
              52.2434521,
              21.038406
            ],
            [
              52.2435082,
              21.0383427
            ]
          ],
          [
            [
              52.2435564,
              21.0385398
            ],
            [
              52.243669,
              21.0384049
            ]
          ],
          [
            [
              52.242038,
              21.0391501
            ],
            [
              52.2421906,
              21.0390682
            ],
            [
              52.2422098,
              21.0390579
            ],
            [
              52.2423442,
              21.0390085
            ],
            [
              52.2424638,
              21.038975
            ],
            [
              52.2425835,
              21.0389573
            ]
          ],
          [
            [
              52.2416797,
              21.0394085
            ],
            [
              52.241774,
              21.0392849
            ],
            [
              52.2419152,
              21.0390999
            ],
            [
              52.242011,
              21.0390276
            ],
            [
              52.2421588,
              21.0389502
            ],
            [
              52.2421654,
              21.0389473
            ],
            [
              52.2423052,
              21.0388853
            ]
          ],
          [
            [
              52.2425835,
              21.0389573
            ],
            [
              52.2427173,
              21.0389524
            ],
            [
              52.242777,
              21.0389518
            ],
            [
              52.2428638,
              21.0389385
            ],
            [
              52.2430338,
              21.0389009
            ],
            [
              52.2431393,
              21.0388598
            ],
            [
              52.2432516,
              21.0387972
            ],
            [
              52.2433485,
              21.0387267
            ],
            [
              52.2433953,
              21.0386928
            ],
            [
              52.2434246,
              21.0386668
            ]
          ],
          [
            [
              52.2423052,
              21.0388853
            ],
            [
              52.2424347,
              21.0388497
            ],
            [
              52.242656,
              21.0388128
            ],
            [
              52.2426688,
              21.0388107
            ],
            [
              52.2427319,
              21.0387996
            ],
            [
              52.2428484,
              21.0387708
            ],
            [
              52.2428872,
              21.0387612
            ],
            [
              52.2430382,
              21.0387045
            ],
            [
              52.2431988,
              21.038611
            ],
            [
              52.243308,
              21.0385296
            ],
            [
              52.2433369,
              21.0385047
            ],
            [
              52.2433665,
              21.038479
            ],
            [
              52.2434521,
              21.038406
            ]
          ],
          [
            [
              52.2439844,
              21.0378554
            ],
            [
              52.2440806,
              21.0376007
            ],
            [
              52.2441433,
              21.0373765
            ],
            [
              52.2441923,
              21.0371469
            ],
            [
              52.2442247,
              21.0369238
            ],
            [
              52.2442775,
              21.0363269
            ]
          ],
          [
            [
              52.2477351,
              21.0299626
            ],
            [
              52.2477758,
              21.0298734
            ],
            [
              52.24784,
              21.0296954
            ],
            [
              52.247886,
              21.0295393
            ],
            [
              52.2479521,
              21.0293025
            ],
            [
              52.247967,
              21.0292491
            ],
            [
              52.2480279,
              21.0290465
            ]
          ],
          [
            [
              52.2480279,
              21.0290465
            ],
            [
              52.2482073,
              21.0285735
            ]
          ],
          [
            [
              52.2477683,
              21.0301589
            ],
            [
              52.2478273,
              21.0300483
            ],
            [
              52.2478686,
              21.0299458
            ],
            [
              52.2479027,
              21.0298416
            ],
            [
              52.2479609,
              21.0296439
            ],
            [
              52.2480304,
              21.0293597
            ],
            [
              52.2480432,
              21.0293074
            ],
            [
              52.2480912,
              21.0291028
            ]
          ],
          [
            [
              52.2436157,
              21.0382052
            ],
            [
              52.243733,
              21.0380258
            ],
            [
              52.2437597,
              21.0379816
            ],
            [
              52.2437995,
              21.037917
            ],
            [
              52.2439195,
              21.0376635
            ],
            [
              52.2439929,
              21.0374715
            ],
            [
              52.2440552,
              21.0372689
            ],
            [
              52.244102,
              21.0370765
            ],
            [
              52.2441392,
              21.0368933
            ]
          ],
          [
            [
              52.2484725,
              21.0277085
            ],
            [
              52.2485944,
              21.0273923
            ]
          ],
          [
            [
              52.2480912,
              21.0291028
            ],
            [
              52.2482073,
              21.0285735
            ]
          ],
          [
            [
              52.2434246,
              21.0386668
            ],
            [
              52.2435564,
              21.0385398
            ]
          ]
        ]
      }
    },
    {
      "type": "Feature",
      "properties": {
        "name": "Most Świętokrzyski",
        "highway": "tertiary"
      },
      "geometry": {
        "type": "MultiLineString",
        "coordinates": [
          [
            [
              52.2406459,
              21.0313402
            ],
            [
              52.2430678,
              21.0368485
            ]
          ],
          [
            [
              52.2429576,
              21.0368356
            ],
            [
              52.2431995,
              21.0374311
            ]
          ],
          [
            [
              52.2432866,
              21.0373303
            ],
            [
              52.2433197,
              21.0374065
            ],
            [
              52.2434541,
              21.0377177
            ],
            [
              52.2435192,
              21.037883
            ],
            [
              52.2435368,
              21.0379345
            ],
            [
              52.2435789,
              21.038072
            ],
            [
              52.2436157,
              21.0382052
            ]
          ],
          [
            [
              52.2405871,
              21.0314197
            ],
            [
              52.2406565,
              21.0315725
            ],
            [
              52.2429576,
              21.0368356
            ]
          ],
          [
            [
              52.2430678,
              21.0368485
            ],
            [
              52.2432866,
              21.0373303
            ]
          ],
          [
            [
              52.243348,
              21.0378278
            ],
            [
              52.243374,
              21.0379045
            ],
            [
              52.2434013,
              21.0379853
            ],
            [
              52.2434184,
              21.0380361
            ],
            [
              52.2435082,
              21.0383427
            ]
          ],
          [
            [
              52.2431995,
              21.0374311
            ],
            [
              52.243348,
              21.0378278
            ]
          ]
        ]
      }
    },
    {
      "type": "Feature",
      "properties": {
        "name": "Zamoście",
        "highway": "tertiary"
      },
      "geometry": {
        "type": "MultiLineString",
        "coordinates": [
          [
            [
              52.2435082,
              21.0383427
            ],
            [
              52.2435564,
              21.0385398
            ]
          ],
          [
            [
              52.2436157,
              21.0382052
            ],
            [
              52.243669,
              21.0384049
            ]
          ],
          [
            [
              52.2437418,
              21.0405343
            ],
            [
              52.2437408,
              21.0409359
            ],
            [
              52.2437487,
              21.041224
            ],
            [
              52.2437766,
              21.0414766
            ],
            [
              52.2438163,
              21.0417015
            ],
            [
              52.2438822,
              21.0419454
            ],
            [
              52.2440006,
              21.0422621
            ],
            [
              52.2440998,
              21.0424648
            ],
            [
              52.2441345,
              21.0425255
            ],
            [
              52.2441595,
              21.0425676
            ],
            [
              52.2442349,
              21.0426739
            ]
          ],
          [
            [
              52.2439184,
              21.0416011
            ],
            [
              52.2439565,
              21.0417608
            ],
            [
              52.2440038,
              21.0419254
            ],
            [
              52.2440567,
              21.0420905
            ],
            [
              52.2441375,
              21.0422648
            ],
            [
              52.2442109,
              21.0424002
            ],
            [
              52.2442369,
              21.0424425
            ],
            [
              52.2443048,
              21.0425425
            ]
          ],
          [
            [
              52.243837,
              21.0394602
            ],
            [
              52.2438483,
              21.0398194
            ],
            [
              52.243847,
              21.0401447
            ],
            [
              52.2438496,
              21.0410251
            ],
            [
              52.2438652,
              21.0412733
            ],
            [
              52.2438904,
              21.0414602
            ],
            [
              52.2439184,
              21.0416011
            ]
          ],
          [
            [
              52.243669,
              21.0384049
            ],
            [
              52.2437036,
              21.038553
            ],
            [
              52.243729,
              21.0386749
            ],
            [
              52.2437388,
              21.0387247
            ],
            [
              52.2437565,
              21.038823
            ],
            [
              52.2437828,
              21.0389838
            ],
            [
              52.2438218,
              21.0392683
            ],
            [
              52.243837,
              21.0394602
            ]
          ],
          [
            [
              52.2435564,
              21.0385398
            ],
            [
              52.2436018,
              21.0387496
            ],
            [
              52.2436112,
              21.0387991
            ],
            [
              52.2436648,
              21.0391015
            ],
            [
              52.2437068,
              21.0394352
            ],
            [
              52.2437349,
              21.0397702
            ],
            [
              52.2437406,
              21.039943
            ],
            [
              52.2437429,
              21.0400892
            ],
            [
              52.2437418,
              21.0405343
            ]
          ]
        ]
      }
    },
    {
      "type": "Feature",
      "properties": {
        "name": "Krowia",
        "highway": "residential"
      },
      "geometry": {
        "type": "MultiLineString",
        "coordinates": [
          [
            [
              52.2486744,
              21.032168
            ],
            [
              52.2487148,
              21.0320997
            ],
            [
              52.2490067,
              21.0316063
            ],
            [
              52.2490241,
              21.0315769
            ],
            [
              52.2490464,
              21.0315397
            ],
            [
              52.2490534,
              21.031528
            ],
            [
              52.2492484,
              21.0312091
            ],
            [
              52.249268,
              21.0311778
            ],
            [
              52.2492964,
              21.0311326
            ]
          ]
        ]
      }
    },
    {
      "type": "Feature",
      "properties": {
        "name": "Stefana Okrzei",
        "highway": "tertiary"
      },
      "geometry": {
        "type": "MultiLineString",
        "coordinates": [
          [
            [
              52.2482073,
              21.0285735
            ],
            [
              52.2482285,
              21.0286888
            ],
            [
              52.2482429,
              21.0287634
            ],
            [
              52.2482611,
              21.0288265
            ],
            [
              52.2482835,
              21.0288891
            ],
            [
              52.2483309,
              21.0290234
            ],
            [
              52.2483558,
              21.0290952
            ]
          ],
          [
            [
              52.2480912,
              21.0291028
            ],
            [
              52.2481209,
              21.0290764
            ],
            [
              52.24816,
              21.0290375
            ],
            [
              52.2482193,
              21.0290185
            ],
            [
              52.2482538,
              21.0290234
            ],
            [
              52.2482984,
              21.0290447
            ],
            [
              52.2483558,
              21.0290952
            ]
          ],
          [
            [
              52.2513126,
              21.0355565
            ],
            [
              52.2513713,
              21.0356813
            ],
            [
              52.251737,
              21.0364585
            ],
            [
              52.2519772,
              21.0369641
            ],
            [
              52.252009,
              21.0370323
            ]
          ],
          [
            [
              52.2483558,
              21.0290952
            ],
            [
              52.248433,
              21.0292567
            ],
            [
              52.2486285,
              21.0296873
            ]
          ],
          [
            [
              52.2509551,
              21.0347634
            ],
            [
              52.2510323,
              21.0349359
            ],
            [
              52.2510739,
              21.0350287
            ],
            [
              52.2512477,
              21.0354163
            ],
            [
              52.2513126,
              21.0355565
            ]
          ],
          [
            [
              52.2498016,
              21.0321878
            ],
            [
              52.2498591,
              21.0323169
            ],
            [
              52.2501242,
              21.0329123
            ],
            [
              52.2501601,
              21.032993
            ],
            [
              52.2504664,
              21.0336776
            ],
            [
              52.2506187,
              21.0340127
            ]
          ],
          [
            [
              52.2493471,
              21.03124
            ],
            [
              52.2494364,
              21.0314099
            ],
            [
              52.2496148,
              21.0317899
            ],
            [
              52.2497518,
              21.0320816
            ],
            [
              52.2498016,
              21.0321878
            ]
          ],
          [
            [
              52.2486965,
              21.0298467
            ],
            [
              52.2487405,
              21.0299396
            ],
            [
              52.2487953,
              21.0300567
            ],
            [
              52.2491191,
              21.0307394
            ]
          ],
          [
            [
              52.252009,
              21.0370323
            ],
            [
              52.2520131,
              21.0371295
            ],
            [
              52.2520248,
              21.0371949
            ],
            [
              52.252043,
              21.0372638
            ],
            [
              52.2520701,
              21.0373364
            ]
          ],
          [
            [
              52.2506187,
              21.0340127
            ],
            [
              52.2506683,
              21.0341325
            ],
            [
              52.2506686,
              21.0341333
            ],
            [
              52.2507163,
              21.0342365
            ],
            [
              52.2507633,
              21.0343353
            ],
            [
              52.2509475,
              21.0347451
            ],
            [
              52.2509551,
              21.0347634
            ]
          ],
          [
            [
              52.2491191,
              21.0307394
            ],
            [
              52.2491835,
              21.0308935
            ],
            [
              52.2492964,
              21.0311326
            ],
            [
              52.2493471,
              21.03124
            ]
          ],
          [
            [
              52.2486285,
              21.0296873
            ],
            [
              52.2486965,
              21.0298467
            ]
          ]
        ]
      }
    },
    {
      "type": "Feature",
      "properties": {
        "name": "Jana Zamoyskiego",
        "highway": "tertiary"
      },
      "geometry": {
        "type": "MultiLineString",
        "coordinates": [
          [
            [
              52.2480263,
              21.040709
            ],
            [
              52.2480346,
              21.0404854
            ],
            [
              52.2480465,
              21.0402667
            ],
            [
              52.2480746,
              21.0400312
            ],
            [
              52.2480935,
              21.0398837
            ],
            [
              52.2481181,
              21.0397215
            ]
          ],
          [
            [
              52.2478483,
              21.0433119
            ],
            [
              52.2478688,
              21.0430305
            ],
            [
              52.2478721,
              21.0429604
            ],
            [
              52.2478777,
              21.0428424
            ],
            [
              52.2478889,
              21.0426035
            ]
          ],
          [
            [
              52.2478361,
              21.043495
            ],
            [
              52.2478483,
              21.0433119
            ]
          ],
          [
            [
              52.2478126,
              21.0421248
            ],
            [
              52.2478169,
              21.0419691
            ],
            [
              52.2478204,
              21.0418504
            ],
            [
              52.2478416,
              21.0416538
            ],
            [
              52.247891,
              21.0413836
            ],
            [
              52.2479156,
              21.0412489
            ]
          ],
          [
            [
              52.2477481,
              21.0454997
            ],
            [
              52.2477659,
              21.0450539
            ],
            [
              52.2477848,
              21.0446186
            ],
            [
              52.247787,
              21.0445669
            ],
            [
              52.2478013,
              21.0441747
            ],
            [
              52.247817,
              21.0438664
            ],
            [
              52.2478184,
              21.04384
            ],
            [
              52.2478218,
              21.0437654
            ],
            [
              52.2478255,
              21.0437005
            ],
            [
              52.2478361,
              21.043495
            ]
          ],
          [
            [
              52.2476518,
              21.0442291
            ],
            [
              52.2476926,
              21.0438274
            ],
            [
              52.2477035,
              21.0437242
            ],
            [
              52.2477102,
              21.0436617
            ]
          ],
          [
            [
              52.2477445,
              21.0432666
            ],
            [
              52.2477672,
              21.0430171
            ]
          ],
          [
            [
              52.2477672,
              21.0430171
            ],
            [
              52.2477705,
              21.0429507
            ],
            [
              52.2477748,
              21.0428673
            ],
            [
              52.2478126,
              21.0421248
            ]
          ],
          [
            [
              52.2478889,
              21.0426035
            ],
            [
              52.2479012,
              21.0423589
            ],
            [
              52.24791,
              21.0421817
            ],
            [
              52.2479401,
              21.041579
            ]
          ],
          [
            [
              52.2477102,
              21.0436617
            ],
            [
              52.2477274,
              21.0434622
            ]
          ],
          [
            [
              52.2479401,
              21.041579
            ],
            [
              52.2479688,
              21.0413278
            ],
            [
              52.2480138,
              21.0409556
            ],
            [
              52.2480219,
              21.0408337
            ],
            [
              52.2480263,
              21.040709
            ]
          ],
          [
            [
              52.2477274,
              21.0434622
            ],
            [
              52.2477445,
              21.0432666
            ]
          ],
          [
            [
              52.2479156,
              21.0412489
            ],
            [
              52.2479646,
              21.0410149
            ],
            [
              52.2480263,
              21.040709
            ]
          ]
        ]
      }
    },
    {
      "type": "Feature",
      "properties": {
        "name": "Aleja „Solidarności”",
        "highway": "secondary"
      },
      "geometry": {
        "type": "MultiLineString",
        "coordinates": [
          [
            [
              52.2633704,
              21.0544837
            ],
            [
              52.2635454,
              21.0548845
            ],
            [
              52.2638056,
              21.0554067
            ],
            [
              52.2639754,
              21.0557077
            ],
            [
              52.2642171,
              21.0560993
            ],
            [
              52.2644307,
              21.0564095
            ]
          ],
          [
            [
              52.2545629,
              21.0347023
            ],
            [
              52.2546139,
              21.0348241
            ],
            [
              52.2546314,
              21.0348659
            ],
            [
              52.2546591,
              21.034932
            ],
            [
              52.2547133,
              21.0350614
            ]
          ],
          [
            [
              52.2536401,
              21.032017
            ],
            [
              52.2536979,
              21.0321528
            ],
            [
              52.253833,
              21.0324107
            ]
          ],
          [
            [
              52.2547474,
              21.0345052
            ],
            [
              52.2547592,
              21.0345577
            ],
            [
              52.2547848,
              21.0346723
            ],
            [
              52.2547942,
              21.0347146
            ],
            [
              52.2548058,
              21.0347667
            ],
            [
              52.254846,
              21.0349466
            ]
          ],
          [
            [
              52.2600427,
              21.0472619
            ],
            [
              52.2601027,
              21.0473995
            ]
          ],
          [
            [
              52.2602129,
              21.0472455
            ],
            [
              52.2602793,
              21.0473912
            ],
            [
              52.2604165,
              21.0476923
            ],
            [
              52.2604829,
              21.0478437
            ]
          ],
          [
            [
              52.2571107,
              21.0401476
            ],
            [
              52.2573284,
              21.0406573
            ],
            [
              52.2573614,
              21.0407296
            ],
            [
              52.257412,
              21.0408404
            ]
          ],
          [
            [
              52.2628491,
              21.0536348
            ],
            [
              52.2636512,
              21.0554252
            ],
            [
              52.2638908,
              21.0558458
            ],
            [
              52.2641317,
              21.0562368
            ]
          ],
          [
            [
              52.2626629,
              21.0528609
            ],
            [
              52.2629449,
              21.0535106
            ]
          ],
          [
            [
              52.2525178,
              21.0302298
            ],
            [
              52.2525276,
              21.0302317
            ],
            [
              52.2525368,
              21.0302374
            ],
            [
              52.2525449,
              21.0302466
            ],
            [
              52.2527282,
              21.0306707
            ],
            [
              52.2529343,
              21.0311467
            ],
            [
              52.2530877,
              21.0315006
            ],
            [
              52.2536103,
              21.0327117
            ]
          ],
          [
            [
              52.252499,
              21.0292516
            ],
            [
              52.2525389,
              21.0293419
            ],
            [
              52.252576,
              21.0294293
            ],
            [
              52.2529257,
              21.0302402
            ],
            [
              52.2529783,
              21.0303893
            ],
            [
              52.2530496,
              21.0306015
            ],
            [
              52.2531101,
              21.0307823
            ]
          ],
          [
            [
              52.2530339,
              21.0309306
            ],
            [
              52.2535184,
              21.0320521
            ],
            [
              52.2536641,
              21.0324343
            ],
            [
              52.2537157,
              21.0325697
            ]
          ],
          [
            [
              52.2537157,
              21.0325697
            ],
            [
              52.2537808,
              21.0327403
            ],
            [
              52.2538044,
              21.0328022
            ],
            [
              52.2538936,
              21.0330393
            ],
            [
              52.2539667,
              21.0332462
            ]
          ],
          [
            [
              52.2613912,
              21.0499538
            ],
            [
              52.2614293,
              21.0500411
            ],
            [
              52.2621302,
              21.0516436
            ],
            [
              52.2622258,
              21.0518558
            ],
            [
              52.2626629,
              21.0528609
            ]
          ],
          [
            [
              52.257412,
              21.0408404
            ],
            [
              52.2580236,
              21.0422396
            ],
            [
              52.2583416,
              21.0429681
            ],
            [
              52.2583604,
              21.0430113
            ],
            [
              52.258874,
              21.0441875
            ],
            [
              52.2589814,
              21.0444391
            ],
            [
              52.2598713,
              21.0464738
            ]
          ],
          [
            [
              52.2559523,
              21.0374967
            ],
            [
              52.2563307,
              21.0383657
            ],
            [
              52.2571107,
              21.0401476
            ]
          ],
          [
            [
              52.2578151,
              21.0421662
            ],
            [
              52.2582205,
              21.0430949
            ],
            [
              52.258764,
              21.0443354
            ],
            [
              52.2592993,
              21.0455548
            ]
          ],
          [
            [
              52.259532,
              21.0460849
            ],
            [
              52.2597111,
              21.0464981
            ]
          ],
          [
            [
              52.2554768,
              21.03681
            ],
            [
              52.2560611,
              21.038137
            ],
            [
              52.2562037,
              21.0384786
            ],
            [
              52.2567572,
              21.0397434
            ],
            [
              52.2569927,
              21.0402846
            ],
            [
              52.2571781,
              21.0407152
            ],
            [
              52.2572102,
              21.0407896
            ],
            [
              52.2575215,
              21.0414906
            ]
          ],
          [
            [
              52.2612915,
              21.0497213
            ],
            [
              52.2613912,
              21.0499538
            ]
          ],
          [
            [
              52.2598713,
              21.0464738
            ],
            [
              52.2599177,
              21.0465854
            ],
            [
              52.2600665,
              21.0469264
            ],
            [
              52.2600872,
              21.0469727
            ],
            [
              52.2601595,
              21.0471283
            ]
          ],
          [
            [
              52.2597111,
              21.0464981
            ],
            [
              52.259924,
              21.0470025
            ],
            [
              52.2599518,
              21.0470655
            ],
            [
              52.2599728,
              21.0471105
            ],
            [
              52.2600427,
              21.0472619
            ]
          ],
          [
            [
              52.254846,
              21.0349466
            ],
            [
              52.2549296,
              21.035145
            ],
            [
              52.2549541,
              21.0352025
            ],
            [
              52.254988,
              21.0352814
            ],
            [
              52.2552712,
              21.0359399
            ]
          ],
          [
            [
              52.2547133,
              21.0350614
            ],
            [
              52.2548063,
              21.0352834
            ],
            [
              52.2548322,
              21.0353425
            ],
            [
              52.2551357,
              21.0360672
            ]
          ],
          [
            [
              52.2543791,
              21.0335703
            ],
            [
              52.2546716,
              21.0342475
            ],
            [
              52.2547224,
              21.0343944
            ],
            [
              52.2547474,
              21.0345052
            ]
          ],
          [
            [
              52.2629449,
              21.0535106
            ],
            [
              52.2629918,
              21.0536229
            ]
          ],
          [
            [
              52.2629918,
              21.0536229
            ],
            [
              52.2631142,
              21.0538925
            ]
          ],
          [
            [
              52.2623934,
              21.0526162
            ],
            [
              52.2628491,
              21.0536348
            ]
          ],
          [
            [
              52.2631142,
              21.0538925
            ],
            [
              52.2633704,
              21.0544837
            ]
          ],
          [
            [
              52.2521665,
              21.0287197
            ],
            [
              52.2521738,
              21.0287874
            ],
            [
              52.2521894,
              21.0288953
            ],
            [
              52.2522052,
              21.0289802
            ],
            [
              52.2522254,
              21.0290583
            ],
            [
              52.2522474,
              21.0291272
            ],
            [
              52.2522928,
              21.0292497
            ]
          ],
          [
            [
              52.2522928,
              21.0292497
            ],
            [
              52.2523953,
              21.0295058
            ],
            [
              52.2527618,
              21.0303638
            ],
            [
              52.2528428,
              21.0305374
            ]
          ],
          [
            [
              52.2523149,
              21.0288818
            ],
            [
              52.252363,
              21.0289697
            ]
          ],
          [
            [
              52.253833,
              21.0324107
            ],
            [
              52.2538966,
              21.0325297
            ],
            [
              52.2539224,
              21.0325882
            ],
            [
              52.25395,
              21.0326544
            ],
            [
              52.2541028,
              21.0330208
            ]
          ],
          [
            [
              52.2552712,
              21.0359399
            ],
            [
              52.2554117,
              21.0362734
            ],
            [
              52.2554946,
              21.0364694
            ],
            [
              52.2555901,
              21.0366771
            ],
            [
              52.2558302,
              21.0372163
            ],
            [
              52.2559523,
              21.0374967
            ]
          ],
          [
            [
              52.2539667,
              21.0332462
            ],
            [
              52.2540957,
              21.0336181
            ],
            [
              52.2544294,
              21.0343953
            ],
            [
              52.2544628,
              21.0344721
            ],
            [
              52.2545629,
              21.0347023
            ]
          ],
          [
            [
              52.2592993,
              21.0455548
            ],
            [
              52.259532,
              21.0460849
            ]
          ],
          [
            [
              52.2551357,
              21.0360672
            ],
            [
              52.2554768,
              21.03681
            ]
          ],
          [
            [
              52.2541028,
              21.0330208
            ],
            [
              52.2541281,
              21.0330815
            ],
            [
              52.2541755,
              21.0331821
            ],
            [
              52.2543791,
              21.0335703
            ]
          ],
          [
            [
              52.252363,
              21.0289697
            ],
            [
              52.2524485,
              21.0291427
            ],
            [
              52.252499,
              21.0292516
            ]
          ],
          [
            [
              52.2606992,
              21.0483396
            ],
            [
              52.2612915,
              21.0497213
            ]
          ],
          [
            [
              52.2604829,
              21.0478437
            ],
            [
              52.2606992,
              21.0483396
            ]
          ],
          [
            [
              52.2601027,
              21.0473995
            ],
            [
              52.2607235,
              21.0488167
            ]
          ],
          [
            [
              52.2607235,
              21.0488167
            ],
            [
              52.2612813,
              21.0500816
            ],
            [
              52.2623934,
              21.0526162
            ]
          ],
          [
            [
              52.2601595,
              21.0471283
            ],
            [
              52.2602129,
              21.0472455
            ]
          ],
          [
            [
              52.2577053,
              21.0419136
            ],
            [
              52.2578151,
              21.0421662
            ]
          ],
          [
            [
              52.2575215,
              21.0414906
            ],
            [
              52.2577053,
              21.0419136
            ]
          ],
          [
            [
              52.2521665,
              21.0287197
            ],
            [
              52.2521938,
              21.0287445
            ],
            [
              52.2522524,
              21.0288027
            ],
            [
              52.2522838,
              21.0288405
            ],
            [
              52.2523149,
              21.0288818
            ]
          ],
          [
            [
              52.2505986,
              21.0250661
            ],
            [
              52.250729,
              21.0253733
            ],
            [
              52.251127,
              21.0262979
            ],
            [
              52.2513365,
              21.0267887
            ],
            [
              52.2515657,
              21.0273223
            ],
            [
              52.2518473,
              21.0279818
            ],
            [
              52.2520612,
              21.0284727
            ],
            [
              52.2521665,
              21.0287197
            ]
          ],
          [
            [
              52.2531101,
              21.0307823
            ],
            [
              52.2536401,
              21.032017
            ]
          ],
          [
            [
              52.2528428,
              21.0305374
            ],
            [
              52.2530339,
              21.0309306
            ]
          ]
        ]
      }
    },
    {
      "type": "Feature",
      "properties": {
        "name": "Most Gdański",
        "highway": "secondary"
      },
      "geometry": {
        "type": "MultiLineString",
        "coordinates": [
          [
            [
              52.2622554,
              21.0142694
            ],
            [
              52.2623524,
              21.014471
            ],
            [
              52.2624082,
              21.0145952
            ],
            [
              52.2624519,
              21.0147039
            ],
            [
              52.2624862,
              21.0148016
            ],
            [
              52.2625221,
              21.0149256
            ],
            [
              52.2627977,
              21.0158482
            ],
            [
              52.2628219,
              21.0159292
            ]
          ],
          [
            [
              52.262136,
              21.0146251
            ],
            [
              52.2621467,
              21.0146886
            ],
            [
              52.2621644,
              21.0147839
            ],
            [
              52.2621809,
              21.0148589
            ],
            [
              52.2622006,
              21.0149389
            ],
            [
              52.2622784,
              21.0152188
            ],
            [
              52.262301,
              21.0152992
            ]
          ],
          [
            [
              52.2620437,
              21.0138479
            ],
            [
              52.2621504,
              21.0140338
            ],
            [
              52.2622003,
              21.0141509
            ],
            [
              52.2622554,
              21.0142694
            ]
          ],
          [
            [
              52.2599468,
              21.0068342
            ],
            [
              52.2602781,
              21.0079393
            ],
            [
              52.2610281,
              21.0104497
            ],
            [
              52.2620437,
              21.0138479
            ]
          ],
          [
            [
              52.2620437,
              21.0138479
            ],
            [
              52.2620647,
              21.0141036
            ]
          ],
          [
            [
              52.2620647,
              21.0141036
            ],
            [
              52.262118,
              21.0144934
            ],
            [
              52.262136,
              21.0146251
            ]
          ]
        ]
      }
    },
    {
      "type": "Feature",
      "properties": {
        "name": "Rondo Stefana Starzyńskiego",
        "highway": "secondary"
      },
      "geometry": {
        "type": "MultiLineString",
        "coordinates": [
          [
            [
              52.2634365,
              21.0210374
            ],
            [
              52.2634793,
              21.0209893
            ],
            [
              52.2635487,
              21.020937
            ],
            [
              52.2635716,
              21.0209235
            ],
            [
              52.2635902,
              21.0209146
            ],
            [
              52.2636259,
              21.0209064
            ],
            [
              52.2636502,
              21.0209044
            ],
            [
              52.2637541,
              21.02092
            ],
            [
              52.2638163,
              21.020942
            ]
          ],
          [
            [
              52.2636624,
              21.022195
            ],
            [
              52.2637829,
              21.0221633
            ],
            [
              52.2638742,
              21.0221167
            ],
            [
              52.2638992,
              21.0220962
            ],
            [
              52.263936,
              21.0220659
            ],
            [
              52.2639539,
              21.0220512
            ],
            [
              52.2640152,
              21.0219684
            ],
            [
              52.2640591,
              21.0218476
            ]
          ],
          [
            [
              52.2640591,
              21.0218476
            ],
            [
              52.2640859,
              21.0217273
            ]
          ],
          [
            [
              52.2633627,
              21.021217
            ],
            [
              52.2633971,
              21.0211162
            ],
            [
              52.2634365,
              21.0210374
            ]
          ],
          [
            [
              52.2640316,
              21.0211659
            ],
            [
              52.2640757,
              21.0212817
            ],
            [
              52.2640901,
              21.0214067
            ],
            [
              52.2640908,
              21.0215359
            ],
            [
              52.2640859,
              21.0217273
            ]
          ],
          [
            [
              52.2638163,
              21.020942
            ],
            [
              52.2639248,
              21.0210317
            ],
            [
              52.2640316,
              21.0211659
            ]
          ],
          [
            [
              52.2633624,
              21.0218684
            ],
            [
              52.2633806,
              21.0219188
            ],
            [
              52.2634052,
              21.0219768
            ],
            [
              52.2634473,
              21.0220586
            ],
            [
              52.2635117,
              21.0221363
            ],
            [
              52.2635579,
              21.0221665
            ],
            [
              52.2636051,
              21.0221876
            ],
            [
              52.2636624,
              21.022195
            ]
          ],
          [
            [
              52.2633624,
              21.0218684
            ],
            [
              52.2633321,
              21.0217258
            ],
            [
              52.2633184,
              21.0215848
            ],
            [
              52.2633177,
              21.0214415
            ],
            [
              52.263333,
              21.021329
            ],
            [
              52.2633627,
              21.021217
            ]
          ]
        ]
      }
    },
    {
      "type": "Feature",
      "properties": {
        "name": "Stefana Starzyńskiego",
        "highway": "secondary"
      },
      "geometry": {
        "type": "MultiLineString",
        "coordinates": [
          [
            [
              52.2644146,
              21.023635
            ],
            [
              52.2650819,
              21.0253177
            ],
            [
              52.2652723,
              21.0258541
            ],
            [
              52.2655162,
              21.0266676
            ]
          ],
          [
            [
              52.2630852,
              21.0181122
            ],
            [
              52.2631688,
              21.0186267
            ],
            [
              52.2631902,
              21.0187668
            ]
          ],
          [
            [
              52.2633553,
              21.0186982
            ],
            [
              52.2635037,
              21.0196522
            ],
            [
              52.2636383,
              21.020505
            ],
            [
              52.2637286,
              21.0210587
            ],
            [
              52.2638251,
              21.0214832
            ],
            [
              52.2639265,
              21.0218272
            ],
            [
              52.2640429,
              21.0221555
            ],
            [
              52.2645634,
              21.0234897
            ]
          ],
          [
            [
              52.2679172,
              21.0357964
            ],
            [
              52.2679601,
              21.035926
            ],
            [
              52.26797,
              21.035951
            ],
            [
              52.2680071,
              21.0360446
            ],
            [
              52.2680616,
              21.0361693
            ],
            [
              52.2681074,
              21.0362529
            ],
            [
              52.2683117,
              21.0365997
            ],
            [
              52.2683773,
              21.0366943
            ],
            [
              52.2685709,
              21.0368785
            ],
            [
              52.2685983,
              21.0369049
            ],
            [
              52.2687474,
              21.0370271
            ]
          ],
          [
            [
              52.2675888,
              21.0342039
            ],
            [
              52.2676285,
              21.0347146
            ],
            [
              52.2676686,
              21.0353561
            ],
            [
              52.2676834,
              21.035547
            ]
          ],
          [
            [
              52.2631747,
              21.0175145
            ],
            [
              52.2633553,
              21.0186982
            ]
          ],
          [
            [
              52.262301,
              21.0152992
            ],
            [
              52.2625828,
              21.0161864
            ],
            [
              52.2626296,
              21.0163336
            ]
          ],
          [
            [
              52.2645634,
              21.0234897
            ],
            [
              52.2654214,
              21.0256724
            ],
            [
              52.2657195,
              21.0265036
            ]
          ],
          [
            [
              52.2655162,
              21.0266676
            ],
            [
              52.265684,
              21.0272094
            ],
            [
              52.2661482,
              21.0287991
            ],
            [
              52.2665502,
              21.0302043
            ],
            [
              52.2666261,
              21.0304696
            ]
          ],
          [
            [
              52.2668971,
              21.0305098
            ],
            [
              52.2669139,
              21.0305695
            ],
            [
              52.2669413,
              21.0306638
            ],
            [
              52.2672487,
              21.0317232
            ],
            [
              52.267365,
              21.032124
            ],
            [
              52.2675293,
              21.0326902
            ]
          ],
          [
            [
              52.2666261,
              21.0304696
            ],
            [
              52.266703,
              21.0307352
            ],
            [
              52.2668331,
              21.0311924
            ],
            [
              52.266938,
              21.0315514
            ],
            [
              52.2669821,
              21.0316907
            ],
            [
              52.267145,
              21.0321547
            ],
            [
              52.2671904,
              21.0322891
            ],
            [
              52.2673417,
              21.0327753
            ]
          ],
          [
            [
              52.2678363,
              21.0362097
            ],
            [
              52.2678662,
              21.0362672
            ],
            [
              52.2679657,
              21.0364664
            ],
            [
              52.2680235,
              21.0365626
            ],
            [
              52.2683364,
              21.0370856
            ],
            [
              52.2683644,
              21.0371418
            ],
            [
              52.2683982,
              21.037223
            ],
            [
              52.2684145,
              21.0372643
            ],
            [
              52.2684832,
              21.0375047
            ]
          ],
          [
            [
              52.2673417,
              21.0327753
            ],
            [
              52.2674035,
              21.0330231
            ],
            [
              52.2674542,
              21.0332397
            ],
            [
              52.2675019,
              21.0334874
            ],
            [
              52.2675293,
              21.0336701
            ],
            [
              52.2675539,
              21.0338494
            ],
            [
              52.267574,
              21.0340264
            ],
            [
              52.2675888,
              21.0342039
            ]
          ],
          [
            [
              52.2675293,
              21.0326902
            ],
            [
              52.2675823,
              21.0329144
            ],
            [
              52.2676247,
              21.0331224
            ],
            [
              52.2676578,
              21.0333136
            ],
            [
              52.2676802,
              21.0334806
            ],
            [
              52.2676984,
              21.0336453
            ],
            [
              52.2677133,
              21.0338153
            ],
            [
              52.2677241,
              21.033965
            ],
            [
              52.2677968,
              21.0351454
            ],
            [
              52.2678099,
              21.0352848
            ],
            [
              52.267831,
              21.0354373
            ],
            [
              52.2678538,
              21.0355643
            ],
            [
              52.2678855,
              21.035691
            ],
            [
              52.2679172,
              21.0357964
            ]
          ],
          [
            [
              52.2657195,
              21.0265036
            ],
            [
              52.2658765,
              21.0270265
            ],
            [
              52.2663399,
              21.0286353
            ]
          ],
          [
            [
              52.2663399,
              21.0286353
            ],
            [
              52.2667669,
              21.0300537
            ],
            [
              52.266788,
              21.0301251
            ]
          ],
          [
            [
              52.2676834,
              21.035547
            ],
            [
              52.2676995,
              21.0357029
            ],
            [
              52.2677226,
              21.0358555
            ],
            [
              52.267756,
              21.0360037
            ],
            [
              52.2677924,
              21.0361128
            ],
            [
              52.2678363,
              21.0362097
            ]
          ],
          [
            [
              52.2626296,
              21.0163336
            ],
            [
              52.2627802,
              21.0168407
            ],
            [
              52.2628933,
              21.0172546
            ],
            [
              52.2630036,
              21.0177115
            ],
            [
              52.2630852,
              21.0181122
            ]
          ],
          [
            [
              52.2631902,
              21.0187668
            ],
            [
              52.2633348,
              21.0197112
            ],
            [
              52.2634725,
              21.0205828
            ],
            [
              52.2635637,
              21.0211504
            ],
            [
              52.2636652,
              21.0216016
            ],
            [
              52.2637768,
              21.021972
            ],
            [
              52.2639008,
              21.0223196
            ],
            [
              52.2644146,
              21.023635
            ]
          ],
          [
            [
              52.2628219,
              21.0159292
            ],
            [
              52.2629168,
              21.0163096
            ],
            [
              52.2630579,
              21.0168753
            ],
            [
              52.2631467,
              21.0173313
            ],
            [
              52.2631747,
              21.0175145
            ]
          ],
          [
            [
              52.266788,
              21.0301251
            ],
            [
              52.2668008,
              21.0301682
            ]
          ],
          [
            [
              52.2668008,
              21.0301682
            ],
            [
              52.2668971,
              21.0305098
            ]
          ]
        ]
      }
    },
    {
      "type": "Feature",
      "properties": {
        "name": "11 Listopada",
        "highway": "tertiary"
      },
      "geometry": {
        "type": "MultiLineString",
        "coordinates": [
          [
            [
              52.2671444,
              21.0379092
            ],
            [
              52.2671798,
              21.037933
            ],
            [
              52.2672379,
              21.0379711
            ],
            [
              52.2673317,
              21.0380345
            ],
            [
              52.2673369,
              21.0380381
            ],
            [
              52.2677539,
              21.0383317
            ],
            [
              52.2679564,
              21.0384666
            ],
            [
              52.2680312,
              21.0385213
            ],
            [
              52.2681504,
              21.0386084
            ],
            [
              52.2683018,
              21.0387057
            ],
            [
              52.2684453,
              21.0388032
            ]
          ],
          [
            [
              52.2643012,
              21.0384735
            ],
            [
              52.2643356,
              21.0384762
            ],
            [
              52.2643695,
              21.0384757
            ],
            [
              52.2644143,
              21.0384713
            ],
            [
              52.2644544,
              21.038463
            ],
            [
              52.2644922,
              21.0384532
            ],
            [
              52.2645364,
              21.0384388
            ],
            [
              52.2647249,
              21.0383823
            ],
            [
              52.2651869,
              21.0382449
            ],
            [
              52.2656643,
              21.0381004
            ],
            [
              52.26658,
              21.0378371
            ]
          ],
          [
            [
              52.2566237,
              21.0332513
            ],
            [
              52.2566704,
              21.0332621
            ],
            [
              52.2566982,
              21.0332733
            ],
            [
              52.256721,
              21.0332825
            ],
            [
              52.2567412,
              21.033295
            ],
            [
              52.2567825,
              21.0333347
            ],
            [
              52.2569697,
              21.0335519
            ],
            [
              52.257125,
              21.0337318
            ],
            [
              52.257278,
              21.0339089
            ],
            [
              52.2573086,
              21.0339496
            ],
            [
              52.257461,
              21.0341522
            ],
            [
              52.2576472,
              21.0343652
            ],
            [
              52.2577694,
              21.034506
            ],
            [
              52.2578836,
              21.034637
            ],
            [
              52.2580119,
              21.0347903
            ],
            [
              52.2580668,
              21.0348537
            ],
            [
              52.2581649,
              21.0349674
            ],
            [
              52.2581939,
              21.0349993
            ]
          ],
          [
            [
              52.2581939,
              21.0349993
            ],
            [
              52.2581978,
              21.0350037
            ],
            [
              52.2583787,
              21.0352031
            ],
            [
              52.2584721,
              21.0353009
            ],
            [
              52.2593172,
              21.0362719
            ],
            [
              52.2594648,
              21.0364414
            ],
            [
              52.2598428,
              21.0368758
            ],
            [
              52.259886,
              21.0369254
            ],
            [
              52.2600131,
              21.0370058
            ],
            [
              52.2602067,
              21.0370772
            ],
            [
              52.2604449,
              21.037188
            ]
          ],
          [
            [
              52.2649059,
              21.0384921
            ],
            [
              52.2650376,
              21.0384522
            ],
            [
              52.2652268,
              21.0383932
            ],
            [
              52.2655932,
              21.0382821
            ],
            [
              52.2664966,
              21.0380079
            ]
          ],
          [
            [
              52.261416,
              21.0375231
            ],
            [
              52.2614618,
              21.037568
            ],
            [
              52.2615338,
              21.0375956
            ],
            [
              52.2619909,
              21.0377685
            ],
            [
              52.2620336,
              21.0377841
            ],
            [
              52.2621435,
              21.0378233
            ]
          ],
          [
            [
              52.2613282,
              21.0374897
            ],
            [
              52.261416,
              21.0375231
            ]
          ],
          [
            [
              52.2630682,
              21.0381789
            ],
            [
              52.2632326,
              21.0382365
            ],
            [
              52.2633447,
              21.0382695
            ],
            [
              52.263518,
              21.0383262
            ]
          ],
          [
            [
              52.2622335,
              21.0377123
            ],
            [
              52.262585,
              21.0378468
            ],
            [
              52.2628875,
              21.0379625
            ],
            [
              52.2630899,
              21.0380399
            ]
          ],
          [
            [
              52.2614877,
              21.037292
            ],
            [
              52.2615536,
              21.0373523
            ],
            [
              52.261619,
              21.0374048
            ],
            [
              52.2616848,
              21.0374522
            ],
            [
              52.261748,
              21.0374907
            ],
            [
              52.2618232,
              21.0375276
            ],
            [
              52.2620556,
              21.0376189
            ]
          ],
          [
            [
              52.2564998,
              21.0332551
            ],
            [
              52.2565312,
              21.033244
            ],
            [
              52.2565642,
              21.0332428
            ],
            [
              52.2566237,
              21.0332513
            ]
          ],
          [
            [
              52.2634523,
              21.0381712
            ],
            [
              52.2636365,
              21.0382368
            ],
            [
              52.2636765,
              21.038251
            ],
            [
              52.2637108,
              21.0382633
            ],
            [
              52.263816,
              21.0383007
            ],
            [
              52.2641542,
              21.0384211
            ],
            [
              52.2643012,
              21.0384735
            ]
          ],
          [
            [
              52.26658,
              21.0378371
            ],
            [
              52.2666257,
              21.0378243
            ],
            [
              52.266765,
              21.0377806
            ],
            [
              52.2668148,
              21.0377621
            ],
            [
              52.2669099,
              21.0377272
            ],
            [
              52.2669586,
              21.0377116
            ],
            [
              52.2669758,
              21.037708
            ],
            [
              52.2669988,
              21.0377032
            ],
            [
              52.2670234,
              21.0377006
            ],
            [
              52.2670606,
              21.0376999
            ],
            [
              52.2671321,
              21.0377003
            ]
          ],
          [
            [
              52.2664966,
              21.0380079
            ],
            [
              52.2667228,
              21.0379391
            ],
            [
              52.2668712,
              21.0378934
            ],
            [
              52.2669224,
              21.0378776
            ],
            [
              52.2669729,
              21.0378668
            ],
            [
              52.2670138,
              21.0378649
            ],
            [
              52.2670568,
              21.0378714
            ],
            [
              52.2670947,
              21.0378834
            ],
            [
              52.2671444,
              21.0379092
            ]
          ],
          [
            [
              52.263518,
              21.0383262
            ],
            [
              52.2637376,
              21.0384044
            ]
          ],
          [
            [
              52.2632542,
              21.0380973
            ],
            [
              52.263426,
              21.0381614
            ],
            [
              52.2634523,
              21.0381712
            ]
          ],
          [
            [
              52.2646871,
              21.0385599
            ],
            [
              52.2649059,
              21.0384921
            ]
          ],
          [
            [
              52.2622563,
              21.0378685
            ],
            [
              52.2623687,
              21.0379123
            ],
            [
              52.2626177,
              21.0380071
            ]
          ],
          [
            [
              52.2626177,
              21.0380071
            ],
            [
              52.2628166,
              21.038083
            ],
            [
              52.2629404,
              21.0381302
            ],
            [
              52.2630682,
              21.0381789
            ]
          ],
          [
            [
              52.2620556,
              21.0376189
            ],
            [
              52.2621536,
              21.0376591
            ],
            [
              52.2621938,
              21.0376824
            ],
            [
              52.2622335,
              21.0377123
            ]
          ],
          [
            [
              52.2630899,
              21.0380399
            ],
            [
              52.2632542,
              21.0380973
            ]
          ],
          [
            [
              52.2637376,
              21.0384044
            ],
            [
              52.2641479,
              21.0385524
            ],
            [
              52.2642657,
              21.038591
            ],
            [
              52.2643169,
              21.0386029
            ],
            [
              52.2643741,
              21.0386109
            ],
            [
              52.2644333,
              21.0386143
            ],
            [
              52.2644828,
              21.0386119
            ],
            [
              52.2645316,
              21.0386034
            ],
            [
              52.2646871,
              21.0385599
            ]
          ],
          [
            [
              52.2607992,
              21.0373206
            ],
            [
              52.2608983,
              21.0373333
            ],
            [
              52.2609401,
              21.0373455
            ],
            [
              52.2611757,
              21.0374328
            ],
            [
              52.2613282,
              21.0374897
            ]
          ],
          [
            [
              52.2604449,
              21.037188
            ],
            [
              52.260695,
              21.0372815
            ],
            [
              52.2607685,
              21.0373091
            ],
            [
              52.2607992,
              21.0373206
            ]
          ],
          [
            [
              52.2671321,
              21.0377003
            ],
            [
              52.2671628,
              21.0377185
            ],
            [
              52.2672022,
              21.0377435
            ],
            [
              52.2672428,
              21.0377685
            ],
            [
              52.2672725,
              21.0377879
            ],
            [
              52.2672934,
              21.0378006
            ],
            [
              52.2673507,
              21.0378354
            ],
            [
              52.2673838,
              21.0378575
            ],
            [
              52.2674164,
              21.0378808
            ],
            [
              52.2674456,
              21.0379044
            ],
            [
              52.267528,
              21.0379713
            ],
            [
              52.2677505,
              21.0381562
            ],
            [
              52.2677923,
              21.0381888
            ]
          ],
          [
            [
              52.2621435,
              21.0378233
            ],
            [
              52.2622563,
              21.0378685
            ]
          ]
        ]
      }
    },
    {
      "type": "Feature",
      "properties": {
        "name": "Odrowąża",
        "highway": "tertiary"
      },
      "geometry": {
        "type": "MultiLineString",
        "coordinates": [
          [
            [
              52.2677923,
              21.0381888
            ],
            [
              52.2679942,
              21.0383331
            ],
            [
              52.2680523,
              21.03837
            ],
            [
              52.2680975,
              21.0383953
            ],
            [
              52.2681316,
              21.0384086
            ],
            [
              52.2681652,
              21.0384154
            ],
            [
              52.2682,
              21.0384121
            ],
            [
              52.2682306,
              21.0384036
            ],
            [
              52.2682622,
              21.038384
            ],
            [
              52.2682902,
              21.0383586
            ],
            [
              52.2683054,
              21.0383368
            ],
            [
              52.2683241,
              21.0383037
            ],
            [
              52.2683417,
              21.0382586
            ],
            [
              52.2683546,
              21.0382163
            ],
            [
              52.2683672,
              21.0381657
            ],
            [
              52.26838,
              21.0381059
            ],
            [
              52.2684487,
              21.0377298
            ],
            [
              52.2684832,
              21.0375047
            ]
          ]
        ]
      }
    },
    {
      "type": "Feature",
      "properties": {
        "name": "Jagiellońska",
        "highway": "secondary"
      },
      "geometry": {
        "type": "MultiLineString",
        "coordinates": [
          [
            [
              52.2732047,
              21.015089
            ],
            [
              52.2735889,
              21.0148303
            ],
            [
              52.2736526,
              21.0147918
            ],
            [
              52.2740156,
              21.0145677
            ],
            [
              52.274151,
              21.014494
            ],
            [
              52.2742326,
              21.0144496
            ]
          ],
          [
            [
              52.2898395,
              21.0032872
            ],
            [
              52.2906721,
              21.0024365
            ],
            [
              52.2908117,
              21.0022974
            ]
          ],
          [
            [
              52.2742038,
              21.0147277
            ],
            [
              52.2742845,
              21.01468
            ]
          ],
          [
            [
              52.2700373,
              21.0171138
            ],
            [
              52.2701765,
              21.0169488
            ],
            [
              52.2705007,
              21.0165756
            ],
            [
              52.2708641,
              21.0162203
            ],
            [
              52.271079,
              21.0160278
            ],
            [
              52.2712286,
              21.0158997
            ]
          ],
          [
            [
              52.2653634,
              21.0209851
            ],
            [
              52.2655029,
              21.0209495
            ]
          ],
          [
            [
              52.2651347,
              21.0208336
            ],
            [
              52.2653246,
              21.0207798
            ],
            [
              52.2653757,
              21.0207635
            ],
            [
              52.2654268,
              21.0207452
            ],
            [
              52.265478,
              21.0207248
            ],
            [
              52.2655257,
              21.0207038
            ]
          ],
          [
            [
              52.2640977,
              21.0216937
            ],
            [
              52.2641613,
              21.0215861
            ],
            [
              52.2642294,
              21.0215075
            ],
            [
              52.2642936,
              21.0214609
            ],
            [
              52.2643273,
              21.0214446
            ],
            [
              52.2646881,
              21.0212696
            ]
          ],
          [
            [
              52.2643142,
              21.0213667
            ],
            [
              52.2647364,
              21.021138
            ],
            [
              52.2648104,
              21.0211081
            ],
            [
              52.2648837,
              21.0210902
            ],
            [
              52.2650709,
              21.0210677
            ]
          ],
          [
            [
              52.2498879,
              21.037312
            ],
            [
              52.2499638,
              21.0372154
            ],
            [
              52.2503197,
              21.0367695
            ],
            [
              52.250683,
              21.0363171
            ],
            [
              52.2507428,
              21.0362434
            ],
            [
              52.2508867,
              21.0360657
            ],
            [
              52.251223,
              21.0356636
            ],
            [
              52.2513126,
              21.0355565
            ]
          ],
          [
            [
              52.2513126,
              21.0355565
            ],
            [
              52.2513988,
              21.0354484
            ],
            [
              52.2516857,
              21.0350909
            ],
            [
              52.2517782,
              21.0349756
            ]
          ],
          [
            [
              52.258881,
              21.0261912
            ],
            [
              52.2592848,
              21.0256941
            ],
            [
              52.2594343,
              21.0255101
            ]
          ],
          [
            [
              52.2621522,
              21.0222173
            ],
            [
              52.2622436,
              21.0221139
            ],
            [
              52.2623581,
              21.0220105
            ],
            [
              52.2624168,
              21.0219691
            ],
            [
              52.2624819,
              21.0219213
            ],
            [
              52.262557,
              21.0218797
            ],
            [
              52.2626259,
              21.0218577
            ]
          ],
          [
            [
              52.2565098,
              21.0291088
            ],
            [
              52.256516,
              21.0291012
            ],
            [
              52.256636,
              21.0289572
            ],
            [
              52.2566635,
              21.0289241
            ],
            [
              52.2566975,
              21.0288822
            ],
            [
              52.2571904,
              21.0282738
            ]
          ],
          [
            [
              52.253833,
              21.0324107
            ],
            [
              52.2539154,
              21.0322995
            ],
            [
              52.253944,
              21.0322642
            ],
            [
              52.253986,
              21.0322126
            ],
            [
              52.2543135,
              21.0318091
            ],
            [
              52.2544098,
              21.0316906
            ]
          ],
          [
            [
              52.2550729,
              21.0308777
            ],
            [
              52.2552677,
              21.0306575
            ],
            [
              52.2556541,
              21.0301808
            ],
            [
              52.256194,
              21.029518
            ],
            [
              52.2563143,
              21.0293447
            ],
            [
              52.2563473,
              21.029304
            ],
            [
              52.2563782,
              21.029267
            ]
          ],
          [
            [
              52.2693741,
              21.0184607
            ],
            [
              52.2700227,
              21.0176912
            ],
            [
              52.2703744,
              21.0172738
            ]
          ],
          [
            [
              52.2704514,
              21.0174496
            ],
            [
              52.2705057,
              21.0173894
            ]
          ],
          [
            [
              52.2703744,
              21.0172738
            ],
            [
              52.2704246,
              21.0172139
            ]
          ],
          [
            [
              52.2705057,
              21.0173894
            ],
            [
              52.2706948,
              21.0171943
            ],
            [
              52.2708046,
              21.017081
            ],
            [
              52.2710422,
              21.0168359
            ],
            [
              52.2711763,
              21.0167096
            ],
            [
              52.2714133,
              21.0164875
            ],
            [
              52.2715912,
              21.016338
            ],
            [
              52.2719769,
              21.0160621
            ],
            [
              52.2726216,
              21.0156956
            ],
            [
              52.2734105,
              21.0152162
            ]
          ],
          [
            [
              52.2663211,
              21.0199742
            ],
            [
              52.2664017,
              21.0199399
            ],
            [
              52.2664657,
              21.0199176
            ],
            [
              52.2665028,
              21.0199039
            ],
            [
              52.2667443,
              21.0198349
            ],
            [
              52.2668752,
              21.0197983
            ],
            [
              52.2670371,
              21.0197309
            ],
            [
              52.2671874,
              21.0196716
            ],
            [
              52.2676305,
              21.0194813
            ],
            [
              52.2677348,
              21.0194327
            ],
            [
              52.2678257,
              21.0193844
            ],
            [
              52.2679143,
              21.0193319
            ],
            [
              52.2680023,
              21.0192768
            ],
            [
              52.2681918,
              21.0191433
            ],
            [
              52.2683927,
              21.0189733
            ],
            [
              52.2686381,
              21.0187585
            ],
            [
              52.2691095,
              21.0182492
            ],
            [
              52.269258,
              21.0180646
            ],
            [
              52.2696378,
              21.0175914
            ],
            [
              52.2700373,
              21.0171138
            ]
          ],
          [
            [
              52.2536103,
              21.0327117
            ],
            [
              52.2537157,
              21.0325697
            ]
          ],
          [
            [
              52.2689082,
              21.0192579
            ],
            [
              52.2694059,
              21.0187215
            ],
            [
              52.2697206,
              21.0183404
            ],
            [
              52.2704514,
              21.0174496
            ]
          ],
          [
            [
              52.267284,
              21.0201936
            ],
            [
              52.2673675,
              21.0201637
            ],
            [
              52.26745,
              21.02013
            ],
            [
              52.2675314,
              21.020092
            ],
            [
              52.2676117,
              21.0200499
            ],
            [
              52.2677663,
              21.0199609
            ],
            [
              52.2678537,
              21.0199081
            ],
            [
              52.2680183,
              21.0197975
            ],
            [
              52.2681676,
              21.0196883
            ],
            [
              52.2683004,
              21.0195817
            ],
            [
              52.2685719,
              21.0193333
            ],
            [
              52.268845,
              21.0190657
            ]
          ],
          [
            [
              52.249341,
              21.0379859
            ],
            [
              52.249536,
              21.0377484
            ],
            [
              52.249767,
              21.0374619
            ],
            [
              52.2498879,
              21.037312
            ]
          ],
          [
            [
              52.2777681,
              21.0125622
            ],
            [
              52.2778665,
              21.0124997
            ]
          ],
          [
            [
              52.2769603,
              21.0130634
            ],
            [
              52.2772125,
              21.0129069
            ],
            [
              52.2777681,
              21.0125622
            ]
          ],
          [
            [
              52.2761531,
              21.0135449
            ],
            [
              52.2765942,
              21.0132818
            ],
            [
              52.2769603,
              21.0130634
            ]
          ],
          [
            [
              52.2872848,
              21.0062236
            ],
            [
              52.2876084,
              21.0058959
            ]
          ],
          [
            [
              52.2843959,
              21.0084939
            ],
            [
              52.285134,
              21.0080699
            ]
          ],
          [
            [
              52.2884564,
              21.0050176
            ],
            [
              52.2889202,
              21.0045297
            ],
            [
              52.2893751,
              21.0040511
            ]
          ],
          [
            [
              52.2893751,
              21.0040511
            ],
            [
              52.289749,
              21.0036578
            ],
            [
              52.2899803,
              21.0034146
            ]
          ],
          [
            [
              52.2881923,
              21.0053019
            ],
            [
              52.2884564,
              21.0050176
            ]
          ],
          [
            [
              52.2850869,
              21.0078496
            ],
            [
              52.2852098,
              21.0077751
            ]
          ],
          [
            [
              52.2842605,
              21.0083451
            ],
            [
              52.2850869,
              21.0078496
            ]
          ],
          [
            [
              52.2878649,
              21.0056407
            ],
            [
              52.2881923,
              21.0053019
            ]
          ],
          [
            [
              52.2871175,
              21.0061152
            ],
            [
              52.2876229,
              21.0055927
            ]
          ],
          [
            [
              52.2859126,
              21.0075415
            ],
            [
              52.2861077,
              21.0073766
            ],
            [
              52.2863031,
              21.0072065
            ],
            [
              52.2865862,
              21.0069503
            ],
            [
              52.2867402,
              21.0067901
            ],
            [
              52.2872848,
              21.0062236
            ]
          ],
          [
            [
              52.285134,
              21.0080699
            ],
            [
              52.285251,
              21.0079992
            ],
            [
              52.2855545,
              21.0078059
            ],
            [
              52.2859126,
              21.0075415
            ]
          ],
          [
            [
              52.2876084,
              21.0058959
            ],
            [
              52.2878649,
              21.0056407
            ]
          ],
          [
            [
              52.2865234,
              21.006736
            ],
            [
              52.2867361,
              21.0065138
            ],
            [
              52.2871175,
              21.0061152
            ]
          ],
          [
            [
              52.2813933,
              21.0101328
            ],
            [
              52.2817762,
              21.0098978
            ],
            [
              52.2818363,
              21.0098556
            ],
            [
              52.2818837,
              21.0098189
            ],
            [
              52.2820034,
              21.0097268
            ],
            [
              52.2820586,
              21.0096842
            ],
            [
              52.2821017,
              21.009654
            ],
            [
              52.2823966,
              21.0094709
            ],
            [
              52.2842605,
              21.0083451
            ]
          ],
          [
            [
              52.2858597,
              21.0073153
            ],
            [
              52.2861517,
              21.0070706
            ],
            [
              52.2865234,
              21.006736
            ]
          ],
          [
            [
              52.2876229,
              21.0055927
            ],
            [
              52.2876971,
              21.0055136
            ],
            [
              52.2878637,
              21.0053316
            ]
          ],
          [
            [
              52.2754308,
              21.0139771
            ],
            [
              52.2761531,
              21.0135449
            ]
          ],
          [
            [
              52.2742326,
              21.0144496
            ],
            [
              52.2743654,
              21.0143772
            ],
            [
              52.2750908,
              21.0139333
            ]
          ],
          [
            [
              52.2742845,
              21.01468
            ],
            [
              52.2745557,
              21.0145137
            ],
            [
              52.2754308,
              21.0139771
            ]
          ],
          [
            [
              52.2734105,
              21.0152162
            ],
            [
              52.273998,
              21.01485
            ],
            [
              52.2740726,
              21.0148102
            ],
            [
              52.2742038,
              21.0147277
            ]
          ],
          [
            [
              52.2704246,
              21.0172139
            ],
            [
              52.2707979,
              21.0168071
            ],
            [
              52.2713143,
              21.0163103
            ],
            [
              52.2719345,
              21.0158632
            ],
            [
              52.2732047,
              21.015089
            ]
          ],
          [
            [
              52.2655029,
              21.0209495
            ],
            [
              52.2661444,
              21.0207823
            ]
          ],
          [
            [
              52.2662966,
              21.0205028
            ],
            [
              52.2663776,
              21.02048
            ]
          ],
          [
            [
              52.2663776,
              21.02048
            ],
            [
              52.2665237,
              21.0204429
            ],
            [
              52.2665597,
              21.0204336
            ],
            [
              52.2666031,
              21.020422
            ],
            [
              52.2667859,
              21.0203662
            ],
            [
              52.266914,
              21.0203239
            ],
            [
              52.267284,
              21.0201936
            ]
          ],
          [
            [
              52.2665264,
              21.0206827
            ],
            [
              52.2665479,
              21.0206774
            ],
            [
              52.2665855,
              21.0206677
            ],
            [
              52.2666897,
              21.0206378
            ],
            [
              52.2668474,
              21.0205885
            ],
            [
              52.2669594,
              21.0205503
            ],
            [
              52.2671025,
              21.0204963
            ],
            [
              52.2672498,
              21.0204348
            ],
            [
              52.267393,
              21.020369
            ],
            [
              52.2675277,
              21.0203015
            ],
            [
              52.2676588,
              21.0202306
            ],
            [
              52.267788,
              21.0201571
            ],
            [
              52.2679128,
              21.0200792
            ],
            [
              52.2680596,
              21.0199793
            ],
            [
              52.2682045,
              21.0198811
            ],
            [
              52.2684306,
              21.0196995
            ]
          ],
          [
            [
              52.2805629,
              21.0108962
            ],
            [
              52.2805984,
              21.0108755
            ],
            [
              52.2807671,
              21.0107771
            ]
          ],
          [
            [
              52.2750908,
              21.0139333
            ],
            [
              52.2756562,
              21.0135897
            ],
            [
              52.2761969,
              21.013239
            ]
          ],
          [
            [
              52.2768852,
              21.0128119
            ],
            [
              52.2771444,
              21.0126527
            ],
            [
              52.2776398,
              21.0123639
            ]
          ],
          [
            [
              52.2761969,
              21.013239
            ],
            [
              52.2765479,
              21.0130212
            ],
            [
              52.2768852,
              21.0128119
            ]
          ],
          [
            [
              52.2778665,
              21.0124997
            ],
            [
              52.2778997,
              21.0124795
            ],
            [
              52.2779359,
              21.0124593
            ],
            [
              52.2782967,
              21.0122329
            ],
            [
              52.2786993,
              21.0119897
            ],
            [
              52.2787292,
              21.0119717
            ],
            [
              52.2787651,
              21.0119499
            ],
            [
              52.2789516,
              21.0118373
            ]
          ],
          [
            [
              52.279727,
              21.011382
            ],
            [
              52.2799264,
              21.0112762
            ],
            [
              52.2800648,
              21.0111982
            ],
            [
              52.2805128,
              21.0109266
            ],
            [
              52.2805629,
              21.0108962
            ]
          ],
          [
            [
              52.2807671,
              21.0107771
            ],
            [
              52.280919,
              21.0106826
            ],
            [
              52.2809524,
              21.0106618
            ],
            [
              52.2812621,
              21.0104691
            ],
            [
              52.2813056,
              21.0104415
            ],
            [
              52.2813434,
              21.0104133
            ],
            [
              52.281473,
              21.010304
            ],
            [
              52.2815092,
              21.0102768
            ],
            [
              52.2815407,
              21.0102527
            ],
            [
              52.2818499,
              21.0100632
            ],
            [
              52.2824723,
              21.0096979
            ],
            [
              52.2843959,
              21.0084939
            ]
          ],
          [
            [
              52.2776398,
              21.0123639
            ],
            [
              52.2778438,
              21.0122375
            ],
            [
              52.2778826,
              21.0122153
            ],
            [
              52.2779307,
              21.0121881
            ],
            [
              52.2782795,
              21.0119805
            ],
            [
              52.2786812,
              21.0117439
            ],
            [
              52.2787156,
              21.0117236
            ],
            [
              52.2787875,
              21.0116813
            ]
          ],
          [
            [
              52.2646881,
              21.0212696
            ],
            [
              52.2649189,
              21.0211613
            ],
            [
              52.2650709,
              21.0210677
            ]
          ],
          [
            [
              52.2684306,
              21.0196995
            ],
            [
              52.2689082,
              21.0192579
            ]
          ],
          [
            [
              52.2852098,
              21.0077751
            ],
            [
              52.2855355,
              21.0075533
            ],
            [
              52.2858597,
              21.0073153
            ]
          ],
          [
            [
              52.268845,
              21.0190657
            ],
            [
              52.2693741,
              21.0184607
            ]
          ],
          [
            [
              52.2517782,
              21.0349756
            ],
            [
              52.2518752,
              21.0348537
            ],
            [
              52.2521886,
              21.0344696
            ],
            [
              52.2525331,
              21.0340464
            ],
            [
              52.2527414,
              21.0337908
            ],
            [
              52.2529533,
              21.03353
            ],
            [
              52.2532388,
              21.0331787
            ]
          ],
          [
            [
              52.2630871,
              21.0218444
            ],
            [
              52.2631477,
              21.0218238
            ],
            [
              52.2631775,
              21.0218167
            ],
            [
              52.263206,
              21.0218126
            ],
            [
              52.2632458,
              21.0218155
            ],
            [
              52.2632836,
              21.0218243
            ],
            [
              52.2633199,
              21.0218406
            ],
            [
              52.2633624,
              21.0218684
            ]
          ],
          [
            [
              52.2640316,
              21.0211659
            ],
            [
              52.2640974,
              21.0212101
            ],
            [
              52.264196,
              21.0212276
            ],
            [
              52.2642532,
              21.0212186
            ],
            [
              52.2642867,
              21.0212068
            ],
            [
              52.2647468,
              21.0209821
            ],
            [
              52.2649762,
              21.0208833
            ],
            [
              52.2650061,
              21.0208743
            ],
            [
              52.2651347,
              21.0208336
            ]
          ],
          [
            [
              52.2571904,
              21.0282738
            ],
            [
              52.2574454,
              21.0279597
            ],
            [
              52.2574825,
              21.0279141
            ],
            [
              52.2575366,
              21.0278484
            ],
            [
              52.2575903,
              21.0277833
            ],
            [
              52.2577621,
              21.0275731
            ]
          ],
          [
            [
              52.2481181,
              21.0397215
            ],
            [
              52.2481397,
              21.0396119
            ],
            [
              52.2481677,
              21.0395135
            ],
            [
              52.2481994,
              21.0394375
            ],
            [
              52.2482349,
              21.0393643
            ],
            [
              52.2482813,
              21.0392923
            ],
            [
              52.248589,
              21.0389142
            ],
            [
              52.2491045,
              21.0382735
            ],
            [
              52.2491645,
              21.0382001
            ],
            [
              52.249341,
              21.0379859
            ]
          ],
          [
            [
              52.2899803,
              21.0034146
            ],
            [
              52.2902167,
              21.0031659
            ],
            [
              52.2905541,
              21.0028136
            ],
            [
              52.2906642,
              21.0027023
            ],
            [
              52.2907395,
              21.0026427
            ],
            [
              52.2907962,
              21.0026054
            ]
          ],
          [
            [
              52.2878637,
              21.0053316
            ],
            [
              52.2892958,
              21.0038512
            ],
            [
              52.289408,
              21.0037324
            ]
          ],
          [
            [
              52.2532388,
              21.0331787
            ],
            [
              52.2535169,
              21.0328354
            ],
            [
              52.2535511,
              21.0327931
            ],
            [
              52.253583,
              21.0327492
            ],
            [
              52.2536103,
              21.0327117
            ]
          ],
          [
            [
              52.2630302,
              21.0217365
            ],
            [
              52.2630727,
              21.0217226
            ],
            [
              52.2631554,
              21.0216959
            ],
            [
              52.2631837,
              21.0216822
            ],
            [
              52.2632117,
              21.0216625
            ],
            [
              52.2632356,
              21.0216359
            ],
            [
              52.2632564,
              21.0216001
            ],
            [
              52.2632724,
              21.0215528
            ],
            [
              52.2632834,
              21.0214994
            ],
            [
              52.2633087,
              21.0213664
            ],
            [
              52.2633317,
              21.0212872
            ],
            [
              52.2633627,
              21.021217
            ]
          ],
          [
            [
              52.2626259,
              21.0218577
            ],
            [
              52.2630302,
              21.0217365
            ]
          ],
          [
            [
              52.2621522,
              21.0222173
            ],
            [
              52.262245,
              21.0221691
            ],
            [
              52.2623839,
              21.022114
            ],
            [
              52.262537,
              21.0220385
            ],
            [
              52.2627147,
              21.0219646
            ],
            [
              52.2629516,
              21.0218883
            ],
            [
              52.2630446,
              21.0218588
            ],
            [
              52.2630871,
              21.0218444
            ]
          ],
          [
            [
              52.2594343,
              21.0255101
            ],
            [
              52.2595285,
              21.0253933
            ],
            [
              52.2595654,
              21.0253483
            ],
            [
              52.2596649,
              21.0252448
            ],
            [
              52.2597204,
              21.0251871
            ],
            [
              52.2599819,
              21.0248635
            ],
            [
              52.2602063,
              21.024588
            ],
            [
              52.260416,
              21.0243315
            ],
            [
              52.2605221,
              21.0241986
            ],
            [
              52.2606265,
              21.0240466
            ],
            [
              52.2606985,
              21.0239579
            ],
            [
              52.2608785,
              21.0237428
            ],
            [
              52.2609305,
              21.0236867
            ],
            [
              52.2610028,
              21.0236088
            ],
            [
              52.2619374,
              21.0224629
            ],
            [
              52.2620691,
              21.0223083
            ],
            [
              52.2621522,
              21.0222173
            ]
          ],
          [
            [
              52.2640859,
              21.0217273
            ],
            [
              52.2640977,
              21.0216937
            ]
          ],
          [
            [
              52.2537903,
              21.0324686
            ],
            [
              52.253833,
              21.0324107
            ]
          ],
          [
            [
              52.2650709,
              21.0210677
            ],
            [
              52.2653634,
              21.0209851
            ]
          ],
          [
            [
              52.2661444,
              21.0207823
            ],
            [
              52.2661839,
              21.020772
            ],
            [
              52.2665264,
              21.0206827
            ]
          ],
          [
            [
              52.2655257,
              21.0207038
            ],
            [
              52.2662966,
              21.0205028
            ]
          ],
          [
            [
              52.2537157,
              21.0325697
            ],
            [
              52.2537245,
              21.0325577
            ],
            [
              52.2537664,
              21.0325008
            ],
            [
              52.2537903,
              21.0324686
            ]
          ],
          [
            [
              52.2563782,
              21.029267
            ],
            [
              52.2564703,
              21.0291563
            ],
            [
              52.2564908,
              21.0291316
            ],
            [
              52.2565016,
              21.0291186
            ],
            [
              52.2565098,
              21.0291088
            ]
          ],
          [
            [
              52.2577621,
              21.0275731
            ],
            [
              52.2581621,
              21.0270794
            ],
            [
              52.2587345,
              21.0263721
            ],
            [
              52.2587745,
              21.0263227
            ],
            [
              52.2588121,
              21.0262762
            ],
            [
              52.258881,
              21.0261912
            ]
          ],
          [
            [
              52.2544098,
              21.0316906
            ],
            [
              52.2545256,
              21.0315509
            ],
            [
              52.2546293,
              21.0314259
            ]
          ],
          [
            [
              52.2640977,
              21.0216937
            ],
            [
              52.2641453,
              21.0215422
            ],
            [
              52.2642117,
              21.0214441
            ],
            [
              52.2642814,
              21.0213879
            ],
            [
              52.2643142,
              21.0213667
            ]
          ],
          [
            [
              52.2546293,
              21.0314259
            ],
            [
              52.2550729,
              21.0308777
            ]
          ],
          [
            [
              52.289408,
              21.0037324
            ],
            [
              52.2897302,
              21.0033912
            ],
            [
              52.2898395,
              21.0032872
            ]
          ],
          [
            [
              52.2789516,
              21.0118373
            ],
            [
              52.2795692,
              21.0114679
            ],
            [
              52.279727,
              21.011382
            ]
          ],
          [
            [
              52.2796238,
              21.0111702
            ],
            [
              52.2797026,
              21.0111288
            ],
            [
              52.2799148,
              21.011035
            ],
            [
              52.279975,
              21.0110037
            ],
            [
              52.2800697,
              21.010948
            ],
            [
              52.280406,
              21.0107433
            ],
            [
              52.2805083,
              21.0106817
            ],
            [
              52.2805452,
              21.0106595
            ],
            [
              52.2807212,
              21.0105535
            ]
          ],
          [
            [
              52.2789507,
              21.011584
            ],
            [
              52.2796238,
              21.0111702
            ]
          ],
          [
            [
              52.2787875,
              21.0116813
            ],
            [
              52.2789507,
              21.011584
            ]
          ],
          [
            [
              52.2807212,
              21.0105535
            ],
            [
              52.2808686,
              21.0104613
            ],
            [
              52.2809054,
              21.0104382
            ],
            [
              52.2809434,
              21.0104144
            ],
            [
              52.2813933,
              21.0101328
            ]
          ]
        ]
      }
    },
    {
      "type": "Feature",
      "properties": {
        "name": "Zatylna",
        "highway": "secondary"
      },
      "geometry": {
        "type": "MultiLineString",
        "coordinates": [
          [
            [
              52.2650204,
              21.0204308
            ],
            [
              52.2650961,
              21.0204975
            ],
            [
              52.2651769,
              21.0205697
            ],
            [
              52.2652139,
              21.0205989
            ],
            [
              52.2652598,
              21.0206327
            ],
            [
              52.2653201,
              21.0206632
            ],
            [
              52.2655257,
              21.0207038
            ]
          ],
          [
            [
              52.2622537,
              21.0131089
            ],
            [
              52.262331,
              21.0130178
            ],
            [
              52.26239,
              21.0129715
            ],
            [
              52.2624609,
              21.0129301
            ],
            [
              52.2625013,
              21.012909
            ],
            [
              52.2625545,
              21.0128945
            ],
            [
              52.2625924,
              21.0128925
            ],
            [
              52.2626607,
              21.012904
            ],
            [
              52.2627178,
              21.0129305
            ],
            [
              52.2627533,
              21.0129529
            ],
            [
              52.2628343,
              21.0130438
            ],
            [
              52.2628829,
              21.0131262
            ],
            [
              52.2629206,
              21.0132118
            ],
            [
              52.2629395,
              21.0132861
            ],
            [
              52.262951,
              21.013367
            ],
            [
              52.2629619,
              21.0136819
            ],
            [
              52.2629646,
              21.01412
            ]
          ],
          [
            [
              52.2651347,
              21.0208336
            ],
            [
              52.2651911,
              21.0209234
            ],
            [
              52.2652472,
              21.0209593
            ],
            [
              52.2653634,
              21.0209851
            ]
          ],
          [
            [
              52.2643801,
              21.0198541
            ],
            [
              52.2644205,
              21.019939
            ],
            [
              52.2644604,
              21.0200042
            ],
            [
              52.2645194,
              21.0200858
            ],
            [
              52.2645905,
              21.0201699
            ],
            [
              52.2648411,
              21.0203943
            ],
            [
              52.2649436,
              21.0204915
            ],
            [
              52.2649641,
              21.0205109
            ],
            [
              52.265001,
              21.0205467
            ],
            [
              52.2650244,
              21.0205867
            ],
            [
              52.2650494,
              21.0206383
            ],
            [
              52.2650657,
              21.0206728
            ],
            [
              52.2651347,
              21.0208336
            ]
          ],
          [
            [
              52.2636635,
              21.0167325
            ],
            [
              52.263722,
              21.0169275
            ],
            [
              52.2638983,
              21.0175431
            ]
          ],
          [
            [
              52.2629739,
              21.0143157
            ],
            [
              52.2630275,
              21.0145233
            ],
            [
              52.2630445,
              21.0145921
            ],
            [
              52.2630693,
              21.014694
            ],
            [
              52.2636635,
              21.0167325
            ]
          ],
          [
            [
              52.2638983,
              21.0175431
            ],
            [
              52.2644981,
              21.0196181
            ],
            [
              52.2645448,
              21.0197825
            ],
            [
              52.2645814,
              21.0198896
            ],
            [
              52.2646339,
              21.0200013
            ],
            [
              52.2646857,
              21.0200892
            ],
            [
              52.2647209,
              21.0201354
            ],
            [
              52.2647806,
              21.0202117
            ],
            [
              52.2648856,
              21.0203051
            ],
            [
              52.2649912,
              21.0204036
            ],
            [
              52.2650204,
              21.0204308
            ]
          ],
          [
            [
              52.2622537,
              21.0131089
            ],
            [
              52.2623148,
              21.0130895
            ],
            [
              52.2623611,
              21.0130804
            ],
            [
              52.2624017,
              21.0130814
            ],
            [
              52.2624225,
              21.0130841
            ],
            [
              52.2624573,
              21.0130926
            ],
            [
              52.2624994,
              21.0131112
            ],
            [
              52.2625709,
              21.0131602
            ],
            [
              52.2626402,
              21.0132234
            ],
            [
              52.2627357,
              21.0133373
            ]
          ],
          [
            [
              52.2629646,
              21.01412
            ],
            [
              52.2629739,
              21.0143157
            ]
          ],
          [
            [
              52.2629739,
              21.0143157
            ],
            [
              52.2629712,
              21.0144466
            ],
            [
              52.2629692,
              21.0145456
            ],
            [
              52.2629715,
              21.0146156
            ],
            [
              52.2629837,
              21.0149765
            ],
            [
              52.262997,
              21.0151541
            ],
            [
              52.2630275,
              21.0153226
            ],
            [
              52.2643339,
              21.0197283
            ],
            [
              52.2643801,
              21.0198541
            ]
          ],
          [
            [
              52.2627357,
              21.0133373
            ],
            [
              52.2627715,
              21.0134004
            ],
            [
              52.2628254,
              21.0135049
            ],
            [
              52.262866,
              21.0135976
            ],
            [
              52.2629002,
              21.0137008
            ],
            [
              52.2629233,
              21.0138086
            ],
            [
              52.2629646,
              21.01412
            ]
          ]
        ]
      }
    },
    {
      "type": "Feature",
      "properties": {
        "name": "Ratuszowa",
        "highway": "tertiary"
      },
      "geometry": {
        "type": "MultiLineString",
        "coordinates": [
          [
            [
              52.2535825,
              21.0223314
            ],
            [
              52.2536598,
              21.0225148
            ],
            [
              52.2536824,
              21.0225685
            ],
            [
              52.25371,
              21.0226341
            ],
            [
              52.2537582,
              21.0227486
            ]
          ],
          [
            [
              52.2565098,
              21.0291088
            ],
            [
              52.2565325,
              21.0291634
            ],
            [
              52.2565647,
              21.0292407
            ],
            [
              52.256588,
              21.0292927
            ],
            [
              52.256612,
              21.0293462
            ],
            [
              52.2567551,
              21.0296576
            ],
            [
              52.2570235,
              21.0302451
            ],
            [
              52.2573198,
              21.0308911
            ],
            [
              52.2573773,
              21.0310161
            ]
          ],
          [
            [
              52.2577402,
              21.0318388
            ],
            [
              52.25775,
              21.0318628
            ],
            [
              52.257783,
              21.031944
            ],
            [
              52.2579071,
              21.0322178
            ],
            [
              52.2579638,
              21.0323623
            ]
          ],
          [
            [
              52.2594088,
              21.0347445
            ],
            [
              52.2600302,
              21.0355302
            ],
            [
              52.2602178,
              21.0357645
            ],
            [
              52.2602306,
              21.0357804
            ],
            [
              52.2603612,
              21.0359448
            ],
            [
              52.2606055,
              21.0362523
            ],
            [
              52.2608485,
              21.0365562
            ],
            [
              52.2609485,
              21.0366851
            ],
            [
              52.2610214,
              21.0367756
            ]
          ],
          [
            [
              52.2610214,
              21.0367756
            ],
            [
              52.2612702,
              21.0370786
            ]
          ],
          [
            [
              52.2545942,
              21.0246718
            ],
            [
              52.2547289,
              21.0249899
            ],
            [
              52.255501,
              21.0267959
            ],
            [
              52.2556286,
              21.0270891
            ],
            [
              52.2558504,
              21.0275824
            ],
            [
              52.2560211,
              21.0279531
            ],
            [
              52.2562623,
              21.0284908
            ]
          ],
          [
            [
              52.2612702,
              21.0370786
            ],
            [
              52.2613437,
              21.037126
            ],
            [
              52.2613904,
              21.0371854
            ],
            [
              52.26144,
              21.037243
            ],
            [
              52.2614877,
              21.037292
            ]
          ],
          [
            [
              52.2588246,
              21.0340135
            ],
            [
              52.2589172,
              21.0341226
            ],
            [
              52.2589533,
              21.0341682
            ],
            [
              52.2594088,
              21.0347445
            ]
          ],
          [
            [
              52.2582843,
              21.0330285
            ],
            [
              52.2583808,
              21.0332456
            ],
            [
              52.2584277,
              21.0333455
            ],
            [
              52.2586006,
              21.0336837
            ],
            [
              52.2586966,
              21.0338461
            ],
            [
              52.2587295,
              21.0339016
            ],
            [
              52.2588246,
              21.0340135
            ]
          ],
          [
            [
              52.2573773,
              21.0310161
            ],
            [
              52.2575894,
              21.0314771
            ],
            [
              52.2576253,
              21.0315565
            ],
            [
              52.2577402,
              21.0318388
            ]
          ],
          [
            [
              52.2540319,
              21.0233668
            ],
            [
              52.2541836,
              21.023724
            ],
            [
              52.2542648,
              21.0239139
            ],
            [
              52.254295,
              21.0239754
            ],
            [
              52.2543252,
              21.0240369
            ],
            [
              52.2543657,
              21.0241314
            ],
            [
              52.2545942,
              21.0246718
            ]
          ],
          [
            [
              52.2537582,
              21.0227486
            ],
            [
              52.2538552,
              21.0229733
            ],
            [
              52.2539049,
              21.023084
            ]
          ],
          [
            [
              52.2563783,
              21.028768
            ],
            [
              52.2563967,
              21.028813
            ],
            [
              52.256414,
              21.0288557
            ],
            [
              52.2564449,
              21.0289314
            ],
            [
              52.2565098,
              21.0291088
            ]
          ],
          [
            [
              52.2562623,
              21.0284908
            ],
            [
              52.2563307,
              21.028651
            ],
            [
              52.2563587,
              21.0287199
            ],
            [
              52.2563783,
              21.028768
            ]
          ],
          [
            [
              52.2579638,
              21.0323623
            ],
            [
              52.2581663,
              21.0327931
            ],
            [
              52.2581808,
              21.032824
            ],
            [
              52.2582843,
              21.0330285
            ]
          ],
          [
            [
              52.2539049,
              21.023084
            ],
            [
              52.2539334,
              21.0231474
            ],
            [
              52.2540319,
              21.0233668
            ]
          ]
        ]
      }
    },
    {
      "type": "Feature",
      "properties": {
        "name": "Świętych Cyryla i Metodego",
        "highway": "tertiary"
      },
      "geometry": {
        "type": "MultiLineString",
        "coordinates": [
          [
            [
              52.2546929,
              21.0315721
            ],
            [
              52.2547129,
              21.0316181
            ],
            [
              52.2548358,
              21.0319012
            ],
            [
              52.2548788,
              21.0319784
            ],
            [
              52.2549346,
              21.0320785
            ],
            [
              52.2553651,
              21.0330683
            ],
            [
              52.2554128,
              21.033178
            ]
          ],
          [
            [
              52.2554128,
              21.033178
            ],
            [
              52.2554912,
              21.0333582
            ],
            [
              52.2555018,
              21.0334046
            ],
            [
              52.2555044,
              21.0334563
            ],
            [
              52.2555029,
              21.0335154
            ],
            [
              52.2554949,
              21.0335931
            ],
            [
              52.25547,
              21.0336799
            ],
            [
              52.2554522,
              21.033731
            ]
          ],
          [
            [
              52.2553418,
              21.0339164
            ],
            [
              52.2553839,
              21.0338754
            ],
            [
              52.2554168,
              21.0338183
            ],
            [
              52.2554522,
              21.033731
            ]
          ],
          [
            [
              52.2546293,
              21.0314259
            ],
            [
              52.2546929,
              21.0315721
            ]
          ]
        ]
      }
    },
    {
      "type": "Feature",
      "properties": {
        "name": "Targowa",
        "highway": "secondary"
      },
      "geometry": {
        "type": "MultiLineString",
        "coordinates": [
          [
            [
              52.2546774,
              21.0345799
            ],
            [
              52.254716,
              21.0345387
            ],
            [
              52.2547474,
              21.0345052
            ]
          ],
          [
            [
              52.2556584,
              21.0341819
            ],
            [
              52.2556879,
              21.034151
            ],
            [
              52.2558314,
              21.0339973
            ]
          ],
          [
            [
              52.2505185,
              21.0401521
            ],
            [
              52.2505528,
              21.0400889
            ],
            [
              52.2506301,
              21.0399465
            ],
            [
              52.2510542,
              21.0391658
            ],
            [
              52.2511231,
              21.0390296
            ],
            [
              52.2513212,
              21.0386154
            ],
            [
              52.2514341,
              21.038382
            ],
            [
              52.2515623,
              21.0381168
            ],
            [
              52.2516977,
              21.0378705
            ],
            [
              52.251796,
              21.0377129
            ],
            [
              52.2519028,
              21.037551
            ],
            [
              52.2520102,
              21.0374094
            ],
            [
              52.2520701,
              21.0373364
            ]
          ],
          [
            [
              52.249438,
              21.0432411
            ],
            [
              52.2495165,
              21.0430291
            ],
            [
              52.2495624,
              21.0429052
            ],
            [
              52.24958,
              21.0428578
            ],
            [
              52.2496168,
              21.0427585
            ],
            [
              52.2496513,
              21.0426653
            ]
          ],
          [
            [
              52.2514096,
              21.0391631
            ],
            [
              52.2517257,
              21.0386228
            ],
            [
              52.2520266,
              21.0380754
            ],
            [
              52.2520622,
              21.0380103
            ],
            [
              52.2521595,
              21.0378565
            ],
            [
              52.2522586,
              21.0377207
            ]
          ],
          [
            [
              52.2547474,
              21.0345052
            ],
            [
              52.2548321,
              21.0344147
            ],
            [
              52.2548599,
              21.0343858
            ],
            [
              52.25491,
              21.0343336
            ],
            [
              52.2552709,
              21.0339577
            ],
            [
              52.2553048,
              21.0339306
            ],
            [
              52.2553418,
              21.0339164
            ]
          ],
          [
            [
              52.2481526,
              21.0458912
            ],
            [
              52.2482097,
              21.045725
            ],
            [
              52.2482346,
              21.0456543
            ],
            [
              52.2485461,
              21.0447667
            ],
            [
              52.2487674,
              21.0441564
            ]
          ],
          [
            [
              52.2547133,
              21.0350614
            ],
            [
              52.254846,
              21.0349466
            ]
          ],
          [
            [
              52.2521358,
              21.0372642
            ],
            [
              52.2522388,
              21.0371488
            ],
            [
              52.252396,
              21.0369755
            ]
          ],
          [
            [
              52.254846,
              21.0349466
            ],
            [
              52.2549674,
              21.0348583
            ],
            [
              52.2549957,
              21.0348361
            ],
            [
              52.2551895,
              21.0346511
            ],
            [
              52.2552257,
              21.034615
            ]
          ],
          [
            [
              52.2538957,
              21.0353576
            ],
            [
              52.2539532,
              21.0352993
            ],
            [
              52.2542706,
              21.0349785
            ],
            [
              52.2545629,
              21.0347023
            ]
          ],
          [
            [
              52.2524042,
              21.0375223
            ],
            [
              52.2524883,
              21.0374077
            ],
            [
              52.2526015,
              21.0372533
            ],
            [
              52.2527096,
              21.0371165
            ],
            [
              52.2529579,
              21.0368193
            ],
            [
              52.2530308,
              21.0367392
            ],
            [
              52.2532887,
              21.0364557
            ]
          ],
          [
            [
              52.2493301,
              21.0426586
            ],
            [
              52.2494674,
              21.0422917
            ],
            [
              52.2494988,
              21.042212
            ],
            [
              52.2496832,
              21.0417441
            ],
            [
              52.2497662,
              21.0415587
            ]
          ],
          [
            [
              52.2497662,
              21.0415587
            ],
            [
              52.2498061,
              21.0414773
            ],
            [
              52.2498785,
              21.0413347
            ],
            [
              52.2501494,
              21.0408331
            ]
          ],
          [
            [
              52.2501494,
              21.0408331
            ],
            [
              52.2505185,
              21.0401521
            ]
          ],
          [
            [
              52.2489513,
              21.0447023
            ],
            [
              52.2490323,
              21.0444629
            ],
            [
              52.2490706,
              21.0443505
            ],
            [
              52.24917,
              21.0440592
            ],
            [
              52.2493421,
              21.0435585
            ],
            [
              52.2493681,
              21.0434724
            ],
            [
              52.249438,
              21.0432411
            ]
          ],
          [
            [
              52.2545629,
              21.0347023
            ],
            [
              52.2546366,
              21.0346236
            ],
            [
              52.2546642,
              21.0345941
            ],
            [
              52.2546774,
              21.0345799
            ]
          ],
          [
            [
              52.2539822,
              21.035768
            ],
            [
              52.2541063,
              21.0356631
            ],
            [
              52.2541316,
              21.0356417
            ],
            [
              52.2545802,
              21.0351946
            ],
            [
              52.2547133,
              21.0350614
            ]
          ],
          [
            [
              52.2552257,
              21.034615
            ],
            [
              52.2554027,
              21.0344381
            ],
            [
              52.2554392,
              21.0344017
            ],
            [
              52.2554471,
              21.0343944
            ]
          ],
          [
            [
              52.2531895,
              21.0361157
            ],
            [
              52.2533179,
              21.0359735
            ],
            [
              52.2536424,
              21.0356143
            ],
            [
              52.2538957,
              21.0353576
            ]
          ],
          [
            [
              52.2496513,
              21.0426653
            ],
            [
              52.2496985,
              21.0425369
            ],
            [
              52.2498949,
              21.0420442
            ],
            [
              52.2499775,
              21.0418516
            ],
            [
              52.2500641,
              21.0416573
            ],
            [
              52.2501663,
              21.0414488
            ],
            [
              52.2502834,
              21.0412248
            ],
            [
              52.2506828,
              21.0404905
            ],
            [
              52.2507123,
              21.0404363
            ],
            [
              52.2508875,
              21.0401164
            ],
            [
              52.2510288,
              21.039862
            ],
            [
              52.2512985,
              21.0393659
            ],
            [
              52.2514096,
              21.0391631
            ]
          ],
          [
            [
              52.2555735,
              21.0342666
            ],
            [
              52.2556584,
              21.0341819
            ]
          ],
          [
            [
              52.2569733,
              21.0327468
            ],
            [
              52.2572953,
              21.0323657
            ]
          ],
          [
            [
              52.2564998,
              21.0332551
            ],
            [
              52.2566013,
              21.0331393
            ],
            [
              52.2566118,
              21.0331274
            ],
            [
              52.2566543,
              21.033084
            ],
            [
              52.2567082,
              21.0330286
            ],
            [
              52.2567473,
              21.0329872
            ],
            [
              52.2567845,
              21.032949
            ],
            [
              52.2568194,
              21.0329133
            ],
            [
              52.2569552,
              21.0327681
            ]
          ],
          [
            [
              52.2560293,
              21.0337879
            ],
            [
              52.2561036,
              21.0337036
            ],
            [
              52.2564397,
              21.0333226
            ],
            [
              52.2564998,
              21.0332551
            ]
          ],
          [
            [
              52.2532887,
              21.0364557
            ],
            [
              52.2534246,
              21.0363068
            ],
            [
              52.2536725,
              21.0360398
            ],
            [
              52.2537468,
              21.0359685
            ],
            [
              52.2539169,
              21.0358214
            ],
            [
              52.2539822,
              21.035768
            ]
          ],
          [
            [
              52.2554471,
              21.0343944
            ],
            [
              52.2555735,
              21.0342666
            ]
          ],
          [
            [
              52.2488827,
              21.0438573
            ],
            [
              52.2489394,
              21.0436988
            ],
            [
              52.2490846,
              21.0432615
            ],
            [
              52.2491099,
              21.0431929
            ],
            [
              52.2491416,
              21.0431116
            ],
            [
              52.249219,
              21.0429135
            ],
            [
              52.2493301,
              21.0426586
            ]
          ],
          [
            [
              52.2558314,
              21.0339973
            ],
            [
              52.2559915,
              21.0338284
            ],
            [
              52.2560293,
              21.0337879
            ]
          ],
          [
            [
              52.2569552,
              21.0327681
            ],
            [
              52.2569733,
              21.0327468
            ]
          ],
          [
            [
              52.2525193,
              21.0368396
            ],
            [
              52.253017,
              21.0362928
            ],
            [
              52.2531895,
              21.0361157
            ]
          ],
          [
            [
              52.252396,
              21.0369755
            ],
            [
              52.2525193,
              21.0368396
            ]
          ],
          [
            [
              52.2520701,
              21.0373364
            ],
            [
              52.2521358,
              21.0372642
            ]
          ],
          [
            [
              52.2522586,
              21.0377207
            ],
            [
              52.2524042,
              21.0375223
            ]
          ],
          [
            [
              52.2486406,
              21.0456302
            ],
            [
              52.2489513,
              21.0447023
            ]
          ],
          [
            [
              52.2487674,
              21.0441564
            ],
            [
              52.2488827,
              21.0438573
            ]
          ],
          [
            [
              52.2572953,
              21.0323657
            ],
            [
              52.2574535,
              21.0321784
            ],
            [
              52.2576665,
              21.0319262
            ],
            [
              52.2577402,
              21.0318388
            ]
          ]
        ]
      }
    },
    {
      "type": "Feature",
      "properties": {
        "name": "Wileńska",
        "highway": "residential"
      },
      "geometry": {
        "type": "MultiLineString",
        "coordinates": [
          [
            [
              52.2553418,
              21.0339164
            ],
            [
              52.2553809,
              21.0339171
            ],
            [
              52.2554166,
              21.0339279
            ],
            [
              52.2554428,
              21.0339501
            ],
            [
              52.2554538,
              21.0339637
            ],
            [
              52.2554634,
              21.0339829
            ],
            [
              52.2554819,
              21.0340308
            ],
            [
              52.2554972,
              21.0340703
            ],
            [
              52.2555735,
              21.0342666
            ]
          ],
          [
            [
              52.2565893,
              21.0367735
            ],
            [
              52.2567844,
              21.0372452
            ]
          ],
          [
            [
              52.2567844,
              21.0372452
            ],
            [
              52.2568402,
              21.037376
            ],
            [
              52.2569661,
              21.0376714
            ],
            [
              52.2570628,
              21.0378992
            ],
            [
              52.2571012,
              21.0379892
            ],
            [
              52.2572361,
              21.0383052
            ],
            [
              52.2572784,
              21.038405
            ],
            [
              52.2572989,
              21.0384525
            ],
            [
              52.2573504,
              21.0385742
            ],
            [
              52.2575866,
              21.0391106
            ],
            [
              52.2576943,
              21.0393554
            ],
            [
              52.257721,
              21.039416
            ],
            [
              52.2578921,
              21.0397603
            ],
            [
              52.2580326,
              21.0400079
            ],
            [
              52.2581175,
              21.0401587
            ]
          ],
          [
            [
              52.2589046,
              21.0417464
            ],
            [
              52.2589487,
              21.0418531
            ],
            [
              52.2589859,
              21.0419459
            ],
            [
              52.2593232,
              21.0427603
            ],
            [
              52.25949,
              21.0431643
            ],
            [
              52.259535,
              21.0432733
            ],
            [
              52.2595578,
              21.0433765
            ],
            [
              52.2595714,
              21.0434299
            ],
            [
              52.2595821,
              21.043476
            ],
            [
              52.259603,
              21.0435661
            ],
            [
              52.2597342,
              21.0440983
            ],
            [
              52.2597677,
              21.0442278
            ],
            [
              52.2598429,
              21.0445202
            ],
            [
              52.2599278,
              21.0448501
            ],
            [
              52.2600358,
              21.0452696
            ],
            [
              52.2600806,
              21.0454437
            ],
            [
              52.2601386,
              21.0456689
            ],
            [
              52.2603595,
              21.0465274
            ]
          ],
          [
            [
              52.2581175,
              21.0401587
            ],
            [
              52.2582956,
              21.0404472
            ],
            [
              52.258434,
              21.0406818
            ],
            [
              52.258502,
              21.0408099
            ],
            [
              52.2585924,
              21.04098
            ],
            [
              52.2586873,
              21.0412149
            ],
            [
              52.2587798,
              21.0414439
            ],
            [
              52.2587941,
              21.0414792
            ],
            [
              52.258848,
              21.0416126
            ],
            [
              52.2589046,
              21.0417464
            ]
          ],
          [
            [
              52.2557588,
              21.0348735
            ],
            [
              52.2558034,
              21.0349712
            ],
            [
              52.2558971,
              21.035183
            ],
            [
              52.2559426,
              21.0352859
            ]
          ],
          [
            [
              52.2554471,
              21.0343944
            ],
            [
              52.2555118,
              21.0344444
            ],
            [
              52.255552,
              21.0344883
            ],
            [
              52.2555818,
              21.0345381
            ],
            [
              52.2556033,
              21.0345788
            ],
            [
              52.2557588,
              21.0348735
            ]
          ],
          [
            [
              52.2559426,
              21.0352859
            ],
            [
              52.2559506,
              21.0353042
            ],
            [
              52.2560494,
              21.0355316
            ],
            [
              52.2560976,
              21.0356424
            ],
            [
              52.2561994,
              21.0358767
            ],
            [
              52.2563503,
              21.0362237
            ],
            [
              52.2564655,
              21.0364888
            ],
            [
              52.2565029,
              21.0365747
            ],
            [
              52.2565893,
              21.0367735
            ]
          ],
          [
            [
              52.2555735,
              21.0342666
            ],
            [
              52.2556491,
              21.0344648
            ],
            [
              52.2556649,
              21.0345106
            ],
            [
              52.2556839,
              21.0345732
            ],
            [
              52.2557588,
              21.0348735
            ]
          ]
        ]
      }
    },
    {
      "type": "Feature",
      "properties": {
        "name": "Modlińska",
        "highway": "secondary"
      },
      "geometry": {
        "type": "MultiLineString",
        "coordinates": [
          [
            [
              52.2910818,
              21.0024004
            ],
            [
              52.2916457,
              21.0018533
            ],
            [
              52.2916908,
              21.0018096
            ],
            [
              52.2917242,
              21.0017771
            ],
            [
              52.2919278,
              21.0015666
            ]
          ],
          [
            [
              52.2932024,
              20.9998949
            ],
            [
              52.2933093,
              20.9997634
            ],
            [
              52.2933495,
              20.9997141
            ],
            [
              52.2935445,
              20.9994744
            ]
          ],
          [
            [
              52.2919278,
              21.0015666
            ],
            [
              52.2919783,
              21.0015143
            ],
            [
              52.2931383,
              21.0002799
            ],
            [
              52.2931869,
              21.0002282
            ],
            [
              52.2932916,
              21.0001284
            ]
          ],
          [
            [
              52.2920785,
              21.0010628
            ],
            [
              52.2932024,
              20.9998949
            ]
          ],
          [
            [
              52.2908117,
              21.0022974
            ],
            [
              52.2909951,
              21.0021247
            ],
            [
              52.2915989,
              21.0015459
            ],
            [
              52.2916332,
              21.0015111
            ],
            [
              52.2918414,
              21.0013044
            ]
          ],
          [
            [
              52.2918414,
              21.0013044
            ],
            [
              52.2920785,
              21.0010628
            ]
          ],
          [
            [
              52.2907962,
              21.0026054
            ],
            [
              52.2909421,
              21.002509
            ],
            [
              52.2909854,
              21.0024777
            ],
            [
              52.2910323,
              21.0024418
            ],
            [
              52.2910818,
              21.0024004
            ]
          ]
        ]
      }
    },
    {
      "type": "Feature",
      "properties": {
        "name": "Żerań FSO",
        "highway": "service"
      },
      "geometry": {
        "type": "MultiLineString",
        "coordinates": [
          [
            [
              52.290378,
              21.0003263
            ],
            [
              52.2905072,
              21.0002214
            ],
            [
              52.2907406,
              21.000048
            ],
            [
              52.2908145,
              20.9999987
            ],
            [
              52.2908762,
              20.9999629
            ],
            [
              52.2909296,
              20.9999359
            ],
            [
              52.2909782,
              20.9999158
            ],
            [
              52.291025,
              20.9999002
            ],
            [
              52.2910785,
              20.9998858
            ],
            [
              52.2911264,
              20.9998765
            ]
          ],
          [
            [
              52.2915906,
              21.000872
            ],
            [
              52.2916662,
              21.001012
            ],
            [
              52.2916932,
              21.0010623
            ],
            [
              52.2917178,
              21.0011068
            ],
            [
              52.2918414,
              21.0013044
            ]
          ],
          [
            [
              52.2915122,
              20.9997602
            ],
            [
              52.2916402,
              20.9998069
            ],
            [
              52.2916852,
              20.9998218
            ],
            [
              52.291752,
              20.9998549
            ],
            [
              52.2918049,
              20.9999052
            ],
            [
              52.2918479,
              20.9999685
            ],
            [
              52.2918781,
              21.0000366
            ],
            [
              52.2919004,
              21.000106
            ],
            [
              52.2919193,
              21.0002048
            ],
            [
              52.291927,
              21.0002855
            ],
            [
              52.2919239,
              21.0003718
            ],
            [
              52.2919095,
              21.0004507
            ],
            [
              52.2918947,
              21.0005066
            ],
            [
              52.2918729,
              21.0005588
            ],
            [
              52.291838,
              21.0006158
            ],
            [
              52.2917995,
              21.0006587
            ],
            [
              52.2916802,
              21.0007819
            ]
          ],
          [
            [
              52.2910754,
              21.0003666
            ],
            [
              52.2911658,
              21.0002754
            ]
          ],
          [
            [
              52.2914312,
              21.0009754
            ],
            [
              52.2915061,
              21.000932
            ],
            [
              52.2915906,
              21.000872
            ]
          ],
          [
            [
              52.2910754,
              21.0003666
            ],
            [
              52.291205,
              21.0006976
            ]
          ],
          [
            [
              52.2911658,
              21.0002754
            ],
            [
              52.2912913,
              21.0005998
            ]
          ],
          [
            [
              52.291205,
              21.0006976
            ],
            [
              52.2912879,
              21.0009085
            ],
            [
              52.2913321,
              21.0010206
            ]
          ],
          [
            [
              52.2914254,
              21.0004556
            ],
            [
              52.2915273,
              21.0007125
            ],
            [
              52.2915906,
              21.000872
            ]
          ],
          [
            [
              52.2913321,
              21.0010206
            ],
            [
              52.2913916,
              21.0009957
            ]
          ],
          [
            [
              52.2911658,
              21.0002754
            ],
            [
              52.2912996,
              21.0001384
            ]
          ],
          [
            [
              52.2910754,
              21.0003666
            ],
            [
              52.2910584,
              21.0003885
            ],
            [
              52.2910417,
              21.0004368
            ],
            [
              52.2910403,
              21.000485
            ],
            [
              52.2910457,
              21.0005455
            ],
            [
              52.2910617,
              21.0006105
            ],
            [
              52.2911204,
              21.0007728
            ]
          ],
          [
            [
              52.2911204,
              21.0007728
            ],
            [
              52.2911913,
              21.0009559
            ],
            [
              52.2912041,
              21.0009786
            ],
            [
              52.2912112,
              21.000991
            ],
            [
              52.2912346,
              21.0010183
            ],
            [
              52.2912676,
              21.0010316
            ],
            [
              52.2913012,
              21.0010303
            ],
            [
              52.2913321,
              21.0010206
            ]
          ],
          [
            [
              52.2912996,
              21.0001384
            ],
            [
              52.2913254,
              21.0001193
            ],
            [
              52.2913584,
              21.0001091
            ],
            [
              52.2913884,
              21.0001138
            ],
            [
              52.2914226,
              21.0001499
            ],
            [
              52.29145,
              21.0002089
            ],
            [
              52.2915106,
              21.0003583
            ]
          ],
          [
            [
              52.2915106,
              21.0003583
            ],
            [
              52.291569,
              21.0005042
            ]
          ],
          [
            [
              52.2912913,
              21.0005998
            ],
            [
              52.2913883,
              21.0008602
            ],
            [
              52.2914312,
              21.0009754
            ]
          ],
          [
            [
              52.291569,
              21.0005042
            ],
            [
              52.2916802,
              21.0007819
            ]
          ],
          [
            [
              52.2916802,
              21.0007819
            ],
            [
              52.2917613,
              21.0009907
            ],
            [
              52.2917765,
              21.0010474
            ],
            [
              52.2918414,
              21.0013044
            ]
          ],
          [
            [
              52.2911264,
              20.9998765
            ],
            [
              52.2911766,
              20.9998702
            ],
            [
              52.2912257,
              20.9998679
            ],
            [
              52.2916237,
              20.9998992
            ],
            [
              52.2916662,
              20.9999105
            ],
            [
              52.2917045,
              20.9999288
            ],
            [
              52.2917457,
              20.9999635
            ],
            [
              52.2917827,
              21.0000098
            ],
            [
              52.2918162,
              21.0000795
            ],
            [
              52.2918425,
              21.0001615
            ],
            [
              52.2918543,
              21.0002437
            ],
            [
              52.2918555,
              21.0003447
            ],
            [
              52.291847,
              21.0004118
            ],
            [
              52.2918236,
              21.0004755
            ],
            [
              52.2917896,
              21.0005206
            ],
            [
              52.2917417,
              21.0005738
            ],
            [
              52.2917056,
              21.0005865
            ],
            [
              52.2916756,
              21.0005845
            ],
            [
              52.2916419,
              21.0005757
            ],
            [
              52.291606,
              21.0005559
            ],
            [
              52.291586,
              21.000535
            ],
            [
              52.291569,
              21.0005042
            ]
          ],
          [
            [
              52.2918414,
              21.0013044
            ],
            [
              52.2919278,
              21.0015666
            ]
          ],
          [
            [
              52.2912996,
              21.0001384
            ],
            [
              52.2914254,
              21.0004556
            ]
          ],
          [
            [
              52.2913916,
              21.0009957
            ],
            [
              52.2914312,
              21.0009754
            ]
          ],
          [
            [
              52.2915906,
              21.000872
            ],
            [
              52.2916802,
              21.0007819
            ]
          ]
        ]
      }
    },
    {
      "type": "Feature",
      "properties": {
        "name": "Bronisława Wieczorkiewicza",
        "highway": "residential"
      },
      "geometry": {
        "type": "MultiLineString",
        "coordinates": [
          [
            [
              52.251159,
              21.0444772
            ],
            [
              52.2514393,
              21.0449969
            ],
            [
              52.25178,
              21.0456286
            ],
            [
              52.2518489,
              21.0457563
            ]
          ],
          [
            [
              52.2511052,
              21.0443686
            ],
            [
              52.251159,
              21.0444772
            ]
          ],
          [
            [
              52.2510325,
              21.0442352
            ],
            [
              52.2510867,
              21.0443346
            ],
            [
              52.2511052,
              21.0443686
            ]
          ]
        ]
      }
    },
    {
      "type": "Feature",
      "properties": {
        "name": "Markowska",
        "highway": "residential"
      },
      "geometry": {
        "type": "MultiLineString",
        "coordinates": [
          [
            [
              52.2513351,
              21.0464611
            ],
            [
              52.2514136,
              21.0463521
            ],
            [
              52.2514392,
              21.0463167
            ],
            [
              52.2515116,
              21.0462162
            ]
          ],
          [
            [
              52.2542529,
              21.043334
            ],
            [
              52.2543114,
              21.0432913
            ],
            [
              52.2543441,
              21.0432399
            ],
            [
              52.254562,
              21.0428999
            ],
            [
              52.2546536,
              21.042754
            ],
            [
              52.2548821,
              21.0423929
            ],
            [
              52.2549246,
              21.0423271
            ],
            [
              52.2551328,
              21.0420049
            ],
            [
              52.255303,
              21.0417414
            ],
            [
              52.2554351,
              21.041537
            ],
            [
              52.2555225,
              21.041409
            ],
            [
              52.2555563,
              21.0413595
            ]
          ],
          [
            [
              52.2517234,
              21.0459271
            ],
            [
              52.2518489,
              21.0457563
            ],
            [
              52.2520877,
              21.0455574
            ],
            [
              52.2522044,
              21.0454699
            ],
            [
              52.2524138,
              21.0452977
            ],
            [
              52.2524975,
              21.0452289
            ],
            [
              52.2528123,
              21.0449945
            ],
            [
              52.2531965,
              21.044703
            ],
            [
              52.2532451,
              21.0446656
            ],
            [
              52.2533347,
              21.044595
            ],
            [
              52.2534172,
              21.04453
            ],
            [
              52.2538468,
              21.0442262
            ]
          ],
          [
            [
              52.2515116,
              21.0462162
            ],
            [
              52.2515376,
              21.0461806
            ],
            [
              52.2515989,
              21.0460966
            ],
            [
              52.2517234,
              21.0459271
            ]
          ],
          [
            [
              52.2538468,
              21.0442262
            ],
            [
              52.2541207,
              21.0440158
            ],
            [
              52.2541559,
              21.0439888
            ],
            [
              52.2542362,
              21.0439272
            ],
            [
              52.2543082,
              21.0438718
            ]
          ],
          [
            [
              52.2541803,
              21.0433849
            ],
            [
              52.2542529,
              21.043334
            ]
          ],
          [
            [
              52.2543082,
              21.0438718
            ],
            [
              52.254341,
              21.0438479
            ],
            [
              52.2543762,
              21.0438221
            ]
          ]
        ]
      }
    },
    {
      "type": "Feature",
      "properties": {
        "name": "Panieńska",
        "highway": "residential"
      },
      "geometry": {
        "type": "MultiLineString",
        "coordinates": [
          [
            [
              52.248789,
              21.0294784
            ],
            [
              52.2490374,
              21.0291552
            ],
            [
              52.2491536,
              21.0290042
            ],
            [
              52.2491813,
              21.0289602
            ],
            [
              52.2492114,
              21.0289125
            ]
          ],
          [
            [
              52.2492114,
              21.0289125
            ],
            [
              52.2492503,
              21.0288507
            ],
            [
              52.2492876,
              21.0287915
            ],
            [
              52.249422,
              21.0286519
            ],
            [
              52.2497731,
              21.028287
            ],
            [
              52.2498276,
              21.0282305
            ],
            [
              52.2498802,
              21.0281759
            ],
            [
              52.2501541,
              21.0278918
            ],
            [
              52.2501981,
              21.0278412
            ],
            [
              52.2502691,
              21.0277595
            ],
            [
              52.2506996,
              21.0273175
            ],
            [
              52.2510796,
              21.0269272
            ],
            [
              52.2511099,
              21.0268956
            ]
          ],
          [
            [
              52.2486285,
              21.0296873
            ],
            [
              52.2486598,
              21.0296465
            ],
            [
              52.2487106,
              21.0295805
            ],
            [
              52.248789,
              21.0294784
            ]
          ]
        ]
      }
    },
    {
      "type": "Feature",
      "properties": {
        "name": "Floriańska",
        "highway": "residential"
      },
      "geometry": {
        "type": "MultiLineString",
        "coordinates": [
          [
            [
              52.2515894,
              21.0345166
            ],
            [
              52.2516179,
              21.0344851
            ],
            [
              52.2516934,
              21.0344016
            ],
            [
              52.2517624,
              21.0343174
            ],
            [
              52.2518164,
              21.0342009
            ],
            [
              52.2518302,
              21.0341568
            ],
            [
              52.2518405,
              21.0341141
            ],
            [
              52.2518499,
              21.0340637
            ],
            [
              52.251857,
              21.0340128
            ],
            [
              52.2519078,
              21.0335462
            ],
            [
              52.2519341,
              21.0333054
            ],
            [
              52.2520189,
              21.0325253
            ],
            [
              52.252054,
              21.0321902
            ],
            [
              52.2522042,
              21.0308172
            ],
            [
              52.2522243,
              21.0306396
            ],
            [
              52.2522336,
              21.0305773
            ],
            [
              52.2522434,
              21.0305482
            ],
            [
              52.2522566,
              21.0305254
            ]
          ],
          [
            [
              52.2522566,
              21.0305254
            ],
            [
              52.2524927,
              21.0302444
            ],
            [
              52.2525046,
              21.0302336
            ],
            [
              52.2525178,
              21.0302298
            ]
          ]
        ]
      }
    },
    {
      "type": "Feature",
      "properties": {
        "name": "Stalowa",
        "highway": "service"
      },
      "geometry": {
        "type": "MultiLineString",
        "coordinates": [
          [
            [
              52.2634989,
              21.0484831
            ],
            [
              52.2634778,
              21.0485471
            ],
            [
              52.263463,
              21.0486067
            ],
            [
              52.2634608,
              21.048625
            ],
            [
              52.2634594,
              21.0486801
            ],
            [
              52.2634606,
              21.0487149
            ],
            [
              52.2634796,
              21.0488075
            ],
            [
              52.2636192,
              21.0491277
            ],
            [
              52.2636735,
              21.0492307
            ]
          ],
          [
            [
              52.2595908,
              21.0396544
            ],
            [
              52.2597656,
              21.0400693
            ],
            [
              52.2599705,
              21.0405535
            ],
            [
              52.2600313,
              21.0406967
            ]
          ],
          [
            [
              52.2581939,
              21.0349993
            ],
            [
              52.2581882,
              21.0352478
            ],
            [
              52.2581931,
              21.0353466
            ],
            [
              52.2582107,
              21.0354404
            ],
            [
              52.2582302,
              21.0355158
            ],
            [
              52.2583129,
              21.0357774
            ],
            [
              52.2592728,
              21.0388134
            ],
            [
              52.2593315,
              21.038993
            ]
          ],
          [
            [
              52.2616778,
              21.0445445
            ],
            [
              52.261864,
              21.0449801
            ],
            [
              52.261885,
              21.0450292
            ],
            [
              52.2619549,
              21.045201
            ]
          ],
          [
            [
              52.2636735,
              21.0492307
            ],
            [
              52.263762,
              21.0494112
            ],
            [
              52.2638216,
              21.0494805
            ],
            [
              52.2638762,
              21.0495745
            ]
          ],
          [
            [
              52.2606248,
              21.0420782
            ],
            [
              52.2606493,
              21.042136
            ],
            [
              52.2606778,
              21.0422005
            ],
            [
              52.2607459,
              21.042365
            ],
            [
              52.2609556,
              21.0428471
            ],
            [
              52.2610883,
              21.0431657
            ],
            [
              52.2614074,
              21.0439122
            ],
            [
              52.2615485,
              21.0442422
            ],
            [
              52.2616778,
              21.0445445
            ]
          ],
          [
            [
              52.2593837,
              21.0391499
            ],
            [
              52.2594611,
              21.0393384
            ],
            [
              52.2595908,
              21.0396544
            ]
          ],
          [
            [
              52.2593315,
              21.038993
            ],
            [
              52.2593837,
              21.0391499
            ]
          ],
          [
            [
              52.2634249,
              21.0483958
            ],
            [
              52.2634989,
              21.0484831
            ]
          ],
          [
            [
              52.2619549,
              21.045201
            ],
            [
              52.2620216,
              21.045365
            ],
            [
              52.2620495,
              21.0454295
            ],
            [
              52.2622321,
              21.0458505
            ],
            [
              52.2624745,
              21.0464711
            ],
            [
              52.2627633,
              21.0471401
            ],
            [
              52.2630464,
              21.0477956
            ],
            [
              52.2631649,
              21.0480364
            ],
            [
              52.2632536,
              21.0481635
            ],
            [
              52.2632781,
              21.0481997
            ],
            [
              52.2633323,
              21.0482801
            ]
          ],
          [
            [
              52.2639441,
              21.0501025
            ],
            [
              52.2639514,
              21.0502972
            ],
            [
              52.2642844,
              21.0505331
            ]
          ],
          [
            [
              52.2633323,
              21.0482801
            ],
            [
              52.2634249,
              21.0483958
            ]
          ],
          [
            [
              52.2638762,
              21.0495745
            ],
            [
              52.2639044,
              21.0496505
            ],
            [
              52.2639239,
              21.0497498
            ],
            [
              52.2639441,
              21.0501025
            ]
          ],
          [
            [
              52.2600313,
              21.0406967
            ],
            [
              52.2600755,
              21.040796
            ],
            [
              52.2603136,
              21.0413522
            ],
            [
              52.2606248,
              21.0420782
            ]
          ]
        ]
      }
    },
    {
      "type": "Feature",
      "properties": {
        "name": "Mała",
        "highway": "residential"
      },
      "geometry": {
        "type": "MultiLineString",
        "coordinates": [
          [
            [
              52.257728,
              21.0357461
            ],
            [
              52.2577449,
              21.0357965
            ],
            [
              52.2577807,
              21.0359073
            ],
            [
              52.2583273,
              21.0376005
            ],
            [
              52.2586529,
              21.038622
            ],
            [
              52.2588664,
              21.0392799
            ],
            [
              52.2589133,
              21.0394245
            ]
          ]
        ]
      }
    },
    {
      "type": "Feature",
      "properties": {
        "name": "Zaokopowa",
        "highway": "residential"
      },
      "geometry": {
        "type": "MultiLineString",
        "coordinates": [
          [
            [
              52.2572989,
              21.0384525
            ],
            [
              52.2574282,
              21.0383421
            ],
            [
              52.2579505,
              21.0379119
            ],
            [
              52.2580855,
              21.0378007
            ],
            [
              52.2582919,
              21.0376307
            ],
            [
              52.2583273,
              21.0376005
            ]
          ]
        ]
      }
    },
    {
      "type": "Feature",
      "properties": {
        "name": "Bródnowska",
        "highway": "residential"
      },
      "geometry": {
        "type": "MultiLineString",
        "coordinates": [
          [
            [
              52.263603,
              21.0385897
            ],
            [
              52.2637326,
              21.038967
            ],
            [
              52.263763,
              21.0390573
            ],
            [
              52.2640134,
              21.0397027
            ],
            [
              52.2640733,
              21.0398524
            ],
            [
              52.2642724,
              21.0403185
            ],
            [
              52.2643852,
              21.0405821
            ],
            [
              52.2646433,
              21.0411799
            ],
            [
              52.2648462,
              21.0416497
            ],
            [
              52.2648749,
              21.0417188
            ],
            [
              52.2649182,
              21.0418224
            ]
          ],
          [
            [
              52.2634523,
              21.0381712
            ],
            [
              52.263477,
              21.038203
            ],
            [
              52.2634904,
              21.0382327
            ],
            [
              52.263518,
              21.0383262
            ]
          ],
          [
            [
              52.263603,
              21.0385897
            ],
            [
              52.2636006,
              21.0385529
            ],
            [
              52.2636025,
              21.0385162
            ],
            [
              52.2636055,
              21.0385029
            ],
            [
              52.2636104,
              21.0384814
            ],
            [
              52.263623,
              21.0384556
            ],
            [
              52.2636408,
              21.0384337
            ],
            [
              52.2636625,
              21.0384144
            ],
            [
              52.2636924,
              21.0384047
            ],
            [
              52.2637376,
              21.0384044
            ]
          ],
          [
            [
              52.263518,
              21.0383262
            ],
            [
              52.2635307,
              21.0383655
            ],
            [
              52.2635716,
              21.0384922
            ],
            [
              52.263603,
              21.0385897
            ]
          ]
        ]
      }
    },
    {
      "type": "Feature",
      "properties": {
        "name": "Kowieńska",
        "highway": "residential"
      },
      "geometry": {
        "type": "MultiLineString",
        "coordinates": [
          [
            [
              52.2631441,
              21.0405725
            ],
            [
              52.2631684,
              21.0406274
            ],
            [
              52.2633284,
              21.0409933
            ],
            [
              52.2634445,
              21.0412589
            ],
            [
              52.2635234,
              21.0414394
            ],
            [
              52.2635604,
              21.0415249
            ],
            [
              52.2637876,
              21.0420491
            ],
            [
              52.2640543,
              21.0426641
            ],
            [
              52.2640707,
              21.0427048
            ],
            [
              52.264096,
              21.0427613
            ]
          ],
          [
            [
              52.2621435,
              21.0378233
            ],
            [
              52.2621766,
              21.0379361
            ],
            [
              52.2622182,
              21.0380569
            ],
            [
              52.2623736,
              21.038508
            ]
          ],
          [
            [
              52.2623736,
              21.038508
            ],
            [
              52.2624125,
              21.0386195
            ],
            [
              52.2625871,
              21.0391231
            ],
            [
              52.262666,
              21.0393508
            ],
            [
              52.2627984,
              21.0397325
            ],
            [
              52.2628671,
              21.0399176
            ]
          ],
          [
            [
              52.2628671,
              21.0399176
            ],
            [
              52.2629257,
              21.0400687
            ],
            [
              52.2631441,
              21.0405725
            ]
          ],
          [
            [
              52.2621435,
              21.0378233
            ],
            [
              52.2621556,
              21.0377679
            ],
            [
              52.262167,
              21.0377454
            ],
            [
              52.2621828,
              21.0377276
            ],
            [
              52.2622064,
              21.0377173
            ],
            [
              52.2622335,
              21.0377123
            ]
          ],
          [
            [
              52.2620556,
              21.0376189
            ],
            [
              52.2620862,
              21.0376395
            ],
            [
              52.2621071,
              21.0376745
            ],
            [
              52.2621213,
              21.0377143
            ],
            [
              52.2621335,
              21.037759
            ],
            [
              52.2621435,
              21.0378233
            ]
          ]
        ]
      }
    },
    {
      "type": "Feature",
      "properties": {
        "name": "Środkowa",
        "highway": "residential"
      },
      "geometry": {
        "type": "MultiLineString",
        "coordinates": [
          [
            [
              52.2589046,
              21.0417464
            ],
            [
              52.2589815,
              21.0416737
            ],
            [
              52.2594013,
              21.0412879
            ],
            [
              52.2598729,
              21.0408447
            ],
            [
              52.2599289,
              21.0407921
            ],
            [
              52.2600313,
              21.0406967
            ]
          ],
          [
            [
              52.2600313,
              21.0406967
            ],
            [
              52.2600502,
              21.0406791
            ],
            [
              52.2601164,
              21.0406174
            ],
            [
              52.2611418,
              21.0396625
            ],
            [
              52.261195,
              21.0395902
            ]
          ],
          [
            [
              52.2623736,
              21.038508
            ],
            [
              52.2624249,
              21.038459
            ],
            [
              52.2627654,
              21.0381431
            ],
            [
              52.2628008,
              21.0381032
            ],
            [
              52.2628166,
              21.038083
            ]
          ],
          [
            [
              52.261195,
              21.0395902
            ],
            [
              52.2612486,
              21.039522
            ],
            [
              52.261366,
              21.0394154
            ],
            [
              52.2613886,
              21.0394043
            ],
            [
              52.2614151,
              21.0393945
            ],
            [
              52.2614364,
              21.0393811
            ],
            [
              52.2622896,
              21.0385863
            ],
            [
              52.2623736,
              21.038508
            ]
          ]
        ]
      }
    },
    {
      "type": "Feature",
      "properties": {
        "name": "Dąbrowszczaków",
        "highway": "residential"
      },
      "geometry": {
        "type": "MultiLineString",
        "coordinates": [
          [
            [
              52.2588246,
              21.0340135
            ],
            [
              52.2589197,
              21.0338833
            ],
            [
              52.2589582,
              21.0338366
            ],
            [
              52.2595337,
              21.0331391
            ]
          ],
          [
            [
              52.2617293,
              21.0304291
            ],
            [
              52.2617774,
              21.0303684
            ],
            [
              52.2621409,
              21.0299215
            ],
            [
              52.2626066,
              21.029349
            ],
            [
              52.2626969,
              21.029238
            ],
            [
              52.2628174,
              21.0290873
            ],
            [
              52.2628411,
              21.0290599
            ],
            [
              52.2628609,
              21.0290419
            ]
          ],
          [
            [
              52.2611639,
              21.0311237
            ],
            [
              52.2613586,
              21.0308858
            ]
          ],
          [
            [
              52.2613586,
              21.0308858
            ],
            [
              52.2615296,
              21.0306805
            ]
          ],
          [
            [
              52.2615296,
              21.0306805
            ],
            [
              52.2617293,
              21.0304291
            ]
          ],
          [
            [
              52.2595337,
              21.0331391
            ],
            [
              52.2600802,
              21.0324587
            ],
            [
              52.2601617,
              21.0323573
            ]
          ],
          [
            [
              52.2601617,
              21.0323573
            ],
            [
              52.2602116,
              21.0322959
            ],
            [
              52.2607602,
              21.0316207
            ],
            [
              52.2610903,
              21.0312144
            ],
            [
              52.2611639,
              21.0311237
            ]
          ]
        ]
      }
    },
    {
      "type": "Feature",
      "properties": {
        "name": "Sokola",
        "highway": "residential"
      },
      "geometry": {
        "type": "MultiLineString",
        "coordinates": [
          [
            [
              52.2409335,
              21.0404545
            ],
            [
              52.2409821,
              21.0405331
            ],
            [
              52.2410783,
              21.0406897
            ],
            [
              52.2411178,
              21.0407507
            ],
            [
              52.2413556,
              21.0411444
            ],
            [
              52.2415096,
              21.041379
            ]
          ],
          [
            [
              52.2431976,
              21.04285
            ],
            [
              52.243406,
              21.0429361
            ],
            [
              52.243625,
              21.0430182
            ],
            [
              52.2437763,
              21.043048
            ],
            [
              52.2439038,
              21.0430665
            ],
            [
              52.2439668,
              21.043062
            ],
            [
              52.2439985,
              21.0430475
            ],
            [
              52.2440254,
              21.0430292
            ],
            [
              52.2440564,
              21.0429966
            ],
            [
              52.2440787,
              21.0429609
            ],
            [
              52.2441263,
              21.0428758
            ],
            [
              52.2441529,
              21.0428282
            ],
            [
              52.2441772,
              21.0427825
            ],
            [
              52.2442349,
              21.0426739
            ]
          ],
          [
            [
              52.2480263,
              21.0433882
            ],
            [
              52.2480653,
              21.0434049
            ],
            [
              52.2482111,
              21.0434795
            ],
            [
              52.2482782,
              21.0435138
            ],
            [
              52.2485206,
              21.0436824
            ],
            [
              52.2487233,
              21.0438559
            ]
          ],
          [
            [
              52.2442349,
              21.0426739
            ],
            [
              52.2443257,
              21.0427933
            ],
            [
              52.2444606,
              21.0429309
            ],
            [
              52.2445532,
              21.0430062
            ],
            [
              52.2446477,
              21.0430695
            ],
            [
              52.2447424,
              21.0431209
            ],
            [
              52.244836,
              21.0431598
            ],
            [
              52.2449168,
              21.0431849
            ],
            [
              52.2450182,
              21.0432013
            ],
            [
              52.2451378,
              21.0432105
            ]
          ],
          [
            [
              52.247117,
              21.043183
            ],
            [
              52.2475783,
              21.0432197
            ],
            [
              52.2476098,
              21.0432245
            ]
          ],
          [
            [
              52.2450462,
              21.0430285
            ],
            [
              52.2451737,
              21.0430454
            ],
            [
              52.2453003,
              21.0430576
            ],
            [
              52.2456983,
              21.0430874
            ],
            [
              52.2461278,
              21.0431188
            ],
            [
              52.2462907,
              21.043134
            ],
            [
              52.2465238,
              21.0431516
            ],
            [
              52.2467213,
              21.0431661
            ],
            [
              52.2469545,
              21.0431737
            ],
            [
              52.247117,
              21.043183
            ]
          ],
          [
            [
              52.2467936,
              21.0433359
            ],
            [
              52.2469511,
              21.0433598
            ],
            [
              52.2470329,
              21.0433717
            ],
            [
              52.2470968,
              21.0433798
            ],
            [
              52.2471604,
              21.0433857
            ],
            [
              52.2472201,
              21.0433896
            ],
            [
              52.2475177,
              21.0434189
            ],
            [
              52.2475645,
              21.0434262
            ],
            [
              52.2475971,
              21.0434334
            ]
          ],
          [
            [
              52.2415096,
              21.041379
            ],
            [
              52.2416376,
              21.0415504
            ],
            [
              52.2418507,
              21.0418063
            ],
            [
              52.2419867,
              21.0419522
            ],
            [
              52.2422203,
              21.0421725
            ]
          ],
          [
            [
              52.2442349,
              21.0426739
            ],
            [
              52.2443048,
              21.0425425
            ]
          ],
          [
            [
              52.2478361,
              21.043495
            ],
            [
              52.2479679,
              21.0435445
            ],
            [
              52.248003,
              21.0435579
            ],
            [
              52.2480705,
              21.0435861
            ],
            [
              52.2481712,
              21.0436301
            ]
          ],
          [
            [
              52.2423929,
              21.0423254
            ],
            [
              52.2425952,
              21.0424838
            ],
            [
              52.2428163,
              21.0426363
            ],
            [
              52.2430217,
              21.0427643
            ],
            [
              52.2430552,
              21.0427852
            ],
            [
              52.2431976,
              21.04285
            ]
          ],
          [
            [
              52.2477445,
              21.0432666
            ],
            [
              52.2478483,
              21.0433119
            ]
          ],
          [
            [
              52.2477274,
              21.0434622
            ],
            [
              52.2478361,
              21.043495
            ]
          ],
          [
            [
              52.2476098,
              21.0432245
            ],
            [
              52.2477445,
              21.0432666
            ]
          ],
          [
            [
              52.2486772,
              21.0439916
            ],
            [
              52.2487078,
              21.0440259
            ],
            [
              52.2487366,
              21.0440789
            ],
            [
              52.2487674,
              21.0441564
            ]
          ],
          [
            [
              52.2481712,
              21.0436301
            ],
            [
              52.2482477,
              21.0436721
            ],
            [
              52.2483956,
              21.0437686
            ],
            [
              52.2485175,
              21.0438602
            ],
            [
              52.2486394,
              21.0439606
            ],
            [
              52.2486772,
              21.0439916
            ]
          ],
          [
            [
              52.2478483,
              21.0433119
            ],
            [
              52.2479593,
              21.0433595
            ],
            [
              52.2479922,
              21.0433736
            ],
            [
              52.2480263,
              21.0433882
            ]
          ],
          [
            [
              52.2487233,
              21.0438559
            ],
            [
              52.2487607,
              21.0438723
            ],
            [
              52.2488195,
              21.0438713
            ],
            [
              52.2488827,
              21.0438573
            ]
          ],
          [
            [
              52.2422203,
              21.0421725
            ],
            [
              52.2423929,
              21.0423254
            ]
          ],
          [
            [
              52.2453544,
              21.0432186
            ],
            [
              52.2453787,
              21.0432198
            ],
            [
              52.2454813,
              21.0432266
            ],
            [
              52.2459765,
              21.0432702
            ]
          ],
          [
            [
              52.2443048,
              21.0425425
            ],
            [
              52.2443894,
              21.0426527
            ],
            [
              52.2444306,
              21.0426954
            ],
            [
              52.2445174,
              21.0427853
            ],
            [
              52.2446783,
              21.0429092
            ],
            [
              52.2448529,
              21.0429819
            ],
            [
              52.2449196,
              21.0430032
            ],
            [
              52.2449894,
              21.0430195
            ],
            [
              52.2450462,
              21.0430285
            ]
          ],
          [
            [
              52.2451378,
              21.0432105
            ],
            [
              52.2453544,
              21.0432186
            ]
          ],
          [
            [
              52.2459765,
              21.0432702
            ],
            [
              52.2466566,
              21.0433193
            ],
            [
              52.2467615,
              21.0433305
            ],
            [
              52.2467936,
              21.0433359
            ]
          ],
          [
            [
              52.2475971,
              21.0434334
            ],
            [
              52.2477274,
              21.0434622
            ]
          ]
        ]
      }
    },
    {
      "type": "Feature",
      "properties": {
        "name": "Józefa Sierakowskiego",
        "highway": "residential"
      },
      "geometry": {
        "type": "MultiLineString",
        "coordinates": [
          [
            [
              52.2488416,
              21.0333148
            ],
            [
              52.2489238,
              21.0332185
            ],
            [
              52.2489785,
              21.0331544
            ],
            [
              52.2492269,
              21.0328633
            ],
            [
              52.2494426,
              21.0326099
            ],
            [
              52.2494754,
              21.0325731
            ],
            [
              52.2497259,
              21.0322768
            ],
            [
              52.2498016,
              21.0321878
            ]
          ],
          [
            [
              52.2498016,
              21.0321878
            ],
            [
              52.2498802,
              21.0320976
            ],
            [
              52.2499764,
              21.0319884
            ],
            [
              52.2502346,
              21.0316909
            ],
            [
              52.2502692,
              21.0316511
            ],
            [
              52.250332,
              21.0315788
            ]
          ],
          [
            [
              52.250332,
              21.0315788
            ],
            [
              52.2504073,
              21.0314919
            ],
            [
              52.2504384,
              21.0314562
            ],
            [
              52.2506901,
              21.0311673
            ],
            [
              52.2508262,
              21.0310107
            ],
            [
              52.2509127,
              21.0309086
            ],
            [
              52.2509693,
              21.0308421
            ],
            [
              52.2511483,
              21.0306259
            ],
            [
              52.2512629,
              21.0304918
            ],
            [
              52.2513731,
              21.0303583
            ],
            [
              52.2516707,
              21.0299998
            ],
            [
              52.2518068,
              21.0298352
            ]
          ],
          [
            [
              52.2518068,
              21.0298352
            ],
            [
              52.2521735,
              21.0293925
            ],
            [
              52.2521872,
              21.029376
            ]
          ],
          [
            [
              52.2522326,
              21.0293223
            ],
            [
              52.2522928,
              21.0292497
            ]
          ],
          [
            [
              52.2521872,
              21.029376
            ],
            [
              52.2522326,
              21.0293223
            ]
          ]
        ]
      }
    },
    {
      "type": "Feature",
      "properties": {
        "name": "Plac Weteranów 1863 roku",
        "highway": "residential"
      },
      "geometry": {
        "type": "MultiLineString",
        "coordinates": [
          [
            [
              52.251872,
              21.0284936
            ],
            [
              52.2519621,
              21.0287164
            ],
            [
              52.252098,
              21.0291146
            ],
            [
              52.2521872,
              21.029376
            ]
          ],
          [
            [
              52.2518068,
              21.0298352
            ],
            [
              52.2517851,
              21.0297741
            ],
            [
              52.2517724,
              21.0297386
            ],
            [
              52.2517494,
              21.0296738
            ],
            [
              52.25173,
              21.0296043
            ],
            [
              52.2517159,
              21.0295433
            ],
            [
              52.2517022,
              21.0294687
            ],
            [
              52.2516869,
              21.0293397
            ],
            [
              52.2516827,
              21.0292638
            ],
            [
              52.2516844,
              21.0291119
            ],
            [
              52.2516988,
              21.0289686
            ],
            [
              52.2517226,
              21.028841
            ],
            [
              52.251762,
              21.0287022
            ],
            [
              52.2518113,
              21.028581
            ],
            [
              52.2518344,
              21.0285485
            ],
            [
              52.251872,
              21.0284936
            ]
          ]
        ]
      }
    },
    {
      "type": "Feature",
      "properties": {
        "name": "Kępna",
        "highway": "residential"
      },
      "geometry": {
        "type": "MultiLineString",
        "coordinates": [
          [
            [
              52.2490056,
              21.0360111
            ],
            [
              52.2489998,
              21.0360296
            ],
            [
              52.2489983,
              21.036051
            ],
            [
              52.2490014,
              21.0360717
            ],
            [
              52.2490113,
              21.0361088
            ],
            [
              52.2490218,
              21.036132
            ],
            [
              52.2492891,
              21.0364953
            ],
            [
              52.2493468,
              21.0365737
            ],
            [
              52.2498102,
              21.0372044
            ],
            [
              52.2498879,
              21.037312
            ]
          ],
          [
            [
              52.2498879,
              21.037312
            ],
            [
              52.2499652,
              21.0374256
            ],
            [
              52.2502718,
              21.0378501
            ],
            [
              52.2504396,
              21.0380824
            ],
            [
              52.2506556,
              21.0383815
            ],
            [
              52.2510486,
              21.0389256
            ],
            [
              52.2511231,
              21.0390296
            ]
          ]
        ]
      }
    },
    {
      "type": "Feature",
      "properties": {
        "name": "Wrzesińska",
        "highway": "residential"
      },
      "geometry": {
        "type": "MultiLineString",
        "coordinates": [
          [
            [
              52.2494397,
              21.0354451
            ],
            [
              52.2495776,
              21.0352718
            ],
            [
              52.2498942,
              21.0348826
            ],
            [
              52.2499364,
              21.0348316
            ],
            [
              52.2501172,
              21.0346133
            ],
            [
              52.2503448,
              21.0343411
            ],
            [
              52.250384,
              21.0342942
            ],
            [
              52.2504119,
              21.0342582
            ],
            [
              52.2504392,
              21.0342224
            ]
          ],
          [
            [
              52.2490056,
              21.0360111
            ],
            [
              52.2491314,
              21.0358405
            ]
          ],
          [
            [
              52.2491314,
              21.0358405
            ],
            [
              52.2493004,
              21.03562
            ],
            [
              52.249304,
              21.0356154
            ],
            [
              52.2494397,
              21.0354451
            ]
          ]
        ]
      }
    },
    {
      "type": "Feature",
      "properties": {
        "name": "Karola Marcinkowskiego",
        "highway": "residential"
      },
      "geometry": {
        "type": "MultiLineString",
        "coordinates": [
          [
            [
              52.2481181,
              21.0397215
            ],
            [
              52.2481642,
              21.0397745
            ],
            [
              52.2481957,
              21.0398108
            ],
            [
              52.2485935,
              21.0402527
            ],
            [
              52.2487031,
              21.0403766
            ],
            [
              52.2490486,
              21.0407647
            ],
            [
              52.2493461,
              21.041099
            ],
            [
              52.2494573,
              21.0412173
            ],
            [
              52.2496789,
              21.0414612
            ],
            [
              52.249727,
              21.0415149
            ],
            [
              52.2497662,
              21.0415587
            ]
          ]
        ]
      }
    },
    {
      "type": "Feature",
      "properties": {
        "name": "Sprzeczna",
        "highway": "residential"
      },
      "geometry": {
        "type": "MultiLineString",
        "coordinates": [
          [
            [
              52.2480359,
              21.0415545
            ],
            [
              52.2480658,
              21.0415513
            ],
            [
              52.2483522,
              21.0415122
            ],
            [
              52.2490844,
              21.0413835
            ],
            [
              52.2493096,
              21.0413431
            ],
            [
              52.2493763,
              21.0413311
            ],
            [
              52.2494049,
              21.0413157
            ],
            [
              52.2494218,
              21.0412953
            ],
            [
              52.2494398,
              21.0412593
            ],
            [
              52.2494573,
              21.0412173
            ]
          ]
        ]
      }
    },
    {
      "type": "Feature",
      "properties": {
        "name": "Antoniego Mackiewicza",
        "highway": "residential"
      },
      "geometry": {
        "type": "MultiLineString",
        "coordinates": [
          [
            [
              52.24917,
              21.0440592
            ],
            [
              52.249207,
              21.0441227
            ],
            [
              52.2492563,
              21.0442072
            ],
            [
              52.2493127,
              21.0443055
            ],
            [
              52.2493217,
              21.0443213
            ],
            [
              52.2494135,
              21.0444784
            ],
            [
              52.2497438,
              21.0450438
            ],
            [
              52.2498452,
              21.0452164
            ],
            [
              52.2499164,
              21.0453402
            ],
            [
              52.249951,
              21.0454005
            ],
            [
              52.2500652,
              21.0455992
            ]
          ]
        ]
      }
    },
    {
      "type": "Feature",
      "properties": {
        "name": "Karola Darwina",
        "highway": "residential"
      },
      "geometry": {
        "type": "MultiLineString",
        "coordinates": [
          [
            [
              52.2632412,
              21.0235512
            ],
            [
              52.263262,
              21.0236154
            ],
            [
              52.2634958,
              21.0243392
            ],
            [
              52.263755,
              21.0251439
            ],
            [
              52.263895,
              21.0255785
            ],
            [
              52.2639798,
              21.0258419
            ],
            [
              52.2640901,
              21.0261842
            ],
            [
              52.2641417,
              21.0263469
            ],
            [
              52.2645319,
              21.0275765
            ],
            [
              52.2647514,
              21.0282546
            ],
            [
              52.2648867,
              21.0286684
            ],
            [
              52.2649245,
              21.0287907
            ],
            [
              52.2649366,
              21.0288297
            ],
            [
              52.2649797,
              21.0289597
            ],
            [
              52.2651657,
              21.0295364
            ],
            [
              52.2654585,
              21.030444
            ],
            [
              52.2656652,
              21.0310846
            ],
            [
              52.2656754,
              21.0311162
            ],
            [
              52.2657127,
              21.0312363
            ]
          ]
        ]
      }
    },
    {
      "type": "Feature",
      "properties": {
        "name": "Bertolta Brechta",
        "highway": "residential"
      },
      "geometry": {
        "type": "MultiLineString",
        "coordinates": [
          [
            [
              52.2580657,
              21.0278293
            ],
            [
              52.2584185,
              21.0285886
            ],
            [
              52.2585409,
              21.0288556
            ]
          ],
          [
            [
              52.2601617,
              21.0323573
            ],
            [
              52.2601875,
              21.0324131
            ],
            [
              52.2602106,
              21.032463
            ],
            [
              52.2603482,
              21.0327599
            ],
            [
              52.2606688,
              21.0334516
            ],
            [
              52.2608465,
              21.033835
            ],
            [
              52.2608696,
              21.0338849
            ],
            [
              52.2610565,
              21.0342882
            ],
            [
              52.2611432,
              21.0344752
            ],
            [
              52.2615782,
              21.0354144
            ],
            [
              52.2617222,
              21.0357247
            ],
            [
              52.2617772,
              21.0358434
            ]
          ],
          [
            [
              52.2585409,
              21.0288556
            ],
            [
              52.2587063,
              21.0292079
            ],
            [
              52.2587472,
              21.0292951
            ]
          ],
          [
            [
              52.2587472,
              21.0292951
            ],
            [
              52.258896,
              21.0296175
            ],
            [
              52.2590193,
              21.029879
            ],
            [
              52.2591344,
              21.0301254
            ],
            [
              52.2592301,
              21.0303396
            ],
            [
              52.2592875,
              21.0304532
            ],
            [
              52.2596101,
              21.0311548
            ],
            [
              52.2596283,
              21.0311987
            ],
            [
              52.2596813,
              21.0313096
            ],
            [
              52.2597191,
              21.0313896
            ],
            [
              52.2601073,
              21.0322327
            ],
            [
              52.260134,
              21.0322905
            ],
            [
              52.2601617,
              21.0323573
            ]
          ]
        ]
      }
    },
    {
      "type": "Feature",
      "properties": {
        "name": "Władysława Skoczylasa",
        "highway": "residential"
      },
      "geometry": {
        "type": "MultiLineString",
        "coordinates": [
          [
            [
              52.2585409,
              21.0288556
            ],
            [
              52.2586025,
              21.0287788
            ],
            [
              52.2587429,
              21.0286037
            ],
            [
              52.2593445,
              21.0278596
            ],
            [
              52.2593974,
              21.0277954
            ],
            [
              52.2594967,
              21.0276749
            ],
            [
              52.2595032,
              21.0276667
            ],
            [
              52.2595094,
              21.0276583
            ],
            [
              52.2595156,
              21.0276494
            ],
            [
              52.2595214,
              21.0276403
            ],
            [
              52.2595274,
              21.0276305
            ],
            [
              52.2595328,
              21.0276208
            ],
            [
              52.259538,
              21.0276107
            ],
            [
              52.259543,
              21.0276005
            ]
          ],
          [
            [
              52.2596174,
              21.0271675
            ],
            [
              52.2599117,
              21.0268054
            ],
            [
              52.2599894,
              21.0267098
            ]
          ],
          [
            [
              52.2584185,
              21.0285886
            ],
            [
              52.2584673,
              21.028529
            ],
            [
              52.2586418,
              21.0283156
            ],
            [
              52.2592007,
              21.0276274
            ],
            [
              52.2593773,
              21.0274124
            ],
            [
              52.259384,
              21.0274045
            ],
            [
              52.2593904,
              21.0273976
            ],
            [
              52.2593974,
              21.0273907
            ],
            [
              52.2594043,
              21.0273844
            ],
            [
              52.2594115,
              21.0273782
            ],
            [
              52.2594186,
              21.0273727
            ],
            [
              52.259426,
              21.0273675
            ],
            [
              52.2594326,
              21.0273636
            ]
          ],
          [
            [
              52.2600886,
              21.0269247
            ],
            [
              52.2600966,
              21.0269192
            ],
            [
              52.2601045,
              21.0269131
            ],
            [
              52.2601126,
              21.0269064
            ],
            [
              52.2601203,
              21.0268994
            ],
            [
              52.2601277,
              21.0268932
            ],
            [
              52.2601346,
              21.0268863
            ],
            [
              52.2601425,
              21.0268787
            ],
            [
              52.2601501,
              21.0268705
            ],
            [
              52.2606458,
              21.0262532
            ],
            [
              52.260686,
              21.0262028
            ],
            [
              52.2607274,
              21.0261508
            ],
            [
              52.261234,
              21.0255421
            ],
            [
              52.2612886,
              21.0254758
            ]
          ],
          [
            [
              52.2594326,
              21.0273636
            ],
            [
              52.2594454,
              21.0273552
            ],
            [
              52.2594571,
              21.0273471
            ],
            [
              52.2594691,
              21.0273378
            ],
            [
              52.2594803,
              21.0273283
            ],
            [
              52.2594918,
              21.0273177
            ],
            [
              52.2595028,
              21.0273066
            ],
            [
              52.2595139,
              21.0272946
            ],
            [
              52.2595234,
              21.0272833
            ],
            [
              52.2596174,
              21.0271675
            ]
          ],
          [
            [
              52.259543,
              21.0276005
            ],
            [
              52.259551,
              21.0275843
            ],
            [
              52.2595593,
              21.0275684
            ],
            [
              52.2595681,
              21.0275529
            ],
            [
              52.2595772,
              21.0275378
            ],
            [
              52.2595866,
              21.0275233
            ],
            [
              52.2595963,
              21.0275092
            ],
            [
              52.2596064,
              21.0274956
            ],
            [
              52.2596157,
              21.0274836
            ],
            [
              52.2596906,
              21.0273913
            ]
          ],
          [
            [
              52.259878,
              21.0271595
            ],
            [
              52.2600039,
              21.0270038
            ],
            [
              52.2600142,
              21.0269916
            ],
            [
              52.2600244,
              21.0269802
            ],
            [
              52.2600348,
              21.0269694
            ],
            [
              52.260045,
              21.0269595
            ],
            [
              52.2600562,
              21.0269495
            ],
            [
              52.2600668,
              21.0269408
            ],
            [
              52.2600776,
              21.0269325
            ],
            [
              52.2600886,
              21.0269247
            ]
          ],
          [
            [
              52.2596906,
              21.0273913
            ],
            [
              52.259878,
              21.0271595
            ]
          ]
        ]
      }
    },
    {
      "type": "Feature",
      "properties": {
        "name": "Plac generała Józefa Hallera",
        "highway": "residential"
      },
      "geometry": {
        "type": "MultiLineString",
        "coordinates": [
          [
            [
              52.2600886,
              21.0269247
            ],
            [
              52.2601429,
              21.0270417
            ],
            [
              52.2606535,
              21.0281456
            ],
            [
              52.2611279,
              21.0291705
            ],
            [
              52.2611538,
              21.0292188
            ],
            [
              52.2612484,
              21.0293947
            ],
            [
              52.261441,
              21.029813
            ],
            [
              52.2614791,
              21.0298943
            ],
            [
              52.2616405,
              21.030238
            ],
            [
              52.2617293,
              21.0304291
            ]
          ],
          [
            [
              52.258881,
              21.0261912
            ],
            [
              52.2589496,
              21.0263427
            ],
            [
              52.2589788,
              21.0264084
            ],
            [
              52.2593047,
              21.0271102
            ],
            [
              52.2593622,
              21.0272121
            ],
            [
              52.2593876,
              21.027267
            ],
            [
              52.2594326,
              21.0273636
            ]
          ],
          [
            [
              52.2594326,
              21.0273636
            ],
            [
              52.259543,
              21.0276005
            ]
          ],
          [
            [
              52.259543,
              21.0276005
            ],
            [
              52.259595,
              21.0277295
            ],
            [
              52.2596251,
              21.0278042
            ],
            [
              52.2598852,
              21.0283625
            ],
            [
              52.2600921,
              21.0288092
            ],
            [
              52.2606127,
              21.0299332
            ],
            [
              52.2606882,
              21.0300996
            ],
            [
              52.260964,
              21.0306934
            ],
            [
              52.2610755,
              21.0309335
            ],
            [
              52.2611386,
              21.0310691
            ],
            [
              52.2611639,
              21.0311237
            ]
          ],
          [
            [
              52.2599894,
              21.0267098
            ],
            [
              52.2600886,
              21.0269247
            ]
          ],
          [
            [
              52.2594343,
              21.0255101
            ],
            [
              52.2595498,
              21.0257568
            ],
            [
              52.259579,
              21.0258196
            ],
            [
              52.2597737,
              21.0262384
            ],
            [
              52.2599385,
              21.0266005
            ],
            [
              52.2599894,
              21.0267098
            ]
          ]
        ]
      }
    },
    {
      "type": "Feature",
      "properties": {
        "name": "Karola Szymanowskiego",
        "highway": "residential"
      },
      "geometry": {
        "type": "MultiLineString",
        "coordinates": [
          [
            [
              52.2615296,
              21.0306805
            ],
            [
              52.2615536,
              21.0307348
            ],
            [
              52.2616093,
              21.0308556
            ],
            [
              52.2617104,
              21.0310724
            ],
            [
              52.2619906,
              21.0317105
            ],
            [
              52.2620363,
              21.0318126
            ],
            [
              52.2620802,
              21.0319033
            ],
            [
              52.2623574,
              21.0324762
            ],
            [
              52.2624194,
              21.0326044
            ],
            [
              52.2624481,
              21.0326658
            ],
            [
              52.2626594,
              21.0331182
            ],
            [
              52.2628932,
              21.0336189
            ],
            [
              52.2629399,
              21.0337189
            ],
            [
              52.2630994,
              21.0340603
            ],
            [
              52.2631475,
              21.0341574
            ]
          ],
          [
            [
              52.2613586,
              21.0308858
            ],
            [
              52.2614402,
              21.0310638
            ],
            [
              52.2615371,
              21.0312787
            ],
            [
              52.2618212,
              21.0319092
            ],
            [
              52.2618677,
              21.0320145
            ],
            [
              52.2619109,
              21.0321069
            ],
            [
              52.2621839,
              21.0326902
            ],
            [
              52.2622444,
              21.0328195
            ],
            [
              52.2622734,
              21.0328816
            ],
            [
              52.2624162,
              21.0331877
            ],
            [
              52.2627169,
              21.0338324
            ],
            [
              52.2627829,
              21.0339739
            ],
            [
              52.2629221,
              21.0342718
            ],
            [
              52.26297,
              21.0343728
            ]
          ]
        ]
      }
    },
    {
      "type": "Feature",
      "properties": {
        "name": "Karola Linneusza",
        "highway": "residential"
      },
      "geometry": {
        "type": "MultiLineString",
        "coordinates": [
          [
            [
              52.2634048,
              21.0267496
            ],
            [
              52.2634237,
              21.0268087
            ],
            [
              52.2637275,
              21.0277621
            ],
            [
              52.2637863,
              21.0279465
            ],
            [
              52.264052,
              21.02878
            ],
            [
              52.2641445,
              21.0290702
            ],
            [
              52.2641569,
              21.0291092
            ],
            [
              52.2642194,
              21.0293054
            ],
            [
              52.2642419,
              21.0293644
            ],
            [
              52.2642587,
              21.0294086
            ]
          ],
          [
            [
              52.2642587,
              21.0294086
            ],
            [
              52.2642827,
              21.0294812
            ],
            [
              52.2645595,
              21.0303168
            ],
            [
              52.2646457,
              21.0305752
            ],
            [
              52.2648947,
              21.0313222
            ],
            [
              52.265014,
              21.0316799
            ],
            [
              52.2650227,
              21.0317059
            ]
          ],
          [
            [
              52.262594,
              21.024352
            ],
            [
              52.2626185,
              21.0244076
            ],
            [
              52.2626349,
              21.0244449
            ],
            [
              52.2627767,
              21.0247672
            ],
            [
              52.262821,
              21.0249072
            ],
            [
              52.2629455,
              21.0252999
            ],
            [
              52.2633334,
              21.0265244
            ],
            [
              52.2634048,
              21.0267496
            ]
          ],
          [
            [
              52.2650227,
              21.0317059
            ],
            [
              52.2650548,
              21.0318177
            ]
          ]
        ]
      }
    },
    {
      "type": "Feature",
      "properties": {
        "name": "Harnasie",
        "highway": "living_street"
      },
      "geometry": {
        "type": "MultiLineString",
        "coordinates": [
          [
            [
              52.2630291,
              21.0319104
            ],
            [
              52.2630505,
              21.0318833
            ],
            [
              52.2631046,
              21.0318147
            ],
            [
              52.2632085,
              21.031683
            ],
            [
              52.2637689,
              21.0309824
            ],
            [
              52.2638229,
              21.0309149
            ]
          ],
          [
            [
              52.2619544,
              21.0331782
            ],
            [
              52.2620311,
              21.0330849
            ],
            [
              52.2620711,
              21.0330384
            ],
            [
              52.2621871,
              21.0328917
            ],
            [
              52.2622444,
              21.0328195
            ]
          ],
          [
            [
              52.2610565,
              21.0342882
            ],
            [
              52.2610902,
              21.0342457
            ],
            [
              52.2613445,
              21.033944
            ],
            [
              52.2617203,
              21.0334896
            ]
          ],
          [
            [
              52.2624194,
              21.0326044
            ],
            [
              52.2624728,
              21.0325425
            ],
            [
              52.262582,
              21.0324158
            ],
            [
              52.2626248,
              21.0323743
            ],
            [
              52.2627656,
              21.0322465
            ],
            [
              52.2629577,
              21.0319992
            ]
          ],
          [
            [
              52.2629577,
              21.0319992
            ],
            [
              52.2630291,
              21.0319104
            ]
          ]
        ]
      }
    },
    {
      "type": "Feature",
      "properties": {
        "name": "Jana Młota",
        "highway": "residential"
      },
      "geometry": {
        "type": "MultiLineString",
        "coordinates": [
          [
            [
              52.2635412,
              21.0303013
            ],
            [
              52.2635991,
              21.0302284
            ],
            [
              52.2636162,
              21.0302072
            ],
            [
              52.2642076,
              21.0294741
            ],
            [
              52.2642587,
              21.0294086
            ],
            [
              52.2644898,
              21.0292133
            ],
            [
              52.26471,
              21.0290272
            ],
            [
              52.2648541,
              21.0289054
            ],
            [
              52.2649366,
              21.0288297
            ]
          ]
        ]
      }
    },
    {
      "type": "Feature",
      "properties": {
        "name": "Józefa Nusbauma-Hilarowicza",
        "highway": "residential"
      },
      "geometry": {
        "type": "MultiLineString",
        "coordinates": [
          [
            [
              52.2634048,
              21.0267496
            ],
            [
              52.2634328,
              21.0267265
            ],
            [
              52.2634714,
              21.0266946
            ],
            [
              52.2636383,
              21.026557
            ],
            [
              52.2638606,
              21.0263735
            ],
            [
              52.2640201,
              21.026242
            ],
            [
              52.2640427,
              21.0262233
            ],
            [
              52.2640901,
              21.0261842
            ]
          ],
          [
            [
              52.2623709,
              21.027802
            ],
            [
              52.2624533,
              21.0277026
            ],
            [
              52.2625486,
              21.0275866
            ],
            [
              52.2628128,
              21.0272648
            ],
            [
              52.2634048,
              21.0267496
            ]
          ]
        ]
      }
    },
    {
      "type": "Feature",
      "properties": {
        "name": "Janusza Groszkowskiego",
        "highway": "residential"
      },
      "geometry": {
        "type": "MultiLineString",
        "coordinates": [
          [
            [
              52.2587626,
              21.0324382
            ],
            [
              52.2595564,
              21.0314601
            ],
            [
              52.2596006,
              21.0314047
            ],
            [
              52.2596813,
              21.0313096
            ]
          ],
          [
            [
              52.2596813,
              21.0313096
            ],
            [
              52.2598776,
              21.0310659
            ],
            [
              52.2601904,
              21.0306799
            ],
            [
              52.2604852,
              21.0303098
            ],
            [
              52.2606206,
              21.0301426
            ],
            [
              52.2606695,
              21.0301115
            ],
            [
              52.2606882,
              21.0300996
            ]
          ],
          [
            [
              52.2582843,
              21.0330285
            ],
            [
              52.2583134,
              21.0329926
            ],
            [
              52.2584039,
              21.0328809
            ],
            [
              52.2585261,
              21.0327301
            ],
            [
              52.2586114,
              21.0326248
            ],
            [
              52.2587626,
              21.0324382
            ]
          ]
        ]
      }
    },
    {
      "type": "Feature",
      "properties": {
        "name": "Tadeusza Borowskiego",
        "highway": "residential"
      },
      "geometry": {
        "type": "MultiLineString",
        "coordinates": [
          [
            [
              52.2573773,
              21.0310161
            ],
            [
              52.2573891,
              21.0310008
            ],
            [
              52.2574288,
              21.030949
            ],
            [
              52.2574571,
              21.0309074
            ],
            [
              52.2575273,
              21.0307812
            ],
            [
              52.2575782,
              21.0307034
            ],
            [
              52.2582939,
              21.0298281
            ],
            [
              52.2583456,
              21.0297914
            ]
          ],
          [
            [
              52.2583456,
              21.0297914
            ],
            [
              52.2584019,
              21.0297219
            ],
            [
              52.2586838,
              21.0293741
            ],
            [
              52.2587472,
              21.0292951
            ]
          ]
        ]
      }
    },
    {
      "type": "Feature",
      "properties": {
        "name": "Kijowska",
        "highway": "tertiary"
      },
      "geometry": {
        "type": "MultiLineString",
        "coordinates": [
          [
            [
              52.2527822,
              21.0494241
            ],
            [
              52.2528606,
              21.0496757
            ],
            [
              52.2528877,
              21.0497621
            ],
            [
              52.2529827,
              21.0500643
            ]
          ],
          [
            [
              52.2524072,
              21.0494979
            ],
            [
              52.2525212,
              21.049861
            ],
            [
              52.2525453,
              21.0499395
            ],
            [
              52.2527831,
              21.050706
            ],
            [
              52.2528701,
              21.0509814
            ],
            [
              52.2528945,
              21.0510587
            ],
            [
              52.2530164,
              21.0514582
            ],
            [
              52.2530878,
              21.0516841
            ],
            [
              52.2531985,
              21.0520342
            ],
            [
              52.2532233,
              21.0521127
            ],
            [
              52.2534025,
              21.0526795
            ]
          ],
          [
            [
              52.249438,
              21.0432411
            ],
            [
              52.2495371,
              21.0433712
            ],
            [
              52.2496607,
              21.0435511
            ],
            [
              52.2497776,
              21.0437456
            ],
            [
              52.2499229,
              21.0439964
            ],
            [
              52.2504137,
              21.0448952
            ],
            [
              52.2504946,
              21.0450462
            ]
          ],
          [
            [
              52.2496513,
              21.0426653
            ],
            [
              52.2497451,
              21.0428404
            ],
            [
              52.2497866,
              21.0429171
            ],
            [
              52.2501259,
              21.0435442
            ],
            [
              52.2502015,
              21.0437018
            ]
          ],
          [
            [
              52.2571928,
              21.0633382
            ],
            [
              52.2572144,
              21.0633681
            ],
            [
              52.2572372,
              21.0633969
            ],
            [
              52.2572604,
              21.0634237
            ],
            [
              52.2573215,
              21.0634847
            ],
            [
              52.2573897,
              21.0635461
            ],
            [
              52.2574652,
              21.0636062
            ],
            [
              52.2575465,
              21.0636624
            ],
            [
              52.2576285,
              21.0637107
            ],
            [
              52.2577803,
              21.0637828
            ],
            [
              52.2579567,
              21.0638421
            ],
            [
              52.2581159,
              21.0638697
            ],
            [
              52.2583181,
              21.0638823
            ],
            [
              52.2585103,
              21.0638838
            ],
            [
              52.2588632,
              21.0638797
            ],
            [
              52.2590033,
              21.0638951
            ],
            [
              52.2591807,
              21.0638996
            ],
            [
              52.2595265,
              21.0638731
            ],
            [
              52.2596515,
              21.0638818
            ],
            [
              52.2598317,
              21.0639135
            ],
            [
              52.2599133,
              21.0639329
            ],
            [
              52.2600833,
              21.0639799
            ],
            [
              52.2608184,
              21.0642155
            ],
            [
              52.2610525,
              21.0642967
            ],
            [
              52.2611955,
              21.0643482
            ],
            [
              52.261377,
              21.0644242
            ],
            [
              52.2614851,
              21.0644713
            ],
            [
              52.2617162,
              21.0645743
            ],
            [
              52.26175,
              21.0645905
            ],
            [
              52.2618682,
              21.0646466
            ]
          ],
          [
            [
              52.2502015,
              21.0437018
            ],
            [
              52.2504026,
              21.04416
            ],
            [
              52.2506149,
              21.044586
            ],
            [
              52.2507042,
              21.0447512
            ]
          ],
          [
            [
              52.2513351,
              21.0464611
            ],
            [
              52.2514039,
              21.0466078
            ],
            [
              52.251531,
              21.0469109
            ],
            [
              52.2516454,
              21.0472002
            ],
            [
              52.251771,
              21.047526
            ],
            [
              52.2518446,
              21.0477289
            ],
            [
              52.2519025,
              21.0479042
            ],
            [
              52.2520134,
              21.0482435
            ],
            [
              52.2521338,
              21.0486221
            ],
            [
              52.2524072,
              21.0494979
            ]
          ],
          [
            [
              52.2539521,
              21.0547372
            ],
            [
              52.25404,
              21.054681
            ],
            [
              52.2540903,
              21.0546396
            ],
            [
              52.2541277,
              21.0545915
            ],
            [
              52.2541424,
              21.0545675
            ],
            [
              52.2541693,
              21.0545234
            ],
            [
              52.2542167,
              21.0544365
            ]
          ],
          [
            [
              52.2504946,
              21.0450462
            ],
            [
              52.2506723,
              21.0453698
            ],
            [
              52.250744,
              21.0454981
            ],
            [
              52.2509565,
              21.0457961
            ],
            [
              52.2511684,
              21.0461237
            ],
            [
              52.2513351,
              21.0464611
            ]
          ],
          [
            [
              52.2507042,
              21.0447512
            ],
            [
              52.2512066,
              21.0456627
            ],
            [
              52.2515116,
              21.0462162
            ]
          ],
          [
            [
              52.2536407,
              21.0521731
            ],
            [
              52.2539363,
              21.0531039
            ],
            [
              52.2540747,
              21.0535395
            ],
            [
              52.2541613,
              21.0538122
            ],
            [
              52.2541985,
              21.053966
            ],
            [
              52.2542079,
              21.0540208
            ],
            [
              52.2542156,
              21.0540758
            ],
            [
              52.2542185,
              21.0541549
            ],
            [
              52.2542165,
              21.0543364
            ],
            [
              52.2542167,
              21.0544365
            ]
          ],
          [
            [
              52.2542167,
              21.0544365
            ],
            [
              52.2542239,
              21.0545341
            ],
            [
              52.25424,
              21.0546453
            ],
            [
              52.2542526,
              21.0546958
            ],
            [
              52.2542713,
              21.0547535
            ],
            [
              52.2545191,
              21.0555169
            ]
          ],
          [
            [
              52.2564905,
              21.0624932
            ],
            [
              52.2565093,
              21.0625424
            ],
            [
              52.2565296,
              21.0625925
            ],
            [
              52.2565503,
              21.0626415
            ],
            [
              52.2565713,
              21.0626874
            ],
            [
              52.2565912,
              21.0627311
            ],
            [
              52.2566344,
              21.0628175
            ],
            [
              52.2566818,
              21.0629041
            ],
            [
              52.2567332,
              21.0629929
            ],
            [
              52.2567844,
              21.0630755
            ],
            [
              52.2568531,
              21.0631777
            ],
            [
              52.256922,
              21.0632716
            ],
            [
              52.2569985,
              21.0633668
            ],
            [
              52.2570886,
              21.0634677
            ],
            [
              52.257185,
              21.0635635
            ],
            [
              52.2572862,
              21.0636521
            ],
            [
              52.2573913,
              21.0637321
            ],
            [
              52.257499,
              21.0638026
            ],
            [
              52.2576258,
              21.0638807
            ]
          ],
          [
            [
              52.2560741,
              21.0610847
            ],
            [
              52.256104,
              21.0611815
            ],
            [
              52.2561334,
              21.0612812
            ],
            [
              52.2561612,
              21.0613813
            ],
            [
              52.256282,
              21.0618265
            ],
            [
              52.2563368,
              21.0620194
            ],
            [
              52.2563539,
              21.0620775
            ],
            [
              52.2563694,
              21.0621268
            ],
            [
              52.2564905,
              21.0624932
            ]
          ],
          [
            [
              52.2563525,
              21.0613292
            ],
            [
              52.2563811,
              21.0614213
            ],
            [
              52.2564096,
              21.0615154
            ],
            [
              52.2564403,
              21.0616191
            ],
            [
              52.2565319,
              21.0619452
            ],
            [
              52.2565464,
              21.0619976
            ],
            [
              52.2566011,
              21.062198
            ],
            [
              52.2566259,
              21.0622817
            ],
            [
              52.256653,
              21.0623649
            ]
          ],
          [
            [
              52.2545191,
              21.0555169
            ],
            [
              52.2546068,
              21.0557224
            ],
            [
              52.2546822,
              21.0558761
            ],
            [
              52.2549191,
              21.0563664
            ],
            [
              52.2550554,
              21.0566688
            ],
            [
              52.2551208,
              21.0568441
            ],
            [
              52.2551891,
              21.0570535
            ],
            [
              52.2552704,
              21.0573536
            ],
            [
              52.2553835,
              21.0577745
            ],
            [
              52.2557758,
              21.059235
            ],
            [
              52.2560781,
              21.0603548
            ],
            [
              52.2562673,
              21.0610421
            ],
            [
              52.2562945,
              21.0611395
            ],
            [
              52.2563227,
              21.0612346
            ],
            [
              52.2563525,
              21.0613292
            ]
          ],
          [
            [
              52.2567086,
              21.062512
            ],
            [
              52.2567257,
              21.0625527
            ],
            [
              52.2567479,
              21.0626058
            ],
            [
              52.2567899,
              21.0626985
            ],
            [
              52.2568331,
              21.0627863
            ],
            [
              52.2568795,
              21.062874
            ],
            [
              52.2569279,
              21.0629588
            ],
            [
              52.2569767,
              21.0630382
            ],
            [
              52.2570258,
              21.0631128
            ],
            [
              52.2570766,
              21.0631846
            ],
            [
              52.2571256,
              21.0632496
            ],
            [
              52.2571928,
              21.0633382
            ]
          ],
          [
            [
              52.2552867,
              21.0581955
            ],
            [
              52.2553579,
              21.0584342
            ],
            [
              52.2556704,
              21.0595897
            ],
            [
              52.2559055,
              21.0604788
            ],
            [
              52.2559124,
              21.0605046
            ],
            [
              52.2559877,
              21.0607895
            ],
            [
              52.2560151,
              21.060889
            ],
            [
              52.2560443,
              21.0609889
            ],
            [
              52.2560741,
              21.0610847
            ]
          ],
          [
            [
              52.2549639,
              21.0570715
            ],
            [
              52.2550062,
              21.0571929
            ],
            [
              52.2550732,
              21.0574292
            ]
          ],
          [
            [
              52.2540897,
              21.0548788
            ],
            [
              52.254107,
              21.0549253
            ],
            [
              52.2542297,
              21.0552985
            ],
            [
              52.2543086,
              21.0555447
            ],
            [
              52.2543715,
              21.0557169
            ],
            [
              52.2544491,
              21.0558984
            ],
            [
              52.2545458,
              21.0561013
            ],
            [
              52.2547771,
              21.0565882
            ]
          ],
          [
            [
              52.2529827,
              21.0500643
            ],
            [
              52.25311,
              21.0504735
            ],
            [
              52.2532072,
              21.0507852
            ],
            [
              52.2532327,
              21.0508665
            ],
            [
              52.2535406,
              21.0518496
            ],
            [
              52.2535643,
              21.0519277
            ],
            [
              52.2536407,
              21.0521731
            ]
          ],
          [
            [
              52.2534025,
              21.0526795
            ],
            [
              52.2535736,
              21.0532308
            ],
            [
              52.2535845,
              21.0532767
            ],
            [
              52.2535928,
              21.0533243
            ],
            [
              52.2536014,
              21.0533785
            ],
            [
              52.2536086,
              21.0534401
            ],
            [
              52.2536153,
              21.0535092
            ],
            [
              52.2536177,
              21.0535711
            ],
            [
              52.2536193,
              21.0536245
            ],
            [
              52.2536128,
              21.0537214
            ],
            [
              52.2536036,
              21.0538036
            ],
            [
              52.2535836,
              21.0539025
            ],
            [
              52.2535588,
              21.0540024
            ],
            [
              52.2535399,
              21.0540905
            ],
            [
              52.25353,
              21.0541757
            ],
            [
              52.253527,
              21.0542723
            ],
            [
              52.2535393,
              21.0543792
            ],
            [
              52.253557,
              21.0544603
            ],
            [
              52.2535797,
              21.054519
            ]
          ],
          [
            [
              52.2611462,
              21.0646304
            ],
            [
              52.2612067,
              21.064676
            ],
            [
              52.2612678,
              21.064735
            ],
            [
              52.2613152,
              21.0647889
            ],
            [
              52.2613828,
              21.0648571
            ],
            [
              52.2615182,
              21.0650516
            ],
            [
              52.2615656,
              21.0651216
            ],
            [
              52.2615723,
              21.0651321
            ],
            [
              52.2615975,
              21.0651732
            ],
            [
              52.2616246,
              21.0652041
            ],
            [
              52.2616554,
              21.0652419
            ],
            [
              52.2617057,
              21.0652648
            ]
          ],
          [
            [
              52.2606808,
              21.0644432
            ],
            [
              52.2608391,
              21.0644886
            ],
            [
              52.2610581,
              21.0645798
            ],
            [
              52.2611462,
              21.0646304
            ]
          ],
          [
            [
              52.2515116,
              21.0462162
            ],
            [
              52.251592,
              21.0463664
            ],
            [
              52.2517535,
              21.0466933
            ],
            [
              52.2519166,
              21.0470403
            ],
            [
              52.2520741,
              21.0473901
            ],
            [
              52.252223,
              21.0477545
            ],
            [
              52.2523376,
              21.0480563
            ],
            [
              52.2524356,
              21.0483348
            ],
            [
              52.2526028,
              21.0488576
            ],
            [
              52.2527822,
              21.0494241
            ]
          ],
          [
            [
              52.2581903,
              21.0640375
            ],
            [
              52.2583708,
              21.0640353
            ],
            [
              52.2585768,
              21.0640184
            ]
          ],
          [
            [
              52.2585768,
              21.0640184
            ],
            [
              52.2587245,
              21.064007
            ],
            [
              52.2588911,
              21.0640069
            ],
            [
              52.2590688,
              21.0640296
            ],
            [
              52.2593986,
              21.0640831
            ],
            [
              52.2596846,
              21.064133
            ],
            [
              52.2606808,
              21.0644432
            ]
          ],
          [
            [
              52.2576258,
              21.0638807
            ],
            [
              52.2577444,
              21.0639484
            ],
            [
              52.2579684,
              21.0640188
            ]
          ],
          [
            [
              52.2539521,
              21.0547372
            ],
            [
              52.2539966,
              21.0547581
            ],
            [
              52.2540218,
              21.0547791
            ],
            [
              52.2540432,
              21.0548017
            ],
            [
              52.254058,
              21.0548199
            ],
            [
              52.2540897,
              21.0548788
            ]
          ],
          [
            [
              52.2535797,
              21.054519
            ],
            [
              52.253606,
              21.0545716
            ],
            [
              52.2536242,
              21.0546025
            ],
            [
              52.2536501,
              21.0546361
            ],
            [
              52.2536802,
              21.0546685
            ],
            [
              52.2537219,
              21.0547023
            ],
            [
              52.2537601,
              21.0547245
            ],
            [
              52.2538119,
              21.0547362
            ],
            [
              52.2539521,
              21.0547372
            ]
          ],
          [
            [
              52.2551201,
              21.0576
            ],
            [
              52.2552867,
              21.0581955
            ]
          ],
          [
            [
              52.2550732,
              21.0574292
            ],
            [
              52.2551201,
              21.0576
            ]
          ],
          [
            [
              52.2547771,
              21.0565882
            ],
            [
              52.2549639,
              21.0570715
            ]
          ],
          [
            [
              52.2581176,
              21.0640384
            ],
            [
              52.2581903,
              21.0640375
            ]
          ],
          [
            [
              52.2579684,
              21.0640188
            ],
            [
              52.2581176,
              21.0640384
            ]
          ],
          [
            [
              52.256653,
              21.0623649
            ],
            [
              52.2566802,
              21.0624393
            ],
            [
              52.2567086,
              21.062512
            ]
          ]
        ]
      }
    },
    {
      "type": "Feature",
      "properties": {
        "name": "Frontowa",
        "highway": "service"
      },
      "geometry": {
        "type": "MultiLineString",
        "coordinates": [
          [
            [
              52.2832832,
              21.0100915
            ],
            [
              52.2851147,
              21.0089566
            ],
            [
              52.2853097,
              21.0088427
            ],
            [
              52.2873367,
              21.0076222
            ],
            [
              52.288277,
              21.0070474
            ],
            [
              52.2886522,
              21.0068181
            ],
            [
              52.2888675,
              21.0066865
            ],
            [
              52.2898098,
              21.0061104
            ],
            [
              52.2899269,
              21.0060388
            ],
            [
              52.2904979,
              21.0056774
            ],
            [
              52.290721,
              21.0056706
            ]
          ]
        ]
      }
    },
    {
      "type": "Feature",
      "properties": {
        "name": "Remontowa",
        "highway": "service"
      },
      "geometry": {
        "type": "MultiLineString",
        "coordinates": [
          [
            [
              52.2873367,
              21.0076222
            ],
            [
              52.2874475,
              21.0081063
            ],
            [
              52.287591,
              21.0087333
            ],
            [
              52.2879729,
              21.0104015
            ]
          ]
        ]
      }
    },
    {
      "type": "Feature",
      "properties": {
        "name": "Batalionu Platerówek",
        "highway": "service"
      },
      "geometry": {
        "type": "MultiLineString",
        "coordinates": [
          [
            [
              52.2748398,
              21.0177847
            ],
            [
              52.2748838,
              21.0178456
            ],
            [
              52.2750972,
              21.0190558
            ]
          ],
          [
            [
              52.2742326,
              21.0144496
            ],
            [
              52.2742845,
              21.01468
            ],
            [
              52.274326,
              21.0148662
            ],
            [
              52.2743392,
              21.0149256
            ],
            [
              52.2743511,
              21.0149946
            ],
            [
              52.2743612,
              21.0150959
            ],
            [
              52.2743818,
              21.0153037
            ]
          ],
          [
            [
              52.2743818,
              21.0153037
            ],
            [
              52.274478,
              21.0157299
            ],
            [
              52.2745428,
              21.0160423
            ]
          ],
          [
            [
              52.2747202,
              21.0177995
            ],
            [
              52.2747428,
              21.0178241
            ],
            [
              52.2747692,
              21.0178351
            ],
            [
              52.2747963,
              21.0178313
            ],
            [
              52.2748204,
              21.0178138
            ],
            [
              52.2748398,
              21.0177847
            ],
            [
              52.2748525,
              21.017747
            ],
            [
              52.2748571,
              21.0177045
            ],
            [
              52.2748532,
              21.017662
            ],
            [
              52.2748424,
              21.0176266
            ],
            [
              52.2748257,
              21.0175979
            ],
            [
              52.2748189,
              21.0175892
            ],
            [
              52.2748046,
              21.0175786
            ],
            [
              52.2747772,
              21.0175701
            ],
            [
              52.2747497,
              21.0175771
            ],
            [
              52.2747253,
              21.0175989
            ],
            [
              52.2747067,
              21.017633
            ],
            [
              52.2746963,
              21.0176752
            ],
            [
              52.2746953,
              21.0177206
            ],
            [
              52.2747038,
              21.017764
            ],
            [
              52.2747202,
              21.0177995
            ]
          ],
          [
            [
              52.274151,
              21.014494
            ],
            [
              52.2742038,
              21.0147277
            ],
            [
              52.2742467,
              21.0149142
            ],
            [
              52.2742603,
              21.0149732
            ],
            [
              52.2742797,
              21.0150381
            ],
            [
              52.2743157,
              21.0151317
            ],
            [
              52.2743818,
              21.0153037
            ]
          ],
          [
            [
              52.2745428,
              21.0160423
            ],
            [
              52.2745761,
              21.0162071
            ],
            [
              52.2746452,
              21.0165483
            ],
            [
              52.2746805,
              21.0167229
            ],
            [
              52.2747901,
              21.0173447
            ],
            [
              52.2748143,
              21.0174818
            ]
          ],
          [
            [
              52.2748143,
              21.0174818
            ],
            [
              52.2748257,
              21.0175979
            ]
          ]
        ]
      }
    },
    {
      "type": "Feature",
      "properties": {
        "name": "Białostocka",
        "highway": "residential"
      },
      "geometry": {
        "type": "MultiLineString",
        "coordinates": [
          [
            [
              52.2555563,
              21.0413595
            ],
            [
              52.2556448,
              21.0415883
            ],
            [
              52.2558734,
              21.0422652
            ],
            [
              52.2560315,
              21.0427004
            ],
            [
              52.2561735,
              21.0431089
            ],
            [
              52.2562289,
              21.0432607
            ],
            [
              52.2562868,
              21.0434628
            ],
            [
              52.256321,
              21.0435907
            ],
            [
              52.2565827,
              21.0448663
            ],
            [
              52.2566623,
              21.0452537
            ],
            [
              52.2567202,
              21.0454994
            ],
            [
              52.2568532,
              21.0458926
            ],
            [
              52.2569129,
              21.0460612
            ]
          ],
          [
            [
              52.2534246,
              21.0363068
            ],
            [
              52.2534817,
              21.0364439
            ],
            [
              52.2535046,
              21.0364989
            ],
            [
              52.2537712,
              21.0371154
            ]
          ],
          [
            [
              52.2537712,
              21.0371154
            ],
            [
              52.2538048,
              21.0372362
            ],
            [
              52.2538531,
              21.037352
            ],
            [
              52.2538939,
              21.0374496
            ],
            [
              52.2539453,
              21.0375721
            ]
          ],
          [
            [
              52.2546626,
              21.0391417
            ],
            [
              52.2547339,
              21.039325
            ],
            [
              52.2547595,
              21.0393799
            ],
            [
              52.2548989,
              21.0396788
            ],
            [
              52.2550134,
              21.0399235
            ],
            [
              52.2552152,
              21.0403737
            ],
            [
              52.2553127,
              21.0406007
            ],
            [
              52.2554153,
              21.0409002
            ],
            [
              52.2554442,
              21.0410827
            ]
          ],
          [
            [
              52.2571898,
              21.0467957
            ],
            [
              52.2572322,
              21.0468851
            ],
            [
              52.2574333,
              21.0473166
            ],
            [
              52.257529,
              21.0475219
            ],
            [
              52.2576945,
              21.0479563
            ],
            [
              52.2577423,
              21.0480821
            ],
            [
              52.2580471,
              21.0488982
            ],
            [
              52.2582928,
              21.0495485
            ],
            [
              52.2583214,
              21.0496229
            ],
            [
              52.2583644,
              21.0497346
            ],
            [
              52.2586183,
              21.0503792
            ],
            [
              52.2587695,
              21.0507792
            ],
            [
              52.2590915,
              21.0516372
            ],
            [
              52.259167,
              21.0518648
            ],
            [
              52.2591894,
              21.0519537
            ],
            [
              52.2591953,
              21.0520307
            ],
            [
              52.2591787,
              21.0521515
            ],
            [
              52.2591691,
              21.052221
            ],
            [
              52.2591312,
              21.0523821
            ]
          ],
          [
            [
              52.2569129,
              21.0460612
            ],
            [
              52.2570768,
              21.0464958
            ],
            [
              52.2571898,
              21.0467957
            ]
          ],
          [
            [
              52.2537712,
              21.0371154
            ],
            [
              52.2538433,
              21.0371958
            ],
            [
              52.2539336,
              21.037404
            ],
            [
              52.253991,
              21.0375187
            ]
          ],
          [
            [
              52.2543708,
              21.0385755
            ],
            [
              52.2544001,
              21.0386752
            ],
            [
              52.2544852,
              21.0388962
            ],
            [
              52.2545179,
              21.0389809
            ],
            [
              52.2545391,
              21.0390358
            ],
            [
              52.2546044,
              21.0392053
            ]
          ],
          [
            [
              52.253991,
              21.0375187
            ],
            [
              52.2540309,
              21.0375983
            ],
            [
              52.2543381,
              21.0383176
            ],
            [
              52.2544693,
              21.0386411
            ],
            [
              52.254598,
              21.0389748
            ],
            [
              52.2546626,
              21.0391417
            ]
          ],
          [
            [
              52.2549006,
              21.0398591
            ],
            [
              52.2551231,
              21.0403325
            ],
            [
              52.2552523,
              21.0406332
            ],
            [
              52.2553706,
              21.0409625
            ],
            [
              52.2554442,
              21.0410827
            ]
          ],
          [
            [
              52.2554442,
              21.0410827
            ],
            [
              52.2554835,
              21.0411798
            ],
            [
              52.2555563,
              21.0413595
            ]
          ],
          [
            [
              52.2539453,
              21.0375721
            ],
            [
              52.2543708,
              21.0385755
            ]
          ],
          [
            [
              52.2546044,
              21.0392053
            ],
            [
              52.2546762,
              21.0393932
            ],
            [
              52.2548453,
              21.0397415
            ],
            [
              52.2549006,
              21.0398591
            ]
          ]
        ]
      }
    },
    {
      "type": "Feature",
      "properties": {
        "name": "Nieporęcka",
        "highway": "residential"
      },
      "geometry": {
        "type": "MultiLineString",
        "coordinates": [
          [
            [
              52.2549203,
              21.0472709
            ],
            [
              52.2550237,
              21.0472131
            ],
            [
              52.2564963,
              21.0463247
            ],
            [
              52.2568038,
              21.0461371
            ],
            [
              52.2568515,
              21.0461039
            ],
            [
              52.2569129,
              21.0460612
            ]
          ]
        ]
      }
    },
    {
      "type": "Feature",
      "properties": {
        "name": "Tarchomińska",
        "highway": "residential"
      },
      "geometry": {
        "type": "MultiLineString",
        "coordinates": [
          [
            [
              52.2560585,
              21.0474723
            ],
            [
              52.2569834,
              21.0469277
            ],
            [
              52.2570832,
              21.0468686
            ],
            [
              52.2571466,
              21.0468252
            ],
            [
              52.2571898,
              21.0467957
            ]
          ],
          [
            [
              52.2550663,
              21.0480621
            ],
            [
              52.2552248,
              21.0479823
            ],
            [
              52.255258,
              21.047962
            ],
            [
              52.2560585,
              21.0474723
            ]
          ]
        ]
      }
    },
    {
      "type": "Feature",
      "properties": {
        "name": "Tadeusza Korsaka",
        "highway": "residential"
      },
      "geometry": {
        "type": "MultiLineString",
        "coordinates": [
          [
            [
              52.2551781,
              21.0491309
            ],
            [
              52.2552029,
              21.0490964
            ],
            [
              52.2552289,
              21.0490483
            ],
            [
              52.2552488,
              21.0489943
            ]
          ],
          [
            [
              52.2546206,
              21.0495738
            ],
            [
              52.2547576,
              21.0494702
            ],
            [
              52.2547704,
              21.0494599
            ],
            [
              52.2551781,
              21.0491309
            ]
          ],
          [
            [
              52.254054,
              21.0499871
            ],
            [
              52.2543095,
              21.0497998
            ],
            [
              52.2546206,
              21.0495738
            ]
          ]
        ]
      }
    },
    {
      "type": "Feature",
      "properties": {
        "name": "Ireny Kosmowskiej",
        "highway": "unclassified"
      },
      "geometry": {
        "type": "MultiLineString",
        "coordinates": [
          [
            [
              52.2593384,
              21.050324
            ],
            [
              52.2593925,
              21.0502691
            ],
            [
              52.2595129,
              21.050128
            ],
            [
              52.2598492,
              21.0497338
            ],
            [
              52.2600492,
              21.049492
            ],
            [
              52.2601992,
              21.0493042
            ],
            [
              52.2602507,
              21.0492282
            ],
            [
              52.2603843,
              21.0489905
            ]
          ],
          [
            [
              52.2603843,
              21.0489905
            ],
            [
              52.2604314,
              21.0488952
            ],
            [
              52.2604583,
              21.0488343
            ],
            [
              52.2604753,
              21.0487906
            ]
          ]
        ]
      }
    },
    {
      "type": "Feature",
      "properties": {
        "name": "Śnieżna",
        "highway": "residential"
      },
      "geometry": {
        "type": "MultiLineString",
        "coordinates": [
          [
            [
              52.2594539,
              21.0523421
            ],
            [
              52.2594708,
              21.0523253
            ],
            [
              52.2594908,
              21.0523053
            ],
            [
              52.2596528,
              21.0521417
            ],
            [
              52.2597097,
              21.0520862
            ],
            [
              52.2599235,
              21.0518722
            ],
            [
              52.2599316,
              21.0518641
            ],
            [
              52.2599719,
              21.0518238
            ]
          ]
        ]
      }
    },
    {
      "type": "Feature",
      "properties": {
        "name": "Otwocka",
        "highway": "residential"
      },
      "geometry": {
        "type": "MultiLineString",
        "coordinates": [
          [
            [
              52.2616104,
              21.0556266
            ],
            [
              52.2616048,
              21.0556009
            ],
            [
              52.2616074,
              21.0555703
            ],
            [
              52.2616216,
              21.0555173
            ],
            [
              52.2616762,
              21.0553227
            ],
            [
              52.2617201,
              21.0551856
            ],
            [
              52.2617538,
              21.0550775
            ],
            [
              52.2618236,
              21.0548535
            ],
            [
              52.2618886,
              21.054651
            ]
          ],
          [
            [
              52.2589019,
              21.0582226
            ],
            [
              52.2593478,
              21.0578699
            ],
            [
              52.2594758,
              21.0577723
            ],
            [
              52.2599907,
              21.0573795
            ]
          ],
          [
            [
              52.2581228,
              21.0588238
            ],
            [
              52.2581392,
              21.0588139
            ],
            [
              52.2582137,
              21.0587592
            ],
            [
              52.2588393,
              21.0582758
            ],
            [
              52.2589019,
              21.0582226
            ]
          ],
          [
            [
              52.2571119,
              21.0596038
            ],
            [
              52.2571852,
              21.0595536
            ],
            [
              52.2574269,
              21.0593662
            ],
            [
              52.2577534,
              21.0591131
            ],
            [
              52.2578203,
              21.0590589
            ],
            [
              52.258035,
              21.0588921
            ],
            [
              52.2581128,
              21.058833
            ],
            [
              52.2581228,
              21.0588238
            ]
          ],
          [
            [
              52.2599907,
              21.0573795
            ],
            [
              52.2600601,
              21.0573269
            ],
            [
              52.2607415,
              21.0567418
            ],
            [
              52.2608384,
              21.056662
            ]
          ]
        ]
      }
    },
    {
      "type": "Feature",
      "properties": {
        "name": "Jadowska",
        "highway": "residential"
      },
      "geometry": {
        "type": "MultiLineString",
        "coordinates": [
          [
            [
              52.2612816,
              21.0575494
            ],
            [
              52.2614189,
              21.0574516
            ],
            [
              52.26179,
              21.0571894
            ],
            [
              52.2619245,
              21.0570907
            ],
            [
              52.2622561,
              21.0568534
            ],
            [
              52.2622809,
              21.0568301
            ],
            [
              52.2622938,
              21.0568069
            ],
            [
              52.2623062,
              21.0567709
            ],
            [
              52.2623136,
              21.0567358
            ],
            [
              52.2623121,
              21.0566642
            ]
          ]
        ]
      }
    },
    {
      "type": "Feature",
      "properties": {
        "name": "Wołomińska",
        "highway": "residential"
      },
      "geometry": {
        "type": "MultiLineString",
        "coordinates": [
          [
            [
              52.2567515,
              21.0516467
            ],
            [
              52.2568092,
              21.0516971
            ],
            [
              52.2572108,
              21.0520343
            ],
            [
              52.2573007,
              21.0521052
            ],
            [
              52.2575975,
              21.0523486
            ],
            [
              52.2576525,
              21.0523937
            ],
            [
              52.2584117,
              21.0530165
            ],
            [
              52.2584488,
              21.0530469
            ],
            [
              52.2587552,
              21.0532982
            ],
            [
              52.2588012,
              21.0533359
            ]
          ],
          [
            [
              52.2616104,
              21.0556266
            ],
            [
              52.2616337,
              21.0556724
            ],
            [
              52.2617372,
              21.0557574
            ],
            [
              52.261944,
              21.0559273
            ],
            [
              52.2620888,
              21.0560463
            ],
            [
              52.2621311,
              21.0560909
            ],
            [
              52.2621658,
              21.05616
            ],
            [
              52.2621766,
              21.0561919
            ],
            [
              52.2622032,
              21.0562707
            ],
            [
              52.2623121,
              21.0566642
            ]
          ]
        ]
      }
    },
    {
      "type": "Feature",
      "properties": {
        "name": "Łochowska",
        "highway": "residential"
      },
      "geometry": {
        "type": "MultiLineString",
        "coordinates": [
          [
            [
              52.2564648,
              21.0525682
            ],
            [
              52.2567504,
              21.0527996
            ],
            [
              52.2568219,
              21.0528576
            ],
            [
              52.2573978,
              21.0533258
            ],
            [
              52.2574423,
              21.0533282
            ],
            [
              52.2575021,
              21.0532882
            ]
          ],
          [
            [
              52.2576211,
              21.0537045
            ],
            [
              52.25769,
              21.0536546
            ],
            [
              52.2577167,
              21.0536395
            ],
            [
              52.2577356,
              21.0536356
            ],
            [
              52.2577484,
              21.0536366
            ],
            [
              52.257764,
              21.0536454
            ],
            [
              52.258147,
              21.0539628
            ],
            [
              52.2581631,
              21.053988
            ],
            [
              52.2581764,
              21.0540239
            ],
            [
              52.2582087,
              21.0541276
            ]
          ],
          [
            [
              52.2592741,
              21.0548519
            ],
            [
              52.2593048,
              21.0549602
            ],
            [
              52.2596418,
              21.0561504
            ],
            [
              52.2598449,
              21.0568685
            ],
            [
              52.2599575,
              21.0572664
            ],
            [
              52.2599907,
              21.0573795
            ],
            [
              52.2600273,
              21.0575031
            ],
            [
              52.2602267,
              21.0582006
            ],
            [
              52.2602714,
              21.0583569
            ],
            [
              52.2604446,
              21.058963
            ],
            [
              52.26048,
              21.0590868
            ],
            [
              52.2605011,
              21.0591613
            ],
            [
              52.2607087,
              21.0599055
            ],
            [
              52.2607383,
              21.0600114
            ]
          ],
          [
            [
              52.2607383,
              21.0600114
            ],
            [
              52.2609177,
              21.0606649
            ],
            [
              52.2609439,
              21.0607604
            ]
          ]
        ]
      }
    },
    {
      "type": "Feature",
      "properties": {
        "name": "Wojnicka",
        "highway": "residential"
      },
      "geometry": {
        "type": "MultiLineString",
        "coordinates": [
          [
            [
              52.2565092,
              21.0569722
            ],
            [
              52.2567195,
              21.0568106
            ],
            [
              52.2572838,
              21.056376
            ],
            [
              52.2573017,
              21.0563622
            ],
            [
              52.2573708,
              21.0563064
            ],
            [
              52.2573822,
              21.0562975
            ]
          ],
          [
            [
              52.2564072,
              21.0570076
            ],
            [
              52.2565092,
              21.0569722
            ]
          ]
        ]
      }
    },
    {
      "type": "Feature",
      "properties": {
        "name": "Michałowska",
        "highway": "residential"
      },
      "geometry": {
        "type": "MultiLineString",
        "coordinates": [
          [
            [
              52.2594688,
              21.0601391
            ],
            [
              52.2595343,
              21.0600896
            ],
            [
              52.2599972,
              21.0597458
            ]
          ]
        ]
      }
    },
    {
      "type": "Feature",
      "properties": {
        "name": "Grajewska",
        "highway": "residential"
      },
      "geometry": {
        "type": "MultiLineString",
        "coordinates": [
          [
            [
              52.2596763,
              21.0608321
            ],
            [
              52.2597301,
              21.0607904
            ],
            [
              52.2606845,
              21.060053
            ],
            [
              52.2607383,
              21.0600114
            ],
            [
              52.2618779,
              21.0591166
            ],
            [
              52.2618894,
              21.0590989
            ],
            [
              52.2618996,
              21.0590745
            ],
            [
              52.2619063,
              21.0590431
            ],
            [
              52.2619078,
              21.0590108
            ],
            [
              52.2619038,
              21.0589774
            ],
            [
              52.2618949,
              21.0589482
            ]
          ]
        ]
      }
    },
    {
      "type": "Feature",
      "properties": {
        "name": "Radzymińska",
        "highway": "tertiary"
      },
      "geometry": {
        "type": "MultiLineString",
        "coordinates": [
          [
            [
              52.2626424,
              21.05491
            ],
            [
              52.2627156,
              21.0548929
            ],
            [
              52.2627753,
              21.0548749
            ],
            [
              52.2628279,
              21.0548672
            ],
            [
              52.2628693,
              21.0548692
            ],
            [
              52.2629237,
              21.0548763
            ],
            [
              52.2629661,
              21.0548913
            ],
            [
              52.2629908,
              21.0549054
            ],
            [
              52.2630198,
              21.0549263
            ],
            [
              52.2630613,
              21.0549644
            ],
            [
              52.2631073,
              21.0550123
            ],
            [
              52.2631485,
              21.0550716
            ],
            [
              52.2632271,
              21.0552174
            ]
          ],
          [
            [
              52.2554425,
              21.0493304
            ],
            [
              52.2555305,
              21.0494147
            ],
            [
              52.2556734,
              21.0495376
            ],
            [
              52.2557301,
              21.0495843
            ],
            [
              52.2560595,
              21.0498557
            ],
            [
              52.2563365,
              21.0500823
            ],
            [
              52.2569375,
              21.0505739
            ],
            [
              52.2570551,
              21.0506711
            ]
          ],
          [
            [
              52.2632271,
              21.0552174
            ],
            [
              52.2635372,
              21.0559265
            ]
          ],
          [
            [
              52.2618886,
              21.054651
            ],
            [
              52.2619649,
              21.0547146
            ],
            [
              52.2621181,
              21.0548424
            ]
          ],
          [
            [
              52.2621181,
              21.0548424
            ],
            [
              52.2621901,
              21.0548914
            ],
            [
              52.2622522,
              21.05492
            ],
            [
              52.2623114,
              21.0549442
            ],
            [
              52.2623653,
              21.0549556
            ],
            [
              52.262427,
              21.0549577
            ]
          ],
          [
            [
              52.2570551,
              21.0506711
            ],
            [
              52.2574665,
              21.0510053
            ]
          ],
          [
            [
              52.2605579,
              21.0535585
            ],
            [
              52.2606668,
              21.053648
            ],
            [
              52.260987,
              21.0539111
            ],
            [
              52.2612177,
              21.0541006
            ],
            [
              52.2614601,
              21.0542999
            ],
            [
              52.2614986,
              21.0543315
            ],
            [
              52.2615811,
              21.0543993
            ],
            [
              52.2616988,
              21.0544936
            ],
            [
              52.2618886,
              21.054651
            ]
          ],
          [
            [
              52.2574665,
              21.0510053
            ],
            [
              52.2577167,
              21.0512177
            ],
            [
              52.2587573,
              21.0520699
            ],
            [
              52.2588998,
              21.0521929
            ],
            [
              52.2589576,
              21.0522428
            ],
            [
              52.2591312,
              21.0523821
            ],
            [
              52.2593022,
              21.0525242
            ],
            [
              52.2593406,
              21.052555
            ],
            [
              52.2593817,
              21.0525883
            ],
            [
              52.2594059,
              21.0526078
            ]
          ],
          [
            [
              52.2594059,
              21.0526078
            ],
            [
              52.2594938,
              21.0526788
            ],
            [
              52.2597595,
              21.0528984
            ],
            [
              52.2603791,
              21.0534104
            ],
            [
              52.2604083,
              21.0534346
            ],
            [
              52.2605579,
              21.0535585
            ]
          ],
          [
            [
              52.262427,
              21.0549577
            ],
            [
              52.262525,
              21.0549364
            ],
            [
              52.2626424,
              21.05491
            ]
          ]
        ]
      }
    },
    {
      "type": "Feature",
      "properties": {
        "name": "Łomżyńska",
        "highway": "residential"
      },
      "geometry": {
        "type": "MultiLineString",
        "coordinates": [
          [
            [
              52.2612816,
              21.0575494
            ],
            [
              52.2613641,
              21.0577324
            ],
            [
              52.2616033,
              21.0582552
            ],
            [
              52.2616442,
              21.0583596
            ],
            [
              52.2618027,
              21.0587317
            ],
            [
              52.2618949,
              21.0589482
            ]
          ],
          [
            [
              52.2592899,
              21.0528036
            ],
            [
              52.2593667,
              21.0530026
            ],
            [
              52.259533,
              21.0534332
            ]
          ],
          [
            [
              52.2598967,
              21.0544365
            ],
            [
              52.2600998,
              21.0548952
            ],
            [
              52.2602557,
              21.0552618
            ],
            [
              52.2604286,
              21.0556731
            ],
            [
              52.2605491,
              21.0559597
            ],
            [
              52.2607034,
              21.0563325
            ],
            [
              52.2607581,
              21.0564647
            ],
            [
              52.2608109,
              21.0565945
            ],
            [
              52.2608384,
              21.056662
            ]
          ],
          [
            [
              52.2608384,
              21.056662
            ],
            [
              52.2609286,
              21.0568236
            ],
            [
              52.261071,
              21.0570773
            ],
            [
              52.2612161,
              21.0574007
            ],
            [
              52.2612816,
              21.0575494
            ]
          ]
        ]
      }
    },
    {
      "type": "Feature",
      "properties": {
        "name": "Objazdowa",
        "highway": "residential"
      },
      "geometry": {
        "type": "MultiLineString",
        "coordinates": [
          [
            [
              52.2566975,
              21.0623303
            ],
            [
              52.2567419,
              21.0622976
            ],
            [
              52.2567873,
              21.0622657
            ],
            [
              52.2568167,
              21.062246
            ],
            [
              52.2568556,
              21.062219
            ],
            [
              52.2569569,
              21.0621536
            ],
            [
              52.2573179,
              21.0619157
            ],
            [
              52.25734,
              21.0619011
            ]
          ],
          [
            [
              52.2564905,
              21.0624932
            ],
            [
              52.256653,
              21.0623649
            ],
            [
              52.2566975,
              21.0623303
            ]
          ],
          [
            [
              52.25734,
              21.0619011
            ],
            [
              52.257927,
              21.0615168
            ],
            [
              52.2586752,
              21.0610212
            ],
            [
              52.2587642,
              21.0609655
            ]
          ]
        ]
      }
    },
    {
      "type": "Feature",
      "properties": {
        "name": "Instytutowa",
        "highway": "residential"
      },
      "geometry": {
        "type": "MultiLineString",
        "coordinates": [
          [
            [
              52.2672814,
              21.0239924
            ],
            [
              52.2672857,
              21.0239497
            ],
            [
              52.2673865,
              21.0229439
            ]
          ],
          [
            [
              52.2670035,
              21.0266108
            ],
            [
              52.2670113,
              21.0265421
            ],
            [
              52.2671034,
              21.0257325
            ],
            [
              52.2671241,
              21.0255356
            ],
            [
              52.2672276,
              21.024552
            ],
            [
              52.2672582,
              21.0242617
            ],
            [
              52.2672676,
              21.0241718
            ],
            [
              52.2672814,
              21.0239924
            ]
          ]
        ]
      }
    },
    {
      "type": "Feature",
      "properties": {
        "name": "Golędzinowska",
        "highway": "service"
      },
      "geometry": {
        "type": "MultiLineString",
        "coordinates": [
          [
            [
              52.2741864,
              21.0223098
            ],
            [
              52.2742448,
              21.0221943
            ],
            [
              52.2743031,
              21.0220795
            ],
            [
              52.2743222,
              21.0220364
            ],
            [
              52.2743391,
              21.0219982
            ],
            [
              52.2744364,
              21.0217784
            ],
            [
              52.2744469,
              21.0217577
            ],
            [
              52.2746229,
              21.0214105
            ],
            [
              52.2747283,
              21.0212488
            ],
            [
              52.2747717,
              21.0211822
            ],
            [
              52.2750588,
              21.0207707
            ],
            [
              52.2752837,
              21.0204778
            ]
          ],
          [
            [
              52.2646881,
              21.0212696
            ],
            [
              52.2648588,
              21.0212469
            ],
            [
              52.2650545,
              21.0212531
            ],
            [
              52.2651698,
              21.0212725
            ],
            [
              52.2652181,
              21.0213003
            ],
            [
              52.2652375,
              21.0213122
            ],
            [
              52.2652528,
              21.021326
            ]
          ],
          [
            [
              52.2652528,
              21.021326
            ],
            [
              52.2652693,
              21.0213742
            ],
            [
              52.2653772,
              21.021724
            ],
            [
              52.2654152,
              21.0218286
            ],
            [
              52.2654466,
              21.0218909
            ],
            [
              52.2654638,
              21.0219092
            ],
            [
              52.2655316,
              21.0220099
            ],
            [
              52.2656761,
              21.0222278
            ],
            [
              52.2657338,
              21.0223077
            ],
            [
              52.2657946,
              21.0223749
            ],
            [
              52.2658529,
              21.022426
            ],
            [
              52.2658901,
              21.0224528
            ],
            [
              52.2659347,
              21.0224796
            ],
            [
              52.265978,
              21.0225002
            ],
            [
              52.2660278,
              21.0225179
            ],
            [
              52.2662805,
              21.0225992
            ],
            [
              52.2667539,
              21.0227494
            ],
            [
              52.2668556,
              21.0227809
            ],
            [
              52.2672982,
              21.0229179
            ],
            [
              52.2673865,
              21.0229439
            ]
          ],
          [
            [
              52.2673865,
              21.0229439
            ],
            [
              52.2676209,
              21.0230047
            ],
            [
              52.2676761,
              21.023019
            ]
          ],
          [
            [
              52.2676761,
              21.023019
            ],
            [
              52.2685603,
              21.0233428
            ],
            [
              52.2693259,
              21.0237162
            ],
            [
              52.2696154,
              21.0238654
            ],
            [
              52.2698059,
              21.0239525
            ],
            [
              52.2702036,
              21.0241515
            ]
          ],
          [
            [
              52.2702036,
              21.0241515
            ],
            [
              52.2703815,
              21.0241944
            ],
            [
              52.2706395,
              21.0242201
            ],
            [
              52.2710089,
              21.0242031
            ],
            [
              52.2711253,
              21.0241669
            ],
            [
              52.2714982,
              21.0239722
            ],
            [
              52.2716374,
              21.023894
            ],
            [
              52.2717331,
              21.0238345
            ],
            [
              52.2738549,
              21.0225158
            ],
            [
              52.2741864,
              21.0223098
            ]
          ]
        ]
      }
    },
    {
      "type": "Feature",
      "properties": {
        "name": "Aleksandra Kotsisa",
        "highway": "residential"
      },
      "geometry": {
        "type": "MultiLineString",
        "coordinates": [
          [
            [
              52.2768852,
              21.0128119
            ],
            [
              52.2768978,
              21.012854
            ],
            [
              52.2769603,
              21.0130634
            ]
          ],
          [
            [
              52.2769603,
              21.0130634
            ],
            [
              52.2769849,
              21.0131559
            ],
            [
              52.277006,
              21.0132356
            ],
            [
              52.2770208,
              21.0132914
            ],
            [
              52.2770577,
              21.0134278
            ],
            [
              52.2772466,
              21.0141644
            ],
            [
              52.2773936,
              21.0147097
            ],
            [
              52.2775425,
              21.0152619
            ],
            [
              52.2776355,
              21.0156293
            ],
            [
              52.277678,
              21.0157933
            ]
          ],
          [
            [
              52.277678,
              21.0157933
            ],
            [
              52.2777142,
              21.0159402
            ]
          ]
        ]
      }
    },
    {
      "type": "Feature",
      "properties": {
        "name": "Wojciecha Gersona",
        "highway": "residential"
      },
      "geometry": {
        "type": "MultiLineString",
        "coordinates": [
          [
            [
              52.2772466,
              21.0141644
            ],
            [
              52.2772883,
              21.0141385
            ],
            [
              52.2774014,
              21.0140682
            ],
            [
              52.2776808,
              21.0138946
            ],
            [
              52.2783571,
              21.0135027
            ],
            [
              52.2789894,
              21.0131259
            ],
            [
              52.2793559,
              21.0129075
            ],
            [
              52.2799931,
              21.0125277
            ],
            [
              52.2804178,
              21.0122753
            ],
            [
              52.2804652,
              21.0122472
            ]
          ]
        ]
      }
    },
    {
      "type": "Feature",
      "properties": {
        "name": "Władysława Szernera",
        "highway": "residential"
      },
      "geometry": {
        "type": "MultiLineString",
        "coordinates": [
          [
            [
              52.2802976,
              21.0115084
            ],
            [
              52.280354,
              21.0117605
            ],
            [
              52.2804652,
              21.0122472
            ]
          ],
          [
            [
              52.2804652,
              21.0122472
            ],
            [
              52.2806508,
              21.0130933
            ],
            [
              52.2807267,
              21.0134289
            ]
          ]
        ]
      }
    },
    {
      "type": "Feature",
      "properties": {
        "name": "Jakuba Jasińskiego",
        "highway": "residential"
      },
      "geometry": {
        "type": "MultiLineString",
        "coordinates": [
          [
            [
              52.2498276,
              21.0282305
            ],
            [
              52.249864,
              21.0283124
            ],
            [
              52.2500635,
              21.0287614
            ],
            [
              52.2501094,
              21.0288658
            ],
            [
              52.2506831,
              21.0301868
            ],
            [
              52.2508679,
              21.0306095
            ],
            [
              52.2509013,
              21.0306862
            ],
            [
              52.250944,
              21.030784
            ],
            [
              52.2509693,
              21.0308421
            ]
          ]
        ]
      }
    },
    {
      "type": "Feature",
      "properties": {
        "name": "Toruńska",
        "highway": "primary"
      },
      "geometry": {
        "type": "MultiLineString",
        "coordinates": [
          [
            [
              52.2934148,
              21.011452
            ],
            [
              52.2938295,
              21.0127445
            ],
            [
              52.294138,
              21.0137061
            ]
          ],
          [
            [
              52.2901329,
              21.001721
            ],
            [
              52.2908322,
              21.0038506
            ]
          ],
          [
            [
              52.2901336,
              21.0025901
            ],
            [
              52.2904143,
              21.0034617
            ],
            [
              52.290612,
              21.0040754
            ]
          ],
          [
            [
              52.2902025,
              21.0014495
            ],
            [
              52.2902526,
              21.0015975
            ]
          ],
          [
            [
              52.2902526,
              21.0015975
            ],
            [
              52.2907151,
              21.0030348
            ],
            [
              52.2909393,
              21.0037412
            ]
          ],
          [
            [
              52.290612,
              21.0040754
            ],
            [
              52.2909575,
              21.0051545
            ]
          ],
          [
            [
              52.2907209,
              21.0039642
            ],
            [
              52.2910726,
              21.0050561
            ]
          ],
          [
            [
              52.2908322,
              21.0038506
            ],
            [
              52.291187,
              21.0049586
            ]
          ],
          [
            [
              52.2894074,
              20.999781
            ],
            [
              52.2896159,
              21.0002871
            ],
            [
              52.2897251,
              21.0005511
            ],
            [
              52.2898282,
              21.0008456
            ],
            [
              52.2899177,
              21.0010947
            ],
            [
              52.2900381,
              21.0014416
            ],
            [
              52.2901063,
              21.0016425
            ],
            [
              52.2901329,
              21.001721
            ]
          ],
          [
            [
              52.2909393,
              21.0037412
            ],
            [
              52.2913005,
              21.004862
            ]
          ],
          [
            [
              52.291187,
              21.0049586
            ],
            [
              52.294025,
              21.0137998
            ]
          ],
          [
            [
              52.2889559,
              20.9987683
            ],
            [
              52.2892543,
              20.999433
            ],
            [
              52.2894074,
              20.999781
            ]
          ],
          [
            [
              52.2910726,
              21.0050561
            ],
            [
              52.2924759,
              21.0094328
            ]
          ],
          [
            [
              52.2909575,
              21.0051545
            ],
            [
              52.291208,
              21.005937
            ]
          ],
          [
            [
              52.2931506,
              21.0120133
            ],
            [
              52.293491,
              21.0130037
            ],
            [
              52.2936888,
              21.0136685
            ],
            [
              52.2937932,
              21.0139918
            ]
          ],
          [
            [
              52.2929551,
              21.0100191
            ],
            [
              52.2930776,
              21.0104008
            ],
            [
              52.2934148,
              21.011452
            ]
          ],
          [
            [
              52.291208,
              21.005937
            ],
            [
              52.2914391,
              21.0066589
            ]
          ],
          [
            [
              52.2913005,
              21.004862
            ],
            [
              52.2917123,
              21.0061453
            ]
          ],
          [
            [
              52.2917123,
              21.0061453
            ],
            [
              52.2919669,
              21.0069392
            ]
          ],
          [
            [
              52.2885779,
              20.997941
            ],
            [
              52.2886813,
              20.9981673
            ],
            [
              52.2888999,
              20.9986457
            ],
            [
              52.2889559,
              20.9987683
            ]
          ],
          [
            [
              52.2893376,
              20.9998684
            ],
            [
              52.2895577,
              21.0004175
            ],
            [
              52.2897521,
              21.0009377
            ],
            [
              52.2899117,
              21.0013987
            ],
            [
              52.2899556,
              21.0015414
            ],
            [
              52.2899892,
              21.0016692
            ],
            [
              52.290011,
              21.0017477
            ],
            [
              52.290033,
              21.0018229
            ]
          ],
          [
            [
              52.2885067,
              20.9980262
            ],
            [
              52.2886056,
              20.9982427
            ],
            [
              52.2888338,
              20.9987424
            ],
            [
              52.2888892,
              20.9988635
            ]
          ],
          [
            [
              52.2888892,
              20.9988635
            ],
            [
              52.2891846,
              20.9995171
            ],
            [
              52.2893376,
              20.9998684
            ]
          ],
          [
            [
              52.2926448,
              21.0104246
            ],
            [
              52.2929636,
              21.0114204
            ],
            [
              52.2931506,
              21.0120133
            ]
          ],
          [
            [
              52.2914391,
              21.0066589
            ],
            [
              52.2926448,
              21.0104246
            ]
          ],
          [
            [
              52.2919669,
              21.0069392
            ],
            [
              52.2929551,
              21.0100191
            ]
          ],
          [
            [
              52.2924759,
              21.0094328
            ],
            [
              52.2939079,
              21.0138968
            ]
          ],
          [
            [
              52.290033,
              21.0018229
            ],
            [
              52.2907209,
              21.0039642
            ]
          ]
        ]
      }
    },
    {
      "type": "Feature",
      "properties": {
        "name": "Wiosenna",
        "highway": "living_street"
      },
      "geometry": {
        "type": "MultiLineString",
        "coordinates": [
          [
            [
              52.2561765,
              21.0496843
            ],
            [
              52.2562179,
              21.0496514
            ],
            [
              52.2564638,
              21.049456
            ],
            [
              52.2567275,
              21.0492464
            ],
            [
              52.2569083,
              21.0491028
            ],
            [
              52.2567661,
              21.048632
            ],
            [
              52.2567494,
              21.0485979
            ],
            [
              52.2567193,
              21.0485665
            ],
            [
              52.2566626,
              21.0485219
            ],
            [
              52.2563315,
              21.0483219
            ],
            [
              52.2562869,
              21.048291
            ],
            [
              52.2562486,
              21.0482372
            ],
            [
              52.2562245,
              21.0481873
            ],
            [
              52.2562073,
              21.0481336
            ],
            [
              52.2561966,
              21.0480862
            ]
          ],
          [
            [
              52.2560595,
              21.0498557
            ],
            [
              52.2561214,
              21.0497395
            ],
            [
              52.2561765,
              21.0496843
            ]
          ],
          [
            [
              52.2560585,
              21.0474723
            ],
            [
              52.2560857,
              21.0475933
            ],
            [
              52.2561966,
              21.0480862
            ]
          ]
        ]
      }
    },
    {
      "type": "Feature",
      "properties": {
        "name": "Elektronowa",
        "highway": "unclassified"
      },
      "geometry": {
        "type": "MultiLineString",
        "coordinates": [
          [
            [
              52.2932024,
              20.9998949
            ],
            [
              52.2932916,
              21.0001284
            ]
          ]
        ]
      }
    },
    {
      "type": "Feature",
      "properties": {
        "name": "Księdza Ignacego Kłopotowskiego",
        "highway": "tertiary"
      },
      "geometry": {
        "type": "MultiLineString",
        "coordinates": [
          [
            [
              52.250332,
              21.0315788
            ],
            [
              52.250375,
              21.0316753
            ],
            [
              52.2504008,
              21.0317331
            ],
            [
              52.2504435,
              21.0318358
            ],
            [
              52.2505346,
              21.0320502
            ],
            [
              52.250586,
              21.0321444
            ],
            [
              52.2505987,
              21.0321677
            ],
            [
              52.2509179,
              21.0329288
            ],
            [
              52.251001,
              21.0331252
            ],
            [
              52.2511693,
              21.0335232
            ],
            [
              52.2512673,
              21.0337548
            ],
            [
              52.2514207,
              21.0341178
            ],
            [
              52.2515894,
              21.0345166
            ],
            [
              52.2516536,
              21.0346695
            ],
            [
              52.2516883,
              21.034752
            ],
            [
              52.2517782,
              21.0349756
            ]
          ],
          [
            [
              52.248767,
              21.0278875
            ],
            [
              52.2488429,
              21.0280207
            ],
            [
              52.2489732,
              21.0283388
            ],
            [
              52.2490714,
              21.0285738
            ]
          ],
          [
            [
              52.2492114,
              21.0289125
            ],
            [
              52.2492774,
              21.0290692
            ],
            [
              52.2493674,
              21.0292825
            ],
            [
              52.2495294,
              21.0296672
            ]
          ],
          [
            [
              52.2484725,
              21.0277085
            ],
            [
              52.2485536,
              21.0277093
            ],
            [
              52.2485968,
              21.0277107
            ],
            [
              52.2486324,
              21.0277202
            ],
            [
              52.2486501,
              21.0277277
            ]
          ],
          [
            [
              52.2485944,
              21.0273923
            ],
            [
              52.2486035,
              21.0275568
            ],
            [
              52.2486196,
              21.0276429
            ],
            [
              52.2486327,
              21.0276843
            ],
            [
              52.2486382,
              21.0277019
            ],
            [
              52.2486501,
              21.0277277
            ]
          ],
          [
            [
              52.2520363,
              21.0356479
            ],
            [
              52.2524686,
              21.0367197
            ],
            [
              52.2525193,
              21.0368396
            ]
          ],
          [
            [
              52.250035,
              21.0308548
            ],
            [
              52.2502888,
              21.0314821
            ],
            [
              52.250332,
              21.0315788
            ]
          ],
          [
            [
              52.2495294,
              21.0296672
            ],
            [
              52.2496223,
              21.0298583
            ],
            [
              52.2499273,
              21.0305946
            ],
            [
              52.250035,
              21.0308548
            ]
          ],
          [
            [
              52.2517782,
              21.0349756
            ],
            [
              52.2518307,
              21.0351063
            ],
            [
              52.2519753,
              21.0354658
            ],
            [
              52.2520363,
              21.0356479
            ]
          ],
          [
            [
              52.2490714,
              21.0285738
            ],
            [
              52.2491488,
              21.0287609
            ],
            [
              52.2492114,
              21.0289125
            ]
          ],
          [
            [
              52.2486501,
              21.0277277
            ],
            [
              52.2486695,
              21.0277507
            ],
            [
              52.2487213,
              21.0278219
            ]
          ],
          [
            [
              52.2487213,
              21.0278219
            ],
            [
              52.248767,
              21.0278875
            ]
          ]
        ]
      }
    },
    {
      "type": "Feature",
      "properties": {
        "name": "Blaszana",
        "highway": "residential"
      },
      "geometry": {
        "type": "MultiLineString",
        "coordinates": [
          [
            [
              52.2499682,
              21.0271665
            ],
            [
              52.2501613,
              21.0277344
            ],
            [
              52.2501981,
              21.0278412
            ]
          ]
        ]
      }
    },
    {
      "type": "Feature",
      "properties": {
        "name": "Konopacka",
        "highway": "residential"
      },
      "geometry": {
        "type": "MultiLineString",
        "coordinates": [
          [
            [
              52.2581175,
              21.0401587
            ],
            [
              52.2581921,
              21.040103
            ],
            [
              52.2582496,
              21.04006
            ],
            [
              52.2587661,
              21.0395655
            ],
            [
              52.2589133,
              21.0394245
            ]
          ],
          [
            [
              52.2593315,
              21.038993
            ],
            [
              52.2593444,
              21.038973
            ],
            [
              52.2593845,
              21.0389112
            ],
            [
              52.2594151,
              21.0388717
            ],
            [
              52.2596117,
              21.0386617
            ],
            [
              52.2596917,
              21.0385762
            ],
            [
              52.259974,
              21.0382768
            ],
            [
              52.2604377,
              21.0377871
            ],
            [
              52.260539,
              21.037681
            ]
          ],
          [
            [
              52.2589133,
              21.0394245
            ],
            [
              52.2592478,
              21.0391222
            ],
            [
              52.2592819,
              21.0390696
            ],
            [
              52.2593182,
              21.0390135
            ],
            [
              52.2593315,
              21.038993
            ]
          ]
        ]
      }
    },
    {
      "type": "Feature",
      "properties": {
        "name": "Wybrzeże Puckie",
        "highway": "service"
      },
      "geometry": {
        "type": "MultiLineString",
        "coordinates": [
          [
            [
              52.2662175,
              21.0131332
            ],
            [
              52.266276,
              21.0131161
            ],
            [
              52.2665995,
              21.0130217
            ],
            [
              52.267274,
              21.0128066
            ],
            [
              52.2679391,
              21.0125705
            ],
            [
              52.2682262,
              21.012467
            ],
            [
              52.2689075,
              21.0122213
            ],
            [
              52.269633,
              21.0119614
            ],
            [
              52.2701582,
              21.0117436
            ],
            [
              52.2715448,
              21.0112176
            ],
            [
              52.2732473,
              21.0105726
            ],
            [
              52.2740735,
              21.0102725
            ],
            [
              52.2742708,
              21.0102008
            ],
            [
              52.2747017,
              21.0100393
            ],
            [
              52.2761245,
              21.0095154
            ],
            [
              52.2766371,
              21.0093283
            ],
            [
              52.2769243,
              21.0092103
            ],
            [
              52.2781369,
              21.0086668
            ],
            [
              52.2788477,
              21.0083423
            ],
            [
              52.2800004,
              21.0076981
            ],
            [
              52.2802676,
              21.0075488
            ],
            [
              52.2803547,
              21.0075001
            ],
            [
              52.280935,
              21.0071619
            ],
            [
              52.282057,
              21.0064138
            ],
            [
              52.2826125,
              21.0060434
            ],
            [
              52.2828919,
              21.0058323
            ],
            [
              52.2838195,
              21.0051046
            ],
            [
              52.2843804,
              21.0046193
            ],
            [
              52.2846801,
              21.00436
            ],
            [
              52.285048,
              21.0040175
            ],
            [
              52.2853962,
              21.0036844
            ],
            [
              52.2858917,
              21.0031849
            ],
            [
              52.2866059,
              21.0024318
            ],
            [
              52.2869918,
              21.0019847
            ],
            [
              52.2876532,
              21.0012055
            ]
          ],
          [
            [
              52.2630216,
              21.0141039
            ],
            [
              52.2630479,
              21.0140963
            ],
            [
              52.2631868,
              21.0140566
            ],
            [
              52.2638965,
              21.0138367
            ],
            [
              52.2639261,
              21.0138269
            ],
            [
              52.2639568,
              21.0138167
            ]
          ],
          [
            [
              52.2641604,
              21.0137353
            ],
            [
              52.2641752,
              21.0137322
            ],
            [
              52.2642114,
              21.0137212
            ],
            [
              52.2649511,
              21.013498
            ],
            [
              52.2655791,
              21.013305
            ],
            [
              52.2662175,
              21.0131332
            ]
          ],
          [
            [
              52.2629646,
              21.01412
            ],
            [
              52.2630024,
              21.0141093
            ],
            [
              52.2630216,
              21.0141039
            ]
          ],
          [
            [
              52.2639568,
              21.0138167
            ],
            [
              52.2639905,
              21.0138055
            ],
            [
              52.2641604,
              21.0137353
            ]
          ],
          [
            [
              52.2875975,
              21.0006507
            ],
            [
              52.288548,
              20.9994921
            ]
          ],
          [
            [
              52.2875975,
              21.0006507
            ],
            [
              52.2874891,
              21.0007828
            ],
            [
              52.2875096,
              21.0008357
            ],
            [
              52.2876125,
              21.0011007
            ],
            [
              52.2876532,
              21.0012055
            ]
          ]
        ]
      }
    },
    {
      "type": "Feature",
      "properties": {
        "name": "Kameralna",
        "highway": "residential"
      },
      "geometry": {
        "type": "MultiLineString",
        "coordinates": [
          [
            [
              52.2559209,
              21.0325753
            ],
            [
              52.2560208,
              21.0324536
            ],
            [
              52.256079,
              21.0323827
            ],
            [
              52.2561437,
              21.0323038
            ],
            [
              52.2562936,
              21.0321236
            ],
            [
              52.256378,
              21.0320221
            ],
            [
              52.2565172,
              21.0318548
            ],
            [
              52.2568224,
              21.0314898
            ],
            [
              52.2568606,
              21.0314441
            ],
            [
              52.2571267,
              21.0311242
            ],
            [
              52.2572416,
              21.0309858
            ],
            [
              52.2572723,
              21.0309489
            ],
            [
              52.2573088,
              21.0309044
            ],
            [
              52.2573198,
              21.0308911
            ]
          ]
        ]
      }
    },
    {
      "type": "Feature",
      "properties": {
        "name": "Namysłowska",
        "highway": "unclassified"
      },
      "geometry": {
        "type": "MultiLineString",
        "coordinates": [
          [
            [
              52.2661052,
              21.0308897
            ],
            [
              52.2662649,
              21.030771
            ],
            [
              52.2664497,
              21.0306139
            ],
            [
              52.2664782,
              21.0305906
            ],
            [
              52.2665096,
              21.0305649
            ],
            [
              52.2665385,
              21.0305412
            ],
            [
              52.2666261,
              21.0304696
            ]
          ],
          [
            [
              52.2610214,
              21.0367756
            ],
            [
              52.2610734,
              21.0367108
            ],
            [
              52.2611229,
              21.036643
            ],
            [
              52.2616535,
              21.0359914
            ],
            [
              52.2616822,
              21.0359571
            ],
            [
              52.2617772,
              21.0358434
            ],
            [
              52.2620621,
              21.0354953
            ],
            [
              52.2621726,
              21.0353604
            ],
            [
              52.262226,
              21.0352952
            ],
            [
              52.2623503,
              21.0351434
            ],
            [
              52.2625247,
              21.0349252
            ],
            [
              52.2626333,
              21.0347891
            ],
            [
              52.2626703,
              21.0347429
            ],
            [
              52.2627973,
              21.0345861
            ],
            [
              52.26297,
              21.0343728
            ]
          ],
          [
            [
              52.26297,
              21.0343728
            ],
            [
              52.2631475,
              21.0341574
            ]
          ],
          [
            [
              52.2638986,
              21.033241
            ],
            [
              52.2640577,
              21.0330428
            ],
            [
              52.2644833,
              21.0325225
            ],
            [
              52.2645411,
              21.0324494
            ],
            [
              52.2645669,
              21.0324168
            ],
            [
              52.2646171,
              21.0323591
            ],
            [
              52.2647065,
              21.0322513
            ],
            [
              52.2650056,
              21.031879
            ],
            [
              52.2650548,
              21.0318177
            ],
            [
              52.2656352,
              21.0313036
            ],
            [
              52.2656912,
              21.031255
            ],
            [
              52.2657127,
              21.0312363
            ],
            [
              52.2661052,
              21.0308897
            ]
          ],
          [
            [
              52.2666958,
              21.0303822
            ],
            [
              52.2667222,
              21.0303491
            ],
            [
              52.2667456,
              21.0302969
            ],
            [
              52.2668008,
              21.0301682
            ]
          ],
          [
            [
              52.2631475,
              21.0341574
            ],
            [
              52.2632163,
              21.0340753
            ],
            [
              52.2636116,
              21.0336036
            ],
            [
              52.2638221,
              21.0333322
            ],
            [
              52.2638986,
              21.033241
            ]
          ],
          [
            [
              52.2666261,
              21.0304696
            ],
            [
              52.2666958,
              21.0303822
            ]
          ],
          [
            [
              52.2666958,
              21.0303822
            ],
            [
              52.2667362,
              21.030398
            ],
            [
              52.266779,
              21.0304166
            ],
            [
              52.2668369,
              21.0304491
            ],
            [
              52.2668971,
              21.0305098
            ]
          ]
        ]
      }
    },
    {
      "type": "Feature",
      "properties": {
        "name": "Brzeska",
        "highway": "residential"
      },
      "geometry": {
        "type": "MultiLineString",
        "coordinates": [
          [
            [
              52.2504946,
              21.0450462
            ],
            [
              52.2506263,
              21.0448592
            ],
            [
              52.2506459,
              21.0448313
            ],
            [
              52.2507042,
              21.0447512
            ]
          ],
          [
            [
              52.2510325,
              21.0442352
            ],
            [
              52.2514477,
              21.0436226
            ],
            [
              52.2514711,
              21.0435881
            ],
            [
              52.2514995,
              21.0435462
            ],
            [
              52.2516132,
              21.0433758
            ],
            [
              52.2517559,
              21.0431684
            ],
            [
              52.2518096,
              21.0430896
            ],
            [
              52.2518689,
              21.0430025
            ],
            [
              52.2519794,
              21.0428404
            ],
            [
              52.2519914,
              21.0428228
            ],
            [
              52.2521564,
              21.0425812
            ],
            [
              52.2522246,
              21.0424814
            ],
            [
              52.2523234,
              21.0423368
            ],
            [
              52.2524193,
              21.0421964
            ],
            [
              52.2524657,
              21.0421284
            ],
            [
              52.2526687,
              21.0418311
            ],
            [
              52.2527359,
              21.041733
            ],
            [
              52.2528534,
              21.0415614
            ],
            [
              52.2530375,
              21.0412926
            ],
            [
              52.2531037,
              21.0411958
            ],
            [
              52.253368,
              21.0408068
            ],
            [
              52.2534501,
              21.0407151
            ]
          ],
          [
            [
              52.2534501,
              21.0407151
            ],
            [
              52.2535467,
              21.0406161
            ],
            [
              52.2535803,
              21.0405814
            ],
            [
              52.2537444,
              21.0404122
            ],
            [
              52.2539115,
              21.0402391
            ],
            [
              52.2539644,
              21.0401786
            ],
            [
              52.2540072,
              21.04012
            ]
          ],
          [
            [
              52.2507042,
              21.0447512
            ],
            [
              52.2507598,
              21.0446579
            ],
            [
              52.2507831,
              21.0446187
            ],
            [
              52.2508621,
              21.0444862
            ],
            [
              52.2510325,
              21.0442352
            ]
          ],
          [
            [
              52.2546044,
              21.0392053
            ],
            [
              52.2546626,
              21.0391417
            ]
          ],
          [
            [
              52.2542471,
              21.0396267
            ],
            [
              52.254516,
              21.0393064
            ],
            [
              52.2545475,
              21.0392703
            ],
            [
              52.2546044,
              21.0392053
            ]
          ],
          [
            [
              52.2540072,
              21.04012
            ],
            [
              52.2540486,
              21.0400475
            ],
            [
              52.2541625,
              21.0397876
            ],
            [
              52.2542471,
              21.0396267
            ]
          ]
        ]
      }
    },
    {
      "type": "Feature",
      "properties": {
        "name": "Kawęczyńska",
        "highway": "residential"
      },
      "geometry": {
        "type": "MultiLineString",
        "coordinates": [
          [
            [
              52.2573822,
              21.0562975
            ],
            [
              52.2579888,
              21.058367
            ],
            [
              52.2580779,
              21.0586694
            ],
            [
              52.2581228,
              21.0588238
            ]
          ],
          [
            [
              52.2555301,
              21.0500556
            ],
            [
              52.2558637,
              21.0511603
            ],
            [
              52.2559178,
              21.0513472
            ],
            [
              52.25622,
              21.0523659
            ],
            [
              52.2562426,
              21.0524458
            ],
            [
              52.2562538,
              21.0524855
            ],
            [
              52.2562781,
              21.0525747
            ],
            [
              52.256294,
              21.052629
            ],
            [
              52.2563207,
              21.0527199
            ]
          ],
          [
            [
              52.2583675,
              21.0596075
            ],
            [
              52.2584276,
              21.0598059
            ],
            [
              52.2584837,
              21.0599911
            ],
            [
              52.2587278,
              21.0608403
            ],
            [
              52.2587642,
              21.0609655
            ],
            [
              52.2588035,
              21.0611003
            ],
            [
              52.2590295,
              21.0618768
            ],
            [
              52.259055,
              21.0619645
            ],
            [
              52.2594679,
              21.0634587
            ],
            [
              52.2594774,
              21.0634932
            ],
            [
              52.2595091,
              21.0635704
            ],
            [
              52.2595174,
              21.0635799
            ],
            [
              52.2595364,
              21.0636013
            ]
          ],
          [
            [
              52.2595364,
              21.0636013
            ],
            [
              52.2595915,
              21.0636273
            ],
            [
              52.2597628,
              21.0636707
            ],
            [
              52.2599776,
              21.063726
            ],
            [
              52.2600286,
              21.0637198
            ],
            [
              52.2600769,
              21.0636916
            ],
            [
              52.2601344,
              21.0636433
            ]
          ],
          [
            [
              52.2554392,
              21.0498764
            ],
            [
              52.2554739,
              21.0499728
            ],
            [
              52.2555131,
              21.0500434
            ],
            [
              52.2555301,
              21.0500556
            ]
          ],
          [
            [
              52.2554968,
              21.049836
            ],
            [
              52.2555264,
              21.0499357
            ],
            [
              52.255528,
              21.0499949
            ],
            [
              52.2555301,
              21.0500556
            ]
          ],
          [
            [
              52.2554017,
              21.0495831
            ],
            [
              52.255397,
              21.0496446
            ],
            [
              52.2553997,
              21.0497198
            ],
            [
              52.2554214,
              21.0498215
            ],
            [
              52.2554392,
              21.0498764
            ]
          ],
          [
            [
              52.2554968,
              21.049836
            ],
            [
              52.2554799,
              21.049779
            ],
            [
              52.2554731,
              21.0497495
            ],
            [
              52.2554685,
              21.0497118
            ],
            [
              52.2554685,
              21.0496578
            ],
            [
              52.2554733,
              21.0496205
            ],
            [
              52.2554926,
              21.0495416
            ],
            [
              52.2555305,
              21.0494147
            ]
          ],
          [
            [
              52.2563207,
              21.0527199
            ],
            [
              52.2563343,
              21.0527663
            ],
            [
              52.2564281,
              21.0530618
            ],
            [
              52.2570414,
              21.0551414
            ],
            [
              52.2570905,
              21.0553078
            ],
            [
              52.2571054,
              21.0553581
            ],
            [
              52.2571924,
              21.0556513
            ],
            [
              52.2572355,
              21.0557971
            ],
            [
              52.257269,
              21.0559113
            ]
          ],
          [
            [
              52.257269,
              21.0559113
            ],
            [
              52.2573323,
              21.0561273
            ]
          ],
          [
            [
              52.2554017,
              21.0495831
            ],
            [
              52.2554105,
              21.0494906
            ],
            [
              52.2554187,
              21.0494384
            ],
            [
              52.2554425,
              21.0493304
            ]
          ],
          [
            [
              52.2581228,
              21.0588238
            ],
            [
              52.258175,
              21.0589918
            ],
            [
              52.2582996,
              21.0593716
            ],
            [
              52.2583675,
              21.0596075
            ]
          ],
          [
            [
              52.2573323,
              21.0561273
            ],
            [
              52.2573822,
              21.0562975
            ]
          ]
        ]
      }
    },
    {
      "type": "Feature",
      "properties": {
        "name": "Ząbkowska",
        "highway": "living_street"
      },
      "geometry": {
        "type": "MultiLineString",
        "coordinates": [
          [
            [
              52.2543447,
              21.0484619
            ],
            [
              52.2544408,
              21.0484025
            ],
            [
              52.2545735,
              21.0483057
            ],
            [
              52.254654,
              21.0482462
            ],
            [
              52.2547938,
              21.0481427
            ],
            [
              52.2548998,
              21.0480663
            ],
            [
              52.2549252,
              21.0480506
            ],
            [
              52.2550529,
              21.0479877
            ]
          ],
          [
            [
              52.2520701,
              21.0373364
            ],
            [
              52.2521495,
              21.0374946
            ],
            [
              52.2521679,
              21.0375327
            ],
            [
              52.2521806,
              21.0375592
            ]
          ],
          [
            [
              52.2532887,
              21.0402694
            ],
            [
              52.2533506,
              21.0404309
            ],
            [
              52.2533565,
              21.0404463
            ],
            [
              52.253362,
              21.0404606
            ],
            [
              52.2533875,
              21.0405341
            ],
            [
              52.2534501,
              21.0407151
            ]
          ],
          [
            [
              52.2526235,
              21.0385822
            ],
            [
              52.2526325,
              21.0386037
            ],
            [
              52.2526889,
              21.0387388
            ],
            [
              52.2527586,
              21.0389045
            ],
            [
              52.2528017,
              21.0390071
            ],
            [
              52.2528741,
              21.0391822
            ],
            [
              52.2529336,
              21.0393405
            ],
            [
              52.2531489,
              21.0399027
            ],
            [
              52.2532202,
              21.0400897
            ],
            [
              52.2532887,
              21.0402694
            ]
          ],
          [
            [
              52.2522586,
              21.0377207
            ],
            [
              52.2523622,
              21.0379441
            ],
            [
              52.2523889,
              21.0380092
            ],
            [
              52.2524683,
              21.0382032
            ],
            [
              52.2526235,
              21.0385822
            ]
          ],
          [
            [
              52.2538129,
              21.0418937
            ],
            [
              52.2539644,
              21.0424533
            ],
            [
              52.254032,
              21.0426804
            ]
          ],
          [
            [
              52.2534501,
              21.0407151
            ],
            [
              52.2535069,
              21.0408865
            ],
            [
              52.2535288,
              21.0409544
            ],
            [
              52.2536715,
              21.0413978
            ],
            [
              52.2538129,
              21.0418937
            ]
          ],
          [
            [
              52.2545584,
              21.0450783
            ],
            [
              52.2546274,
              21.0455086
            ],
            [
              52.2547036,
              21.0459864
            ],
            [
              52.2548722,
              21.0469981
            ],
            [
              52.2549203,
              21.0472709
            ],
            [
              52.2550206,
              21.0478172
            ],
            [
              52.2550375,
              21.0479094
            ],
            [
              52.2550529,
              21.0479877
            ]
          ],
          [
            [
              52.2550529,
              21.0479877
            ],
            [
              52.2550663,
              21.0480621
            ],
            [
              52.2550922,
              21.0482001
            ],
            [
              52.2551044,
              21.0482618
            ],
            [
              52.255135,
              21.0484173
            ],
            [
              52.2551844,
              21.0486681
            ],
            [
              52.2552488,
              21.0489943
            ]
          ],
          [
            [
              52.2552488,
              21.0489943
            ],
            [
              52.2552892,
              21.0491122
            ],
            [
              52.2553492,
              21.0492186
            ],
            [
              52.2553865,
              21.0492694
            ],
            [
              52.2554425,
              21.0493304
            ]
          ],
          [
            [
              52.254032,
              21.0426804
            ],
            [
              52.2541305,
              21.0428766
            ],
            [
              52.2542529,
              21.043334
            ]
          ],
          [
            [
              52.254032,
              21.0426804
            ],
            [
              52.2540581,
              21.0429313
            ],
            [
              52.2541803,
              21.0433849
            ]
          ],
          [
            [
              52.2543082,
              21.0438718
            ],
            [
              52.2543496,
              21.0440618
            ],
            [
              52.2543857,
              21.0442684
            ],
            [
              52.2544093,
              21.0444144
            ],
            [
              52.2544401,
              21.04462
            ],
            [
              52.254511,
              21.0447882
            ]
          ],
          [
            [
              52.2542529,
              21.043334
            ],
            [
              52.2543277,
              21.0436218
            ],
            [
              52.2543762,
              21.0438221
            ]
          ],
          [
            [
              52.254511,
              21.0447882
            ],
            [
              52.2545584,
              21.0450783
            ]
          ],
          [
            [
              52.2541803,
              21.0433849
            ],
            [
              52.2542285,
              21.043571
            ],
            [
              52.2542563,
              21.0436751
            ],
            [
              52.2543082,
              21.0438718
            ]
          ],
          [
            [
              52.2543762,
              21.0438221
            ],
            [
              52.2544161,
              21.0440245
            ],
            [
              52.2544293,
              21.0440932
            ],
            [
              52.2544518,
              21.0442099
            ],
            [
              52.2545139,
              21.0445907
            ],
            [
              52.254511,
              21.0447882
            ]
          ],
          [
            [
              52.2521806,
              21.0375592
            ],
            [
              52.2522586,
              21.0377207
            ]
          ]
        ]
      }
    },
    {
      "type": "Feature",
      "properties": {
        "name": "Nowa",
        "highway": "living_street"
      },
      "geometry": {
        "type": "MultiLineString",
        "coordinates": [
          [
            [
              52.2576945,
              21.0479563
            ],
            [
              52.2577766,
              21.0478742
            ],
            [
              52.2577925,
              21.0478566
            ],
            [
              52.2578823,
              21.0477593
            ],
            [
              52.2579341,
              21.0477049
            ],
            [
              52.2579601,
              21.0476777
            ],
            [
              52.257996,
              21.04764
            ],
            [
              52.2580602,
              21.0475727
            ],
            [
              52.2580942,
              21.0475371
            ],
            [
              52.2581941,
              21.0474323
            ]
          ]
        ]
      }
    },
    {
      "type": "Feature",
      "properties": {
        "name": "Grodzieńska",
        "highway": "residential"
      },
      "geometry": {
        "type": "MultiLineString",
        "coordinates": [
          [
            [
              52.2588347,
              21.0489859
            ],
            [
              52.2588827,
              21.049117
            ],
            [
              52.2590341,
              21.0495132
            ],
            [
              52.259048,
              21.0495497
            ],
            [
              52.2592869,
              21.0501869
            ],
            [
              52.259324,
              21.0502859
            ],
            [
              52.2593384,
              21.050324
            ]
          ],
          [
            [
              52.2599719,
              21.0518238
            ],
            [
              52.2603436,
              21.0526954
            ],
            [
              52.2606017,
              21.0533004
            ],
            [
              52.2606016,
              21.0534153
            ],
            [
              52.2605579,
              21.0535585
            ]
          ],
          [
            [
              52.2593384,
              21.050324
            ],
            [
              52.2594267,
              21.0505569
            ],
            [
              52.2597661,
              21.0513476
            ],
            [
              52.2599719,
              21.0518238
            ]
          ]
        ]
      }
    },
    {
      "type": "Feature",
      "properties": {
        "name": "Folwarczna",
        "highway": "residential"
      },
      "geometry": {
        "type": "MultiLineString",
        "coordinates": [
          [
            [
              52.2564648,
              21.0525682
            ],
            [
              52.2565954,
              21.0521486
            ],
            [
              52.2567063,
              21.0517921
            ],
            [
              52.2567515,
              21.0516467
            ],
            [
              52.2568081,
              21.0514649
            ],
            [
              52.2569998,
              21.050849
            ],
            [
              52.2570074,
              21.0508245
            ],
            [
              52.2570551,
              21.0506711
            ]
          ],
          [
            [
              52.2563207,
              21.0527199
            ],
            [
              52.2563374,
              21.0527082
            ],
            [
              52.2563711,
              21.0526845
            ],
            [
              52.2564118,
              21.0526559
            ],
            [
              52.2564455,
              21.052624
            ],
            [
              52.2564648,
              21.0525682
            ]
          ]
        ]
      }
    },
    {
      "type": "Feature",
      "properties": {
        "name": "Olszowa",
        "highway": "residential"
      },
      "geometry": {
        "type": "MultiLineString",
        "coordinates": [
          [
            [
              52.2511099,
              21.0268956
            ],
            [
              52.2511564,
              21.0269945
            ],
            [
              52.2512143,
              21.0271178
            ],
            [
              52.2512809,
              21.0272296
            ],
            [
              52.2518233,
              21.0283858
            ],
            [
              52.251872,
              21.0284936
            ]
          ],
          [
            [
              52.2506075,
              21.025826
            ],
            [
              52.2511099,
              21.0268956
            ]
          ],
          [
            [
              52.2501868,
              21.0259514
            ],
            [
              52.2505476,
              21.0256984
            ],
            [
              52.2506075,
              21.025826
            ]
          ]
        ]
      }
    },
    {
      "type": "Feature",
      "properties": {
        "name": "Szwedzka",
        "highway": "tertiary"
      },
      "geometry": {
        "type": "MultiLineString",
        "coordinates": [
          [
            [
              52.2670638,
              21.0388377
            ],
            [
              52.2670654,
              21.038821
            ],
            [
              52.2670924,
              21.038531
            ],
            [
              52.2670984,
              21.0384661
            ]
          ],
          [
            [
              52.2629223,
              21.0441009
            ],
            [
              52.2630127,
              21.0440004
            ],
            [
              52.2633615,
              21.0436029
            ],
            [
              52.2635858,
              21.0433461
            ],
            [
              52.2636577,
              21.0432638
            ],
            [
              52.264012,
              21.0428522
            ],
            [
              52.264096,
              21.0427613
            ],
            [
              52.2646081,
              21.0421768
            ],
            [
              52.2648093,
              21.0419466
            ],
            [
              52.2649182,
              21.0418224
            ],
            [
              52.2653655,
              21.0413132
            ],
            [
              52.2655022,
              21.0411586
            ],
            [
              52.2655257,
              21.041132
            ],
            [
              52.2656088,
              21.0410378
            ],
            [
              52.2660918,
              21.0404912
            ],
            [
              52.2665071,
              21.0400173
            ],
            [
              52.2666318,
              21.039875
            ]
          ],
          [
            [
              52.2601595,
              21.0471283
            ],
            [
              52.2602524,
              21.0470242
            ],
            [
              52.260279,
              21.0469931
            ],
            [
              52.2603213,
              21.0469469
            ],
            [
              52.2603928,
              21.0468689
            ],
            [
              52.2604366,
              21.0468308
            ],
            [
              52.2605652,
              21.0467312
            ],
            [
              52.2605883,
              21.0467131
            ],
            [
              52.2606634,
              21.0466656
            ]
          ],
          [
            [
              52.2600427,
              21.0472619
            ],
            [
              52.2601595,
              21.0471283
            ]
          ],
          [
            [
              52.2666318,
              21.039875
            ],
            [
              52.2666759,
              21.0398191
            ],
            [
              52.2667184,
              21.0397606
            ],
            [
              52.2667697,
              21.039682
            ],
            [
              52.2668198,
              21.0395889
            ],
            [
              52.2668707,
              21.0394898
            ],
            [
              52.2669394,
              21.0393147
            ],
            [
              52.2669666,
              21.0392409
            ]
          ],
          [
            [
              52.2606634,
              21.0466656
            ],
            [
              52.2607065,
              21.0466081
            ],
            [
              52.2610962,
              21.0461735
            ],
            [
              52.2612957,
              21.0459509
            ],
            [
              52.2613735,
              21.0458642
            ]
          ],
          [
            [
              52.2619549,
              21.045201
            ],
            [
              52.2620518,
              21.0450889
            ],
            [
              52.2620865,
              21.0450497
            ],
            [
              52.2625566,
              21.0445186
            ],
            [
              52.2628425,
              21.0441932
            ],
            [
              52.2629223,
              21.0441009
            ]
          ],
          [
            [
              52.2601027,
              21.0473995
            ],
            [
              52.2602129,
              21.0472455
            ]
          ],
          [
            [
              52.2613735,
              21.0458642
            ],
            [
              52.261572,
              21.0456384
            ],
            [
              52.2616352,
              21.0455665
            ],
            [
              52.2618163,
              21.0453606
            ],
            [
              52.2618522,
              21.0453198
            ],
            [
              52.2619549,
              21.045201
            ]
          ],
          [
            [
              52.2602129,
              21.0472455
            ],
            [
              52.2603022,
              21.0471407
            ],
            [
              52.2603308,
              21.047108
            ],
            [
              52.2604309,
              21.0469796
            ]
          ],
          [
            [
              52.2605459,
              21.0468419
            ],
            [
              52.2605477,
              21.0468397
            ],
            [
              52.2606634,
              21.0466656
            ]
          ],
          [
            [
              52.2671321,
              21.0377003
            ],
            [
              52.267137,
              21.0377762
            ],
            [
              52.267145,
              21.0378747
            ],
            [
              52.2671444,
              21.0379092
            ]
          ],
          [
            [
              52.2670984,
              21.0384661
            ],
            [
              52.2671166,
              21.0382385
            ],
            [
              52.2671231,
              21.0381607
            ],
            [
              52.2671444,
              21.0379092
            ]
          ],
          [
            [
              52.2669666,
              21.0392409
            ],
            [
              52.2670034,
              21.0391281
            ],
            [
              52.2670282,
              21.0390336
            ],
            [
              52.2670482,
              21.0389356
            ],
            [
              52.2670638,
              21.0388377
            ]
          ],
          [
            [
              52.2604309,
              21.0469796
            ],
            [
              52.2605459,
              21.0468419
            ]
          ]
        ]
      }
    },
    {
      "type": "Feature",
      "properties": {
        "name": "Heleny Rzeszotarskiej",
        "highway": "residential"
      },
      "geometry": {
        "type": "MultiLineString",
        "coordinates": [
          [
            [
              52.257412,
              21.0408404
            ],
            [
              52.2574952,
              21.0407559
            ],
            [
              52.2575244,
              21.0407267
            ],
            [
              52.2576603,
              21.0405902
            ],
            [
              52.257769,
              21.0404832
            ],
            [
              52.2579199,
              21.0403345
            ],
            [
              52.258022,
              21.040234
            ],
            [
              52.2581175,
              21.0401587
            ]
          ]
        ]
      }
    },
    {
      "type": "Feature",
      "properties": {
        "name": "Inżynierska",
        "highway": "residential"
      },
      "geometry": {
        "type": "MultiLineString",
        "coordinates": [
          [
            [
              52.2581939,
              21.0349993
            ],
            [
              52.2581972,
              21.0349943
            ],
            [
              52.2582376,
              21.0349326
            ],
            [
              52.2582585,
              21.0348997
            ],
            [
              52.2583014,
              21.0348322
            ],
            [
              52.2583335,
              21.0347784
            ],
            [
              52.2584846,
              21.0345372
            ],
            [
              52.2585822,
              21.0343819
            ],
            [
              52.2586941,
              21.0342018
            ],
            [
              52.2587239,
              21.0341538
            ],
            [
              52.2588246,
              21.0340135
            ]
          ],
          [
            [
              52.257728,
              21.0357461
            ],
            [
              52.2578077,
              21.0356177
            ],
            [
              52.2579716,
              21.0353537
            ],
            [
              52.2580041,
              21.0353014
            ],
            [
              52.2581682,
              21.0350419
            ],
            [
              52.2581939,
              21.0349993
            ]
          ],
          [
            [
              52.2567844,
              21.0372452
            ],
            [
              52.256828,
              21.0371843
            ],
            [
              52.256887,
              21.0371019
            ],
            [
              52.2569585,
              21.0369959
            ],
            [
              52.2570418,
              21.0368606
            ],
            [
              52.2571403,
              21.0367007
            ],
            [
              52.2572978,
              21.0364448
            ],
            [
              52.2573869,
              21.0362991
            ],
            [
              52.2574568,
              21.0361861
            ],
            [
              52.2574737,
              21.0361588
            ],
            [
              52.257728,
              21.0357461
            ]
          ]
        ]
      }
    },
    {
      "type": "Feature",
      "properties": {
        "name": "Równa",
        "highway": "residential"
      },
      "geometry": {
        "type": "MultiLineString",
        "coordinates": [
          [
            [
              52.2601146,
              21.0430982
            ],
            [
              52.2603659,
              21.0436755
            ],
            [
              52.2605487,
              21.0438809
            ],
            [
              52.2612522,
              21.0455803
            ],
            [
              52.2613027,
              21.0457022
            ],
            [
              52.2613735,
              21.0458642
            ]
          ]
        ]
      }
    },
    {
      "type": "Feature",
      "properties": {
        "name": "Czynszowa",
        "highway": "residential"
      },
      "geometry": {
        "type": "MultiLineString",
        "coordinates": [
          [
            [
              52.2595714,
              21.0434299
            ],
            [
              52.2596037,
              21.0433963
            ],
            [
              52.2596396,
              21.0433555
            ],
            [
              52.2605841,
              21.0423124
            ],
            [
              52.2606107,
              21.0422772
            ],
            [
              52.2606349,
              21.0422493
            ],
            [
              52.2606778,
              21.0422005
            ]
          ],
          [
            [
              52.2606493,
              21.042136
            ],
            [
              52.2607228,
              21.0420821
            ],
            [
              52.2609399,
              21.0419297
            ],
            [
              52.2614416,
              21.0415889
            ]
          ]
        ]
      }
    },
    {
      "type": "Feature",
      "properties": {
        "name": "Kamienna",
        "highway": "residential"
      },
      "geometry": {
        "type": "MultiLineString",
        "coordinates": [
          [
            [
              52.2649295,
              21.0398332
            ],
            [
              52.2650473,
              21.0401172
            ],
            [
              52.2652719,
              21.0406305
            ],
            [
              52.2653077,
              21.0407124
            ],
            [
              52.2654348,
              21.0410028
            ],
            [
              52.2654635,
              21.041068
            ],
            [
              52.2655022,
              21.0411586
            ]
          ],
          [
            [
              52.2645434,
              21.038965
            ],
            [
              52.2646308,
              21.0391873
            ]
          ],
          [
            [
              52.2647056,
              21.0392771
            ],
            [
              52.2647209,
              21.0393154
            ],
            [
              52.2647837,
              21.039467
            ]
          ],
          [
            [
              52.2647837,
              21.039467
            ],
            [
              52.2648448,
              21.0396186
            ]
          ],
          [
            [
              52.2646308,
              21.0391873
            ],
            [
              52.2646549,
              21.0391798
            ],
            [
              52.2646732,
              21.0391981
            ],
            [
              52.2647056,
              21.0392771
            ]
          ],
          [
            [
              52.2648448,
              21.0396186
            ],
            [
              52.2648944,
              21.0397442
            ],
            [
              52.2649295,
              21.0398332
            ]
          ]
        ]
      }
    },
    {
      "type": "Feature",
      "properties": {
        "name": "Kowelska",
        "highway": "residential"
      },
      "geometry": {
        "type": "MultiLineString",
        "coordinates": [
          [
            [
              52.2616767,
              21.0409902
            ],
            [
              52.2617431,
              21.0409267
            ],
            [
              52.2623643,
              21.0403345
            ],
            [
              52.2624172,
              21.0403385
            ],
            [
              52.2628062,
              21.0399738
            ],
            [
              52.2628671,
              21.0399176
            ]
          ]
        ]
      }
    },
    {
      "type": "Feature",
      "properties": {
        "name": "Letnia",
        "highway": "residential"
      },
      "geometry": {
        "type": "MultiLineString",
        "coordinates": [
          [
            [
              52.2652743,
              21.0385659
            ],
            [
              52.2654308,
              21.0389434
            ],
            [
              52.265485,
              21.0390408
            ],
            [
              52.2655101,
              21.0390891
            ],
            [
              52.265659,
              21.0394339
            ],
            [
              52.2656857,
              21.0395291
            ],
            [
              52.2658666,
              21.0399576
            ],
            [
              52.2659144,
              21.0400709
            ],
            [
              52.2660214,
              21.0403245
            ]
          ],
          [
            [
              52.2652268,
              21.0383932
            ],
            [
              52.2652323,
              21.0384242
            ],
            [
              52.2652397,
              21.0384587
            ],
            [
              52.2652473,
              21.0384884
            ],
            [
              52.26526,
              21.0385282
            ],
            [
              52.2652743,
              21.0385659
            ]
          ],
          [
            [
              52.2660214,
              21.0403245
            ],
            [
              52.2660273,
              21.0403385
            ],
            [
              52.2660445,
              21.0403788
            ],
            [
              52.2660918,
              21.0404912
            ]
          ]
        ]
      }
    },
    {
      "type": "Feature",
      "properties": {
        "name": "Lęborska",
        "highway": "residential"
      },
      "geometry": {
        "type": "MultiLineString",
        "coordinates": [
          [
            [
              52.265485,
              21.0390408
            ],
            [
              52.265517,
              21.0390037
            ],
            [
              52.2655848,
              21.0389238
            ],
            [
              52.2656087,
              21.0388956
            ],
            [
              52.2656308,
              21.0388695
            ],
            [
              52.2656914,
              21.0387981
            ],
            [
              52.2657314,
              21.0387509
            ],
            [
              52.2661242,
              21.0382887
            ]
          ]
        ]
      }
    },
    {
      "type": "Feature",
      "properties": {
        "name": "Stanisława Witkiewicza",
        "highway": "residential"
      },
      "geometry": {
        "type": "MultiLineString",
        "coordinates": [
          [
            [
              52.2775425,
              21.0152619
            ],
            [
              52.2775846,
              21.0152377
            ],
            [
              52.2777516,
              21.0151418
            ],
            [
              52.2781657,
              21.0149038
            ],
            [
              52.2786611,
              21.0146189
            ],
            [
              52.2787925,
              21.0145435
            ],
            [
              52.279288,
              21.0142587
            ],
            [
              52.2798602,
              21.0139299
            ],
            [
              52.2807019,
              21.0134461
            ],
            [
              52.2807267,
              21.0134289
            ]
          ]
        ]
      }
    },
    {
      "type": "Feature",
      "properties": {
        "name": "Zachariasza",
        "highway": "residential"
      },
      "geometry": {
        "type": "MultiLineString",
        "coordinates": [
          [
            [
              52.26048,
              21.0590868
            ],
            [
              52.2612762,
              21.0584555
            ]
          ]
        ]
      }
    },
    {
      "type": "Feature",
      "properties": {
        "name": "Stolarska",
        "highway": "residential"
      },
      "geometry": {
        "type": "MultiLineString",
        "coordinates": [
          [
            [
              52.2658666,
              21.0399576
            ],
            [
              52.2659407,
              21.0398739
            ],
            [
              52.2660093,
              21.0397927
            ],
            [
              52.2662436,
              21.0395265
            ],
            [
              52.2663558,
              21.039399
            ],
            [
              52.2669531,
              21.0387204
            ]
          ]
        ]
      }
    },
    {
      "type": "Feature",
      "properties": {
        "name": "Siedlecka",
        "highway": "residential"
      },
      "geometry": {
        "type": "MultiLineString",
        "coordinates": [
          [
            [
              52.2572108,
              21.0520343
            ],
            [
              52.257186,
              21.0521022
            ],
            [
              52.2571891,
              21.0521693
            ],
            [
              52.2572144,
              21.0522616
            ],
            [
              52.257329,
              21.0526792
            ],
            [
              52.2573349,
              21.0527006
            ],
            [
              52.2575021,
              21.0532882
            ],
            [
              52.2576211,
              21.0537045
            ],
            [
              52.2578764,
              21.0545831
            ],
            [
              52.2580013,
              21.0550271
            ],
            [
              52.2585916,
              21.0571257
            ],
            [
              52.2586644,
              21.0573845
            ],
            [
              52.2588603,
              21.0580809
            ],
            [
              52.2589019,
              21.0582226
            ]
          ],
          [
            [
              52.2589019,
              21.0582226
            ],
            [
              52.2589424,
              21.0583733
            ],
            [
              52.259228,
              21.059332
            ],
            [
              52.2594237,
              21.059988
            ],
            [
              52.2594688,
              21.0601391
            ],
            [
              52.2596763,
              21.0608321
            ],
            [
              52.2597355,
              21.0610416
            ],
            [
              52.2599116,
              21.061665
            ]
          ]
        ]
      }
    },
    {
      "type": "Feature",
      "properties": {
        "name": "Justyny Budzińskiej-Tylickiej",
        "highway": "residential"
      },
      "geometry": {
        "type": "MultiLineString",
        "coordinates": [
          [
            [
              52.2807212,
              21.0105535
            ],
            [
              52.2807671,
              21.0107771
            ]
          ],
          [
            [
              52.2807671,
              21.0107771
            ],
            [
              52.2807877,
              21.0108721
            ],
            [
              52.2808,
              21.010929
            ],
            [
              52.2808126,
              21.0109817
            ],
            [
              52.2808251,
              21.011038
            ],
            [
              52.2808571,
              21.0111818
            ]
          ],
          [
            [
              52.2809671,
              21.0117004
            ],
            [
              52.2810902,
              21.0122474
            ],
            [
              52.2813873,
              21.0135675
            ],
            [
              52.2814446,
              21.0138124
            ]
          ],
          [
            [
              52.2808967,
              21.0113788
            ],
            [
              52.280906,
              21.0114217
            ],
            [
              52.2809671,
              21.0117004
            ]
          ],
          [
            [
              52.2808571,
              21.0111818
            ],
            [
              52.2808871,
              21.0113331
            ]
          ]
        ]
      }
    },
    {
      "type": "Feature",
      "properties": {
        "name": "Pożarowa",
        "highway": "service"
      },
      "geometry": {
        "type": "MultiLineString",
        "coordinates": [
          [
            [
              52.275271,
              21.0200644
            ],
            [
              52.2752947,
              21.0202039
            ],
            [
              52.2753059,
              21.0202764
            ],
            [
              52.2753084,
              21.0203396
            ],
            [
              52.2753091,
              21.0203677
            ],
            [
              52.2753043,
              21.0203999
            ],
            [
              52.2752964,
              21.0204395
            ],
            [
              52.2752837,
              21.0204778
            ]
          ]
        ]
      }
    },
    {
      "type": "Feature",
      "properties": {
        "name": "Strzelecka",
        "highway": "residential"
      },
      "geometry": {
        "type": "MultiLineString",
        "coordinates": [
          [
            [
              52.2616767,
              21.0409902
            ],
            [
              52.2617541,
              21.0412032
            ],
            [
              52.2618093,
              21.0413514
            ],
            [
              52.2618787,
              21.0415379
            ],
            [
              52.2619431,
              21.0417028
            ],
            [
              52.2619988,
              21.0418369
            ],
            [
              52.2622189,
              21.042383
            ],
            [
              52.2625944,
              21.0433064
            ],
            [
              52.262867,
              21.0439802
            ],
            [
              52.2628957,
              21.0440481
            ],
            [
              52.2629223,
              21.0441009
            ]
          ],
          [
            [
              52.261195,
              21.0395902
            ],
            [
              52.261234,
              21.03971
            ],
            [
              52.261568,
              21.0406825
            ],
            [
              52.2616081,
              21.0407994
            ],
            [
              52.2616767,
              21.0409902
            ]
          ],
          [
            [
              52.260539,
              21.037681
            ],
            [
              52.2605379,
              21.037643
            ],
            [
              52.2605402,
              21.0376107
            ],
            [
              52.2605648,
              21.0374359
            ]
          ],
          [
            [
              52.260539,
              21.037681
            ],
            [
              52.2605455,
              21.0377143
            ],
            [
              52.2605537,
              21.0377459
            ],
            [
              52.2605827,
              21.0378311
            ],
            [
              52.2608744,
              21.038677
            ],
            [
              52.2611473,
              21.039464
            ],
            [
              52.261195,
              21.0395902
            ]
          ],
          [
            [
              52.2629223,
              21.0441009
            ],
            [
              52.262949,
              21.0441538
            ],
            [
              52.2629838,
              21.0442386
            ],
            [
              52.2632895,
              21.0449828
            ],
            [
              52.2636151,
              21.0457535
            ],
            [
              52.2636843,
              21.0459215
            ],
            [
              52.2637425,
              21.046051
            ]
          ],
          [
            [
              52.2605648,
              21.0374359
            ],
            [
              52.2605836,
              21.0373941
            ],
            [
              52.2606046,
              21.0373591
            ],
            [
              52.2606281,
              21.0373281
            ],
            [
              52.2606477,
              21.0373099
            ],
            [
              52.2606659,
              21.0372971
            ],
            [
              52.260695,
              21.0372815
            ]
          ],
          [
            [
              52.2604449,
              21.037188
            ],
            [
              52.2604795,
              21.0372107
            ],
            [
              52.2605049,
              21.0372376
            ],
            [
              52.2605242,
              21.0372668
            ],
            [
              52.2605358,
              21.0372928
            ],
            [
              52.2605496,
              21.0373386
            ],
            [
              52.2605586,
              21.037385
            ],
            [
              52.2605648,
              21.0374359
            ]
          ]
        ]
      }
    },
    {
      "type": "Feature",
      "properties": {
        "name": "Boruty",
        "highway": "service"
      },
      "geometry": {
        "type": "MultiLineString",
        "coordinates": [
          [
            [
              52.258065,
              21.0646974
            ],
            [
              52.2581275,
              21.0646984
            ],
            [
              52.2581964,
              21.0646953
            ],
            [
              52.2583221,
              21.0646878
            ],
            [
              52.2584781,
              21.0646837
            ],
            [
              52.258662,
              21.0646672
            ],
            [
              52.2589201,
              21.0645884
            ],
            [
              52.2591397,
              21.0644598
            ]
          ],
          [
            [
              52.2580701,
              21.0641917
            ],
            [
              52.2580823,
              21.0641631
            ],
            [
              52.2581018,
              21.0641294
            ],
            [
              52.2581277,
              21.0640993
            ],
            [
              52.2581903,
              21.0640375
            ]
          ],
          [
            [
              52.2580484,
              21.0661708
            ],
            [
              52.2580258,
              21.0659566
            ],
            [
              52.2579907,
              21.0655927
            ],
            [
              52.2579884,
              21.0654903
            ],
            [
              52.2579923,
              21.0653659
            ],
            [
              52.2580223,
              21.0651771
            ],
            [
              52.2580402,
              21.0650172
            ],
            [
              52.2580535,
              21.0649306
            ],
            [
              52.258065,
              21.0646974
            ]
          ],
          [
            [
              52.2579684,
              21.0640188
            ],
            [
              52.2580024,
              21.0640551
            ],
            [
              52.258029,
              21.064098
            ],
            [
              52.2580504,
              21.0641353
            ],
            [
              52.2580599,
              21.0641551
            ],
            [
              52.2580701,
              21.0641917
            ]
          ],
          [
            [
              52.258065,
              21.0646974
            ],
            [
              52.2580686,
              21.0642549
            ],
            [
              52.2580701,
              21.0642021
            ],
            [
              52.2580701,
              21.0641917
            ]
          ]
        ]
      }
    },
    {
      "type": "Feature",
      "properties": {
        "name": "Józefa Szanajcy",
        "highway": "residential"
      },
      "geometry": {
        "type": "MultiLineString",
        "coordinates": [
          [
            [
              52.2629623,
              21.0289923
            ],
            [
              52.2629653,
              21.0290257
            ],
            [
              52.2629715,
              21.0290487
            ],
            [
              52.2629858,
              21.0290866
            ],
            [
              52.2630026,
              21.0291257
            ],
            [
              52.2634238,
              21.0300505
            ],
            [
              52.2634726,
              21.0301549
            ],
            [
              52.2635412,
              21.0303013
            ],
            [
              52.2636387,
              21.0305155
            ],
            [
              52.2638229,
              21.0309149
            ],
            [
              52.2640193,
              21.0313407
            ],
            [
              52.2641731,
              21.0316675
            ],
            [
              52.2643273,
              21.0319954
            ],
            [
              52.2644825,
              21.0323253
            ],
            [
              52.2644939,
              21.0323495
            ],
            [
              52.2645411,
              21.0324494
            ]
          ],
          [
            [
              52.2606265,
              21.0240466
            ],
            [
              52.2606567,
              21.0241126
            ],
            [
              52.2606761,
              21.0241543
            ],
            [
              52.2607259,
              21.0242612
            ],
            [
              52.260945,
              21.024734
            ],
            [
              52.2612886,
              21.0254758
            ],
            [
              52.2613461,
              21.0255998
            ],
            [
              52.2614317,
              21.0257846
            ]
          ],
          [
            [
              52.2614317,
              21.0257846
            ],
            [
              52.261465,
              21.0258582
            ],
            [
              52.2620659,
              21.0271475
            ],
            [
              52.2622693,
              21.0275883
            ],
            [
              52.2623339,
              21.0277241
            ],
            [
              52.2623709,
              21.027802
            ],
            [
              52.2628416,
              21.0287847
            ],
            [
              52.2628759,
              21.028858
            ],
            [
              52.262892,
              21.0288855
            ],
            [
              52.2629144,
              21.0289072
            ]
          ]
        ]
      }
    },
    {
      "type": "Feature",
      "properties": {
        "name": "Wenantego Burdzińskiego",
        "highway": "residential"
      },
      "geometry": {
        "type": "MultiLineString",
        "coordinates": [
          [
            [
              52.2614317,
              21.0257846
            ],
            [
              52.2614985,
              21.0257082
            ],
            [
              52.2615149,
              21.0256878
            ],
            [
              52.2618315,
              21.0252959
            ],
            [
              52.2621034,
              21.0249593
            ],
            [
              52.2625384,
              21.0244208
            ],
            [
              52.262594,
              21.024352
            ],
            [
              52.2626121,
              21.0243297
            ],
            [
              52.2626426,
              21.0242919
            ]
          ],
          [
            [
              52.2626426,
              21.0242919
            ],
            [
              52.2627987,
              21.0240988
            ],
            [
              52.2632185,
              21.0235793
            ],
            [
              52.2632412,
              21.0235512
            ]
          ]
        ]
      }
    },
    {
      "type": "Feature",
      "properties": {
        "name": "Rozwojowa",
        "highway": "residential"
      },
      "geometry": {
        "type": "MultiLineString",
        "coordinates": [
          [
            [
              52.2715414,
              21.0172158
            ],
            [
              52.2715749,
              21.0173501
            ],
            [
              52.2716427,
              21.0176572
            ],
            [
              52.2717316,
              21.0180528
            ],
            [
              52.2718023,
              21.0183672
            ],
            [
              52.2718622,
              21.0186334
            ],
            [
              52.271912,
              21.0188559
            ],
            [
              52.2719632,
              21.0190844
            ],
            [
              52.2720099,
              21.0192466
            ]
          ],
          [
            [
              52.2716213,
              21.0171629
            ],
            [
              52.2716508,
              21.017303
            ],
            [
              52.2718977,
              21.0183984
            ],
            [
              52.2720254,
              21.0189208
            ],
            [
              52.2720929,
              21.019225
            ]
          ],
          [
            [
              52.271552,
              21.016909
            ],
            [
              52.2715109,
              21.0167659
            ],
            [
              52.2714953,
              21.0167087
            ],
            [
              52.2714769,
              21.0166334
            ],
            [
              52.2714729,
              21.0166114
            ],
            [
              52.2714707,
              21.0165845
            ],
            [
              52.2714723,
              21.0165641
            ],
            [
              52.2714777,
              21.0165285
            ],
            [
              52.271485,
              21.0165027
            ],
            [
              52.2714939,
              21.0164798
            ],
            [
              52.2715912,
              21.016338
            ]
          ],
          [
            [
              52.2711763,
              21.0167096
            ],
            [
              52.2713462,
              21.0166617
            ],
            [
              52.2713602,
              21.0166609
            ],
            [
              52.2713764,
              21.0166636
            ],
            [
              52.2713933,
              21.0166739
            ],
            [
              52.2714085,
              21.0166923
            ],
            [
              52.2714186,
              21.0167161
            ],
            [
              52.271431,
              21.016755
            ],
            [
              52.2714482,
              21.0168103
            ],
            [
              52.2714828,
              21.016955
            ]
          ],
          [
            [
              52.271467,
              21.0171353
            ],
            [
              52.271486,
              21.0171755
            ],
            [
              52.2715117,
              21.0172031
            ],
            [
              52.2715414,
              21.0172158
            ],
            [
              52.2715711,
              21.0172125
            ],
            [
              52.2715986,
              21.0171942
            ],
            [
              52.2716213,
              21.0171629
            ],
            [
              52.2716358,
              21.0171256
            ],
            [
              52.2716432,
              21.017083
            ],
            [
              52.271643,
              21.0170407
            ],
            [
              52.2716358,
              21.017
            ],
            [
              52.2716221,
              21.0169641
            ],
            [
              52.2716029,
              21.0169356
            ],
            [
              52.2715786,
              21.0169163
            ],
            [
              52.271552,
              21.016909
            ],
            [
              52.2715266,
              21.0169137
            ],
            [
              52.271503,
              21.0169295
            ],
            [
              52.2714828,
              21.016955
            ],
            [
              52.2714663,
              21.0169925
            ],
            [
              52.2714573,
              21.0170362
            ],
            [
              52.2714571,
              21.0170871
            ],
            [
              52.271467,
              21.0171353
            ]
          ]
        ]
      }
    },
    {
      "type": "Feature",
      "properties": {
        "name": "Most Generała Stefana Grota-Roweckiego",
        "highway": "motorway"
      },
      "geometry": {
        "type": "MultiLineString",
        "coordinates": [
          [
            [
              52.2848694,
              20.9900667
            ],
            [
              52.2855245,
              20.9914772
            ],
            [
              52.2885067,
              20.9980262
            ]
          ],
          [
            [
              52.2849395,
              20.9899813
            ],
            [
              52.2885779,
              20.997941
            ]
          ]
        ]
      }
    },
    {
      "type": "Feature",
      "properties": {
        "name": "Główna",
        "highway": "service"
      },
      "geometry": {
        "type": "MultiLineString",
        "coordinates": [
          [
            [
              52.2839805,
              21.0128296
            ],
            [
              52.2845382,
              21.0124948
            ],
            [
              52.2859489,
              21.0116348
            ],
            [
              52.2867661,
              21.0111344
            ],
            [
              52.2879729,
              21.0104015
            ],
            [
              52.2890105,
              21.0097675
            ],
            [
              52.2892932,
              21.0095947
            ],
            [
              52.2913289,
              21.0083714
            ],
            [
              52.2913526,
              21.0083596
            ],
            [
              52.2914593,
              21.0083066
            ],
            [
              52.2916695,
              21.0082022
            ],
            [
              52.2917377,
              21.0081683
            ]
          ],
          [
            [
              52.2777142,
              21.0159402
            ],
            [
              52.277748,
              21.0159213
            ],
            [
              52.2780305,
              21.0157598
            ],
            [
              52.2781038,
              21.0157228
            ],
            [
              52.2785524,
              21.0154747
            ],
            [
              52.2789001,
              21.0152815
            ],
            [
              52.2791326,
              21.0151524
            ],
            [
              52.2806589,
              21.0142643
            ],
            [
              52.2814446,
              21.0138124
            ]
          ]
        ]
      }
    },
    {
      "type": "Feature",
      "properties": {
        "name": "Galwaniczna",
        "highway": "service"
      },
      "geometry": {
        "type": "MultiLineString",
        "coordinates": [
          [
            [
              52.2853097,
              21.0088427
            ],
            [
              52.2854218,
              21.0093544
            ],
            [
              52.2857246,
              21.010664
            ],
            [
              52.2859489,
              21.0116348
            ]
          ]
        ]
      }
    },
    {
      "type": "Feature",
      "properties": {
        "name": "Plac Konesera",
        "highway": "service"
      },
      "geometry": {
        "type": "MultiLineString",
        "coordinates": [
          [
            [
              52.2544518,
              21.0442099
            ],
            [
              52.2545385,
              21.0441733
            ],
            [
              52.2545505,
              21.0441683
            ]
          ]
        ]
      }
    },
    {
      "type": "Feature",
      "properties": {
        "name": "Most Śląsko-Dąbrowski",
        "highway": "secondary"
      },
      "geometry": {
        "type": "MultiLineString",
        "coordinates": [
          [
            [
              52.2479489,
              21.0188933
            ],
            [
              52.2481465,
              21.0193535
            ],
            [
              52.2488316,
              21.0209513
            ],
            [
              52.2493067,
              21.0220583
            ],
            [
              52.2495482,
              21.0226186
            ],
            [
              52.2498556,
              21.0233352
            ],
            [
              52.2505986,
              21.0250661
            ]
          ]
        ]
      }
    },
    {
      "type": "Feature",
      "properties": {
        "name": "Odlewnicza",
        "highway": "service"
      },
      "geometry": {
        "type": "MultiLineString",
        "coordinates": [
          [
            [
              52.2886522,
              21.0068181
            ],
            [
              52.2887633,
              21.0072993
            ],
            [
              52.2888587,
              21.0077128
            ],
            [
              52.2892932,
              21.0095947
            ]
          ]
        ]
      }
    }
  ]
}