{
  "type": "FeatureCollection",
  "features": [
    {
      "type": "Feature",
      "properties": {
        "name": "Aleksandra Prystora",
        "highway": "residential"
      },
      "geometry": {
        "type": "MultiLineString",
        "coordinates": [
          [
            [
              52.1886191,
              20.9058132
            ],
            [
              52.1886693,
              20.9056368
            ],
            [
              52.1887039,
              20.9055194
            ],
            [
              52.1887924,
              20.9052194
            ],
            [
              52.1888371,
              20.9050708
            ],
            [
              52.1889762,
              20.9046015
            ],
            [
              52.1891103,
              20.9041523
            ],
            [
              52.1891467,
              20.9040304
            ],
            [
              52.189189,
              20.9038888
            ],
            [
              52.1895569,
              20.9026476
            ],
            [
              52.1896011,
              20.9024967
            ]
          ],
          [
            [
              52.1901315,
              20.9009591
            ],
            [
              52.1902223,
              20.9006854
            ],
            [
              52.190265,
              20.9005598
            ],
            [
              52.1904119,
              20.9001546
            ],
            [
              52.1904704,
              20.8999845
            ]
          ],
          [
            [
              52.1877675,
              20.9087337
            ],
            [
              52.1878403,
              20.9085548
            ],
            [
              52.1879177,
              20.9083282
            ],
            [
              52.1880839,
              20.9078635
            ],
            [
              52.1881131,
              20.9077747
            ],
            [
              52.1881376,
              20.9076799
            ],
            [
              52.1882027,
              20.9074414
            ],
            [
              52.1882479,
              20.9072677
            ],
            [
              52.188307,
              20.907058
            ]
          ],
          [
            [
              52.1899055,
              20.9016394
            ],
            [
              52.189993,
              20.9013766
            ],
            [
              52.1901315,
              20.9009591
            ]
          ],
          [
            [
              52.1896011,
              20.9024967
            ],
            [
              52.189626,
              20.9024275
            ],
            [
              52.1896593,
              20.9023298
            ],
            [
              52.1896932,
              20.9022352
            ],
            [
              52.189816,
              20.9019113
            ],
            [
              52.1898619,
              20.9017808
            ],
            [
              52.1899055,
              20.9016394
            ]
          ],
          [
            [
              52.188307,
              20.907058
            ],
            [
              52.1883412,
              20.9069175
            ]
          ],
          [
            [
              52.1884766,
              20.9063605
            ],
            [
              52.1885691,
              20.9060301
            ],
            [
              52.188585,
              20.9059733
            ],
            [
              52.1886191,
              20.9058132
            ]
          ],
          [
            [
              52.1883412,
              20.9069175
            ],
            [
              52.1883844,
              20.9067469
            ],
            [
              52.1884202,
              20.9065974
            ],
            [
              52.1884446,
              20.9064833
            ],
            [
              52.1884766,
              20.9063605
            ]
          ]
        ]
      }
    },
    {
      "type": "Feature",
      "properties": {
        "name": "Generała Kazimierza Sosnkowskiego",
        "highway": "residential"
      },
      "geometry": {
        "type": "MultiLineString",
        "coordinates": [
          [
            [
              52.1825393,
              20.8931596
            ],
            [
              52.1826274,
              20.8931089
            ],
            [
              52.1831725,
              20.8928038
            ],
            [
              52.1834681,
              20.8926433
            ],
            [
              52.1835278,
              20.8926109
            ],
            [
              52.1840181,
              20.8923447
            ],
            [
              52.1840541,
              20.8923252
            ],
            [
              52.1843783,
              20.8921491
            ],
            [
              52.1846621,
              20.891995
            ],
            [
              52.1847941,
              20.8919233
            ],
            [
              52.1848786,
              20.8918774
            ],
            [
              52.1860644,
              20.8912335
            ],
            [
              52.1867245,
              20.8908716
            ],
            [
              52.1868446,
              20.8908098
            ],
            [
              52.1871011,
              20.8906705
            ],
            [
              52.1872037,
              20.8906131
            ],
            [
              52.1874389,
              20.8904871
            ],
            [
              52.1878006,
              20.8902917
            ],
            [
              52.1881854,
              20.8900817
            ],
            [
              52.1884068,
              20.8899543
            ],
            [
              52.1886148,
              20.8898346
            ],
            [
              52.1891811,
              20.8895081
            ]
          ],
          [
            [
              52.1927733,
              20.8868128
            ],
            [
              52.1928325,
              20.8866819
            ],
            [
              52.193002,
              20.8863077
            ],
            [
              52.1932245,
              20.8858083
            ],
            [
              52.1932621,
              20.8857239
            ]
          ],
          [
            [
              52.1932621,
              20.8857239
            ],
            [
              52.193944,
              20.8842022
            ],
            [
              52.1940212,
              20.8840332
            ],
            [
              52.1940404,
              20.8839915
            ]
          ],
          [
            [
              52.1899163,
              20.8890858
            ],
            [
              52.1900356,
              20.8890191
            ],
            [
              52.1902617,
              20.8888928
            ],
            [
              52.1904776,
              20.8887722
            ],
            [
              52.1905564,
              20.8887282
            ],
            [
              52.1912288,
              20.8883527
            ],
            [
              52.1917898,
              20.8880393
            ],
            [
              52.1919394,
              20.8879557
            ],
            [
              52.1921872,
              20.8878173
            ],
            [
              52.1923029,
              20.8877496
            ],
            [
              52.1923323,
              20.8877305
            ],
            [
              52.1923597,
              20.8877048
            ],
            [
              52.1923847,
              20.8876731
            ],
            [
              52.1924086,
              20.8876324
            ],
            [
              52.1924302,
              20.887581
            ],
            [
              52.1927733,
              20.8868128
            ]
          ],
          [
            [
              52.1940404,
              20.8839915
            ],
            [
              52.1940928,
              20.8838796
            ],
            [
              52.1941887,
              20.8836992
            ],
            [
              52.1942336,
              20.883616
            ],
            [
              52.1942944,
              20.8835033
            ],
            [
              52.1943451,
              20.8834092
            ],
            [
              52.1944086,
              20.883291
            ],
            [
              52.1945097,
              20.883103
            ],
            [
              52.1946277,
              20.8829343
            ],
            [
              52.1948178,
              20.8826624
            ],
            [
              52.1949241,
              20.8825189
            ]
          ],
          [
            [
              52.1824993,
              20.8931872
            ],
            [
              52.1825393,
              20.8931596
            ]
          ],
          [
            [
              52.1891811,
              20.8895081
            ],
            [
              52.1895963,
              20.8892683
            ],
            [
              52.1896649,
              20.8892292
            ],
            [
              52.1898118,
              20.8891459
            ],
            [
              52.1899163,
              20.8890858
            ]
          ]
        ]
      }
    },
    {
      "type": "Feature",
      "properties": {
        "name": "Poczty Gdańskiej",
        "highway": "residential"
      },
      "geometry": {
        "type": "MultiLineString",
        "coordinates": [
          [
            [
              52.1989043,
              20.899404
            ],
            [
              52.1990271,
              20.8997601
            ]
          ],
          [
            [
              52.1988282,
              20.8992105
            ],
            [
              52.1988795,
              20.8991681
            ],
            [
              52.1989005,
              20.8991585
            ],
            [
              52.1989214,
              20.8991605
            ],
            [
              52.1989407,
              20.8991708
            ],
            [
              52.1989586,
              20.8991857
            ],
            [
              52.1993425,
              20.8995555
            ],
            [
              52.1994068,
              20.8996174
            ],
            [
              52.1994717,
              20.89968
            ],
            [
              52.1996425,
              20.8998444
            ],
            [
              52.1996797,
              20.8998803
            ],
            [
              52.199742,
              20.8999404
            ],
            [
              52.1997683,
              20.8999657
            ],
            [
              52.1997985,
              20.8999947
            ],
            [
              52.1998348,
              20.9000297
            ],
            [
              52.1998652,
              20.900059
            ],
            [
              52.1999386,
              20.900135
            ],
            [
              52.1999954,
              20.9001995
            ]
          ],
          [
            [
              52.1961503,
              20.896632
            ],
            [
              52.1962661,
              20.8966672
            ],
            [
              52.1963074,
              20.8966878
            ],
            [
              52.1963381,
              20.8967031
            ],
            [
              52.1963847,
              20.8967302
            ],
            [
              52.1964179,
              20.8967519
            ],
            [
              52.1964552,
              20.8967803
            ],
            [
              52.1964913,
              20.8968113
            ],
            [
              52.1965282,
              20.8968452
            ],
            [
              52.1966679,
              20.8969808
            ],
            [
              52.1967973,
              20.8971065
            ],
            [
              52.1972944,
              20.897589
            ],
            [
              52.1977184,
              20.8979993
            ],
            [
              52.1979448,
              20.8982184
            ],
            [
              52.1980598,
              20.8983298
            ],
            [
              52.1981316,
              20.8983996
            ],
            [
              52.1984235,
              20.8986834
            ],
            [
              52.1985661,
              20.898822
            ],
            [
              52.1986489,
              20.8989054
            ],
            [
              52.1986871,
              20.8989481
            ],
            [
              52.1987146,
              20.8989839
            ],
            [
              52.1987404,
              20.8990248
            ],
            [
              52.1987678,
              20.899071
            ],
            [
              52.1987897,
              20.8991126
            ],
            [
              52.1988282,
              20.8992105
            ],
            [
              52.1989043,
              20.899404
            ]
          ],
          [
            [
              52.1990271,
              20.8997601
            ],
            [
              52.1992037,
              20.9002339
            ],
            [
              52.1992523,
              20.9003581
            ],
            [
              52.199301,
              20.9004731
            ]
          ],
          [
            [
              52.199301,
              20.9004731
            ],
            [
              52.1993946,
              20.9007755
            ]
          ],
          [
            [
              52.199301,
              20.9004731
            ],
            [
              52.1994667,
              20.9007391
            ],
            [
              52.1995662,
              20.9009359
            ],
            [
              52.1995833,
              20.9009698
            ],
            [
              52.1996515,
              20.9011141
            ]
          ],
          [
            [
              52.1993946,
              20.9007755
            ],
            [
              52.1994838,
              20.9009569
            ],
            [
              52.1995132,
              20.9010187
            ],
            [
              52.199531,
              20.9010535
            ]
          ]
        ]
      }
    },
    {
      "type": "Feature",
      "properties": {
        "name": "Henryka Opieńskiego",
        "highway": "residential"
      },
      "geometry": {
        "type": "MultiLineString",
        "coordinates": [
          [
            [
              52.1963105,
              20.8885091
            ],
            [
              52.1963572,
              20.8884717
            ],
            [
              52.196406,
              20.8884328
            ],
            [
              52.1965237,
              20.8883374
            ],
            [
              52.1966279,
              20.888253
            ],
            [
              52.1966439,
              20.88824
            ],
            [
              52.1966543,
              20.8882316
            ],
            [
              52.1967081,
              20.8881866
            ],
            [
              52.1967216,
              20.8881743
            ],
            [
              52.1968105,
              20.8880933
            ],
            [
              52.1969393,
              20.8879761
            ],
            [
              52.1970599,
              20.8878812
            ],
            [
              52.1971074,
              20.8878439
            ]
          ],
          [
            [
              52.1950206,
              20.8912012
            ],
            [
              52.1951772,
              20.8907536
            ],
            [
              52.195204,
              20.890677
            ],
            [
              52.1952573,
              20.8905289
            ],
            [
              52.1955548,
              20.8897349
            ],
            [
              52.1956063,
              20.8895977
            ],
            [
              52.1956494,
              20.889494
            ],
            [
              52.1957444,
              20.8892759
            ],
            [
              52.1958995,
              20.8890103
            ],
            [
              52.1959329,
              20.888953
            ],
            [
              52.195963,
              20.8889123
            ],
            [
              52.1960646,
              20.8887746
            ],
            [
              52.196255,
              20.8885683
            ],
            [
              52.1963105,
              20.8885091
            ]
          ]
        ]
      }
    },
    {
      "type": "Feature",
      "properties": {
        "name": "Bohaterów Warszawy",
        "highway": "residential"
      },
      "geometry": {
        "type": "MultiLineString",
        "coordinates": [
          [
            [
              52.1954648,
              20.8860246
            ],
            [
              52.1954967,
              20.8859429
            ],
            [
              52.195523,
              20.8858754
            ],
            [
              52.1955837,
              20.8857117
            ],
            [
              52.1956891,
              20.8854277
            ],
            [
              52.1957097,
              20.8853722
            ],
            [
              52.1957663,
              20.8852195
            ],
            [
              52.1957928,
              20.8851481
            ],
            [
              52.1958757,
              20.8849246
            ],
            [
              52.1958937,
              20.884879
            ],
            [
              52.1959113,
              20.8848447
            ],
            [
              52.1959315,
              20.8848239
            ],
            [
              52.1959483,
              20.8848148
            ]
          ],
          [
            [
              52.1923306,
              20.8943982
            ],
            [
              52.1923964,
              20.8942206
            ],
            [
              52.1924038,
              20.8942003
            ],
            [
              52.1927832,
              20.8931596
            ]
          ],
          [
            [
              52.1927832,
              20.8931596
            ],
            [
              52.19278,
              20.8930974
            ],
            [
              52.1927676,
              20.8930273
            ],
            [
              52.192751,
              20.8929547
            ],
            [
              52.1927392,
              20.892874
            ],
            [
              52.1927445,
              20.8927833
            ],
            [
              52.1930454,
              20.8919864
            ],
            [
              52.1933682,
              20.8911315
            ],
            [
              52.1934131,
              20.8910795
            ],
            [
              52.1934702,
              20.8910645
            ],
            [
              52.1935143,
              20.8910665
            ],
            [
              52.1935587,
              20.8910558
            ],
            [
              52.1935972,
              20.8910259
            ]
          ],
          [
            [
              52.1931719,
              20.8925767
            ],
            [
              52.1936234,
              20.8913888
            ],
            [
              52.193628,
              20.8913041
            ],
            [
              52.1936159,
              20.891218
            ],
            [
              52.1936017,
              20.8911437
            ],
            [
              52.1935966,
              20.8910914
            ],
            [
              52.1935972,
              20.8910259
            ]
          ],
          [
            [
              52.1937472,
              20.8906257
            ],
            [
              52.1938387,
              20.8903842
            ],
            [
              52.1940407,
              20.889851
            ],
            [
              52.194091,
              20.8897144
            ],
            [
              52.194139,
              20.889586
            ],
            [
              52.1944873,
              20.8886624
            ],
            [
              52.1945284,
              20.8885426
            ],
            [
              52.1945659,
              20.8884457
            ],
            [
              52.1949321,
              20.8874577
            ],
            [
              52.1950009,
              20.8872727
            ],
            [
              52.1950479,
              20.8871462
            ],
            [
              52.1951203,
              20.8869513
            ],
            [
              52.1952421,
              20.8866237
            ],
            [
              52.1953938,
              20.8862157
            ],
            [
              52.1954648,
              20.8860246
            ]
          ],
          [
            [
              52.1910273,
              20.8979063
            ],
            [
              52.1910636,
              20.8977797
            ],
            [
              52.1913916,
              20.8968819
            ],
            [
              52.1914039,
              20.896848
            ],
            [
              52.1914466,
              20.8967675
            ],
            [
              52.1914956,
              20.8966804
            ],
            [
              52.1915086,
              20.8966411
            ],
            [
              52.1915277,
              20.8965877
            ],
            [
              52.1916778,
              20.8961219
            ],
            [
              52.1918431,
              20.8956788
            ],
            [
              52.1918891,
              20.8955557
            ],
            [
              52.1919295,
              20.8954472
            ],
            [
              52.1919782,
              20.89532
            ],
            [
              52.1922651,
              20.8945696
            ],
            [
              52.1922936,
              20.894495
            ],
            [
              52.1923306,
              20.8943982
            ]
          ],
          [
            [
              52.1927832,
              20.8931596
            ],
            [
              52.1928208,
              20.8931295
            ],
            [
              52.1928587,
              20.8931129
            ],
            [
              52.1929039,
              20.8931061
            ],
            [
              52.1929548,
              20.8930784
            ],
            [
              52.1929981,
              20.8930342
            ],
            [
              52.1931719,
              20.8925767
            ]
          ],
          [
            [
              52.1935972,
              20.8910259
            ],
            [
              52.1937472,
              20.8906257
            ]
          ]
        ]
      }
    },
    {
      "type": "Feature",
      "properties": {
        "name": "Jana Brzechwy",
        "highway": "living_street"
      },
      "geometry": {
        "type": "MultiLineString",
        "coordinates": [
          [
            [
              52.1932621,
              20.8857239
            ],
            [
              52.1932924,
              20.8857533
            ],
            [
              52.1934468,
              20.8859066
            ],
            [
              52.1936132,
              20.8860719
            ],
            [
              52.1938785,
              20.8863351
            ],
            [
              52.19392,
              20.8863785
            ]
          ]
        ]
      }
    },
    {
      "type": "Feature",
      "properties": {
        "name": "Plutonu AK „Torpedy”",
        "highway": "residential"
      },
      "geometry": {
        "type": "MultiLineString",
        "coordinates": [
          [
            [
              52.1927733,
              20.8868128
            ],
            [
              52.1928482,
              20.8868864
            ],
            [
              52.1931253,
              20.887164
            ],
            [
              52.1932388,
              20.8872778
            ],
            [
              52.1934282,
              20.88746
            ],
            [
              52.1934935,
              20.8875218
            ],
            [
              52.1937152,
              20.8877427
            ],
            [
              52.1937394,
              20.8877668
            ],
            [
              52.1939163,
              20.8879431
            ],
            [
              52.1939428,
              20.8879695
            ],
            [
              52.1941545,
              20.8881806
            ],
            [
              52.1944599,
              20.888485
            ],
            [
              52.1945284,
              20.8885426
            ]
          ],
          [
            [
              52.1969538,
              20.8905191
            ],
            [
              52.1970258,
              20.8907449
            ],
            [
              52.1970895,
              20.8909238
            ],
            [
              52.1971341,
              20.891024
            ],
            [
              52.1971621,
              20.8910813
            ],
            [
              52.1971875,
              20.8911332
            ],
            [
              52.1972361,
              20.8912058
            ],
            [
              52.197297,
              20.8912767
            ],
            [
              52.1973393,
              20.8913209
            ],
            [
              52.1973883,
              20.8913722
            ],
            [
              52.1975815,
              20.8915742
            ],
            [
              52.1976879,
              20.8916849
            ]
          ],
          [
            [
              52.1945284,
              20.8885426
            ],
            [
              52.1945994,
              20.8886016
            ],
            [
              52.1955663,
              20.8895581
            ],
            [
              52.1956063,
              20.8895977
            ],
            [
              52.195685,
              20.8896774
            ],
            [
              52.1964731,
              20.8904579
            ],
            [
              52.1967136,
              20.8906966
            ],
            [
              52.1967726,
              20.890755
            ]
          ],
          [
            [
              52.1967726,
              20.890755
            ],
            [
              52.1968912,
              20.890874
            ],
            [
              52.1970608,
              20.8910441
            ],
            [
              52.1971875,
              20.8911332
            ]
          ]
        ]
      }
    },
    {
      "type": "Feature",
      "properties": {
        "name": "Żurawicka",
        "highway": "residential"
      },
      "geometry": {
        "type": "MultiLineString",
        "coordinates": [
          [
            [
              52.1914796,
              20.883314
            ],
            [
              52.1915013,
              20.8831866
            ],
            [
              52.1917472,
              20.8817899
            ],
            [
              52.1917807,
              20.8815957
            ],
            [
              52.1918004,
              20.8814812
            ],
            [
              52.1919892,
              20.8803868
            ],
            [
              52.1919891,
              20.8802796
            ],
            [
              52.1919867,
              20.8801459
            ]
          ],
          [
            [
              52.1910397,
              20.8857676
            ],
            [
              52.1911771,
              20.8850042
            ],
            [
              52.1911794,
              20.8849915
            ],
            [
              52.1911977,
              20.8848898
            ],
            [
              52.1912801,
              20.8844327
            ],
            [
              52.191419,
              20.8836612
            ],
            [
              52.1914579,
              20.8834386
            ],
            [
              52.1914796,
              20.883314
            ]
          ]
        ]
      }
    },
    {
      "type": "Feature",
      "properties": {
        "name": "Prażmowska",
        "highway": "residential"
      },
      "geometry": {
        "type": "MultiLineString",
        "coordinates": [
          [
            [
              52.1933092,
              20.8796765
            ],
            [
              52.1933328,
              20.8796248
            ],
            [
              52.193591,
              20.8790594
            ],
            [
              52.1938669,
              20.8786808
            ],
            [
              52.193878,
              20.8786655
            ]
          ]
        ]
      }
    },
    {
      "type": "Feature",
      "properties": {
        "name": "Mariana Falskiego",
        "highway": "residential"
      },
      "geometry": {
        "type": "MultiLineString",
        "coordinates": [
          [
            [
              52.1976106,
              20.8771739
            ],
            [
              52.1976577,
              20.8771985
            ],
            [
              52.1977594,
              20.8772518
            ],
            [
              52.1978717,
              20.8773106
            ],
            [
              52.198038,
              20.8773977
            ],
            [
              52.1980892,
              20.8774254
            ]
          ],
          [
            [
              52.1944177,
              20.8782495
            ],
            [
              52.1944616,
              20.8782114
            ],
            [
              52.1946717,
              20.878137
            ],
            [
              52.1951301,
              20.8779747
            ],
            [
              52.1955165,
              20.877857
            ],
            [
              52.1956824,
              20.8778065
            ],
            [
              52.1957392,
              20.8777892
            ]
          ],
          [
            [
              52.1957392,
              20.8777892
            ],
            [
              52.1957954,
              20.877771
            ],
            [
              52.1963628,
              20.8775952
            ],
            [
              52.1963695,
              20.8775925
            ],
            [
              52.1965986,
              20.8775118
            ],
            [
              52.1966393,
              20.8774972
            ],
            [
              52.1967485,
              20.8774579
            ],
            [
              52.1969805,
              20.8773745
            ],
            [
              52.1970171,
              20.8773628
            ],
            [
              52.1973669,
              20.8772514
            ],
            [
              52.1975502,
              20.8771937
            ],
            [
              52.1976106,
              20.8771739
            ]
          ]
        ]
      }
    },
    {
      "type": "Feature",
      "properties": {
        "name": "Traktorzystów",
        "highway": "tertiary"
      },
      "geometry": {
        "type": "MultiLineString",
        "coordinates": [
          [
            [
              52.1963466,
              20.883548
            ],
            [
              52.1963483,
              20.8836864
            ],
            [
              52.1963538,
              20.8838095
            ],
            [
              52.1963752,
              20.8840172
            ],
            [
              52.1964112,
              20.8842373
            ],
            [
              52.1964567,
              20.8844459
            ],
            [
              52.1965927,
              20.884929
            ],
            [
              52.1967772,
              20.8855089
            ],
            [
              52.197252,
              20.8869724
            ]
          ],
          [
            [
              52.1963466,
              20.883548
            ],
            [
              52.1963482,
              20.8834531
            ],
            [
              52.1963535,
              20.8833107
            ],
            [
              52.1963618,
              20.8831831
            ]
          ],
          [
            [
              52.2025511,
              20.8960079
            ],
            [
              52.2026213,
              20.8960947
            ],
            [
              52.2026446,
              20.8961341
            ],
            [
              52.202671,
              20.8961968
            ],
            [
              52.20268,
              20.8962373
            ],
            [
              52.2026963,
              20.8963453
            ]
          ],
          [
            [
              52.2018841,
              20.8956402
            ],
            [
              52.2020231,
              20.8955742
            ],
            [
              52.2020753,
              20.8955634
            ],
            [
              52.2021339,
              20.8955768
            ]
          ],
          [
            [
              52.2014938,
              20.8961512
            ],
            [
              52.2016281,
              20.8961291
            ],
            [
              52.2018298,
              20.896105
            ]
          ],
          [
            [
              52.2023841,
              20.8960318
            ],
            [
              52.202421,
              20.8960541
            ],
            [
              52.2024566,
              20.8960792
            ],
            [
              52.2024781,
              20.8960951
            ],
            [
              52.2024993,
              20.8961126
            ]
          ],
          [
            [
              52.199867,
              20.8948303
            ],
            [
              52.2000474,
              20.895372
            ]
          ],
          [
            [
              52.2018298,
              20.896105
            ],
            [
              52.2020322,
              20.8960826
            ]
          ],
          [
            [
              52.2024993,
              20.8961126
            ],
            [
              52.202575,
              20.8961921
            ],
            [
              52.2026033,
              20.8962238
            ],
            [
              52.2026963,
              20.8963453
            ]
          ],
          [
            [
              52.2017462,
              20.8957685
            ],
            [
              52.2017127,
              20.8958301
            ],
            [
              52.2016987,
              20.8959091
            ],
            [
              52.2017069,
              20.8959901
            ],
            [
              52.2017357,
              20.8960577
            ],
            [
              52.201778,
              20.8960891
            ],
            [
              52.2018298,
              20.896105
            ]
          ],
          [
            [
              52.2022276,
              20.8956566
            ],
            [
              52.2023064,
              20.8957417
            ],
            [
              52.2023325,
              20.8957729
            ],
            [
              52.2024464,
              20.895902
            ]
          ],
          [
            [
              52.201212,
              20.8961947
            ],
            [
              52.2012593,
              20.8961898
            ]
          ],
          [
            [
              52.2020322,
              20.8960826
            ],
            [
              52.2021957,
              20.8960421
            ],
            [
              52.2022367,
              20.896032
            ],
            [
              52.202269,
              20.8960288
            ],
            [
              52.202346,
              20.89602
            ],
            [
              52.2023651,
              20.8960238
            ],
            [
              52.2023841,
              20.8960318
            ]
          ],
          [
            [
              52.2014378,
              20.8960528
            ],
            [
              52.2016652,
              20.8958508
            ],
            [
              52.2017462,
              20.8957685
            ]
          ],
          [
            [
              52.2024464,
              20.895902
            ],
            [
              52.2025511,
              20.8960079
            ]
          ],
          [
            [
              52.2017462,
              20.8957685
            ],
            [
              52.2018841,
              20.8956402
            ]
          ],
          [
            [
              52.1989024,
              20.8919629
            ],
            [
              52.1991177,
              20.8925875
            ]
          ],
          [
            [
              52.1991177,
              20.8925875
            ],
            [
              52.1992346,
              20.8929491
            ],
            [
              52.1994132,
              20.8935014
            ],
            [
              52.1996207,
              20.894099
            ]
          ],
          [
            [
              52.1996207,
              20.894099
            ],
            [
              52.199867,
              20.8948303
            ]
          ],
          [
            [
              52.2000474,
              20.895372
            ],
            [
              52.2001458,
              20.8956496
            ],
            [
              52.2002343,
              20.8958762
            ],
            [
              52.2002964,
              20.8959827
            ],
            [
              52.2003651,
              20.8960705
            ],
            [
              52.2004355,
              20.8961399
            ],
            [
              52.2005124,
              20.8961933
            ],
            [
              52.2005933,
              20.8962317
            ],
            [
              52.2006791,
              20.8962513
            ],
            [
              52.2008304,
              20.8962426
            ],
            [
              52.2008887,
              20.8962353
            ],
            [
              52.201212,
              20.8961947
            ]
          ],
          [
            [
              52.2021339,
              20.8955768
            ],
            [
              52.2021904,
              20.8956156
            ],
            [
              52.2022276,
              20.8956566
            ]
          ],
          [
            [
              52.197252,
              20.8869724
            ],
            [
              52.1974017,
              20.8874371
            ],
            [
              52.1975558,
              20.8879061
            ],
            [
              52.1976731,
              20.8882629
            ],
            [
              52.1976897,
              20.8883134
            ],
            [
              52.1983066,
              20.8901904
            ],
            [
              52.1984472,
              20.8905995
            ],
            [
              52.1986042,
              20.8910747
            ],
            [
              52.1986798,
              20.8913035
            ],
            [
              52.1989024,
              20.8919629
            ]
          ],
          [
            [
              52.2026963,
              20.8963453
            ],
            [
              52.2027649,
              20.8965901
            ]
          ],
          [
            [
              52.2012593,
              20.8961898
            ],
            [
              52.2014938,
              20.8961512
            ]
          ],
          [
            [
              52.2012593,
              20.8961898
            ],
            [
              52.2014378,
              20.8960528
            ]
          ]
        ]
      }
    },
    {
      "type": "Feature",
      "properties": {
        "name": "Starodęby",
        "highway": "residential"
      },
      "geometry": {
        "type": "MultiLineString",
        "coordinates": [
          [
            [
              52.1840551,
              20.898206
            ],
            [
              52.1840658,
              20.8980476
            ],
            [
              52.1841284,
              20.8978814
            ]
          ],
          [
            [
              52.1841284,
              20.8978814
            ],
            [
              52.1841754,
              20.8978871
            ],
            [
              52.1843011,
              20.8978084
            ]
          ],
          [
            [
              52.1847857,
              20.8971832
            ],
            [
              52.1851022,
              20.896867
            ],
            [
              52.1852233,
              20.8966954
            ],
            [
              52.1852486,
              20.8966393
            ],
            [
              52.1853096,
              20.8964653
            ]
          ],
          [
            [
              52.1841943,
              20.8981408
            ],
            [
              52.1842129,
              20.8979742
            ],
            [
              52.1843011,
              20.8978084
            ]
          ],
          [
            [
              52.184007,
              20.8974579
            ],
            [
              52.1841182,
              20.8976481
            ],
            [
              52.1841813,
              20.897691
            ],
            [
              52.1842612,
              20.897682
            ]
          ],
          [
            [
              52.1841284,
              20.8978814
            ],
            [
              52.184217,
              20.8977252
            ],
            [
              52.1842612,
              20.897682
            ]
          ],
          [
            [
              52.1839056,
              20.8976862
            ],
            [
              52.184016,
              20.8978203
            ],
            [
              52.1840696,
              20.8978625
            ],
            [
              52.1841284,
              20.8978814
            ]
          ],
          [
            [
              52.184778,
              20.8973288
            ],
            [
              52.1850981,
              20.8969949
            ],
            [
              52.1852969,
              20.8967812
            ],
            [
              52.1853006,
              20.8967733
            ],
            [
              52.1853501,
              20.8966896
            ],
            [
              52.1853904,
              20.8966117
            ]
          ],
          [
            [
              52.1843011,
              20.8978084
            ],
            [
              52.1845076,
              20.8976163
            ],
            [
              52.184778,
              20.8973288
            ]
          ],
          [
            [
              52.1842612,
              20.897682
            ],
            [
              52.1843002,
              20.8976449
            ],
            [
              52.1847857,
              20.8971832
            ]
          ],
          [
            [
              52.1854474,
              20.8962891
            ],
            [
              52.1855245,
              20.8961871
            ],
            [
              52.185571,
              20.8961269
            ]
          ],
          [
            [
              52.185571,
              20.8961269
            ],
            [
              52.185626,
              20.8960548
            ]
          ],
          [
            [
              52.185508,
              20.8963835
            ],
            [
              52.1855607,
              20.8962389
            ],
            [
              52.185626,
              20.8960548
            ]
          ],
          [
            [
              52.185626,
              20.8960548
            ],
            [
              52.1856965,
              20.8958886
            ],
            [
              52.1857103,
              20.895853
            ],
            [
              52.1857673,
              20.8957061
            ],
            [
              52.1858313,
              20.895534
            ]
          ],
          [
            [
              52.1858313,
              20.895534
            ],
            [
              52.1858426,
              20.8955008
            ],
            [
              52.1858577,
              20.8954544
            ],
            [
              52.1859025,
              20.8953349
            ],
            [
              52.1860041,
              20.8950279
            ],
            [
              52.1863252,
              20.8941606
            ],
            [
              52.1864514,
              20.8937968
            ]
          ]
        ]
      }
    },
    {
      "type": "Feature",
      "properties": {
        "name": "Rondo Wallów",
        "highway": "residential"
      },
      "geometry": {
        "type": "MultiLineString",
        "coordinates": [
          [
            [
              52.1853904,
              20.8966117
            ],
            [
              52.1854293,
              20.8966133
            ],
            [
              52.1854658,
              20.8965914
            ]
          ],
          [
            [
              52.1853096,
              20.8964653
            ],
            [
              52.1853179,
              20.8965158
            ],
            [
              52.1853354,
              20.8965597
            ],
            [
              52.1853604,
              20.8965928
            ],
            [
              52.1853904,
              20.8966117
            ]
          ],
          [
            [
              52.185508,
              20.8963835
            ],
            [
              52.1855112,
              20.8964271
            ],
            [
              52.1855145,
              20.8964733
            ]
          ],
          [
            [
              52.1853096,
              20.8964653
            ],
            [
              52.1853135,
              20.896398
            ],
            [
              52.1853232,
              20.8963691
            ],
            [
              52.1853335,
              20.8963387
            ],
            [
              52.1853661,
              20.896297
            ],
            [
              52.1854062,
              20.8962795
            ],
            [
              52.1854474,
              20.8962891
            ]
          ],
          [
            [
              52.1854658,
              20.8965914
            ],
            [
              52.1854982,
              20.8965412
            ],
            [
              52.1855145,
              20.8964733
            ]
          ],
          [
            [
              52.1854474,
              20.8962891
            ],
            [
              52.1854838,
              20.8963259
            ],
            [
              52.185508,
              20.8963835
            ]
          ]
        ]
      }
    },
    {
      "type": "Feature",
      "properties": {
        "name": "Władysława Hermana",
        "highway": "residential"
      },
      "geometry": {
        "type": "MultiLineString",
        "coordinates": [
          [
            [
              52.1948077,
              20.862204
            ],
            [
              52.1948541,
              20.8621588
            ],
            [
              52.194901,
              20.8621466
            ],
            [
              52.1949182,
              20.862146
            ],
            [
              52.1950739,
              20.8621406
            ],
            [
              52.1953154,
              20.8621159
            ],
            [
              52.1953328,
              20.8621141
            ],
            [
              52.1954333,
              20.8621071
            ],
            [
              52.1959664,
              20.8620907
            ],
            [
              52.1961014,
              20.8620866
            ],
            [
              52.196168,
              20.8620786
            ],
            [
              52.1961829,
              20.8620774
            ],
            [
              52.1963896,
              20.8620666
            ],
            [
              52.1964475,
              20.8620636
            ],
            [
              52.1967395,
              20.8620484
            ],
            [
              52.1967916,
              20.8620456
            ],
            [
              52.1971714,
              20.8620197
            ],
            [
              52.1972605,
              20.8620136
            ]
          ]
        ]
      }
    },
    {
      "type": "Feature",
      "properties": {
        "name": "Warszawska",
        "highway": "tertiary"
      },
      "geometry": {
        "type": "MultiLineString",
        "coordinates": [
          [
            [
              52.1971066,
              20.8671502
            ],
            [
              52.1972671,
              20.8674922
            ],
            [
              52.1973166,
              20.8675977
            ],
            [
              52.19737,
              20.8677114
            ],
            [
              52.197478,
              20.867945
            ],
            [
              52.1975823,
              20.8681707
            ],
            [
              52.1978381,
              20.8687262
            ],
            [
              52.1978883,
              20.8688499
            ],
            [
              52.1979108,
              20.8689114
            ],
            [
              52.1979374,
              20.8689842
            ],
            [
              52.1979917,
              20.8691547
            ],
            [
              52.1980434,
              20.8693443
            ],
            [
              52.1981151,
              20.8696421
            ],
            [
              52.1981533,
              20.8698652
            ],
            [
              52.1981598,
              20.8699069
            ],
            [
              52.1982006,
              20.870141
            ],
            [
              52.1982473,
              20.8703418
            ],
            [
              52.1983106,
              20.8706128
            ],
            [
              52.1983279,
              20.8706806
            ],
            [
              52.1983469,
              20.8707414
            ],
            [
              52.1983974,
              20.8709035
            ],
            [
              52.1984246,
              20.8710227
            ],
            [
              52.198542,
              20.8715372
            ]
          ],
          [
            [
              52.19645,
              20.8657462
            ],
            [
              52.1966436,
              20.866219
            ],
            [
              52.1966569,
              20.8662578
            ],
            [
              52.1966917,
              20.8663491
            ],
            [
              52.196711,
              20.8663811
            ]
          ],
          [
            [
              52.1956203,
              20.8639556
            ],
            [
              52.1957868,
              20.8643141
            ],
            [
              52.1958789,
              20.8645098
            ],
            [
              52.1961527,
              20.865099
            ],
            [
              52.19645,
              20.8657462
            ]
          ],
          [
            [
              52.19645,
              20.8657462
            ],
            [
              52.1965579,
              20.8660899
            ],
            [
              52.196589,
              20.8662553
            ],
            [
              52.196598,
              20.8662981
            ],
            [
              52.1966165,
              20.8664015
            ],
            [
              52.1966209,
              20.8664423
            ]
          ],
          [
            [
              52.1967902,
              20.8668216
            ],
            [
              52.1968219,
              20.8668439
            ],
            [
              52.196882,
              20.8668943
            ],
            [
              52.1969025,
              20.8669181
            ],
            [
              52.1969214,
              20.8669402
            ],
            [
              52.1970484,
              20.8671052
            ],
            [
              52.1971066,
              20.8671502
            ]
          ],
          [
            [
              52.196919,
              20.8668059
            ],
            [
              52.1969367,
              20.8668313
            ],
            [
              52.1969734,
              20.8668835
            ],
            [
              52.1970014,
              20.8669274
            ],
            [
              52.1970768,
              20.8670459
            ],
            [
              52.1971066,
              20.8671502
            ]
          ],
          [
            [
              52.1920871,
              20.8563481
            ],
            [
              52.1921467,
              20.8564816
            ],
            [
              52.1923192,
              20.8568521
            ],
            [
              52.1927046,
              20.8576801
            ]
          ],
          [
            [
              52.1988791,
              20.8722458
            ],
            [
              52.1989149,
              20.8722725
            ],
            [
              52.1989436,
              20.8723108
            ],
            [
              52.1989839,
              20.8723802
            ],
            [
              52.1990727,
              20.8725328
            ],
            [
              52.1991872,
              20.8727298
            ],
            [
              52.199337,
              20.8729876
            ],
            [
              52.199353,
              20.8730151
            ],
            [
              52.1994246,
              20.8731381
            ],
            [
              52.1995123,
              20.8732892
            ]
          ],
          [
            [
              52.1935563,
              20.8595186
            ],
            [
              52.19366,
              20.8597399
            ],
            [
              52.1936963,
              20.8598175
            ],
            [
              52.1937863,
              20.8600175
            ],
            [
              52.1938193,
              20.8600911
            ],
            [
              52.193877,
              20.8602137
            ],
            [
              52.1940045,
              20.8604897
            ],
            [
              52.1941758,
              20.8608629
            ]
          ],
          [
            [
              52.1941758,
              20.8608629
            ],
            [
              52.1943369,
              20.8612051
            ],
            [
              52.1944445,
              20.8614336
            ],
            [
              52.1947683,
              20.8621229
            ],
            [
              52.1948077,
              20.862204
            ]
          ],
          [
            [
              52.1948077,
              20.862204
            ],
            [
              52.1948274,
              20.862248
            ],
            [
              52.1948724,
              20.8623467
            ],
            [
              52.1949225,
              20.8624543
            ],
            [
              52.1949873,
              20.862594
            ],
            [
              52.1951188,
              20.8628772
            ],
            [
              52.1952458,
              20.8631522
            ],
            [
              52.1954243,
              20.8635357
            ],
            [
              52.1956203,
              20.8639556
            ]
          ],
          [
            [
              52.198542,
              20.8715372
            ],
            [
              52.1986021,
              20.8718441
            ],
            [
              52.1986458,
              20.8720884
            ],
            [
              52.1986526,
              20.872131
            ],
            [
              52.1986738,
              20.8722682
            ]
          ],
          [
            [
              52.1968544,
              20.8666968
            ],
            [
              52.1968751,
              20.8667358
            ],
            [
              52.196919,
              20.8668059
            ]
          ],
          [
            [
              52.1999452,
              20.8740338
            ],
            [
              52.2002404,
              20.8745418
            ],
            [
              52.2003873,
              20.8747967
            ],
            [
              52.2005994,
              20.8751647
            ],
            [
              52.2006701,
              20.8752874
            ],
            [
              52.2007075,
              20.8753522
            ]
          ],
          [
            [
              52.1927046,
              20.8576801
            ],
            [
              52.1934791,
              20.859339
            ]
          ],
          [
            [
              52.1995123,
              20.8732892
            ],
            [
              52.1995875,
              20.8734186
            ],
            [
              52.199919,
              20.8739888
            ],
            [
              52.1999452,
              20.8740338
            ]
          ],
          [
            [
              52.1986738,
              20.8722682
            ],
            [
              52.1987193,
              20.8722555
            ],
            [
              52.1987753,
              20.8722392
            ],
            [
              52.1988096,
              20.8722341
            ],
            [
              52.1988413,
              20.8722341
            ],
            [
              52.1988791,
              20.8722458
            ]
          ],
          [
            [
              52.1918672,
              20.8558826
            ],
            [
              52.1919649,
              20.8560799
            ],
            [
              52.1919863,
              20.8561284
            ],
            [
              52.1920871,
              20.8563481
            ]
          ]
        ]
      }
    },
    {
      "type": "Feature",
      "properties": {
        "name": "Orląt Lwowskich",
        "highway": "tertiary"
      },
      "geometry": {
        "type": "MultiLineString",
        "coordinates": [
          [
            [
              52.1934447,
              20.859524
            ],
            [
              52.1934668,
              20.8594934
            ]
          ],
          [
            [
              52.1941458,
              20.8773989
            ],
            [
              52.1942176,
              20.877624
            ],
            [
              52.1942647,
              20.8777715
            ],
            [
              52.1942844,
              20.8778331
            ],
            [
              52.1944177,
              20.8782495
            ],
            [
              52.1944875,
              20.8784694
            ],
            [
              52.194639,
              20.8789476
            ],
            [
              52.1950941,
              20.8803836
            ],
            [
              52.1955259,
              20.8817174
            ],
            [
              52.1955355,
              20.8817423
            ],
            [
              52.1955481,
              20.8817608
            ],
            [
              52.1955673,
              20.8817747
            ],
            [
              52.1955842,
              20.8817742
            ],
            [
              52.1956014,
              20.8817645
            ],
            [
              52.195707,
              20.8816699
            ],
            [
              52.1957431,
              20.8816404
            ],
            [
              52.1957821,
              20.8816143
            ],
            [
              52.1958267,
              20.8815904
            ],
            [
              52.1958705,
              20.8815711
            ],
            [
              52.1961428,
              20.8814841
            ],
            [
              52.1962014,
              20.8814641
            ]
          ],
          [
            [
              52.1920394,
              20.8695447
            ],
            [
              52.1920734,
              20.8696045
            ],
            [
              52.1920996,
              20.8696511
            ],
            [
              52.1921278,
              20.8697046
            ],
            [
              52.1921563,
              20.8697634
            ],
            [
              52.1921817,
              20.8698193
            ],
            [
              52.1922068,
              20.8698848
            ],
            [
              52.1922291,
              20.8699482
            ],
            [
              52.1922581,
              20.8700319
            ],
            [
              52.1923815,
              20.8704273
            ],
            [
              52.1926049,
              20.8711276
            ],
            [
              52.192635,
              20.8712244
            ],
            [
              52.1926518,
              20.8712764
            ],
            [
              52.1928229,
              20.8718127
            ],
            [
              52.193054,
              20.8725399
            ],
            [
              52.1931917,
              20.8729798
            ],
            [
              52.1932485,
              20.8731347
            ],
            [
              52.1933096,
              20.8732647
            ],
            [
              52.1933811,
              20.8733828
            ],
            [
              52.1934642,
              20.8734887
            ],
            [
              52.1935406,
              20.873545
            ],
            [
              52.1936551,
              20.8736122
            ]
          ],
          [
            [
              52.1915618,
              20.8613813
            ],
            [
              52.1915836,
              20.8613692
            ],
            [
              52.1916418,
              20.8613283
            ],
            [
              52.1917296,
              20.8612595
            ],
            [
              52.1921414,
              20.8609026
            ],
            [
              52.1922296,
              20.8608261
            ]
          ],
          [
            [
              52.1916116,
              20.8684774
            ],
            [
              52.1916875,
              20.8687207
            ]
          ],
          [
            [
              52.19135,
              20.8614284
            ],
            [
              52.1914623,
              20.8614034
            ],
            [
              52.1915618,
              20.8613813
            ]
          ],
          [
            [
              52.1910164,
              20.8618719
            ],
            [
              52.1911055,
              20.8617224
            ],
            [
              52.191177,
              20.8616024
            ]
          ],
          [
            [
              52.1910164,
              20.8618719
            ],
            [
              52.1911356,
              20.8617798
            ],
            [
              52.1912275,
              20.8617088
            ]
          ],
          [
            [
              52.191386,
              20.8615538
            ],
            [
              52.1914735,
              20.8614679
            ],
            [
              52.1915618,
              20.8613813
            ]
          ],
          [
            [
              52.190548,
              20.8624736
            ],
            [
              52.1905417,
              20.8625259
            ],
            [
              52.1905397,
              20.8625788
            ],
            [
              52.1905423,
              20.8626449
            ],
            [
              52.1905519,
              20.8627272
            ],
            [
              52.1905695,
              20.8628443
            ]
          ],
          [
            [
              52.1906729,
              20.8635618
            ],
            [
              52.1907407,
              20.864036
            ],
            [
              52.1907942,
              20.8644048
            ],
            [
              52.1908184,
              20.8645791
            ],
            [
              52.1908533,
              20.8648302
            ],
            [
              52.1908742,
              20.8649754
            ],
            [
              52.1909477,
              20.8654863
            ],
            [
              52.191004,
              20.8658773
            ],
            [
              52.1910556,
              20.8662357
            ],
            [
              52.1911703,
              20.8670025
            ],
            [
              52.1912387,
              20.8672976
            ],
            [
              52.1912655,
              20.8673831
            ],
            [
              52.1912912,
              20.8674654
            ],
            [
              52.191369,
              20.8677247
            ],
            [
              52.1914343,
              20.867945
            ],
            [
              52.1914384,
              20.8679588
            ]
          ],
          [
            [
              52.1922296,
              20.8608261
            ],
            [
              52.1926746,
              20.8604237
            ],
            [
              52.1928343,
              20.8602793
            ],
            [
              52.1930522,
              20.8601139
            ],
            [
              52.1931068,
              20.8600606
            ],
            [
              52.1931797,
              20.8599678
            ],
            [
              52.1932472,
              20.8598657
            ],
            [
              52.1933844,
              20.8596176
            ]
          ],
          [
            [
              52.1908463,
              20.8620134
            ],
            [
              52.1908668,
              20.8619964
            ],
            [
              52.1910164,
              20.8618719
            ]
          ],
          [
            [
              52.190548,
              20.8624736
            ],
            [
              52.1905589,
              20.8624178
            ],
            [
              52.1905693,
              20.8623766
            ],
            [
              52.1905874,
              20.862318
            ],
            [
              52.1906156,
              20.8622504
            ],
            [
              52.1906304,
              20.8622234
            ],
            [
              52.1906477,
              20.8621987
            ],
            [
              52.1906849,
              20.8621536
            ],
            [
              52.1908463,
              20.8620134
            ]
          ],
          [
            [
              52.1905695,
              20.8628443
            ],
            [
              52.1906048,
              20.8630892
            ],
            [
              52.1906729,
              20.8635618
            ]
          ],
          [
            [
              52.1933844,
              20.8596176
            ],
            [
              52.1933909,
              20.8596075
            ],
            [
              52.1934183,
              20.8595648
            ],
            [
              52.1934447,
              20.859524
            ]
          ],
          [
            [
              52.1918403,
              20.8691556
            ],
            [
              52.1918668,
              20.8692173
            ],
            [
              52.1918899,
              20.8692665
            ],
            [
              52.191918,
              20.8693235
            ],
            [
              52.1919443,
              20.8693715
            ],
            [
              52.1920394,
              20.8695447
            ]
          ],
          [
            [
              52.1914384,
              20.8679588
            ],
            [
              52.1914907,
              20.8681196
            ],
            [
              52.1915117,
              20.8681844
            ],
            [
              52.191562,
              20.8683261
            ],
            [
              52.1915814,
              20.8683816
            ],
            [
              52.1916016,
              20.868447
            ],
            [
              52.1916116,
              20.8684774
            ]
          ],
          [
            [
              52.1916875,
              20.8687207
            ],
            [
              52.1917164,
              20.8688122
            ],
            [
              52.1917425,
              20.8688908
            ],
            [
              52.1917681,
              20.8689667
            ],
            [
              52.1917915,
              20.869033
            ],
            [
              52.1918145,
              20.8690945
            ],
            [
              52.1918403,
              20.8691556
            ]
          ],
          [
            [
              52.1945761,
              20.8735918
            ],
            [
              52.1946542,
              20.8735858
            ],
            [
              52.1949009,
              20.8735696
            ],
            [
              52.1950693,
              20.8735582
            ],
            [
              52.1951752,
              20.8735492
            ],
            [
              52.1951891,
              20.8735462
            ],
            [
              52.1952084,
              20.8735388
            ]
          ],
          [
            [
              52.1936551,
              20.8736122
            ],
            [
              52.1937266,
              20.8736318
            ],
            [
              52.1938029,
              20.8736389
            ],
            [
              52.1938644,
              20.873642
            ],
            [
              52.1939591,
              20.8736382
            ],
            [
              52.1940904,
              20.8736322
            ],
            [
              52.1944891,
              20.8735988
            ],
            [
              52.1945761,
              20.8735918
            ]
          ]
        ]
      }
    },
    {
      "type": "Feature",
      "properties": {
        "name": "Rynkowa",
        "highway": "residential"
      },
      "geometry": {
        "type": "MultiLineString",
        "coordinates": [
          [
            [
              52.1940343,
              20.8860945
            ],
            [
              52.1940936,
              20.8861561
            ],
            [
              52.1941703,
              20.8862356
            ],
            [
              52.194474,
              20.8865507
            ],
            [
              52.1949673,
              20.8870626
            ],
            [
              52.1950479,
              20.8871462
            ]
          ]
        ]
      }
    },
    {
      "type": "Feature",
      "properties": {
        "name": "Cierlicka",
        "highway": "tertiary"
      },
      "geometry": {
        "type": "MultiLineString",
        "coordinates": [
          [
            [
              52.1974997,
              20.8826777
            ],
            [
              52.1976274,
              20.8825747
            ],
            [
              52.1976495,
              20.8825543
            ],
            [
              52.1976714,
              20.8825253
            ],
            [
              52.1976875,
              20.8824957
            ],
            [
              52.197698,
              20.8824701
            ],
            [
              52.1977086,
              20.8824346
            ],
            [
              52.1977259,
              20.8823576
            ]
          ],
          [
            [
              52.1946735,
              20.8847085
            ],
            [
              52.194704,
              20.8846615
            ],
            [
              52.1947374,
              20.8846187
            ],
            [
              52.1947595,
              20.8845953
            ],
            [
              52.1947708,
              20.8845834
            ],
            [
              52.1949154,
              20.8844668
            ],
            [
              52.1950257,
              20.8843797
            ],
            [
              52.1951093,
              20.8843077
            ]
          ],
          [
            [
              52.1955253,
              20.8839484
            ],
            [
              52.1960353,
              20.8835095
            ],
            [
              52.1961281,
              20.883432
            ],
            [
              52.1961904,
              20.8833862
            ],
            [
              52.1962535,
              20.883347
            ],
            [
              52.1963271,
              20.8833032
            ],
            [
              52.1964299,
              20.883249
            ],
            [
              52.1970606,
              20.8828996
            ]
          ],
          [
            [
              52.1943313,
              20.8853912
            ],
            [
              52.1944463,
              20.885151
            ],
            [
              52.1944732,
              20.8850965
            ],
            [
              52.1945176,
              20.8850063
            ],
            [
              52.1945638,
              20.8849134
            ]
          ],
          [
            [
              52.1934935,
              20.8875218
            ],
            [
              52.1935252,
              20.8874369
            ],
            [
              52.193601,
              20.8872336
            ],
            [
              52.1936464,
              20.88711
            ],
            [
              52.1937101,
              20.8869413
            ],
            [
              52.1937537,
              20.8868241
            ],
            [
              52.1937999,
              20.8867005
            ],
            [
              52.19392,
              20.8863785
            ],
            [
              52.1939434,
              20.8863204
            ],
            [
              52.1939718,
              20.8862498
            ],
            [
              52.1940343,
              20.8860945
            ]
          ],
          [
            [
              52.1951093,
              20.8843077
            ],
            [
              52.1955253,
              20.8839484
            ]
          ],
          [
            [
              52.1974997,
              20.8826777
            ],
            [
              52.197625,
              20.8826583
            ],
            [
              52.1976477,
              20.8826502
            ],
            [
              52.1976669,
              20.8826398
            ],
            [
              52.1976873,
              20.8826246
            ],
            [
              52.1977113,
              20.8826005
            ],
            [
              52.1977367,
              20.8825784
            ],
            [
              52.197762,
              20.8825602
            ],
            [
              52.1977838,
              20.8825463
            ],
            [
              52.1978063,
              20.8825361
            ],
            [
              52.197826,
              20.8825304
            ],
            [
              52.1978416,
              20.8825278
            ]
          ],
          [
            [
              52.1970606,
              20.8828996
            ],
            [
              52.1973863,
              20.8827286
            ],
            [
              52.1974997,
              20.8826777
            ]
          ],
          [
            [
              52.1940343,
              20.8860945
            ],
            [
              52.1942144,
              20.8856711
            ],
            [
              52.1942896,
              20.8854907
            ],
            [
              52.1943313,
              20.8853912
            ]
          ]
        ]
      }
    },
    {
      "type": "Feature",
      "properties": {
        "name": "Stanisława Wojciechowskiego",
        "highway": "tertiary"
      },
      "geometry": {
        "type": "MultiLineString",
        "coordinates": [
          [
            [
              52.1957392,
              20.8777892
            ],
            [
              52.1957616,
              20.8779647
            ],
            [
              52.1958329,
              20.8785396
            ],
            [
              52.1958475,
              20.8786576
            ],
            [
              52.1958756,
              20.8788789
            ],
            [
              52.1958962,
              20.879041
            ],
            [
              52.1959135,
              20.879179
            ],
            [
              52.1959277,
              20.8792921
            ],
            [
              52.1959567,
              20.879524
            ],
            [
              52.1959588,
              20.8795407
            ],
            [
              52.1959744,
              20.8796648
            ],
            [
              52.1960187,
              20.8800189
            ],
            [
              52.1960575,
              20.8803285
            ],
            [
              52.1961009,
              20.880675
            ],
            [
              52.1961403,
              20.8809897
            ],
            [
              52.1961809,
              20.8813136
            ],
            [
              52.1962014,
              20.8814641
            ],
            [
              52.1962589,
              20.8819183
            ],
            [
              52.1962771,
              20.8820618
            ],
            [
              52.1962839,
              20.8821112
            ],
            [
              52.1963161,
              20.8823692
            ],
            [
              52.1963236,
              20.8824235
            ]
          ],
          [
            [
              52.1943813,
              20.8677606
            ],
            [
              52.1943919,
              20.8678313
            ],
            [
              52.1944037,
              20.8679167
            ],
            [
              52.1944659,
              20.8683491
            ],
            [
              52.1945207,
              20.8687306
            ],
            [
              52.1945824,
              20.8691602
            ],
            [
              52.1946651,
              20.8697356
            ],
            [
              52.1947109,
              20.8700542
            ],
            [
              52.1947319,
              20.8701999
            ],
            [
              52.1949398,
              20.8716472
            ],
            [
              52.1949791,
              20.8719207
            ],
            [
              52.1950861,
              20.8726658
            ],
            [
              52.1951105,
              20.8728354
            ],
            [
              52.1951321,
              20.8729824
            ],
            [
              52.1951772,
              20.8733105
            ],
            [
              52.1952084,
              20.8735388
            ]
          ],
          [
            [
              52.1952084,
              20.8735388
            ],
            [
              52.1952303,
              20.8737133
            ],
            [
              52.1953066,
              20.874325
            ],
            [
              52.1953071,
              20.8743285
            ],
            [
              52.1953507,
              20.8746647
            ],
            [
              52.1953698,
              20.8748166
            ],
            [
              52.1953821,
              20.8749145
            ],
            [
              52.1954417,
              20.8753891
            ],
            [
              52.1954639,
              20.8755662
            ],
            [
              52.1954855,
              20.8757313
            ],
            [
              52.1955007,
              20.8758548
            ],
            [
              52.1955194,
              20.876007
            ],
            [
              52.1955416,
              20.8761879
            ],
            [
              52.1955491,
              20.8762486
            ],
            [
              52.19557,
              20.8764183
            ],
            [
              52.1955925,
              20.8766013
            ],
            [
              52.1956141,
              20.8767767
            ],
            [
              52.1956232,
              20.876851
            ],
            [
              52.1956618,
              20.877165
            ],
            [
              52.1957,
              20.8774757
            ],
            [
              52.1957235,
              20.8776664
            ],
            [
              52.1957392,
              20.8777892
            ]
          ],
          [
            [
              52.1963236,
              20.8824235
            ],
            [
              52.1963298,
              20.8824589
            ],
            [
              52.1963381,
              20.8824964
            ],
            [
              52.1963481,
              20.882532
            ],
            [
              52.1963574,
              20.8825594
            ],
            [
              52.1963687,
              20.8825865
            ],
            [
              52.1963802,
              20.8826109
            ],
            [
              52.1963907,
              20.882629
            ],
            [
              52.1964022,
              20.8826468
            ],
            [
              52.1964186,
              20.8826649
            ],
            [
              52.1964525,
              20.8826935
            ]
          ]
        ]
      }
    },
    {
      "type": "Feature",
      "properties": {
        "name": "Orłów Piastowskich",
        "highway": "residential"
      },
      "geometry": {
        "type": "MultiLineString",
        "coordinates": [
          [
            [
              52.2030794,
              20.8688866
            ],
            [
              52.2033774,
              20.8690287
            ],
            [
              52.2036117,
              20.8691366
            ],
            [
              52.203664,
              20.8691607
            ],
            [
              52.203709,
              20.8691815
            ],
            [
              52.2037196,
              20.8691864
            ],
            [
              52.2039958,
              20.8693137
            ]
          ],
          [
            [
              52.1979667,
              20.8665433
            ],
            [
              52.1981868,
              20.8666474
            ],
            [
              52.198241,
              20.8666722
            ],
            [
              52.1983293,
              20.8667126
            ],
            [
              52.1983752,
              20.8667329
            ],
            [
              52.1985558,
              20.8668162
            ],
            [
              52.1988715,
              20.8669607
            ],
            [
              52.1989936,
              20.8670126
            ],
            [
              52.1991289,
              20.8670759
            ]
          ],
          [
            [
              52.2002617,
              20.8676029
            ],
            [
              52.200298,
              20.8676197
            ],
            [
              52.2005632,
              20.867742
            ],
            [
              52.2008587,
              20.8678784
            ],
            [
              52.2010035,
              20.8679468
            ],
            [
              52.201188,
              20.8680303
            ],
            [
              52.2015157,
              20.8681816
            ],
            [
              52.2015374,
              20.8681916
            ],
            [
              52.2018884,
              20.8683536
            ],
            [
              52.2019129,
              20.8683649
            ],
            [
              52.2020198,
              20.868414
            ]
          ],
          [
            [
              52.1967978,
              20.8664196
            ],
            [
              52.196835,
              20.8664078
            ],
            [
              52.1968859,
              20.8663676
            ],
            [
              52.1969113,
              20.866341
            ],
            [
              52.1969944,
              20.8662592
            ],
            [
              52.1970306,
              20.8662325
            ],
            [
              52.197071,
              20.8662129
            ],
            [
              52.1971205,
              20.8661956
            ],
            [
              52.1971689,
              20.8662082
            ]
          ],
          [
            [
              52.1968575,
              20.8665526
            ],
            [
              52.1968772,
              20.8665141
            ],
            [
              52.1969222,
              20.8664488
            ],
            [
              52.1969452,
              20.8664193
            ],
            [
              52.1970036,
              20.8663448
            ],
            [
              52.1970338,
              20.8663136
            ],
            [
              52.197063,
              20.8662889
            ],
            [
              52.1970929,
              20.8662693
            ],
            [
              52.1971278,
              20.8662497
            ],
            [
              52.1971689,
              20.8662082
            ]
          ],
          [
            [
              52.1995972,
              20.8672805
            ],
            [
              52.1997627,
              20.8673608
            ],
            [
              52.2002617,
              20.8676029
            ]
          ],
          [
            [
              52.2020198,
              20.868414
            ],
            [
              52.2021045,
              20.8684504
            ],
            [
              52.2021825,
              20.8684859
            ],
            [
              52.2022347,
              20.8685097
            ],
            [
              52.2023627,
              20.8685679
            ],
            [
              52.2025206,
              20.8686387
            ],
            [
              52.2025613,
              20.868655
            ],
            [
              52.2026452,
              20.8686926
            ],
            [
              52.202669,
              20.8687038
            ],
            [
              52.2029696,
              20.8688399
            ],
            [
              52.2030794,
              20.8688866
            ]
          ],
          [
            [
              52.2039958,
              20.8693137
            ],
            [
              52.2040709,
              20.8693459
            ],
            [
              52.2042108,
              20.8694058
            ],
            [
              52.204372,
              20.8694749
            ],
            [
              52.2044885,
              20.8695248
            ],
            [
              52.204556,
              20.8695537
            ],
            [
              52.2046256,
              20.8695835
            ],
            [
              52.204691,
              20.8696115
            ],
            [
              52.2049359,
              20.8697164
            ],
            [
              52.2050422,
              20.8697668
            ],
            [
              52.2050949,
              20.8697917
            ],
            [
              52.2055461,
              20.8699997
            ],
            [
              52.2057505,
              20.870089
            ]
          ],
          [
            [
              52.1971689,
              20.8662082
            ],
            [
              52.197207,
              20.8662081
            ],
            [
              52.197226,
              20.866209
            ],
            [
              52.1972475,
              20.866215
            ],
            [
              52.197308,
              20.8662424
            ],
            [
              52.1973915,
              20.8662798
            ]
          ],
          [
            [
              52.1991289,
              20.8670759
            ],
            [
              52.1992329,
              20.8671273
            ],
            [
              52.1995972,
              20.8672805
            ]
          ],
          [
            [
              52.1973915,
              20.8662798
            ],
            [
              52.1975268,
              20.8663454
            ]
          ],
          [
            [
              52.1975268,
              20.8663454
            ],
            [
              52.1975522,
              20.8663563
            ],
            [
              52.197695,
              20.8664161
            ],
            [
              52.1979667,
              20.8665433
            ]
          ]
        ]
      }
    },
    {
      "type": "Feature",
      "properties": {
        "name": "Szamoty",
        "highway": "tertiary"
      },
      "geometry": {
        "type": "MultiLineString",
        "coordinates": [
          [
            [
              52.2042861,
              20.8921997
            ],
            [
              52.2045829,
              20.8914914
            ]
          ],
          [
            [
              52.2021339,
              20.8955768
            ],
            [
              52.202204,
              20.8954324
            ]
          ],
          [
            [
              52.2018298,
              20.896105
            ],
            [
              52.2019005,
              20.8960538
            ],
            [
              52.2019505,
              20.8959965
            ],
            [
              52.2020261,
              20.895853
            ],
            [
              52.2020749,
              20.8957304
            ],
            [
              52.2021063,
              20.8956486
            ],
            [
              52.2021339,
              20.8955768
            ]
          ],
          [
            [
              52.2018841,
              20.8956402
            ],
            [
              52.2020533,
              20.8954922
            ],
            [
              52.2022743,
              20.8952989
            ]
          ],
          [
            [
              52.2037895,
              20.8929868
            ],
            [
              52.2038119,
              20.8929323
            ],
            [
              52.203845,
              20.8928517
            ],
            [
              52.2039055,
              20.8927307
            ],
            [
              52.2039423,
              20.8926781
            ],
            [
              52.2040317,
              20.892569
            ],
            [
              52.2041294,
              20.8924524
            ],
            [
              52.2041904,
              20.8923733
            ],
            [
              52.2042236,
              20.8923268
            ],
            [
              52.2042533,
              20.8922738
            ],
            [
              52.2042861,
              20.8921997
            ]
          ],
          [
            [
              52.2053677,
              20.8896109
            ],
            [
              52.2054791,
              20.8893434
            ],
            [
              52.2055422,
              20.8891916
            ],
            [
              52.2055955,
              20.8890632
            ],
            [
              52.2057653,
              20.8886528
            ]
          ],
          [
            [
              52.202204,
              20.8954324
            ],
            [
              52.2022743,
              20.8952989
            ]
          ],
          [
            [
              52.2062082,
              20.8875829
            ],
            [
              52.2064039,
              20.8871101
            ],
            [
              52.2064216,
              20.8870562
            ],
            [
              52.2064333,
              20.8870024
            ],
            [
              52.2064392,
              20.8869428
            ],
            [
              52.2064404,
              20.8868889
            ],
            [
              52.2064369,
              20.886837
            ],
            [
              52.2064286,
              20.8867812
            ],
            [
              52.2064133,
              20.8867274
            ]
          ],
          [
            [
              52.2022743,
              20.8952989
            ],
            [
              52.2025104,
              20.8950966
            ]
          ],
          [
            [
              52.2025104,
              20.8950966
            ],
            [
              52.2026658,
              20.8949586
            ],
            [
              52.2026939,
              20.8949345
            ],
            [
              52.2027248,
              20.8949072
            ],
            [
              52.2027808,
              20.8948573
            ],
            [
              52.202842,
              20.8947853
            ],
            [
              52.2028937,
              20.8947013
            ],
            [
              52.2029641,
              20.8945662
            ],
            [
              52.2031043,
              20.8942835
            ]
          ],
          [
            [
              52.2057653,
              20.8886528
            ],
            [
              52.2062082,
              20.8875829
            ]
          ],
          [
            [
              52.2031043,
              20.8942835
            ],
            [
              52.2033606,
              20.8937837
            ],
            [
              52.2037031,
              20.893186
            ],
            [
              52.2037445,
              20.8930958
            ],
            [
              52.2037895,
              20.8929868
            ]
          ],
          [
            [
              52.2045829,
              20.8914914
            ],
            [
              52.2046523,
              20.8913184
            ]
          ],
          [
            [
              52.2046523,
              20.8913184
            ],
            [
              52.2052591,
              20.8898716
            ],
            [
              52.2053677,
              20.8896109
            ]
          ]
        ]
      }
    },
    {
      "type": "Feature",
      "properties": {
        "name": "Czerwona Droga",
        "highway": "tertiary"
      },
      "geometry": {
        "type": "MultiLineString",
        "coordinates": [
          [
            [
              52.2020198,
              20.868414
            ],
            [
              52.2019983,
              20.8685319
            ],
            [
              52.2019033,
              20.869102
            ],
            [
              52.2018288,
              20.8695246
            ],
            [
              52.2017693,
              20.8698618
            ],
            [
              52.2016935,
              20.8702919
            ],
            [
              52.2016718,
              20.8704153
            ],
            [
              52.201646,
              20.870579
            ],
            [
              52.2016229,
              20.8707224
            ],
            [
              52.2016054,
              20.870867
            ],
            [
              52.2015942,
              20.870986
            ],
            [
              52.2015855,
              20.8711612
            ],
            [
              52.2015858,
              20.8713219
            ],
            [
              52.201604,
              20.8716291
            ],
            [
              52.2016374,
              20.8718493
            ],
            [
              52.2016735,
              20.8720379
            ],
            [
              52.2017107,
              20.8721725
            ],
            [
              52.2019784,
              20.8730235
            ],
            [
              52.2020377,
              20.8732172
            ],
            [
              52.2020725,
              20.8733403
            ],
            [
              52.2020998,
              20.8734307
            ],
            [
              52.2021326,
              20.8735666
            ],
            [
              52.2021447,
              20.8736231
            ],
            [
              52.2021548,
              20.873678
            ],
            [
              52.2021595,
              20.8737036
            ],
            [
              52.2021621,
              20.8737174
            ]
          ],
          [
            [
              52.2020198,
              20.868414
            ],
            [
              52.2020402,
              20.868312
            ],
            [
              52.2020997,
              20.8679779
            ],
            [
              52.2021137,
              20.8679043
            ],
            [
              52.202123,
              20.8678547
            ],
            [
              52.2021424,
              20.8677477
            ],
            [
              52.202196,
              20.8674349
            ],
            [
              52.2022359,
              20.8672095
            ],
            [
              52.2022456,
              20.8671531
            ],
            [
              52.2022755,
              20.8669837
            ],
            [
              52.2022979,
              20.8668587
            ],
            [
              52.2023108,
              20.8667873
            ],
            [
              52.2023169,
              20.866759
            ],
            [
              52.2023261,
              20.8667326
            ]
          ]
        ]
      }
    },
    {
      "type": "Feature",
      "properties": {
        "name": "Wolności",
        "highway": "residential"
      },
      "geometry": {
        "type": "MultiLineString",
        "coordinates": [
          [
            [
              52.2016718,
              20.8704153
            ],
            [
              52.2017737,
              20.8704616
            ],
            [
              52.201916,
              20.8705281
            ],
            [
              52.202129,
              20.8706276
            ],
            [
              52.2022907,
              20.8707032
            ],
            [
              52.2023976,
              20.8707531
            ],
            [
              52.2026018,
              20.8708485
            ],
            [
              52.2026603,
              20.8708758
            ],
            [
              52.202784,
              20.8709336
            ],
            [
              52.2029414,
              20.8710071
            ],
            [
              52.2032334,
              20.8711435
            ],
            [
              52.2034417,
              20.8712409
            ],
            [
              52.2035218,
              20.8712783
            ],
            [
              52.2039306,
              20.8714693
            ],
            [
              52.2040096,
              20.8715062
            ],
            [
              52.2040562,
              20.8715119
            ],
            [
              52.2041108,
              20.871499
            ],
            [
              52.2044749,
              20.8712026
            ]
          ],
          [
            [
              52.2044749,
              20.8712026
            ],
            [
              52.2045178,
              20.8713447
            ],
            [
              52.2045703,
              20.8715185
            ],
            [
              52.2045788,
              20.8715458
            ],
            [
              52.2046217,
              20.871673
            ]
          ]
        ]
      }
    },
    {
      "type": "Feature",
      "properties": {
        "name": "Henryka IV Probusa",
        "highway": "residential"
      },
      "geometry": {
        "type": "MultiLineString",
        "coordinates": [
          [
            [
              52.2039958,
              20.8693137
            ],
            [
              52.2040152,
              20.8691988
            ],
            [
              52.2041096,
              20.8686402
            ],
            [
              52.2041236,
              20.8685576
            ],
            [
              52.2041472,
              20.8684146
            ],
            [
              52.2042023,
              20.8680986
            ],
            [
              52.2042663,
              20.8677315
            ],
            [
              52.2042752,
              20.8676804
            ],
            [
              52.2042844,
              20.8676277
            ],
            [
              52.2043223,
              20.867413
            ],
            [
              52.2043428,
              20.8672967
            ],
            [
              52.2043527,
              20.8672257
            ],
            [
              52.2043703,
              20.8670995
            ],
            [
              52.2043687,
              20.8670543
            ],
            [
              52.204366,
              20.86698
            ],
            [
              52.2043604,
              20.8669284
            ],
            [
              52.2043522,
              20.8668537
            ],
            [
              52.2043398,
              20.8667483
            ],
            [
              52.2043267,
              20.8666365
            ],
            [
              52.2043139,
              20.8665309
            ],
            [
              52.2042573,
              20.8660656
            ],
            [
              52.2042483,
              20.8659914
            ]
          ]
        ]
      }
    },
    {
      "type": "Feature",
      "properties": {
        "name": "Władysława Laskonogiego",
        "highway": "residential"
      },
      "geometry": {
        "type": "MultiLineString",
        "coordinates": [
          [
            [
              52.2030794,
              20.8688866
            ],
            [
              52.203199,
              20.8681885
            ],
            [
              52.2032281,
              20.868026
            ],
            [
              52.2032359,
              20.8679825
            ],
            [
              52.203291,
              20.8676746
            ],
            [
              52.2032964,
              20.8676444
            ],
            [
              52.2033142,
              20.867545
            ],
            [
              52.2033269,
              20.8674742
            ],
            [
              52.2033546,
              20.8673194
            ],
            [
              52.2033622,
              20.8672539
            ],
            [
              52.2033728,
              20.867163
            ],
            [
              52.2033733,
              20.8671152
            ],
            [
              52.203374,
              20.8670453
            ],
            [
              52.2033643,
              20.8669409
            ],
            [
              52.2033517,
              20.8668475
            ],
            [
              52.203322,
              20.8666265
            ],
            [
              52.2033072,
              20.8665167
            ],
            [
              52.2032897,
              20.8663867
            ]
          ]
        ]
      }
    },
    {
      "type": "Feature",
      "properties": {
        "name": "Przemysława II",
        "highway": "residential"
      },
      "geometry": {
        "type": "MultiLineString",
        "coordinates": [
          [
            [
              52.1975328,
              20.8638379
            ],
            [
              52.1975726,
              20.8638347
            ],
            [
              52.1980675,
              20.863753
            ],
            [
              52.1981116,
              20.8637457
            ],
            [
              52.1982114,
              20.8637313
            ],
            [
              52.1983531,
              20.8637097
            ],
            [
              52.1983788,
              20.8637058
            ],
            [
              52.1983857,
              20.8637048
            ],
            [
              52.1984263,
              20.8636974
            ],
            [
              52.1984438,
              20.8636936
            ],
            [
              52.1984563,
              20.8636915
            ],
            [
              52.198577,
              20.863671
            ],
            [
              52.1985988,
              20.8636672
            ],
            [
              52.1986205,
              20.8636635
            ],
            [
              52.1987114,
              20.8636481
            ],
            [
              52.1987403,
              20.8636431
            ],
            [
              52.1988009,
              20.8636328
            ],
            [
              52.1988379,
              20.8636259
            ],
            [
              52.1988664,
              20.8636135
            ],
            [
              52.1989079,
              20.8636077
            ],
            [
              52.1989495,
              20.8636138
            ],
            [
              52.1989864,
              20.863632
            ],
            [
              52.1991012,
              20.8636837
            ],
            [
              52.1992192,
              20.8637368
            ],
            [
              52.1992916,
              20.8637693
            ],
            [
              52.1993873,
              20.8638123
            ],
            [
              52.1996429,
              20.8639269
            ],
            [
              52.1997427,
              20.8639717
            ],
            [
              52.1997612,
              20.86398
            ],
            [
              52.1998101,
              20.8640019
            ],
            [
              52.1999213,
              20.8640518
            ],
            [
              52.2000842,
              20.8641315
            ],
            [
              52.2001198,
              20.86415
            ],
            [
              52.2001651,
              20.8641739
            ],
            [
              52.2003682,
              20.8642593
            ],
            [
              52.2004252,
              20.8642844
            ],
            [
              52.2004328,
              20.8642878
            ],
            [
              52.200576,
              20.8643545
            ],
            [
              52.2006103,
              20.8643705
            ],
            [
              52.2007145,
              20.8644183
            ],
            [
              52.2007426,
              20.8644312
            ],
            [
              52.200802,
              20.8644585
            ],
            [
              52.200898,
              20.8645026
            ],
            [
              52.2009039,
              20.8645053
            ],
            [
              52.2009705,
              20.8645359
            ],
            [
              52.2010719,
              20.8645825
            ],
            [
              52.2011166,
              20.864603
            ],
            [
              52.2011812,
              20.8646327
            ],
            [
              52.2012179,
              20.8646495
            ],
            [
              52.2012628,
              20.8646701
            ],
            [
              52.2013405,
              20.8647059
            ],
            [
              52.2013808,
              20.8647243
            ],
            [
              52.2015403,
              20.8647976
            ],
            [
              52.2016438,
              20.8648452
            ]
          ],
          [
            [
              52.2018906,
              20.8649585
            ],
            [
              52.2019566,
              20.8649888
            ],
            [
              52.2021456,
              20.8650756
            ],
            [
              52.2022864,
              20.8651403
            ],
            [
              52.2023061,
              20.8651493
            ],
            [
              52.2023426,
              20.8651661
            ],
            [
              52.202481,
              20.8652296
            ],
            [
              52.2024863,
              20.865232
            ],
            [
              52.2025155,
              20.8652455
            ],
            [
              52.2026753,
              20.8653189
            ],
            [
              52.2027364,
              20.865347
            ],
            [
              52.2028274,
              20.8653887
            ],
            [
              52.2028665,
              20.8654067
            ],
            [
              52.2029542,
              20.8654474
            ],
            [
              52.202971,
              20.8654552
            ],
            [
              52.2030769,
              20.8655042
            ],
            [
              52.2031398,
              20.8655334
            ],
            [
              52.203174,
              20.8655431
            ],
            [
              52.2032271,
              20.8655319
            ],
            [
              52.2033724,
              20.8654864
            ],
            [
              52.2034157,
              20.8654728
            ]
          ],
          [
            [
              52.2016438,
              20.8648452
            ],
            [
              52.2016798,
              20.8648617
            ],
            [
              52.2018366,
              20.8649337
            ],
            [
              52.2018906,
              20.8649585
            ]
          ]
        ]
      }
    },
    {
      "type": "Feature",
      "properties": {
        "name": "Piechoty Wybranieckiej",
        "highway": "residential"
      },
      "geometry": {
        "type": "MultiLineString",
        "coordinates": [
          [
            [
              52.2050666,
              20.861995
            ],
            [
              52.2051139,
              20.8619787
            ],
            [
              52.2053744,
              20.8618883
            ],
            [
              52.2055054,
              20.8618424
            ],
            [
              52.2056384,
              20.8617957
            ],
            [
              52.2059522,
              20.8616971
            ],
            [
              52.2059885,
              20.8616788
            ],
            [
              52.2060291,
              20.8616586
            ],
            [
              52.2063136,
              20.8615686
            ],
            [
              52.2065219,
              20.8615009
            ],
            [
              52.2068449,
              20.8613989
            ],
            [
              52.2068724,
              20.8613859
            ],
            [
              52.20716,
              20.8612969
            ],
            [
              52.2072244,
              20.8612772
            ],
            [
              52.2074175,
              20.8612176
            ],
            [
              52.2075437,
              20.8611786
            ],
            [
              52.2076757,
              20.8611378
            ]
          ]
        ]
      }
    },
    {
      "type": "Feature",
      "properties": {
        "name": "Bolesława Krzywoustego",
        "highway": "residential"
      },
      "geometry": {
        "type": "MultiLineString",
        "coordinates": [
          [
            [
              52.1990486,
              20.8583503
            ],
            [
              52.1991101,
              20.8583734
            ],
            [
              52.1991813,
              20.858409
            ],
            [
              52.1992257,
              20.8584312
            ],
            [
              52.1993391,
              20.8584878
            ],
            [
              52.1995276,
              20.858582
            ],
            [
              52.1995792,
              20.8586078
            ],
            [
              52.1996444,
              20.8586404
            ],
            [
              52.1996845,
              20.8586605
            ],
            [
              52.1999355,
              20.8587688
            ],
            [
              52.20008,
              20.8588379
            ],
            [
              52.2001959,
              20.858896
            ],
            [
              52.200248,
              20.8589198
            ],
            [
              52.2002699,
              20.8589308
            ],
            [
              52.2004238,
              20.859
            ],
            [
              52.2004433,
              20.8590089
            ],
            [
              52.2005392,
              20.8590507
            ],
            [
              52.2005702,
              20.8590654
            ],
            [
              52.2006072,
              20.8590829
            ],
            [
              52.200656,
              20.8591045
            ],
            [
              52.2007621,
              20.8591514
            ],
            [
              52.2007756,
              20.8591573
            ],
            [
              52.2008823,
              20.859207
            ],
            [
              52.2009609,
              20.8592396
            ]
          ],
          [
            [
              52.2033193,
              20.859114
            ],
            [
              52.2033299,
              20.8592142
            ],
            [
              52.2033753,
              20.8596471
            ]
          ],
          [
            [
              52.2009609,
              20.8592396
            ],
            [
              52.2010025,
              20.8592584
            ],
            [
              52.2012918,
              20.8593887
            ],
            [
              52.201322,
              20.8594023
            ],
            [
              52.2015826,
              20.8595196
            ],
            [
              52.2016733,
              20.8595604
            ],
            [
              52.201784,
              20.8596102
            ],
            [
              52.2018226,
              20.8596273
            ],
            [
              52.2018462,
              20.8596383
            ],
            [
              52.2018976,
              20.8596615
            ],
            [
              52.2019313,
              20.8596768
            ],
            [
              52.2020672,
              20.8597387
            ],
            [
              52.2021824,
              20.8597912
            ],
            [
              52.2023663,
              20.859873
            ],
            [
              52.2024452,
              20.8599081
            ],
            [
              52.2024991,
              20.8599072
            ],
            [
              52.2025257,
              20.8599001
            ],
            [
              52.2027256,
              20.8598467
            ]
          ],
          [
            [
              52.2027256,
              20.8598467
            ],
            [
              52.2028596,
              20.8598055
            ],
            [
              52.2031008,
              20.8597315
            ],
            [
              52.2031404,
              20.8597193
            ],
            [
              52.2032988,
              20.8596706
            ],
            [
              52.2033753,
              20.8596471
            ],
            [
              52.2034734,
              20.8596184
            ],
            [
              52.2035623,
              20.8595924
            ],
            [
              52.203652,
              20.8595661
            ],
            [
              52.2037386,
              20.8595403
            ],
            [
              52.203791,
              20.8595257
            ],
            [
              52.2039406,
              20.8594822
            ],
            [
              52.2039658,
              20.8594749
            ],
            [
              52.2039781,
              20.8594713
            ],
            [
              52.2041211,
              20.8594297
            ],
            [
              52.2041449,
              20.8594228
            ],
            [
              52.2043369,
              20.859367
            ],
            [
              52.2045538,
              20.8593039
            ],
            [
              52.2046455,
              20.8592758
            ]
          ]
        ]
      }
    },
    {
      "type": "Feature",
      "properties": {
        "name": "Przejazdowa",
        "highway": "residential"
      },
      "geometry": {
        "type": "MultiLineString",
        "coordinates": [
          [
            [
              52.2046455,
              20.8592758
            ],
            [
              52.2047252,
              20.8592527
            ],
            [
              52.2047876,
              20.8592432
            ],
            [
              52.204949,
              20.8592407
            ],
            [
              52.2051924,
              20.8592369
            ],
            [
              52.2053274,
              20.8592348
            ],
            [
              52.2055433,
              20.8592314
            ],
            [
              52.2056897,
              20.8592291
            ],
            [
              52.2057875,
              20.8592284
            ],
            [
              52.2063605,
              20.8592242
            ],
            [
              52.2065305,
              20.859211
            ],
            [
              52.2065672,
              20.8592053
            ]
          ],
          [
            [
              52.2065672,
              20.8592053
            ],
            [
              52.2066178,
              20.859185
            ],
            [
              52.206672,
              20.8591632
            ],
            [
              52.2067808,
              20.8590871
            ],
            [
              52.2069911,
              20.8589104
            ],
            [
              52.2070475,
              20.8588549
            ]
          ],
          [
            [
              52.2070475,
              20.8588549
            ],
            [
              52.2071933,
              20.8586888
            ]
          ]
        ]
      }
    },
    {
      "type": "Feature",
      "properties": {
        "name": "Kazimierza Odnowiciela",
        "highway": "residential"
      },
      "geometry": {
        "type": "MultiLineString",
        "coordinates": [
          [
            [
              52.2056897,
              20.8592291
            ],
            [
              52.2057022,
              20.8592816
            ],
            [
              52.2057141,
              20.8593707
            ],
            [
              52.2057933,
              20.8600313
            ],
            [
              52.2057962,
              20.8600552
            ],
            [
              52.2058396,
              20.8604177
            ],
            [
              52.2058491,
              20.8604966
            ],
            [
              52.2058556,
              20.860551
            ],
            [
              52.2058741,
              20.860705
            ],
            [
              52.2058797,
              20.8607518
            ],
            [
              52.2058941,
              20.860872
            ],
            [
              52.2059123,
              20.8610238
            ],
            [
              52.2059145,
              20.8610422
            ],
            [
              52.2059272,
              20.8611484
            ],
            [
              52.2059652,
              20.8614653
            ],
            [
              52.2059802,
              20.8615905
            ],
            [
              52.2059885,
              20.8616788
            ],
            [
              52.2059952,
              20.86175
            ],
            [
              52.2060347,
              20.8620761
            ],
            [
              52.206041,
              20.862128
            ],
            [
              52.2060502,
              20.8622039
            ],
            [
              52.2060605,
              20.8622886
            ],
            [
              52.2060759,
              20.8624154
            ],
            [
              52.2060805,
              20.862454
            ],
            [
              52.2060875,
              20.8625113
            ],
            [
              52.2061076,
              20.8626773
            ],
            [
              52.2061102,
              20.8626987
            ],
            [
              52.206132,
              20.8628784
            ],
            [
              52.2061537,
              20.8630573
            ],
            [
              52.2061685,
              20.8631794
            ],
            [
              52.2061756,
              20.8632381
            ],
            [
              52.206189,
              20.8633487
            ],
            [
              52.2062036,
              20.8634688
            ],
            [
              52.2062231,
              20.8636301
            ],
            [
              52.2062559,
              20.8639011
            ],
            [
              52.2062797,
              20.8640973
            ],
            [
              52.2062956,
              20.8642279
            ],
            [
              52.2063457,
              20.864642
            ],
            [
              52.2064237,
              20.8652852
            ]
          ]
        ]
      }
    },
    {
      "type": "Feature",
      "properties": {
        "name": "Konotopska",
        "highway": "residential"
      },
      "geometry": {
        "type": "MultiLineString",
        "coordinates": [
          [
            [
              52.2069638,
              20.8669637
            ],
            [
              52.2069738,
              20.866909
            ],
            [
              52.2069832,
              20.8668556
            ],
            [
              52.2070753,
              20.8663305
            ],
            [
              52.2071335,
              20.8659989
            ],
            [
              52.2071662,
              20.8657946
            ],
            [
              52.2072754,
              20.8651863
            ],
            [
              52.207284,
              20.8651013
            ],
            [
              52.2072814,
              20.8650097
            ]
          ],
          [
            [
              52.2061465,
              20.8690177
            ],
            [
              52.2066036,
              20.8688639
            ],
            [
              52.206627,
              20.8688414
            ],
            [
              52.2066389,
              20.8688146
            ],
            [
              52.2066489,
              20.8687722
            ],
            [
              52.2067796,
              20.86802
            ]
          ],
          [
            [
              52.2067796,
              20.86802
            ],
            [
              52.2068,
              20.8679011
            ],
            [
              52.2068038,
              20.8678789
            ],
            [
              52.2068229,
              20.8677674
            ],
            [
              52.206854,
              20.867586
            ],
            [
              52.2068611,
              20.8675462
            ],
            [
              52.2068853,
              20.8674097
            ],
            [
              52.2068951,
              20.867354
            ],
            [
              52.2069638,
              20.8669637
            ]
          ]
        ]
      }
    },
    {
      "type": "Feature",
      "properties": {
        "name": "Leszka Czarnego",
        "highway": "living_street"
      },
      "geometry": {
        "type": "MultiLineString",
        "coordinates": [
          [
            [
              52.2049359,
              20.8697164
            ],
            [
              52.2050507,
              20.8690541
            ],
            [
              52.2050776,
              20.8688989
            ],
            [
              52.2051073,
              20.8687277
            ],
            [
              52.2051301,
              20.8685962
            ],
            [
              52.2051658,
              20.8683897
            ],
            [
              52.2055706,
              20.8660534
            ],
            [
              52.2056845,
              20.8659581
            ]
          ]
        ]
      }
    },
    {
      "type": "Feature",
      "properties": {
        "name": "Kazimierza Jagiellończyka",
        "highway": "residential"
      },
      "geometry": {
        "type": "MultiLineString",
        "coordinates": [
          [
            [
              52.2026721,
              20.8593554
            ],
            [
              52.2026963,
              20.8595644
            ],
            [
              52.2027256,
              20.8598467
            ]
          ],
          [
            [
              52.2027256,
              20.8598467
            ],
            [
              52.2027359,
              20.859931
            ],
            [
              52.2028697,
              20.8610617
            ],
            [
              52.2029098,
              20.861401
            ],
            [
              52.2029161,
              20.8614797
            ],
            [
              52.2029455,
              20.8617132
            ],
            [
              52.2029583,
              20.8618155
            ],
            [
              52.202975,
              20.8619481
            ],
            [
              52.2029817,
              20.8620014
            ],
            [
              52.2030026,
              20.8621669
            ],
            [
              52.2030784,
              20.8627699
            ],
            [
              52.2030964,
              20.8629212
            ],
            [
              52.2031058,
              20.8630101
            ],
            [
              52.2031168,
              20.8631149
            ],
            [
              52.2031367,
              20.8632725
            ],
            [
              52.2031547,
              20.863414
            ],
            [
              52.2033071,
              20.8646164
            ],
            [
              52.2033163,
              20.8646892
            ],
            [
              52.2033412,
              20.8648853
            ],
            [
              52.2033531,
              20.864979
            ],
            [
              52.2033553,
              20.8649969
            ],
            [
              52.2033723,
              20.8651309
            ],
            [
              52.2033928,
              20.8652924
            ],
            [
              52.203395,
              20.8653096
            ],
            [
              52.2034157,
              20.8654728
            ],
            [
              52.2034191,
              20.8655025
            ],
            [
              52.2034312,
              20.8656066
            ],
            [
              52.2034376,
              20.8656574
            ],
            [
              52.203447,
              20.8657321
            ],
            [
              52.2034983,
              20.8661379
            ],
            [
              52.2035101,
              20.8662313
            ],
            [
              52.2035152,
              20.8662723
            ]
          ]
        ]
      }
    },
    {
      "type": "Feature",
      "properties": {
        "name": "Władysława Jana Grabskiego",
        "highway": "residential"
      },
      "geometry": {
        "type": "MultiLineString",
        "coordinates": [
          [
            [
              52.2027916,
              20.8665561
            ],
            [
              52.2027833,
              20.866484
            ],
            [
              52.2027313,
              20.8660284
            ],
            [
              52.2027751,
              20.8658271
            ],
            [
              52.2027919,
              20.8657498
            ],
            [
              52.2028538,
              20.8654651
            ],
            [
              52.2028665,
              20.8654067
            ]
          ]
        ]
      }
    },
    {
      "type": "Feature",
      "properties": {
        "name": "Bolesława Śmiałego",
        "highway": "residential"
      },
      "geometry": {
        "type": "MultiLineString",
        "coordinates": [
          [
            [
              52.1997942,
              20.862317
            ],
            [
              52.199828,
              20.8623327
            ],
            [
              52.1999721,
              20.8624
            ],
            [
              52.2000171,
              20.862421
            ],
            [
              52.2000232,
              20.8624238
            ],
            [
              52.200338,
              20.8625708
            ],
            [
              52.2003833,
              20.8625814
            ],
            [
              52.200429,
              20.8625923
            ],
            [
              52.2006577,
              20.8626986
            ],
            [
              52.2007065,
              20.8627201
            ],
            [
              52.2007505,
              20.8627372
            ],
            [
              52.2009006,
              20.8628068
            ],
            [
              52.2009478,
              20.8628266
            ],
            [
              52.2010099,
              20.862854
            ],
            [
              52.2010372,
              20.862866
            ],
            [
              52.2011109,
              20.8628986
            ],
            [
              52.201129,
              20.8629066
            ],
            [
              52.2012259,
              20.8629493
            ],
            [
              52.2012574,
              20.8629632
            ],
            [
              52.2012966,
              20.8629805
            ],
            [
              52.201306,
              20.8629848
            ],
            [
              52.2015336,
              20.8630908
            ],
            [
              52.2016039,
              20.8631235
            ],
            [
              52.2018108,
              20.8632199
            ],
            [
              52.2018322,
              20.8632299
            ],
            [
              52.2019013,
              20.8632621
            ],
            [
              52.2019389,
              20.8632796
            ],
            [
              52.2020592,
              20.8633104
            ],
            [
              52.2022001,
              20.8633063
            ],
            [
              52.2022207,
              20.8632999
            ],
            [
              52.2024107,
              20.8632412
            ],
            [
              52.2024659,
              20.8632231
            ],
            [
              52.2026061,
              20.863177
            ],
            [
              52.2028474,
              20.8630977
            ],
            [
              52.2029302,
              20.8630704
            ],
            [
              52.2030686,
              20.863025
            ],
            [
              52.2031058,
              20.8630101
            ],
            [
              52.2031466,
              20.862993
            ],
            [
              52.2034021,
              20.8629155
            ],
            [
              52.2034166,
              20.8629107
            ],
            [
              52.2036407,
              20.8628368
            ],
            [
              52.2036846,
              20.8628223
            ],
            [
              52.2037317,
              20.8628068
            ],
            [
              52.2037737,
              20.8627929
            ],
            [
              52.2039161,
              20.8627459
            ],
            [
              52.2039403,
              20.8627379
            ],
            [
              52.2040056,
              20.8627164
            ],
            [
              52.204011,
              20.8627146
            ],
            [
              52.2041023,
              20.8626845
            ],
            [
              52.2042273,
              20.8626432
            ],
            [
              52.2043993,
              20.8625864
            ],
            [
              52.204702,
              20.8624866
            ],
            [
              52.2047859,
              20.8624589
            ],
            [
              52.2051219,
              20.8623481
            ]
          ]
        ]
      }
    },
    {
      "type": "Feature",
      "properties": {
        "name": "Henryka II Pobożnego",
        "highway": "residential"
      },
      "geometry": {
        "type": "MultiLineString",
        "coordinates": [
          [
            [
              52.2009609,
              20.8592396
            ],
            [
              52.2009736,
              20.8591652
            ],
            [
              52.2009954,
              20.8590336
            ],
            [
              52.2010371,
              20.858782
            ],
            [
              52.2010407,
              20.8587604
            ],
            [
              52.2010606,
              20.8586404
            ],
            [
              52.2010694,
              20.8585874
            ],
            [
              52.2010904,
              20.8584604
            ],
            [
              52.2010919,
              20.8584511
            ],
            [
              52.2012209,
              20.8576752
            ],
            [
              52.2012525,
              20.857485
            ],
            [
              52.2012748,
              20.8573491
            ],
            [
              52.2012916,
              20.8572393
            ],
            [
              52.2013048,
              20.8571601
            ],
            [
              52.2013294,
              20.8570148
            ],
            [
              52.2013491,
              20.8568884
            ],
            [
              52.2013732,
              20.8567335
            ]
          ],
          [
            [
              52.1995972,
              20.8672805
            ],
            [
              52.1996318,
              20.8670737
            ],
            [
              52.1996835,
              20.8667641
            ],
            [
              52.199754,
              20.8663416
            ],
            [
              52.1997964,
              20.8660882
            ],
            [
              52.1998191,
              20.8659518
            ],
            [
              52.1998463,
              20.8657891
            ],
            [
              52.1998548,
              20.8657384
            ],
            [
              52.1998728,
              20.8656306
            ],
            [
              52.1998907,
              20.8655233
            ],
            [
              52.1999044,
              20.865441
            ],
            [
              52.1999376,
              20.8652419
            ],
            [
              52.1999682,
              20.8650586
            ],
            [
              52.1999776,
              20.8650022
            ],
            [
              52.1999792,
              20.8649925
            ],
            [
              52.1999965,
              20.8648888
            ],
            [
              52.2000069,
              20.8648268
            ],
            [
              52.2000152,
              20.8647769
            ],
            [
              52.2000232,
              20.8647287
            ],
            [
              52.2000413,
              20.8646204
            ],
            [
              52.2000529,
              20.8645507
            ],
            [
              52.2000998,
              20.8642699
            ],
            [
              52.2001198,
              20.86415
            ],
            [
              52.2001361,
              20.864053
            ],
            [
              52.200148,
              20.8639822
            ],
            [
              52.200192,
              20.8637203
            ],
            [
              52.2002434,
              20.8634139
            ],
            [
              52.2002649,
              20.863286
            ],
            [
              52.2002841,
              20.8631719
            ],
            [
              52.2002868,
              20.8631558
            ],
            [
              52.2003148,
              20.8629889
            ],
            [
              52.2003307,
              20.8628944
            ],
            [
              52.2003631,
              20.8627015
            ],
            [
              52.2003833,
              20.8625814
            ],
            [
              52.2004019,
              20.8624684
            ],
            [
              52.2005246,
              20.8617368
            ],
            [
              52.2006449,
              20.8610192
            ],
            [
              52.2006668,
              20.860892
            ],
            [
              52.2006924,
              20.8607427
            ],
            [
              52.2007152,
              20.8606078
            ],
            [
              52.2007246,
              20.8605524
            ],
            [
              52.2007444,
              20.8604345
            ],
            [
              52.2007675,
              20.8602979
            ],
            [
              52.2008262,
              20.8599503
            ],
            [
              52.2008437,
              20.8598465
            ],
            [
              52.2009296,
              20.8593374
            ],
            [
              52.2009609,
              20.8592396
            ]
          ]
        ]
      }
    },
    {
      "type": "Feature",
      "properties": {
        "name": "Wincentego Kadłubka",
        "highway": "residential"
      },
      "geometry": {
        "type": "MultiLineString",
        "coordinates": [
          [
            [
              52.1998728,
              20.8656306
            ],
            [
              52.1999191,
              20.8656518
            ],
            [
              52.2000617,
              20.8657175
            ],
            [
              52.2001973,
              20.8657799
            ],
            [
              52.2002463,
              20.8658025
            ],
            [
              52.2004015,
              20.8658739
            ],
            [
              52.2005124,
              20.865925
            ],
            [
              52.200611,
              20.8659712
            ],
            [
              52.200813,
              20.8660607
            ],
            [
              52.2014531,
              20.8663495
            ],
            [
              52.2017331,
              20.8664758
            ],
            [
              52.2017433,
              20.8664804
            ],
            [
              52.2017962,
              20.8665043
            ],
            [
              52.2018723,
              20.8665386
            ],
            [
              52.2020818,
              20.8666331
            ],
            [
              52.2021291,
              20.8666545
            ],
            [
              52.2022402,
              20.8667046
            ],
            [
              52.2022715,
              20.8667188
            ],
            [
              52.2023261,
              20.8667326
            ]
          ],
          [
            [
              52.2035152,
              20.8662723
            ],
            [
              52.2035624,
              20.8662504
            ],
            [
              52.2036047,
              20.8662308
            ],
            [
              52.2036344,
              20.86622
            ],
            [
              52.2036679,
              20.8662075
            ],
            [
              52.2037365,
              20.866182
            ],
            [
              52.2038393,
              20.8661437
            ],
            [
              52.2039687,
              20.8660955
            ],
            [
              52.2040194,
              20.8660766
            ],
            [
              52.2041925,
              20.8660122
            ],
            [
              52.2042394,
              20.8659947
            ],
            [
              52.2042483,
              20.8659914
            ]
          ],
          [
            [
              52.2023261,
              20.8667326
            ],
            [
              52.2023581,
              20.8667118
            ],
            [
              52.2024405,
              20.8666822
            ],
            [
              52.2026954,
              20.8665907
            ],
            [
              52.2027916,
              20.8665561
            ],
            [
              52.2032247,
              20.8664088
            ],
            [
              52.2032897,
              20.8663867
            ]
          ],
          [
            [
              52.2032897,
              20.8663867
            ],
            [
              52.2033585,
              20.8663424
            ],
            [
              52.2034098,
              20.8663195
            ],
            [
              52.2035152,
              20.8662723
            ]
          ],
          [
            [
              52.2072814,
              20.8650097
            ],
            [
              52.207326,
              20.8649952
            ],
            [
              52.20761,
              20.864907
            ],
            [
              52.2077118,
              20.864874
            ],
            [
              52.2078682,
              20.8648232
            ],
            [
              52.2079243,
              20.864805
            ],
            [
              52.2079367,
              20.8647995
            ],
            [
              52.2079789,
              20.8647797
            ],
            [
              52.2079986,
              20.8647583
            ],
            [
              52.208015,
              20.864719
            ]
          ],
          [
            [
              52.2064237,
              20.8652852
            ],
            [
              52.2064676,
              20.8652711
            ],
            [
              52.2065474,
              20.8652455
            ],
            [
              52.2065666,
              20.8652393
            ],
            [
              52.2066462,
              20.8652138
            ],
            [
              52.2068857,
              20.8651368
            ],
            [
              52.2069433,
              20.8651183
            ],
            [
              52.207174,
              20.8650442
            ],
            [
              52.2072814,
              20.8650097
            ]
          ],
          [
            [
              52.2056218,
              20.8655439
            ],
            [
              52.2057537,
              20.8655014
            ],
            [
              52.2060247,
              20.8654139
            ],
            [
              52.2062823,
              20.8653308
            ],
            [
              52.2064237,
              20.8652852
            ]
          ],
          [
            [
              52.2042483,
              20.8659914
            ],
            [
              52.2043658,
              20.8659508
            ],
            [
              52.2044454,
              20.8659233
            ],
            [
              52.2045229,
              20.8658965
            ],
            [
              52.2045378,
              20.8658914
            ],
            [
              52.2046397,
              20.8658583
            ],
            [
              52.204694,
              20.8658406
            ],
            [
              52.2047599,
              20.8658191
            ],
            [
              52.2048917,
              20.8657762
            ],
            [
              52.2049118,
              20.8657698
            ],
            [
              52.2049359,
              20.8657621
            ],
            [
              52.2049478,
              20.8657583
            ],
            [
              52.2049551,
              20.8657559
            ],
            [
              52.2050348,
              20.86573
            ],
            [
              52.2051094,
              20.8657055
            ],
            [
              52.2051584,
              20.8656895
            ],
            [
              52.2051779,
              20.8656831
            ],
            [
              52.2052724,
              20.8656523
            ],
            [
              52.2053309,
              20.8656332
            ],
            [
              52.2054369,
              20.8655986
            ],
            [
              52.205452,
              20.8655941
            ],
            [
              52.2056218,
              20.8655439
            ]
          ]
        ]
      }
    },
    {
      "type": "Feature",
      "properties": {
        "name": "Koronacyjna",
        "highway": "residential"
      },
      "geometry": {
        "type": "MultiLineString",
        "coordinates": [
          [
            [
              52.1987972,
              20.8601978
            ],
            [
              52.198852,
              20.8602075
            ],
            [
              52.1988752,
              20.8602088
            ],
            [
              52.1989426,
              20.8602051
            ],
            [
              52.1990901,
              20.8602014
            ],
            [
              52.1991487,
              20.8602151
            ],
            [
              52.1992024,
              20.8602276
            ],
            [
              52.1992357,
              20.8602354
            ],
            [
              52.1993414,
              20.8602828
            ],
            [
              52.1994478,
              20.8603305
            ],
            [
              52.1994792,
              20.8603446
            ],
            [
              52.1995661,
              20.860387
            ],
            [
              52.199659,
              20.8604311
            ],
            [
              52.1997142,
              20.8604572
            ],
            [
              52.199868,
              20.8605286
            ],
            [
              52.1999125,
              20.8605494
            ],
            [
              52.1999944,
              20.8605877
            ],
            [
              52.2000897,
              20.8606322
            ],
            [
              52.2001403,
              20.8606559
            ],
            [
              52.2002223,
              20.8606942
            ],
            [
              52.2002586,
              20.8607112
            ],
            [
              52.2005455,
              20.860839
            ],
            [
              52.2005998,
              20.8608631
            ],
            [
              52.2006668,
              20.860892
            ],
            [
              52.2007078,
              20.8609097
            ],
            [
              52.2009692,
              20.8610357
            ],
            [
              52.2010999,
              20.8610993
            ],
            [
              52.201147,
              20.8611209
            ],
            [
              52.2012562,
              20.8611723
            ],
            [
              52.2012913,
              20.861188
            ],
            [
              52.2013204,
              20.8612015
            ],
            [
              52.201465,
              20.8612687
            ],
            [
              52.201513,
              20.861291
            ],
            [
              52.2015647,
              20.8613151
            ],
            [
              52.201603,
              20.8613329
            ],
            [
              52.2016522,
              20.8613558
            ],
            [
              52.201806,
              20.8614273
            ],
            [
              52.2018357,
              20.8614411
            ],
            [
              52.2018695,
              20.8614568
            ],
            [
              52.2020055,
              20.86152
            ],
            [
              52.2020665,
              20.8615364
            ],
            [
              52.2021476,
              20.8615582
            ],
            [
              52.2022035,
              20.8615578
            ],
            [
              52.2022598,
              20.8615489
            ],
            [
              52.2022892,
              20.8615442
            ],
            [
              52.2024144,
              20.8615135
            ],
            [
              52.2027344,
              20.8614336
            ],
            [
              52.2028602,
              20.8614087
            ],
            [
              52.2029098,
              20.861401
            ],
            [
              52.2030919,
              20.8613446
            ],
            [
              52.2031579,
              20.8613233
            ],
            [
              52.2031665,
              20.8613205
            ],
            [
              52.2032473,
              20.8612944
            ],
            [
              52.2032657,
              20.8612885
            ],
            [
              52.2034505,
              20.8612289
            ],
            [
              52.2034627,
              20.861225
            ],
            [
              52.2035076,
              20.8612105
            ],
            [
              52.2035979,
              20.8611814
            ],
            [
              52.2036278,
              20.8611717
            ],
            [
              52.2037151,
              20.8611436
            ],
            [
              52.2039703,
              20.8610613
            ],
            [
              52.204058,
              20.861033
            ],
            [
              52.204315,
              20.8609502
            ],
            [
              52.2043475,
              20.8609396
            ],
            [
              52.2043766,
              20.86093
            ],
            [
              52.2044773,
              20.860897
            ],
            [
              52.2048318,
              20.8607809
            ],
            [
              52.2048713,
              20.8607679
            ]
          ]
        ]
      }
    },
    {
      "type": "Feature",
      "properties": {
        "name": "Barbary Radziwiłłówny",
        "highway": "living_street"
      },
      "geometry": {
        "type": "MultiLineString",
        "coordinates": [
          [
            [
              52.1986241,
              20.860825
            ],
            [
              52.1986915,
              20.8608323
            ],
            [
              52.1987273,
              20.8608362
            ]
          ],
          [
            [
              52.1972894,
              20.860609
            ],
            [
              52.197355,
              20.8606178
            ],
            [
              52.1973662,
              20.8606194
            ]
          ],
          [
            [
              52.1973662,
              20.8606194
            ],
            [
              52.1974275,
              20.8606294
            ],
            [
              52.1976246,
              20.8606615
            ],
            [
              52.1979763,
              20.8607189
            ],
            [
              52.1979986,
              20.8607225
            ],
            [
              52.1980127,
              20.8607248
            ],
            [
              52.1980926,
              20.8607379
            ],
            [
              52.1981254,
              20.8607433
            ],
            [
              52.1981876,
              20.8607535
            ],
            [
              52.1982239,
              20.8607594
            ],
            [
              52.1982543,
              20.8607644
            ],
            [
              52.1982905,
              20.8607703
            ],
            [
              52.1983827,
              20.8607854
            ],
            [
              52.1984879,
              20.8608027
            ],
            [
              52.1986241,
              20.860825
            ]
          ]
        ]
      }
    },
    {
      "type": "Feature",
      "properties": {
        "name": "Plac Czerwca 1976 roku",
        "highway": "unclassified"
      },
      "geometry": {
        "type": "MultiLineString",
        "coordinates": [
          [
            [
              52.199867,
              20.8948303
            ],
            [
              52.1999053,
              20.8947959
            ],
            [
              52.1999955,
              20.894715
            ],
            [
              52.2001594,
              20.8945564
            ],
            [
              52.2002849,
              20.8943967
            ]
          ],
          [
            [
              52.2002849,
              20.8943967
            ],
            [
              52.2003903,
              20.8942908
            ],
            [
              52.2006862,
              20.8940455
            ]
          ],
          [
            [
              52.2006862,
              20.8940455
            ],
            [
              52.2007661,
              20.8939791
            ],
            [
              52.2011967,
              20.8936087
            ],
            [
              52.2016812,
              20.8931859
            ],
            [
              52.2017602,
              20.8931154
            ],
            [
              52.2019674,
              20.8929404
            ],
            [
              52.2021321,
              20.8928081
            ]
          ],
          [
            [
              52.2021321,
              20.8928081
            ],
            [
              52.2022088,
              20.8927372
            ],
            [
              52.2024242,
              20.8925487
            ],
            [
              52.2024819,
              20.8924847
            ],
            [
              52.2025896,
              20.8923961
            ]
          ]
        ]
      }
    },
    {
      "type": "Feature",
      "properties": {
        "name": "Władysława Bandurskiego",
        "highway": "residential"
      },
      "geometry": {
        "type": "MultiLineString",
        "coordinates": [
          [
            [
              52.1980598,
              20.8983298
            ],
            [
              52.198079,
              20.8982772
            ],
            [
              52.1981054,
              20.8982043
            ],
            [
              52.1983385,
              20.8975622
            ],
            [
              52.1983757,
              20.8974713
            ],
            [
              52.1985669,
              20.8969545
            ],
            [
              52.1986107,
              20.896838
            ],
            [
              52.1986526,
              20.8967226
            ],
            [
              52.1986755,
              20.8966595
            ],
            [
              52.1987024,
              20.8965854
            ],
            [
              52.1987312,
              20.896506
            ],
            [
              52.198814,
              20.8962779
            ],
            [
              52.1989178,
              20.8959921
            ],
            [
              52.1989539,
              20.8958926
            ]
          ],
          [
            [
              52.1992827,
              20.8949786
            ],
            [
              52.1993248,
              20.8949136
            ],
            [
              52.1993645,
              20.8948595
            ],
            [
              52.1994401,
              20.8948009
            ]
          ],
          [
            [
              52.1989539,
              20.8958926
            ],
            [
              52.1989853,
              20.8958054
            ],
            [
              52.1990183,
              20.8957136
            ],
            [
              52.1990997,
              20.8954872
            ],
            [
              52.1992827,
              20.8949786
            ]
          ]
        ]
      }
    },
    {
      "type": "Feature",
      "properties": {
        "name": "Wiosny Ludów",
        "highway": "residential"
      },
      "geometry": {
        "type": "MultiLineString",
        "coordinates": [
          [
            [
              52.1955936,
              20.8843635
            ],
            [
              52.195855,
              20.8846962
            ],
            [
              52.1959483,
              20.8848148
            ]
          ],
          [
            [
              52.1971074,
              20.8878439
            ],
            [
              52.1971597,
              20.8878579
            ],
            [
              52.197179,
              20.8878868
            ],
            [
              52.1972285,
              20.8880439
            ],
            [
              52.1972979,
              20.8882642
            ],
            [
              52.1975244,
              20.8888988
            ],
            [
              52.1978036,
              20.8897709
            ]
          ],
          [
            [
              52.1959483,
              20.8848148
            ],
            [
              52.1959652,
              20.8848119
            ],
            [
              52.1959793,
              20.8848148
            ],
            [
              52.1960041,
              20.8848286
            ],
            [
              52.1960309,
              20.8848563
            ],
            [
              52.1960646,
              20.8849009
            ],
            [
              52.1961497,
              20.8850386
            ],
            [
              52.1961691,
              20.8850907
            ],
            [
              52.1961854,
              20.8851344
            ],
            [
              52.1963151,
              20.8855263
            ],
            [
              52.1964753,
              20.8860084
            ]
          ],
          [
            [
              52.1980436,
              20.8905333
            ],
            [
              52.1994401,
              20.8948009
            ],
            [
              52.1994772,
              20.8948957
            ],
            [
              52.1996124,
              20.895308
            ],
            [
              52.1996238,
              20.8953429
            ],
            [
              52.1998463,
              20.8960214
            ],
            [
              52.1998834,
              20.8961346
            ],
            [
              52.1999196,
              20.8962451
            ],
            [
              52.1999877,
              20.8964527
            ],
            [
              52.2000459,
              20.8966301
            ],
            [
              52.2000698,
              20.8967031
            ],
            [
              52.2001282,
              20.8968813
            ],
            [
              52.2002105,
              20.8971322
            ],
            [
              52.2002585,
              20.8972887
            ]
          ],
          [
            [
              52.1964753,
              20.8860084
            ],
            [
              52.1969196,
              20.8873371
            ],
            [
              52.1969666,
              20.8874695
            ],
            [
              52.1970303,
              20.8876008
            ],
            [
              52.1970813,
              20.8877592
            ],
            [
              52.1971074,
              20.8878439
            ]
          ],
          [
            [
              52.1978036,
              20.8897709
            ],
            [
              52.1978886,
              20.890041
            ],
            [
              52.1980169,
              20.8904471
            ],
            [
              52.1980436,
              20.8905333
            ]
          ]
        ]
      }
    },
    {
      "type": "Feature",
      "properties": {
        "name": "Braterstwa Broni",
        "highway": "residential"
      },
      "geometry": {
        "type": "MultiLineString",
        "coordinates": [
          [
            [
              52.1949321,
              20.8874577
            ],
            [
              52.1949907,
              20.8875167
            ],
            [
              52.1952639,
              20.8877931
            ],
            [
              52.1958894,
              20.8888775
            ],
            [
              52.1959329,
              20.888953
            ]
          ]
        ]
      }
    },
    {
      "type": "Feature",
      "properties": {
        "name": "Franciszka Adolfa Achera",
        "highway": "residential"
      },
      "geometry": {
        "type": "MultiLineString",
        "coordinates": [
          [
            [
              52.1967136,
              20.8906966
            ],
            [
              52.1967676,
              20.8906362
            ],
            [
              52.1968607,
              20.8905614
            ],
            [
              52.1969082,
              20.8905328
            ],
            [
              52.1969538,
              20.8905191
            ]
          ],
          [
            [
              52.1963784,
              20.8918491
            ],
            [
              52.1963985,
              20.8917933
            ],
            [
              52.196755,
              20.8908036
            ],
            [
              52.1967726,
              20.890755
            ]
          ],
          [
            [
              52.1969538,
              20.8905191
            ],
            [
              52.1970007,
              20.8904601
            ],
            [
              52.197024,
              20.8904306
            ],
            [
              52.197153,
              20.8903214
            ],
            [
              52.1972579,
              20.8902327
            ],
            [
              52.1977471,
              20.8898187
            ],
            [
              52.1978036,
              20.8897709
            ]
          ],
          [
            [
              52.1967726,
              20.890755
            ],
            [
              52.1968135,
              20.8907052
            ],
            [
              52.1968809,
              20.8906529
            ],
            [
              52.1969301,
              20.8905994
            ],
            [
              52.1969538,
              20.8905191
            ]
          ]
        ]
      }
    },
    {
      "type": "Feature",
      "properties": {
        "name": "Rakietników",
        "highway": "residential"
      },
      "geometry": {
        "type": "MultiLineString",
        "coordinates": [
          [
            [
              52.1923029,
              20.8877496
            ],
            [
              52.192338,
              20.8879386
            ],
            [
              52.192368,
              20.8880999
            ],
            [
              52.1923837,
              20.8881685
            ],
            [
              52.1923989,
              20.8882227
            ],
            [
              52.1924137,
              20.8882564
            ],
            [
              52.1924333,
              20.8882873
            ],
            [
              52.1924917,
              20.8883411
            ],
            [
              52.1925218,
              20.8883666
            ],
            [
              52.1929774,
              20.8887526
            ],
            [
              52.1936075,
              20.889296
            ],
            [
              52.1938843,
              20.8895347
            ],
            [
              52.1940142,
              20.8896468
            ],
            [
              52.194091,
              20.8897144
            ]
          ],
          [
            [
              52.194091,
              20.8897144
            ],
            [
              52.1941678,
              20.8897819
            ],
            [
              52.1942879,
              20.8898904
            ],
            [
              52.1951221,
              20.8906066
            ],
            [
              52.195204,
              20.890677
            ],
            [
              52.1952865,
              20.8907596
            ],
            [
              52.1962973,
              20.8917735
            ],
            [
              52.1963784,
              20.8918491
            ],
            [
              52.1964396,
              20.891911
            ],
            [
              52.1965719,
              20.8920447
            ],
            [
              52.1972673,
              20.8927474
            ],
            [
              52.1973676,
              20.8928488
            ]
          ]
        ]
      }
    },
    {
      "type": "Feature",
      "properties": {
        "name": "Zielonogórska",
        "highway": "residential"
      },
      "geometry": {
        "type": "MultiLineString",
        "coordinates": [
          [
            [
              52.1972975,
              20.8931022
            ],
            [
              52.1973978,
              20.893197
            ],
            [
              52.1986099,
              20.8943427
            ],
            [
              52.1992455,
              20.8949435
            ],
            [
              52.1992827,
              20.8949786
            ]
          ]
        ]
      }
    },
    {
      "type": "Feature",
      "properties": {
        "name": "Baranowska",
        "highway": "residential"
      },
      "geometry": {
        "type": "MultiLineString",
        "coordinates": [
          [
            [
              52.1967625,
              20.8950226
            ],
            [
              52.1968092,
              20.8950688
            ],
            [
              52.1970079,
              20.8952789
            ],
            [
              52.1985443,
              20.8967726
            ],
            [
              52.1986107,
              20.896838
            ],
            [
              52.1986695,
              20.8968959
            ],
            [
              52.1988201,
              20.8970433
            ],
            [
              52.1989136,
              20.8971348
            ],
            [
              52.1991229,
              20.8973397
            ],
            [
              52.1993971,
              20.8976081
            ],
            [
              52.1994784,
              20.8976876
            ],
            [
              52.1995117,
              20.8977203
            ],
            [
              52.1995625,
              20.89777
            ],
            [
              52.199612,
              20.8978185
            ],
            [
              52.1996376,
              20.8978435
            ],
            [
              52.1996927,
              20.8978974
            ],
            [
              52.1997285,
              20.8979325
            ],
            [
              52.199787,
              20.8979897
            ],
            [
              52.1998214,
              20.8980235
            ],
            [
              52.2001255,
              20.8983211
            ],
            [
              52.200165,
              20.8983516
            ]
          ]
        ]
      }
    },
    {
      "type": "Feature",
      "properties": {
        "name": "Nowotyska",
        "highway": "residential"
      },
      "geometry": {
        "type": "MultiLineString",
        "coordinates": [
          [
            [
              52.19703,
              20.8940792
            ],
            [
              52.197075,
              20.8941225
            ],
            [
              52.1974665,
              20.8944876
            ],
            [
              52.1980091,
              20.8949949
            ],
            [
              52.1984211,
              20.8953801
            ],
            [
              52.1989015,
              20.8958422
            ],
            [
              52.1989539,
              20.8958926
            ]
          ]
        ]
      }
    },
    {
      "type": "Feature",
      "properties": {
        "name": "Rydzyńska",
        "highway": "residential"
      },
      "geometry": {
        "type": "MultiLineString",
        "coordinates": [
          [
            [
              52.1964936,
              20.8957458
            ],
            [
              52.1965431,
              20.8957945
            ],
            [
              52.1967144,
              20.8959631
            ],
            [
              52.1967473,
              20.8959963
            ],
            [
              52.1969249,
              20.8961754
            ],
            [
              52.1977611,
              20.8970062
            ],
            [
              52.1983077,
              20.8975325
            ],
            [
              52.1983385,
              20.8975622
            ]
          ],
          [
            [
              52.1983385,
              20.8975622
            ],
            [
              52.1988234,
              20.8980426
            ],
            [
              52.1993565,
              20.8985484
            ],
            [
              52.1996246,
              20.8988112
            ],
            [
              52.1999618,
              20.8991386
            ],
            [
              52.1999863,
              20.8991624
            ],
            [
              52.2000141,
              20.8991893
            ],
            [
              52.2000423,
              20.8992167
            ],
            [
              52.200105,
              20.8992776
            ],
            [
              52.2001409,
              20.8993125
            ],
            [
              52.2001765,
              20.8993471
            ]
          ]
        ]
      }
    },
    {
      "type": "Feature",
      "properties": {
        "name": "Tadeusza Kościuszki",
        "highway": "residential"
      },
      "geometry": {
        "type": "MultiLineString",
        "coordinates": [
          [
            [
              52.1929426,
              20.8813832
            ],
            [
              52.1929639,
              20.8814609
            ],
            [
              52.1929729,
              20.8815251
            ],
            [
              52.1929634,
              20.8816139
            ],
            [
              52.1929569,
              20.8816746
            ],
            [
              52.1929544,
              20.8817832
            ],
            [
              52.1929627,
              20.8818751
            ],
            [
              52.1931359,
              20.8827443
            ],
            [
              52.1931432,
              20.8827812
            ],
            [
              52.193163,
              20.8828801
            ]
          ],
          [
            [
              52.1940404,
              20.8839915
            ],
            [
              52.1941271,
              20.8841099
            ],
            [
              52.1942073,
              20.8842256
            ],
            [
              52.1943514,
              20.8844337
            ],
            [
              52.1944049,
              20.8845109
            ],
            [
              52.1944858,
              20.8846277
            ],
            [
              52.1945461,
              20.8847221
            ]
          ],
          [
            [
              52.1932503,
              20.882973
            ],
            [
              52.1933579,
              20.883109
            ],
            [
              52.1937581,
              20.8836224
            ],
            [
              52.193799,
              20.8836738
            ],
            [
              52.1939343,
              20.8838465
            ],
            [
              52.1940404,
              20.8839915
            ]
          ],
          [
            [
              52.1946613,
              20.8849152
            ],
            [
              52.1946952,
              20.8849487
            ],
            [
              52.1947307,
              20.8849958
            ],
            [
              52.1947962,
              20.8850829
            ],
            [
              52.1948757,
              20.8851905
            ],
            [
              52.1949121,
              20.8852397
            ],
            [
              52.1949838,
              20.8853415
            ],
            [
              52.1951187,
              20.8855331
            ],
            [
              52.1951659,
              20.8856001
            ],
            [
              52.1952787,
              20.8857602
            ],
            [
              52.1954012,
              20.8859342
            ],
            [
              52.1954648,
              20.8860246
            ]
          ],
          [
            [
              52.1954648,
              20.8860246
            ],
            [
              52.1955052,
              20.8860784
            ],
            [
              52.1955363,
              20.8861288
            ],
            [
              52.1955784,
              20.8862292
            ],
            [
              52.1957159,
              20.8866444
            ],
            [
              52.1957961,
              20.8869032
            ],
            [
              52.1959065,
              20.8872451
            ],
            [
              52.1962818,
              20.8884069
            ],
            [
              52.1963105,
              20.8885091
            ]
          ],
          [
            [
              52.1963105,
              20.8885091
            ],
            [
              52.1963388,
              20.8886096
            ],
            [
              52.1968181,
              20.8900993
            ],
            [
              52.1968312,
              20.8901417
            ],
            [
              52.1969092,
              20.8903817
            ],
            [
              52.1969538,
              20.8905191
            ]
          ]
        ]
      }
    },
    {
      "type": "Feature",
      "properties": {
        "name": "Kajetańska",
        "highway": "residential"
      },
      "geometry": {
        "type": "MultiLineString",
        "coordinates": [
          [
            [
              52.1896648,
              20.8755271
            ],
            [
              52.1897001,
              20.8754371
            ],
            [
              52.1897295,
              20.8753623
            ],
            [
              52.189782,
              20.8752948
            ],
            [
              52.1898469,
              20.8752741
            ],
            [
              52.1911007,
              20.8752216
            ],
            [
              52.1923626,
              20.8751474
            ],
            [
              52.1926408,
              20.8751357
            ],
            [
              52.1930587,
              20.8751181
            ]
          ]
        ]
      }
    },
    {
      "type": "Feature",
      "properties": {
        "name": "Piskorska",
        "highway": "residential"
      },
      "geometry": {
        "type": "MultiLineString",
        "coordinates": [
          [
            [
              52.1918484,
              20.8780143
            ],
            [
              52.1918905,
              20.8779202
            ],
            [
              52.191998,
              20.8776802
            ],
            [
              52.1934941,
              20.8776107
            ]
          ]
        ]
      }
    },
    {
      "type": "Feature",
      "properties": {
        "name": "Kaczorowska",
        "highway": "residential"
      },
      "geometry": {
        "type": "MultiLineString",
        "coordinates": [
          [
            [
              52.1906834,
              20.8774271
            ],
            [
              52.1907086,
              20.8790377
            ],
            [
              52.1907515,
              20.8801636
            ],
            [
              52.1907556,
              20.8802725
            ]
          ],
          [
            [
              52.1906772,
              20.8770664
            ],
            [
              52.1906834,
              20.8774271
            ]
          ]
        ]
      }
    },
    {
      "type": "Feature",
      "properties": {
        "name": "Śmigielska",
        "highway": "residential"
      },
      "geometry": {
        "type": "MultiLineString",
        "coordinates": [
          [
            [
              52.1982473,
              20.8703418
            ],
            [
              52.1983079,
              20.8703017
            ],
            [
              52.1984818,
              20.8701914
            ],
            [
              52.1986589,
              20.8700814
            ],
            [
              52.1988112,
              20.8699868
            ],
            [
              52.1993452,
              20.8698835
            ]
          ]
        ]
      }
    },
    {
      "type": "Feature",
      "properties": {
        "name": "Piastowska",
        "highway": "residential"
      },
      "geometry": {
        "type": "MultiLineString",
        "coordinates": [
          [
            [
              52.1886148,
              20.8743414
            ],
            [
              52.1886092,
              20.8742
            ],
            [
              52.1885799,
              20.8734642
            ],
            [
              52.1885535,
              20.8728023
            ],
            [
              52.1885488,
              20.8726847
            ],
            [
              52.1885117,
              20.871997
            ],
            [
              52.188467,
              20.8711697
            ],
            [
              52.1884512,
              20.8708776
            ],
            [
              52.188445,
              20.8707635
            ],
            [
              52.1884286,
              20.870459
            ],
            [
              52.1883984,
              20.8699308
            ],
            [
              52.1883897,
              20.8696839
            ],
            [
              52.1883816,
              20.8694553
            ],
            [
              52.1883844,
              20.8692031
            ],
            [
              52.1883923,
              20.8690512
            ],
            [
              52.1884589,
              20.8684959
            ],
            [
              52.1884733,
              20.8684099
            ],
            [
              52.1885245,
              20.8681155
            ],
            [
              52.1885415,
              20.8680302
            ],
            [
              52.1886058,
              20.86773
            ],
            [
              52.1886961,
              20.8673007
            ],
            [
              52.1887113,
              20.8671251
            ],
            [
              52.1887114,
              20.867109
            ],
            [
              52.1887118,
              20.8670584
            ],
            [
              52.1887086,
              20.8668983
            ],
            [
              52.1887072,
              20.8668291
            ]
          ]
        ]
      }
    },
    {
      "type": "Feature",
      "properties": {
        "name": "Aleje Jerozolimskie",
        "highway": "secondary"
      },
      "geometry": {
        "type": "MultiLineString",
        "coordinates": [
          [
            [
              52.1864207,
              20.906571
            ],
            [
              52.1867214,
              20.9076828
            ],
            [
              52.1867496,
              20.9077873
            ],
            [
              52.1868662,
              20.9082253
            ]
          ],
          [
            [
              52.1872297,
              20.9099732
            ],
            [
              52.187824,
              20.9121805
            ],
            [
              52.1880331,
              20.9129493
            ],
            [
              52.1881387,
              20.9133416
            ]
          ],
          [
            [
              52.1880406,
              20.9125764
            ],
            [
              52.1881602,
              20.9130122
            ],
            [
              52.188463,
              20.9141308
            ]
          ],
          [
            [
              52.1854682,
              20.9033905
            ],
            [
              52.1855681,
              20.9037533
            ],
            [
              52.1856883,
              20.9041975
            ],
            [
              52.1857052,
              20.904262
            ],
            [
              52.1857978,
              20.9046388
            ]
          ],
          [
            [
              52.1826556,
              20.8943834
            ],
            [
              52.1829158,
              20.8950638
            ]
          ],
          [
            [
              52.1840551,
              20.898206
            ],
            [
              52.1840646,
              20.8982392
            ],
            [
              52.1840931,
              20.8983404
            ],
            [
              52.1842941,
              20.899066
            ],
            [
              52.1843843,
              20.8993977
            ],
            [
              52.1846917,
              20.9005196
            ]
          ],
          [
            [
              52.184007,
              20.8974579
            ],
            [
              52.1840662,
              20.8976463
            ],
            [
              52.1841284,
              20.8978814
            ]
          ],
          [
            [
              52.1855478,
              20.9033096
            ],
            [
              52.1856431,
              20.9036669
            ],
            [
              52.1857942,
              20.904202
            ],
            [
              52.1859154,
              20.904701
            ]
          ],
          [
            [
              52.1824613,
              20.8935674
            ],
            [
              52.1824943,
              20.8936485
            ],
            [
              52.1825199,
              20.8937146
            ],
            [
              52.1825612,
              20.8938215
            ],
            [
              52.1832873,
              20.8956086
            ]
          ],
          [
            [
              52.1885741,
              20.9149611
            ],
            [
              52.1886436,
              20.9152086
            ],
            [
              52.1889735,
              20.916455
            ]
          ],
          [
            [
              52.1839056,
              20.8976862
            ],
            [
              52.1839676,
              20.8979057
            ],
            [
              52.1840551,
              20.898206
            ]
          ],
          [
            [
              52.1834086,
              20.8963198
            ],
            [
              52.1835935,
              20.8967828
            ],
            [
              52.1837984,
              20.8973452
            ],
            [
              52.1838686,
              20.8975694
            ],
            [
              52.1839056,
              20.8976862
            ]
          ],
          [
            [
              52.1881387,
              20.9133416
            ],
            [
              52.1883383,
              20.914081
            ]
          ],
          [
            [
              52.1883383,
              20.914081
            ],
            [
              52.1885741,
              20.9149611
            ]
          ],
          [
            [
              52.1841284,
              20.8978814
            ],
            [
              52.1841943,
              20.8981408
            ]
          ],
          [
            [
              52.1871196,
              20.9091619
            ],
            [
              52.1871654,
              20.9093318
            ]
          ],
          [
            [
              52.1860126,
              20.9050824
            ],
            [
              52.1864207,
              20.906571
            ]
          ],
          [
            [
              52.1886018,
              20.9146451
            ],
            [
              52.1890947,
              20.9164721
            ]
          ],
          [
            [
              52.1866468,
              20.9078501
            ],
            [
              52.1867684,
              20.9082847
            ],
            [
              52.1868352,
              20.9085291
            ],
            [
              52.1869618,
              20.9089924
            ]
          ],
          [
            [
              52.1852147,
              20.9024563
            ],
            [
              52.1852768,
              20.9026939
            ],
            [
              52.185282,
              20.9027138
            ]
          ],
          [
            [
              52.1850707,
              20.901919
            ],
            [
              52.1851185,
              20.9021008
            ],
            [
              52.1852147,
              20.9024563
            ]
          ],
          [
            [
              52.1846917,
              20.9005196
            ],
            [
              52.1848282,
              20.9010098
            ]
          ],
          [
            [
              52.1841943,
              20.8981408
            ],
            [
              52.1842154,
              20.8982225
            ],
            [
              52.1844499,
              20.8991313
            ]
          ],
          [
            [
              52.1868662,
              20.9082253
            ],
            [
              52.1870549,
              20.9089215
            ]
          ],
          [
            [
              52.1869618,
              20.9089924
            ],
            [
              52.1872297,
              20.9099732
            ]
          ],
          [
            [
              52.1857978,
              20.9046388
            ],
            [
              52.1859121,
              20.9050727
            ],
            [
              52.1859321,
              20.9051484
            ]
          ],
          [
            [
              52.1859154,
              20.904701
            ],
            [
              52.1860126,
              20.9050824
            ]
          ],
          [
            [
              52.185282,
              20.9027138
            ],
            [
              52.1854682,
              20.9033905
            ]
          ],
          [
            [
              52.1848282,
              20.9010098
            ],
            [
              52.1850707,
              20.901919
            ]
          ],
          [
            [
              52.1849097,
              20.9009136
            ],
            [
              52.1852116,
              20.9020476
            ],
            [
              52.1852177,
              20.9020707
            ],
            [
              52.1852494,
              20.9021914
            ],
            [
              52.1855478,
              20.9033096
            ]
          ],
          [
            [
              52.1821191,
              20.8930146
            ],
            [
              52.1823792,
              20.8936767
            ],
            [
              52.1824045,
              20.8937422
            ],
            [
              52.1824274,
              20.8938021
            ],
            [
              52.1824914,
              20.893975
            ],
            [
              52.182588,
              20.8942137
            ],
            [
              52.1826556,
              20.8943834
            ]
          ],
          [
            [
              52.188463,
              20.9141308
            ],
            [
              52.1886018,
              20.9146451
            ]
          ],
          [
            [
              52.1878238,
              20.9117682
            ],
            [
              52.1880406,
              20.9125764
            ]
          ],
          [
            [
              52.1874309,
              20.9103034
            ],
            [
              52.1876277,
              20.9110362
            ],
            [
              52.1878238,
              20.9117682
            ]
          ],
          [
            [
              52.1872044,
              20.9094746
            ],
            [
              52.1874309,
              20.9103034
            ]
          ],
          [
            [
              52.1871654,
              20.9093318
            ],
            [
              52.1872044,
              20.9094746
            ]
          ],
          [
            [
              52.1870549,
              20.9089215
            ],
            [
              52.1871196,
              20.9091619
            ]
          ],
          [
            [
              52.1863555,
              20.9067488
            ],
            [
              52.1866468,
              20.9078501
            ]
          ],
          [
            [
              52.1859321,
              20.9051484
            ],
            [
              52.1863555,
              20.9067488
            ]
          ],
          [
            [
              52.1844499,
              20.8991313
            ],
            [
              52.1849097,
              20.9009136
            ]
          ],
          [
            [
              52.1829158,
              20.8950638
            ],
            [
              52.1831113,
              20.8955751
            ]
          ],
          [
            [
              52.1831113,
              20.8955751
            ],
            [
              52.1834086,
              20.8963198
            ]
          ],
          [
            [
              52.1832873,
              20.8956086
            ],
            [
              52.1838255,
              20.8969332
            ],
            [
              52.183911,
              20.8971775
            ],
            [
              52.184007,
              20.8974579
            ]
          ]
        ]
      }
    },
    {
      "type": "Feature",
      "properties": {
        "name": "Królów Polskich",
        "highway": "residential"
      },
      "geometry": {
        "type": "MultiLineString",
        "coordinates": [
          [
            [
              52.1972605,
              20.8620136
            ],
            [
              52.1973021,
              20.8628174
            ],
            [
              52.1973172,
              20.8629334
            ],
            [
              52.1973403,
              20.863042
            ],
            [
              52.1974193,
              20.8633737
            ],
            [
              52.1974832,
              20.8636565
            ],
            [
              52.1975328,
              20.8638379
            ],
            [
              52.1975523,
              20.8640349
            ],
            [
              52.1975579,
              20.8640987
            ],
            [
              52.1975826,
              20.8645461
            ],
            [
              52.1976117,
              20.8650729
            ],
            [
              52.1976233,
              20.8652828
            ],
            [
              52.1976429,
              20.8655872
            ],
            [
              52.1976433,
              20.8656545
            ],
            [
              52.1976384,
              20.8657247
            ],
            [
              52.1976265,
              20.8657944
            ],
            [
              52.197599,
              20.8659377
            ],
            [
              52.1975823,
              20.8660243
            ],
            [
              52.1975268,
              20.8663454
            ]
          ],
          [
            [
              52.1972605,
              20.8620136
            ],
            [
              52.1972342,
              20.861444
            ],
            [
              52.1972894,
              20.860609
            ],
            [
              52.1973193,
              20.8601733
            ],
            [
              52.1973251,
              20.8600876
            ],
            [
              52.1973292,
              20.860023
            ]
          ]
        ]
      }
    },
    {
      "type": "Feature",
      "properties": {
        "name": "Zagłoby",
        "highway": "residential"
      },
      "geometry": {
        "type": "MultiLineString",
        "coordinates": [
          [
            [
              52.1937797,
              20.8679966
            ],
            [
              52.193791,
              20.8680655
            ],
            [
              52.193812,
              20.8681933
            ],
            [
              52.1938839,
              20.8686993
            ],
            [
              52.1939127,
              20.8689025
            ],
            [
              52.1939378,
              20.8690783
            ],
            [
              52.1939606,
              20.8692394
            ],
            [
              52.194084,
              20.8701076
            ],
            [
              52.1940903,
              20.8701519
            ],
            [
              52.1941027,
              20.8702395
            ],
            [
              52.1941867,
              20.8708304
            ],
            [
              52.1942184,
              20.8710534
            ],
            [
              52.1942443,
              20.8712361
            ],
            [
              52.1943285,
              20.8718288
            ],
            [
              52.1943456,
              20.8719489
            ],
            [
              52.1944385,
              20.8726027
            ],
            [
              52.1944477,
              20.8726679
            ],
            [
              52.1945043,
              20.8730659
            ],
            [
              52.1945187,
              20.8731677
            ],
            [
              52.1945562,
              20.873431
            ],
            [
              52.1945681,
              20.8735271
            ],
            [
              52.1945761,
              20.8735918
            ]
          ],
          [
            [
              52.1922296,
              20.8608261
            ],
            [
              52.1923,
              20.8609922
            ],
            [
              52.1923786,
              20.8611795
            ],
            [
              52.192474,
              20.8614071
            ],
            [
              52.1925303,
              20.86154
            ],
            [
              52.1928364,
              20.8622516
            ],
            [
              52.1928689,
              20.862327
            ],
            [
              52.1929248,
              20.8624808
            ],
            [
              52.1930018,
              20.8626927
            ],
            [
              52.1930734,
              20.8630526
            ],
            [
              52.1930855,
              20.8631132
            ],
            [
              52.193185,
              20.8638286
            ],
            [
              52.1933029,
              20.864677
            ],
            [
              52.1934021,
              20.8653902
            ],
            [
              52.1934991,
              20.8660879
            ],
            [
              52.1935289,
              20.8663019
            ],
            [
              52.1935406,
              20.866386
            ],
            [
              52.1935472,
              20.8664337
            ],
            [
              52.1936114,
              20.8668696
            ],
            [
              52.1936253,
              20.8669636
            ],
            [
              52.1936766,
              20.8673017
            ],
            [
              52.1937464,
              20.8677679
            ],
            [
              52.1937662,
              20.867908
            ],
            [
              52.1937797,
              20.8679966
            ]
          ]
        ]
      }
    },
    {
      "type": "Feature",
      "properties": {
        "name": "Skoroszewska",
        "highway": "residential"
      },
      "geometry": {
        "type": "MultiLineString",
        "coordinates": [
          [
            [
              52.1925747,
              20.9019774
            ],
            [
              52.192684,
              20.9020824
            ],
            [
              52.1928525,
              20.9022456
            ],
            [
              52.193317,
              20.9026907
            ],
            [
              52.1933927,
              20.9027642
            ],
            [
              52.1936153,
              20.9029769
            ],
            [
              52.1936501,
              20.9030102
            ],
            [
              52.1936757,
              20.903033
            ],
            [
              52.1937204,
              20.9030754
            ],
            [
              52.1937606,
              20.9031137
            ]
          ],
          [
            [
              52.1889629,
              20.8985577
            ],
            [
              52.1890258,
              20.8986197
            ],
            [
              52.1892081,
              20.8987935
            ],
            [
              52.1900007,
              20.8995493
            ],
            [
              52.1902259,
              20.8997557
            ],
            [
              52.1903871,
              20.8999034
            ],
            [
              52.1904704,
              20.8999845
            ]
          ],
          [
            [
              52.1862604,
              20.8959328
            ],
            [
              52.1863331,
              20.8960028
            ],
            [
              52.1866116,
              20.8962665
            ],
            [
              52.186705,
              20.8963553
            ]
          ],
          [
            [
              52.190749,
              20.900229
            ],
            [
              52.1908787,
              20.9003379
            ],
            [
              52.1910046,
              20.9004581
            ],
            [
              52.1910902,
              20.9005397
            ],
            [
              52.1912264,
              20.9006631
            ],
            [
              52.1914341,
              20.9008672
            ]
          ],
          [
            [
              52.192078,
              20.9014929
            ],
            [
              52.1921756,
              20.9015883
            ],
            [
              52.1925747,
              20.9019774
            ]
          ],
          [
            [
              52.1858313,
              20.895534
            ],
            [
              52.1858913,
              20.8955821
            ],
            [
              52.1859105,
              20.8956003
            ],
            [
              52.18594,
              20.8956285
            ],
            [
              52.1862305,
              20.8959044
            ],
            [
              52.1862604,
              20.8959328
            ]
          ],
          [
            [
              52.186705,
              20.8963553
            ],
            [
              52.1869026,
              20.8965463
            ]
          ],
          [
            [
              52.1869026,
              20.8965463
            ],
            [
              52.1870579,
              20.8966964
            ],
            [
              52.1872,
              20.8968337
            ],
            [
              52.1874672,
              20.8970919
            ],
            [
              52.187625,
              20.8972405
            ]
          ],
          [
            [
              52.187625,
              20.8972405
            ],
            [
              52.1876609,
              20.8972743
            ],
            [
              52.1877705,
              20.8973775
            ],
            [
              52.1880476,
              20.8976385
            ],
            [
              52.1881239,
              20.8977101
            ],
            [
              52.1881485,
              20.8977506
            ]
          ],
          [
            [
              52.1881485,
              20.8977506
            ],
            [
              52.1885074,
              20.8981077
            ],
            [
              52.1886737,
              20.8982732
            ],
            [
              52.1888999,
              20.8984957
            ],
            [
              52.1889629,
              20.8985577
            ]
          ],
          [
            [
              52.1914341,
              20.9008672
            ],
            [
              52.191549,
              20.9009801
            ],
            [
              52.1915636,
              20.9009949
            ],
            [
              52.191637,
              20.9010694
            ],
            [
              52.1918589,
              20.9012816
            ]
          ],
          [
            [
              52.1918589,
              20.9012816
            ],
            [
              52.1919819,
              20.9013992
            ],
            [
              52.192078,
              20.9014929
            ]
          ],
          [
            [
              52.1904704,
              20.8999845
            ],
            [
              52.1906048,
              20.900103
            ],
            [
              52.1907256,
              20.9002094
            ],
            [
              52.190749,
              20.900229
            ]
          ]
        ]
      }
    },
    {
      "type": "Feature",
      "properties": {
        "name": "Tomcia Palucha",
        "highway": "residential"
      },
      "geometry": {
        "type": "MultiLineString",
        "coordinates": [
          [
            [
              52.1886913,
              20.8922641
            ],
            [
              52.188639,
              20.8924086
            ],
            [
              52.1886013,
              20.8925118
            ],
            [
              52.1884477,
              20.8929289
            ],
            [
              52.1883986,
              20.8930608
            ],
            [
              52.1883057,
              20.8933048
            ],
            [
              52.1882868,
              20.8933591
            ],
            [
              52.1882818,
              20.8933754
            ],
            [
              52.1882797,
              20.8933952
            ],
            [
              52.1882777,
              20.8935626
            ],
            [
              52.1882739,
              20.8936013
            ],
            [
              52.188265,
              20.8936379
            ],
            [
              52.1882526,
              20.8936757
            ],
            [
              52.1882342,
              20.893727
            ],
            [
              52.1882766,
              20.8937737
            ],
            [
              52.188589,
              20.8940766
            ],
            [
              52.1886795,
              20.8941643
            ],
            [
              52.1888926,
              20.894371
            ],
            [
              52.1889884,
              20.8944639
            ],
            [
              52.1892065,
              20.8946712
            ],
            [
              52.1892522,
              20.8947147
            ],
            [
              52.1897212,
              20.8951636
            ],
            [
              52.1898717,
              20.8953076
            ],
            [
              52.1901857,
              20.8956081
            ],
            [
              52.1905688,
              20.8959746
            ],
            [
              52.1906149,
              20.8960187
            ],
            [
              52.190644,
              20.8960466
            ],
            [
              52.1907483,
              20.8961403
            ],
            [
              52.1910233,
              20.8963873
            ],
            [
              52.1913824,
              20.8967099
            ],
            [
              52.1914466,
              20.8967675
            ],
            [
              52.1915421,
              20.8968606
            ],
            [
              52.1916993,
              20.8970138
            ],
            [
              52.1918814,
              20.8971913
            ],
            [
              52.1919543,
              20.8972624
            ],
            [
              52.1920599,
              20.8973653
            ],
            [
              52.1920723,
              20.8973777
            ],
            [
              52.1923734,
              20.8976771
            ],
            [
              52.1928964,
              20.8981971
            ],
            [
              52.1931193,
              20.8984188
            ],
            [
              52.1932706,
              20.8985709
            ],
            [
              52.1933286,
              20.8986493
            ]
          ],
          [
            [
              52.1871989,
              20.8937806
            ],
            [
              52.1871955,
              20.8937383
            ],
            [
              52.1872064,
              20.893669
            ],
            [
              52.1873665,
              20.8935718
            ],
            [
              52.1874804,
              20.8935062
            ],
            [
              52.1875396,
              20.8934809
            ],
            [
              52.1875638,
              20.8934765
            ],
            [
              52.1877216,
              20.8934478
            ],
            [
              52.1878158,
              20.893456
            ],
            [
              52.1879359,
              20.8934969
            ],
            [
              52.1880502,
              20.8935658
            ],
            [
              52.1882342,
              20.893727
            ]
          ],
          [
            [
              52.1933286,
              20.8986493
            ],
            [
              52.1933899,
              20.8987065
            ],
            [
              52.1934324,
              20.8987476
            ],
            [
              52.1934675,
              20.8987815
            ],
            [
              52.1936675,
              20.8989744
            ],
            [
              52.1936968,
              20.899003
            ],
            [
              52.1937217,
              20.8990267
            ],
            [
              52.1937427,
              20.899047
            ],
            [
              52.1937869,
              20.8990897
            ],
            [
              52.1938392,
              20.8991436
            ],
            [
              52.1939591,
              20.8992555
            ],
            [
              52.1939806,
              20.8992785
            ],
            [
              52.194193,
              20.8994816
            ],
            [
              52.1942649,
              20.8995522
            ],
            [
              52.1943392,
              20.8996227
            ],
            [
              52.194739,
              20.9000086
            ],
            [
              52.194799,
              20.9000665
            ]
          ]
        ]
      }
    },
    {
      "type": "Feature",
      "properties": {
        "name": "Jacka i Agatki",
        "highway": "residential"
      },
      "geometry": {
        "type": "MultiLineString",
        "coordinates": [
          [
            [
              52.1905606,
              20.8940918
            ],
            [
              52.1905299,
              20.8941798
            ],
            [
              52.1902696,
              20.8949221
            ],
            [
              52.1902618,
              20.8949809
            ],
            [
              52.190252,
              20.8950546
            ],
            [
              52.1902489,
              20.8951846
            ],
            [
              52.1902618,
              20.8952651
            ],
            [
              52.1902872,
              20.8953298
            ],
            [
              52.1903421,
              20.8954213
            ],
            [
              52.1905324,
              20.8956901
            ],
            [
              52.1905639,
              20.89574
            ],
            [
              52.1905862,
              20.8958033
            ],
            [
              52.1905918,
              20.8958488
            ],
            [
              52.1905872,
              20.8959159
            ],
            [
              52.1905688,
              20.8959746
            ]
          ]
        ]
      }
    },
    {
      "type": "Feature",
      "properties": {
        "name": "Obrońców Helu",
        "highway": "residential"
      },
      "geometry": {
        "type": "MultiLineString",
        "coordinates": [
          [
            [
              52.1914468,
              20.8916775
            ],
            [
              52.1916268,
              20.8918536
            ],
            [
              52.1920456,
              20.8922631
            ],
            [
              52.192246,
              20.8924591
            ],
            [
              52.1922732,
              20.8924857
            ],
            [
              52.1924912,
              20.892699
            ],
            [
              52.1926227,
              20.8928276
            ],
            [
              52.192751,
              20.8929547
            ]
          ],
          [
            [
              52.192751,
              20.8929547
            ],
            [
              52.1929039,
              20.8931061
            ]
          ],
          [
            [
              52.1929039,
              20.8931061
            ],
            [
              52.1930163,
              20.8932175
            ],
            [
              52.1930869,
              20.8932854
            ],
            [
              52.1931843,
              20.8933791
            ],
            [
              52.1931985,
              20.8933927
            ],
            [
              52.1936472,
              20.8938242
            ],
            [
              52.1937379,
              20.8939114
            ]
          ]
        ]
      }
    },
    {
      "type": "Feature",
      "properties": {
        "name": "Karola Adamieckiego",
        "highway": "residential"
      },
      "geometry": {
        "type": "MultiLineString",
        "coordinates": [
          [
            [
              52.193227,
              20.8952826
            ],
            [
              52.1932947,
              20.8950993
            ],
            [
              52.1933022,
              20.8950791
            ],
            [
              52.193665,
              20.8941067
            ],
            [
              52.1937379,
              20.8939114
            ]
          ],
          [
            [
              52.1937379,
              20.8939114
            ],
            [
              52.1937702,
              20.8938249
            ],
            [
              52.1937863,
              20.8937816
            ],
            [
              52.1939023,
              20.8934709
            ],
            [
              52.193999,
              20.8932117
            ],
            [
              52.1942169,
              20.8926276
            ],
            [
              52.1942597,
              20.8925129
            ],
            [
              52.1943989,
              20.8921398
            ],
            [
              52.1944399,
              20.8920299
            ]
          ]
        ]
      }
    },
    {
      "type": "Feature",
      "properties": {
        "name": "Bernarda Wapowskiego",
        "highway": "residential"
      },
      "geometry": {
        "type": "MultiLineString",
        "coordinates": [
          [
            [
              52.1914468,
              20.8916775
            ],
            [
              52.1917084,
              20.890937
            ],
            [
              52.1917521,
              20.8908251
            ]
          ],
          [
            [
              52.1905606,
              20.8940918
            ],
            [
              52.1905897,
              20.8940126
            ],
            [
              52.1907315,
              20.8936269
            ],
            [
              52.1909192,
              20.8931163
            ]
          ],
          [
            [
              52.190875,
              20.8926175
            ],
            [
              52.1909796,
              20.8925137
            ],
            [
              52.191207,
              20.8922856
            ],
            [
              52.1912661,
              20.8921891
            ],
            [
              52.1914196,
              20.8917544
            ],
            [
              52.1914468,
              20.8916775
            ]
          ]
        ]
      }
    },
    {
      "type": "Feature",
      "properties": {
        "name": "1 Maja",
        "highway": "residential"
      },
      "geometry": {
        "type": "MultiLineString",
        "coordinates": [
          [
            [
              52.1917898,
              20.8880393
            ],
            [
              52.1918208,
              20.8882271
            ],
            [
              52.1919553,
              20.8890421
            ],
            [
              52.1919797,
              20.8891902
            ],
            [
              52.1920211,
              20.889361
            ],
            [
              52.1920781,
              20.8895036
            ],
            [
              52.1921004,
              20.8895592
            ],
            [
              52.1921581,
              20.8896768
            ],
            [
              52.1921699,
              20.8897008
            ],
            [
              52.1922441,
              20.8898122
            ],
            [
              52.1927077,
              20.8902815
            ],
            [
              52.193223,
              20.8908041
            ],
            [
              52.193336,
              20.8909232
            ],
            [
              52.1934702,
              20.8910645
            ]
          ],
          [
            [
              52.1936159,
              20.891218
            ],
            [
              52.1937065,
              20.8913135
            ],
            [
              52.1937283,
              20.8913319
            ],
            [
              52.1938767,
              20.8914577
            ],
            [
              52.1938947,
              20.8914759
            ],
            [
              52.19438,
              20.8919691
            ],
            [
              52.1944399,
              20.8920299
            ],
            [
              52.1949684,
              20.8925755
            ],
            [
              52.1950094,
              20.8926163
            ],
            [
              52.1950341,
              20.8926402
            ],
            [
              52.1952878,
              20.8928853
            ],
            [
              52.1955837,
              20.8931604
            ],
            [
              52.1956013,
              20.8931768
            ],
            [
              52.1958011,
              20.8933742
            ]
          ],
          [
            [
              52.1934702,
              20.8910645
            ],
            [
              52.1936159,
              20.891218
            ]
          ]
        ]
      }
    },
    {
      "type": "Feature",
      "properties": {
        "name": "Michała Drzymały",
        "highway": "residential"
      },
      "geometry": {
        "type": "MultiLineString",
        "coordinates": [
          [
            [
              52.1897145,
              20.8874617
            ],
            [
              52.1897919,
              20.8874358
            ],
            [
              52.1899054,
              20.8873946
            ],
            [
              52.1900478,
              20.8873428
            ],
            [
              52.1904884,
              20.8871795
            ],
            [
              52.1909342,
              20.8870143
            ],
            [
              52.1912456,
              20.8869074
            ],
            [
              52.1914574,
              20.8868288
            ],
            [
              52.1915522,
              20.886792
            ],
            [
              52.1917962,
              20.8866973
            ],
            [
              52.1919423,
              20.8866431
            ],
            [
              52.1928921,
              20.8862904
            ],
            [
              52.1929519,
              20.8862867
            ],
            [
              52.1929615,
              20.8862907
            ],
            [
              52.193002,
              20.8863077
            ]
          ],
          [
            [
              52.1872164,
              20.8883891
            ],
            [
              52.187437,
              20.8882979
            ],
            [
              52.1876787,
              20.8882051
            ],
            [
              52.18775,
              20.8881684
            ],
            [
              52.1880861,
              20.8880295
            ],
            [
              52.1881755,
              20.8880008
            ],
            [
              52.1883254,
              20.8879493
            ],
            [
              52.1884616,
              20.8879026
            ],
            [
              52.188626,
              20.8878461
            ],
            [
              52.1887778,
              20.887794
            ],
            [
              52.1888347,
              20.8877745
            ],
            [
              52.1889364,
              20.8877396
            ],
            [
              52.1891402,
              20.8876663
            ],
            [
              52.1893473,
              20.8875917
            ],
            [
              52.189639,
              20.8874868
            ],
            [
              52.1896728,
              20.8874756
            ],
            [
              52.1897145,
              20.8874617
            ]
          ]
        ]
      }
    },
    {
      "type": "Feature",
      "properties": {
        "name": "Aleja Bzów",
        "highway": "residential"
      },
      "geometry": {
        "type": "MultiLineString",
        "coordinates": [
          [
            [
              52.182508,
              20.8881204
            ],
            [
              52.1825416,
              20.8881193
            ],
            [
              52.1825697,
              20.8881144
            ],
            [
              52.1825915,
              20.8881099
            ],
            [
              52.1829722,
              20.8879765
            ],
            [
              52.1830742,
              20.8879408
            ],
            [
              52.1831517,
              20.8879136
            ],
            [
              52.1832649,
              20.8878758
            ],
            [
              52.1833081,
              20.8878607
            ],
            [
              52.1835217,
              20.887784
            ],
            [
              52.1836956,
              20.8877231
            ],
            [
              52.1838098,
              20.887683
            ],
            [
              52.1839604,
              20.8876289
            ],
            [
              52.1840377,
              20.8876011
            ],
            [
              52.1842171,
              20.8875366
            ],
            [
              52.1844415,
              20.8874559
            ],
            [
              52.1849372,
              20.8872822
            ],
            [
              52.1850076,
              20.8872575
            ]
          ],
          [
            [
              52.1895193,
              20.8855892
            ],
            [
              52.1895604,
              20.8855747
            ],
            [
              52.1895981,
              20.8855614
            ],
            [
              52.1911466,
              20.8850033
            ],
            [
              52.1911794,
              20.8849915
            ]
          ],
          [
            [
              52.1873508,
              20.8863914
            ],
            [
              52.1879146,
              20.8861837
            ],
            [
              52.1888768,
              20.8858244
            ],
            [
              52.1894402,
              20.8856171
            ],
            [
              52.1894757,
              20.8856046
            ],
            [
              52.1895193,
              20.8855892
            ]
          ],
          [
            [
              52.1850076,
              20.8872575
            ],
            [
              52.1850322,
              20.8872485
            ],
            [
              52.185668,
              20.8870164
            ],
            [
              52.1861475,
              20.8868413
            ],
            [
              52.1866269,
              20.8866615
            ],
            [
              52.1866954,
              20.8866375
            ],
            [
              52.1867493,
              20.8866151
            ],
            [
              52.1868051,
              20.8865967
            ],
            [
              52.1872513,
              20.8864288
            ],
            [
              52.1873508,
              20.8863914
            ]
          ]
        ]
      }
    },
    {
      "type": "Feature",
      "properties": {
        "name": "Kompanii AK „Kordian”",
        "highway": "tertiary"
      },
      "geometry": {
        "type": "MultiLineString",
        "coordinates": [
          [
            [
              52.1889507,
              20.8767868
            ],
            [
              52.1889451,
              20.8764245
            ],
            [
              52.1889405,
              20.8761043
            ],
            [
              52.1889463,
              20.8759189
            ],
            [
              52.1889733,
              20.8757096
            ],
            [
              52.1890164,
              20.8755208
            ],
            [
              52.1891742,
              20.87515
            ],
            [
              52.1892256,
              20.8750294
            ]
          ],
          [
            [
              52.189341,
              20.8839049
            ],
            [
              52.1893576,
              20.884062
            ],
            [
              52.1893675,
              20.8841557
            ],
            [
              52.1894064,
              20.8845233
            ],
            [
              52.1895193,
              20.8855892
            ],
            [
              52.1895307,
              20.8857002
            ],
            [
              52.1895921,
              20.8862912
            ],
            [
              52.1896482,
              20.886832
            ],
            [
              52.1896537,
              20.8868848
            ],
            [
              52.1897034,
              20.8873635
            ],
            [
              52.1897145,
              20.8874617
            ],
            [
              52.1897271,
              20.8875736
            ],
            [
              52.1898033,
              20.8882082
            ]
          ],
          [
            [
              52.1898033,
              20.8882082
            ],
            [
              52.1898885,
              20.8889167
            ],
            [
              52.1899163,
              20.8890858
            ]
          ],
          [
            [
              52.1889507,
              20.8767868
            ],
            [
              52.1889518,
              20.8768853
            ],
            [
              52.1889547,
              20.8771447
            ],
            [
              52.1889582,
              20.8774241
            ],
            [
              52.1889644,
              20.8779438
            ],
            [
              52.1889707,
              20.8784791
            ],
            [
              52.1889818,
              20.8791031
            ],
            [
              52.1889894,
              20.8792874
            ],
            [
              52.1890346,
              20.8803922
            ],
            [
              52.1890399,
              20.8804693
            ],
            [
              52.1890485,
              20.8805903
            ],
            [
              52.1891393,
              20.8818922
            ],
            [
              52.1891569,
              20.8821031
            ],
            [
              52.1891719,
              20.8822534
            ],
            [
              52.1892453,
              20.8829612
            ],
            [
              52.1893146,
              20.8836413
            ],
            [
              52.1893235,
              20.8837284
            ],
            [
              52.189341,
              20.8839049
            ]
          ]
        ]
      }
    },
    {
      "type": "Feature",
      "properties": {
        "name": "Robinii",
        "highway": "residential"
      },
      "geometry": {
        "type": "MultiLineString",
        "coordinates": [
          [
            [
              52.1867087,
              20.8756395
            ],
            [
              52.1867214,
              20.8768276
            ],
            [
              52.1867221,
              20.8768976
            ],
            [
              52.1867226,
              20.876939
            ],
            [
              52.1867358,
              20.8779909
            ],
            [
              52.1867366,
              20.878056
            ],
            [
              52.1867373,
              20.8780891
            ],
            [
              52.1867579,
              20.8791047
            ],
            [
              52.1867592,
              20.8791702
            ],
            [
              52.1867636,
              20.8792769
            ],
            [
              52.1868226,
              20.8807214
            ],
            [
              52.1869465,
              20.8823704
            ],
            [
              52.1869596,
              20.8825237
            ],
            [
              52.1869729,
              20.8826898
            ],
            [
              52.1871528,
              20.8843624
            ],
            [
              52.1871665,
              20.8844953
            ],
            [
              52.1871785,
              20.88461
            ],
            [
              52.1873353,
              20.88623
            ],
            [
              52.1873508,
              20.8863914
            ]
          ]
        ]
      }
    },
    {
      "type": "Feature",
      "properties": {
        "name": "Józefa Chmiela",
        "highway": "living_street"
      },
      "geometry": {
        "type": "MultiLineString",
        "coordinates": [
          [
            [
              52.1878467,
              20.8869344
            ],
            [
              52.1895231,
              20.8863168
            ],
            [
              52.1895921,
              20.8862912
            ],
            [
              52.1896706,
              20.8862609
            ],
            [
              52.1901512,
              20.8860756
            ],
            [
              52.1907157,
              20.8858811
            ],
            [
              52.1910397,
              20.8857676
            ]
          ]
        ]
      }
    },
    {
      "type": "Feature",
      "properties": {
        "name": "Komunardów",
        "highway": "residential"
      },
      "geometry": {
        "type": "MultiLineString",
        "coordinates": [
          [
            [
              52.1903262,
              20.8910555
            ],
            [
              52.190405,
              20.8910133
            ],
            [
              52.1905999,
              20.8909088
            ],
            [
              52.1910299,
              20.8906844
            ],
            [
              52.1910658,
              20.8906917
            ],
            [
              52.1911122,
              20.8906867
            ],
            [
              52.1915363,
              20.8904578
            ],
            [
              52.1915832,
              20.8904335
            ]
          ],
          [
            [
              52.1915832,
              20.8904335
            ],
            [
              52.1916159,
              20.890542
            ],
            [
              52.1916642,
              20.8906386
            ],
            [
              52.1917521,
              20.8908251
            ]
          ]
        ]
      }
    },
    {
      "type": "Feature",
      "properties": {
        "name": "Nurzyńska",
        "highway": "residential"
      },
      "geometry": {
        "type": "MultiLineString",
        "coordinates": [
          [
            [
              52.1920456,
              20.8922631
            ],
            [
              52.192061,
              20.8922181
            ],
            [
              52.1921695,
              20.8919164
            ],
            [
              52.1921782,
              20.8918921
            ],
            [
              52.1924347,
              20.8911746
            ],
            [
              52.1924688,
              20.8910264
            ],
            [
              52.192509,
              20.8908513
            ],
            [
              52.1925425,
              20.8907528
            ],
            [
              52.1926159,
              20.8905447
            ],
            [
              52.1926683,
              20.8903943
            ],
            [
              52.1927077,
              20.8902815
            ]
          ]
        ]
      }
    },
    {
      "type": "Feature",
      "properties": {
        "name": "Rawska",
        "highway": "residential"
      },
      "geometry": {
        "type": "MultiLineString",
        "coordinates": [
          [
            [
              52.1867496,
              20.9077873
            ],
            [
              52.1867897,
              20.9077245
            ],
            [
              52.1868284,
              20.9076549
            ],
            [
              52.1868834,
              20.907483
            ],
            [
              52.1869025,
              20.9074434
            ],
            [
              52.1869182,
              20.9074267
            ],
            [
              52.186933,
              20.9074178
            ],
            [
              52.1869506,
              20.9074139
            ],
            [
              52.1869762,
              20.9074202
            ],
            [
              52.1870005,
              20.9074419
            ],
            [
              52.1873415,
              20.9077794
            ],
            [
              52.187863,
              20.9082761
            ],
            [
              52.1879177,
              20.9083282
            ]
          ],
          [
            [
              52.1866029,
              20.9082262
            ],
            [
              52.1866341,
              20.9081238
            ],
            [
              52.1866459,
              20.9080369
            ],
            [
              52.1866468,
              20.9078501
            ]
          ],
          [
            [
              52.1864108,
              20.9088056
            ],
            [
              52.1864505,
              20.9087121
            ],
            [
              52.1865476,
              20.9083964
            ],
            [
              52.1866029,
              20.9082262
            ]
          ],
          [
            [
              52.1866029,
              20.9082262
            ],
            [
              52.1866297,
              20.9082102
            ],
            [
              52.1866492,
              20.9082075
            ],
            [
              52.186678,
              20.9082068
            ],
            [
              52.1867045,
              20.9082195
            ],
            [
              52.1867684,
              20.9082847
            ]
          ]
        ]
      }
    },
    {
      "type": "Feature",
      "properties": {
        "name": "Żywiecka",
        "highway": "residential"
      },
      "geometry": {
        "type": "MultiLineString",
        "coordinates": [
          [
            [
              52.185177,
              20.9043823
            ],
            [
              52.1851697,
              20.9044275
            ],
            [
              52.1851653,
              20.9044551
            ],
            [
              52.1851054,
              20.9048788
            ],
            [
              52.1850827,
              20.9050395
            ],
            [
              52.1850233,
              20.9054791
            ],
            [
              52.184991,
              20.9057148
            ],
            [
              52.1849549,
              20.9059719
            ],
            [
              52.1849433,
              20.9060543
            ],
            [
              52.1849161,
              20.9062455
            ],
            [
              52.184873,
              20.9065476
            ],
            [
              52.184829,
              20.9068565
            ],
            [
              52.1847986,
              20.9070702
            ],
            [
              52.1847923,
              20.9071329
            ],
            [
              52.1847899,
              20.9071563
            ],
            [
              52.1847901,
              20.9072161
            ],
            [
              52.1848361,
              20.9072764
            ],
            [
              52.1850925,
              20.9075254
            ],
            [
              52.1851899,
              20.90762
            ],
            [
              52.185399,
              20.9078261
            ],
            [
              52.1856687,
              20.9080849
            ],
            [
              52.1858792,
              20.9082894
            ],
            [
              52.1858965,
              20.9083062
            ],
            [
              52.1860777,
              20.9084821
            ],
            [
              52.1864108,
              20.9088056
            ],
            [
              52.1865116,
              20.9089086
            ],
            [
              52.1865506,
              20.9089484
            ]
          ]
        ]
      }
    },
    {
      "type": "Feature",
      "properties": {
        "name": "Stanisława Bodycha",
        "highway": "residential"
      },
      "geometry": {
        "type": "MultiLineString",
        "coordinates": [
          [
            [
              52.1824906,
              20.8944722
            ],
            [
              52.1825151,
              20.8944252
            ],
            [
              52.18254,
              20.8943947
            ],
            [
              52.1825689,
              20.8943723
            ],
            [
              52.1825901,
              20.8943682
            ],
            [
              52.1826097,
              20.8943682
            ],
            [
              52.1826556,
              20.8943834
            ]
          ],
          [
            [
              52.1824988,
              20.8914969
            ],
            [
              52.1824965,
              20.8917133
            ],
            [
              52.1824952,
              20.8918378
            ],
            [
              52.1824957,
              20.8919342
            ],
            [
              52.1824937,
              20.8922402
            ],
            [
              52.1824926,
              20.8926458
            ],
            [
              52.1824921,
              20.8928323
            ],
            [
              52.1824923,
              20.8929304
            ],
            [
              52.1824988,
              20.8930135
            ],
            [
              52.1825067,
              20.8930596
            ],
            [
              52.1825177,
              20.8931071
            ],
            [
              52.1825393,
              20.8931596
            ]
          ]
        ]
      }
    },
    {
      "type": "Feature",
      "properties": {
        "name": "Jerzego Michałowicza",
        "highway": "residential"
      },
      "geometry": {
        "type": "MultiLineString",
        "coordinates": [
          [
            [
              52.182451,
              20.8812204
            ],
            [
              52.1825376,
              20.8812141
            ],
            [
              52.1832003,
              20.8811558
            ],
            [
              52.1832529,
              20.8811488
            ],
            [
              52.1843123,
              20.8810079
            ],
            [
              52.1844049,
              20.8809955
            ],
            [
              52.184446,
              20.8809927
            ],
            [
              52.1844887,
              20.8809906
            ],
            [
              52.1861665,
              20.8807833
            ],
            [
              52.1861997,
              20.8807792
            ],
            [
              52.1868226,
              20.8807214
            ],
            [
              52.186867,
              20.8807163
            ],
            [
              52.1889638,
              20.8804787
            ],
            [
              52.1889942,
              20.880475
            ],
            [
              52.1890399,
              20.8804693
            ]
          ],
          [
            [
              52.1890399,
              20.8804693
            ],
            [
              52.1890832,
              20.880464
            ],
            [
              52.1891178,
              20.8804597
            ],
            [
              52.190311,
              20.8803266
            ],
            [
              52.1907087,
              20.8802782
            ],
            [
              52.1907556,
              20.8802725
            ],
            [
              52.1908056,
              20.8802674
            ],
            [
              52.1919867,
              20.8801459
            ],
            [
              52.1933804,
              20.8799737
            ],
            [
              52.1934211,
              20.8799496
            ],
            [
              52.1934294,
              20.87994
            ],
            [
              52.1934517,
              20.8799145
            ],
            [
              52.1934752,
              20.8798684
            ]
          ]
        ]
      }
    },
    {
      "type": "Feature",
      "properties": {
        "name": "Prawnicza",
        "highway": "residential"
      },
      "geometry": {
        "type": "MultiLineString",
        "coordinates": [
          [
            [
              52.1824725,
              20.8833687
            ],
            [
              52.1825394,
              20.8833593
            ],
            [
              52.1832625,
              20.8832195
            ],
            [
              52.183339,
              20.8832032
            ],
            [
              52.1834291,
              20.8831845
            ],
            [
              52.184465,
              20.8829923
            ],
            [
              52.1845494,
              20.8829782
            ],
            [
              52.1846497,
              20.8829601
            ],
            [
              52.1862663,
              20.8826587
            ],
            [
              52.186336,
              20.8826457
            ],
            [
              52.186426,
              20.8826274
            ],
            [
              52.1868653,
              20.8825379
            ],
            [
              52.1869596,
              20.8825237
            ],
            [
              52.187058,
              20.8825087
            ],
            [
              52.1875762,
              20.8824083
            ],
            [
              52.1890545,
              20.8821219
            ],
            [
              52.1891569,
              20.8821031
            ]
          ],
          [
            [
              52.1891569,
              20.8821031
            ],
            [
              52.1892578,
              20.8820835
            ],
            [
              52.1903324,
              20.8818757
            ],
            [
              52.191675,
              20.8816169
            ],
            [
              52.1917807,
              20.8815957
            ],
            [
              52.1918881,
              20.881576
            ],
            [
              52.1928489,
              20.8814003
            ],
            [
              52.1929426,
              20.8813832
            ],
            [
              52.1937538,
              20.8812356
            ]
          ]
        ]
      }
    },
    {
      "type": "Feature",
      "properties": {
        "name": "Noworegulska",
        "highway": "residential"
      },
      "geometry": {
        "type": "MultiLineString",
        "coordinates": [
          [
            [
              52.1824113,
              20.871773
            ],
            [
              52.1824483,
              20.8717714
            ],
            [
              52.1824696,
              20.8717705
            ],
            [
              52.183153,
              20.8717409
            ],
            [
              52.1832015,
              20.8717388
            ],
            [
              52.1832609,
              20.8717358
            ],
            [
              52.1850181,
              20.8716608
            ]
          ]
        ]
      }
    },
    {
      "type": "Feature",
      "properties": {
        "name": "Rumiankowa",
        "highway": "residential"
      },
      "geometry": {
        "type": "MultiLineString",
        "coordinates": [
          [
            [
              52.1823178,
              20.8729018
            ],
            [
              52.1823733,
              20.8729023
            ],
            [
              52.1845311,
              20.8727944
            ]
          ]
        ]
      }
    },
    {
      "type": "Feature",
      "properties": {
        "name": "Słupska",
        "highway": "residential"
      },
      "geometry": {
        "type": "MultiLineString",
        "coordinates": [
          [
            [
              52.184283,
              20.8765129
            ],
            [
              52.1842963,
              20.8769811
            ],
            [
              52.1842975,
              20.8770546
            ],
            [
              52.1843154,
              20.878138
            ]
          ],
          [
            [
              52.184283,
              20.8765129
            ],
            [
              52.1842833,
              20.8764791
            ],
            [
              52.1842876,
              20.8763342
            ],
            [
              52.1842912,
              20.8762219
            ],
            [
              52.1843154,
              20.8760106
            ],
            [
              52.1843725,
              20.8757921
            ],
            [
              52.1844581,
              20.8755665
            ],
            [
              52.1848567,
              20.8746246
            ],
            [
              52.1852992,
              20.8735787
            ],
            [
              52.1854063,
              20.8733344
            ],
            [
              52.1855602,
              20.8729832
            ],
            [
              52.1855912,
              20.8729125
            ],
            [
              52.1856549,
              20.8728087
            ],
            [
              52.1857427,
              20.8727442
            ],
            [
              52.1858613,
              20.8726998
            ],
            [
              52.1860021,
              20.8726923
            ],
            [
              52.1861367,
              20.8726852
            ],
            [
              52.1866497,
              20.8726581
            ],
            [
              52.1868628,
              20.8726469
            ],
            [
              52.1869741,
              20.872641
            ],
            [
              52.1870935,
              20.8726347
            ]
          ],
          [
            [
              52.1843154,
              20.878138
            ],
            [
              52.1843277,
              20.8792659
            ],
            [
              52.1843913,
              20.8808352
            ],
            [
              52.1844049,
              20.8809955
            ],
            [
              52.1844142,
              20.881151
            ],
            [
              52.1845384,
              20.882813
            ],
            [
              52.1845494,
              20.8829782
            ],
            [
              52.1845669,
              20.8831429
            ],
            [
              52.1847582,
              20.8850105
            ],
            [
              52.1847703,
              20.8851516
            ],
            [
              52.1847821,
              20.8852664
            ],
            [
              52.184996,
              20.8871548
            ],
            [
              52.1850076,
              20.8872575
            ]
          ]
        ]
      }
    },
    {
      "type": "Feature",
      "properties": {
        "name": "Henryka Melcera-Szczawińskiego",
        "highway": "residential"
      },
      "geometry": {
        "type": "MultiLineString",
        "coordinates": [
          [
            [
              52.1832003,
              20.8811558
            ],
            [
              52.1832042,
              20.8812584
            ],
            [
              52.1833309,
              20.8830581
            ],
            [
              52.183339,
              20.8832032
            ],
            [
              52.1833512,
              20.8833563
            ],
            [
              52.1835617,
              20.8853481
            ],
            [
              52.183575,
              20.8854742
            ],
            [
              52.1835884,
              20.8855999
            ],
            [
              52.1836304,
              20.885995
            ],
            [
              52.1836722,
              20.8864095
            ],
            [
              52.1837602,
              20.887216
            ],
            [
              52.1838098,
              20.887683
            ]
          ]
        ]
      }
    },
    {
      "type": "Feature",
      "properties": {
        "name": "Kuźnicy Kołłątajowskiej",
        "highway": "residential"
      },
      "geometry": {
        "type": "MultiLineString",
        "coordinates": [
          [
            [
              52.1843154,
              20.878138
            ],
            [
              52.1850104,
              20.8781311
            ],
            [
              52.1860371,
              20.8780695
            ],
            [
              52.1863333,
              20.878065
            ],
            [
              52.1867366,
              20.878056
            ],
            [
              52.1867725,
              20.8780542
            ],
            [
              52.188888,
              20.8779477
            ],
            [
              52.1889195,
              20.8779461
            ],
            [
              52.1889644,
              20.8779438
            ]
          ],
          [
            [
              52.1833686,
              20.8781613
            ],
            [
              52.1842791,
              20.8781389
            ],
            [
              52.1843154,
              20.878138
            ]
          ]
        ]
      }
    },
    {
      "type": "Feature",
      "properties": {
        "name": "Suchy Las",
        "highway": "residential"
      },
      "geometry": {
        "type": "MultiLineString",
        "coordinates": [
          [
            [
              52.1861224,
              20.878773
            ],
            [
              52.1861327,
              20.8791241
            ],
            [
              52.1861331,
              20.8791835
            ],
            [
              52.1861372,
              20.8792811
            ],
            [
              52.1861997,
              20.8807792
            ],
            [
              52.1862063,
              20.880869
            ],
            [
              52.1863244,
              20.8824857
            ],
            [
              52.186336,
              20.8826457
            ],
            [
              52.1863503,
              20.882772
            ],
            [
              52.1865322,
              20.8845411
            ],
            [
              52.1865451,
              20.8846668
            ],
            [
              52.1865596,
              20.8848064
            ],
            [
              52.1867344,
              20.8864881
            ],
            [
              52.1867493,
              20.8866151
            ]
          ]
        ]
      }
    },
    {
      "type": "Feature",
      "properties": {
        "name": "Ochocka",
        "highway": "residential"
      },
      "geometry": {
        "type": "MultiLineString",
        "coordinates": [
          [
            [
              52.1855159,
              20.8756993
            ],
            [
              52.1855406,
              20.8756817
            ],
            [
              52.1855626,
              20.8756809
            ],
            [
              52.1867087,
              20.8756395
            ],
            [
              52.1867842,
              20.8756356
            ],
            [
              52.1889252,
              20.8755255
            ],
            [
              52.1889646,
              20.8755235
            ],
            [
              52.1890164,
              20.8755208
            ]
          ]
        ]
      }
    },
    {
      "type": "Feature",
      "properties": {
        "name": "Generała Felicjana Sławoja Składkowskiego",
        "highway": "residential"
      },
      "geometry": {
        "type": "MultiLineString",
        "coordinates": [
          [
            [
              52.1892756,
              20.9010405
            ],
            [
              52.1896383,
              20.9013823
            ]
          ],
          [
            [
              52.1880214,
              20.8989889
            ],
            [
              52.1880906,
              20.8991108
            ],
            [
              52.1881851,
              20.8993018
            ],
            [
              52.1883373,
              20.8996417
            ]
          ],
          [
            [
              52.1854658,
              20.8965914
            ],
            [
              52.185597,
              20.89663
            ],
            [
              52.185804,
              20.8966908
            ]
          ],
          [
            [
              52.1855145,
              20.8964733
            ],
            [
              52.1856098,
              20.8965413
            ],
            [
              52.1856712,
              20.8965851
            ],
            [
              52.185804,
              20.8966908
            ]
          ],
          [
            [
              52.1858592,
              20.8967384
            ],
            [
              52.1859362,
              20.8968039
            ],
            [
              52.1862994,
              20.8971527
            ],
            [
              52.1865304,
              20.8973856
            ],
            [
              52.1870573,
              20.8978876
            ],
            [
              52.1872923,
              20.8981181
            ]
          ],
          [
            [
              52.185804,
              20.8966908
            ],
            [
              52.1858592,
              20.8967384
            ]
          ],
          [
            [
              52.1875063,
              20.8983291
            ],
            [
              52.1875923,
              20.898414
            ],
            [
              52.1876571,
              20.8984891
            ],
            [
              52.1878242,
              20.8987008
            ]
          ],
          [
            [
              52.1872923,
              20.8981181
            ],
            [
              52.1874463,
              20.8982692
            ],
            [
              52.1874776,
              20.8983004
            ],
            [
              52.1875063,
              20.8983291
            ]
          ],
          [
            [
              52.1878242,
              20.8987008
            ],
            [
              52.1878837,
              20.8987847
            ],
            [
              52.1879717,
              20.8989089
            ],
            [
              52.1880214,
              20.8989889
            ]
          ],
          [
            [
              52.1884456,
              20.8998835
            ],
            [
              52.1885555,
              20.9001289
            ]
          ],
          [
            [
              52.1883373,
              20.8996417
            ],
            [
              52.1884456,
              20.8998835
            ]
          ],
          [
            [
              52.1886078,
              20.9002457
            ],
            [
              52.1887073,
              20.9004335
            ],
            [
              52.1888145,
              20.9005902
            ]
          ],
          [
            [
              52.1889648,
              20.9007524
            ],
            [
              52.1890703,
              20.900847
            ],
            [
              52.1892756,
              20.9010405
            ]
          ],
          [
            [
              52.1896383,
              20.9013823
            ],
            [
              52.1897642,
              20.901501
            ],
            [
              52.1898033,
              20.9015396
            ],
            [
              52.1898522,
              20.9015894
            ],
            [
              52.1899055,
              20.9016394
            ]
          ],
          [
            [
              52.1888145,
              20.9005902
            ],
            [
              52.1888862,
              20.9006676
            ],
            [
              52.1889648,
              20.9007524
            ]
          ],
          [
            [
              52.1885555,
              20.9001289
            ],
            [
              52.1885747,
              20.9001717
            ],
            [
              52.1886078,
              20.9002457
            ]
          ]
        ]
      }
    },
    {
      "type": "Feature",
      "properties": {
        "name": "Posag 7 Panien",
        "highway": "tertiary"
      },
      "geometry": {
        "type": "MultiLineString",
        "coordinates": [
          [
            [
              52.2057656,
              20.8847325
            ],
            [
              52.2058191,
              20.8848974
            ],
            [
              52.205891,
              20.8851187
            ],
            [
              52.2059431,
              20.885279
            ],
            [
              52.2060129,
              20.8854943
            ],
            [
              52.206059,
              20.8856362
            ]
          ],
          [
            [
              52.2048201,
              20.8818645
            ],
            [
              52.2049252,
              20.8821924
            ],
            [
              52.2050445,
              20.8825648
            ],
            [
              52.2050545,
              20.882596
            ],
            [
              52.2050726,
              20.8826526
            ],
            [
              52.2051189,
              20.8827765
            ]
          ],
          [
            [
              52.2022334,
              20.8739679
            ],
            [
              52.2022418,
              20.8739949
            ],
            [
              52.2022722,
              20.8740857
            ],
            [
              52.2023459,
              20.8743111
            ],
            [
              52.2024576,
              20.8746523
            ],
            [
              52.2025994,
              20.8750858
            ],
            [
              52.2028853,
              20.8759595
            ]
          ],
          [
            [
              52.2038298,
              20.8788237
            ],
            [
              52.203876,
              20.8789653
            ],
            [
              52.2038908,
              20.8790105
            ],
            [
              52.2039538,
              20.8792033
            ]
          ],
          [
            [
              52.2061785,
              20.8860044
            ],
            [
              52.2064133,
              20.8867274
            ]
          ],
          [
            [
              52.2028853,
              20.8759595
            ],
            [
              52.2031673,
              20.8768181
            ],
            [
              52.2032125,
              20.8769553
            ]
          ],
          [
            [
              52.2032125,
              20.8769553
            ],
            [
              52.2032515,
              20.8770672
            ],
            [
              52.203259,
              20.8770888
            ],
            [
              52.2032707,
              20.8771223
            ],
            [
              52.2032985,
              20.8772021
            ],
            [
              52.2033298,
              20.8772919
            ]
          ],
          [
            [
              52.2051189,
              20.8827765
            ],
            [
              52.2051889,
              20.8829662
            ],
            [
              52.2056074,
              20.8842506
            ]
          ],
          [
            [
              52.2056074,
              20.8842506
            ],
            [
              52.2056984,
              20.8845278
            ]
          ],
          [
            [
              52.2035155,
              20.8778606
            ],
            [
              52.2038298,
              20.8788237
            ]
          ],
          [
            [
              52.2056984,
              20.8845278
            ],
            [
              52.2057656,
              20.8847325
            ]
          ],
          [
            [
              52.206059,
              20.8856362
            ],
            [
              52.2061162,
              20.8858123
            ],
            [
              52.2061384,
              20.8858807
            ]
          ],
          [
            [
              52.2061384,
              20.8858807
            ],
            [
              52.2061785,
              20.8860044
            ]
          ],
          [
            [
              52.2041994,
              20.8799576
            ],
            [
              52.2042963,
              20.8803938
            ],
            [
              52.2043209,
              20.8804714
            ],
            [
              52.2043362,
              20.8805194
            ],
            [
              52.204352,
              20.8805693
            ],
            [
              52.2043646,
              20.8806194
            ],
            [
              52.2043727,
              20.8806781
            ]
          ],
          [
            [
              52.2041994,
              20.8799576
            ],
            [
              52.2042288,
              20.8800338
            ],
            [
              52.2043572,
              20.8803474
            ],
            [
              52.2043804,
              20.8804202
            ],
            [
              52.2043957,
              20.8804681
            ],
            [
              52.2044123,
              20.8805201
            ],
            [
              52.2044316,
              20.8805622
            ],
            [
              52.2044556,
              20.8805957
            ]
          ],
          [
            [
              52.2044718,
              20.8809435
            ],
            [
              52.2045045,
              20.8810038
            ],
            [
              52.2045227,
              20.8810455
            ],
            [
              52.2045326,
              20.8810756
            ],
            [
              52.2045494,
              20.8811268
            ],
            [
              52.2045791,
              20.8812173
            ],
            [
              52.2047313,
              20.8815873
            ]
          ],
          [
            [
              52.2045547,
              20.8808611
            ],
            [
              52.2045651,
              20.8809197
            ],
            [
              52.2045965,
              20.8810203
            ],
            [
              52.2046126,
              20.8810714
            ],
            [
              52.2046325,
              20.8811347
            ],
            [
              52.2047313,
              20.8815873
            ]
          ],
          [
            [
              52.2041672,
              20.8798572
            ],
            [
              52.2041994,
              20.8799576
            ]
          ],
          [
            [
              52.2034165,
              20.8775574
            ],
            [
              52.2035155,
              20.8778606
            ]
          ],
          [
            [
              52.2047511,
              20.881649
            ],
            [
              52.2048201,
              20.8818645
            ]
          ],
          [
            [
              52.2033298,
              20.8772919
            ],
            [
              52.2034165,
              20.8775574
            ]
          ],
          [
            [
              52.2039538,
              20.8792033
            ],
            [
              52.2041672,
              20.8798572
            ]
          ],
          [
            [
              52.2047313,
              20.8815873
            ],
            [
              52.2047511,
              20.881649
            ]
          ]
        ]
      }
    },
    {
      "type": "Feature",
      "properties": {
        "name": "Henryka I Brodatego",
        "highway": "residential"
      },
      "geometry": {
        "type": "MultiLineString",
        "coordinates": [
          [
            [
              52.2030956,
              20.85697
            ],
            [
              52.2031972,
              20.8569874
            ],
            [
              52.2036129,
              20.8570587
            ],
            [
              52.2036219,
              20.8570602
            ],
            [
              52.2038702,
              20.8571028
            ],
            [
              52.2039439,
              20.8570949
            ],
            [
              52.2040417,
              20.8571096
            ],
            [
              52.2042719,
              20.8571339
            ],
            [
              52.2043017,
              20.857137
            ]
          ],
          [
            [
              52.2002613,
              20.8565754
            ],
            [
              52.201277,
              20.8567199
            ],
            [
              52.2013732,
              20.8567335
            ],
            [
              52.2014767,
              20.8567497
            ],
            [
              52.2015823,
              20.8567598
            ],
            [
              52.2016377,
              20.8567675
            ],
            [
              52.2017472,
              20.8567827
            ],
            [
              52.2018911,
              20.8568027
            ],
            [
              52.2019961,
              20.8568173
            ],
            [
              52.202048,
              20.8568245
            ],
            [
              52.2021637,
              20.8568398
            ],
            [
              52.2029958,
              20.8569561
            ],
            [
              52.2030956,
              20.85697
            ]
          ],
          [
            [
              52.1993024,
              20.8564062
            ],
            [
              52.1998287,
              20.8564981
            ],
            [
              52.200232,
              20.8565592
            ],
            [
              52.2002613,
              20.8565754
            ]
          ],
          [
            [
              52.1973922,
              20.8561333
            ],
            [
              52.1974963,
              20.8561441
            ]
          ],
          [
            [
              52.1983991,
              20.8562022
            ],
            [
              52.1984968,
              20.8562233
            ],
            [
              52.1987949,
              20.856291
            ],
            [
              52.1993024,
              20.8564062
            ]
          ],
          [
            [
              52.1935701,
              20.8593528
            ],
            [
              52.1941774,
              20.8584394
            ],
            [
              52.1949376,
              20.8573208
            ]
          ],
          [
            [
              52.1949376,
              20.8573208
            ],
            [
              52.1953199,
              20.8567632
            ],
            [
              52.1955243,
              20.8565184
            ],
            [
              52.1957331,
              20.8563307
            ],
            [
              52.1958656,
              20.8562348
            ],
            [
              52.19598,
              20.8561673
            ],
            [
              52.1960962,
              20.8561141
            ],
            [
              52.1962195,
              20.8560711
            ],
            [
              52.1963244,
              20.8560534
            ],
            [
              52.1963532,
              20.8560486
            ],
            [
              52.1964849,
              20.8560405
            ],
            [
              52.1966409,
              20.8560625
            ],
            [
              52.1969612,
              20.8561225
            ],
            [
              52.1971884,
              20.8561394
            ],
            [
              52.1972273,
              20.8561361
            ],
            [
              52.1973248,
              20.856133
            ]
          ],
          [
            [
              52.1973248,
              20.856133
            ],
            [
              52.1973922,
              20.8561333
            ]
          ],
          [
            [
              52.1974963,
              20.8561441
            ],
            [
              52.1975936,
              20.8561549
            ],
            [
              52.1981591,
              20.8562178
            ],
            [
              52.1982951,
              20.8561853
            ],
            [
              52.1983134,
              20.8561868
            ],
            [
              52.1983991,
              20.8562022
            ]
          ]
        ]
      }
    },
    {
      "type": "Feature",
      "properties": {
        "name": "Regulska",
        "highway": "service"
      },
      "geometry": {
        "type": "MultiLineString",
        "coordinates": [
          [
            [
              52.1949914,
              20.882513
            ],
            [
              52.1950094,
              20.8825181
            ],
            [
              52.1950268,
              20.8825259
            ],
            [
              52.1950437,
              20.8825369
            ],
            [
              52.1950552,
              20.8825466
            ],
            [
              52.1950662,
              20.8825577
            ],
            [
              52.1950767,
              20.8825703
            ],
            [
              52.1950865,
              20.8825841
            ],
            [
              52.1950956,
              20.8825992
            ],
            [
              52.1951157,
              20.8826617
            ],
            [
              52.1951307,
              20.8827091
            ],
            [
              52.1951869,
              20.8828867
            ],
            [
              52.195257,
              20.8831084
            ],
            [
              52.1953232,
              20.8833176
            ]
          ],
          [
            [
              52.1892256,
              20.8750294
            ],
            [
              52.1894422,
              20.8752771
            ],
            [
              52.1895926,
              20.8754461
            ],
            [
              52.1896648,
              20.8755271
            ],
            [
              52.189899,
              20.8757944
            ],
            [
              52.1901652,
              20.8760984
            ],
            [
              52.1904055,
              20.8763727
            ],
            [
              52.1905496,
              20.8765407
            ],
            [
              52.1906917,
              20.8766993
            ]
          ],
          [
            [
              52.183757,
              20.8701394
            ],
            [
              52.1838555,
              20.8702128
            ],
            [
              52.1845335,
              20.870718
            ],
            [
              52.1858776,
              20.8717197
            ],
            [
              52.1858984,
              20.8717337
            ],
            [
              52.1865165,
              20.872197
            ],
            [
              52.1867451,
              20.8723616
            ],
            [
              52.1870214,
              20.8725682
            ],
            [
              52.1870935,
              20.8726347
            ],
            [
              52.1872607,
              20.8728063
            ],
            [
              52.1874378,
              20.8730091
            ],
            [
              52.1875439,
              20.8731266
            ],
            [
              52.1877729,
              20.8733801
            ],
            [
              52.187867,
              20.8734866
            ],
            [
              52.1879501,
              20.8735807
            ],
            [
              52.187985,
              20.8736201
            ],
            [
              52.1882343,
              20.8739063
            ],
            [
              52.1884811,
              20.8741895
            ],
            [
              52.1886148,
              20.8743414
            ],
            [
              52.1886847,
              20.8744163
            ],
            [
              52.1890678,
              20.8748488
            ],
            [
              52.1892256,
              20.8750294
            ]
          ],
          [
            [
              52.1906917,
              20.8766993
            ],
            [
              52.1917897,
              20.8779473
            ],
            [
              52.1918484,
              20.8780143
            ],
            [
              52.1919999,
              20.8781871
            ],
            [
              52.1926186,
              20.8788932
            ],
            [
              52.1928774,
              20.879189
            ],
            [
              52.1932048,
              20.8795587
            ],
            [
              52.1933092,
              20.8796765
            ],
            [
              52.1934752,
              20.8798684
            ],
            [
              52.1936245,
              20.8800385
            ],
            [
              52.1942564,
              20.8807586
            ],
            [
              52.1943541,
              20.8808762
            ],
            [
              52.1944321,
              20.8809701
            ],
            [
              52.1945606,
              20.8811491
            ]
          ],
          [
            [
              52.182555,
              20.8692391
            ],
            [
              52.1825854,
              20.869257
            ],
            [
              52.1829336,
              20.8695203
            ],
            [
              52.183757,
              20.8701394
            ]
          ],
          [
            [
              52.1953232,
              20.8833176
            ],
            [
              52.1953704,
              20.8834674
            ],
            [
              52.1954154,
              20.8836102
            ],
            [
              52.1954268,
              20.8836365
            ],
            [
              52.1954418,
              20.8836579
            ],
            [
              52.1954584,
              20.883673
            ]
          ],
          [
            [
              52.1945606,
              20.8811491
            ],
            [
              52.1946425,
              20.8812973
            ],
            [
              52.1947033,
              20.8814343
            ],
            [
              52.1947462,
              20.8815422
            ],
            [
              52.1947941,
              20.8816874
            ],
            [
              52.1948871,
              20.8819919
            ],
            [
              52.1949325,
              20.8821406
            ],
            [
              52.1949434,
              20.8821955
            ],
            [
              52.1949466,
              20.8822297
            ],
            [
              52.1949488,
              20.8822593
            ],
            [
              52.1949528,
              20.8822952
            ]
          ]
        ]
      }
    },
    {
      "type": "Feature",
      "properties": {
        "name": "Tynkarska",
        "highway": "residential"
      },
      "geometry": {
        "type": "MultiLineString",
        "coordinates": [
          [
            [
              52.2001342,
              20.8999379
            ],
            [
              52.2001583,
              20.8999738
            ],
            [
              52.2001968,
              20.9000011
            ],
            [
              52.2004125,
              20.9000971
            ],
            [
              52.200505,
              20.9001333
            ],
            [
              52.2006143,
              20.9001457
            ],
            [
              52.2007473,
              20.9001438
            ],
            [
              52.2008285,
              20.9001295
            ],
            [
              52.2008805,
              20.9001331
            ],
            [
              52.2009173,
              20.9001412
            ],
            [
              52.2009509,
              20.9001586
            ],
            [
              52.2009888,
              20.9002025
            ],
            [
              52.2010156,
              20.9002426
            ],
            [
              52.2010332,
              20.9002739
            ],
            [
              52.2010385,
              20.9002834
            ],
            [
              52.201062,
              20.9003269
            ],
            [
              52.2010794,
              20.9003983
            ],
            [
              52.2012232,
              20.9015696
            ],
            [
              52.2012489,
              20.9017725
            ],
            [
              52.2012647,
              20.9018969
            ]
          ]
        ]
      }
    },
    {
      "type": "Feature",
      "properties": {
        "name": "Zakątek",
        "highway": "service"
      },
      "geometry": {
        "type": "MultiLineString",
        "coordinates": [
          [
            [
              52.1942264,
              20.8872203
            ],
            [
              52.1942613,
              20.8871256
            ],
            [
              52.1942814,
              20.8870712
            ],
            [
              52.1944446,
              20.8866286
            ],
            [
              52.194474,
              20.8865507
            ],
            [
              52.1944941,
              20.8865066
            ],
            [
              52.1946803,
              20.8860786
            ],
            [
              52.194727,
              20.8859652
            ],
            [
              52.1947863,
              20.8858212
            ],
            [
              52.1948043,
              20.8857775
            ],
            [
              52.1949406,
              20.8854466
            ],
            [
              52.194953,
              20.8854165
            ],
            [
              52.1949838,
              20.8853415
            ]
          ]
        ]
      }
    },
    {
      "type": "Feature",
      "properties": {
        "name": "Mariana Krawczyka",
        "highway": "residential"
      },
      "geometry": {
        "type": "MultiLineString",
        "coordinates": [
          [
            [
              52.1883923,
              20.8690512
            ],
            [
              52.1884935,
              20.8690515
            ],
            [
              52.1890776,
              20.8690312
            ],
            [
              52.189593,
              20.8690214
            ],
            [
              52.1896261,
              20.8690163
            ],
            [
              52.1896566,
              20.8690116
            ],
            [
              52.1897152,
              20.8689895
            ],
            [
              52.1900038,
              20.8688531
            ],
            [
              52.1900605,
              20.8688322
            ],
            [
              52.19011,
              20.8688204
            ],
            [
              52.1901546,
              20.8688154
            ],
            [
              52.1902704,
              20.8688148
            ],
            [
              52.1905223,
              20.8688135
            ],
            [
              52.1908232,
              20.8688119
            ],
            [
              52.1908795,
              20.8688116
            ],
            [
              52.1908931,
              20.8688115
            ]
          ],
          [
            [
              52.1905223,
              20.8688135
            ],
            [
              52.1905247,
              20.869306
            ]
          ]
        ]
      }
    },
    {
      "type": "Feature",
      "properties": {
        "name": "Jerzego i Władysławy Włoczewskich",
        "highway": "residential"
      },
      "geometry": {
        "type": "MultiLineString",
        "coordinates": [
          [
            [
              52.1887093,
              20.8704443
            ],
            [
              52.1893889,
              20.8704088
            ],
            [
              52.189412,
              20.8704038
            ],
            [
              52.189426,
              20.8703881
            ],
            [
              52.1894347,
              20.8703699
            ],
            [
              52.1894419,
              20.8703313
            ],
            [
              52.1894458,
              20.8701343
            ],
            [
              52.1894591,
              20.8701025
            ],
            [
              52.1894748,
              20.8700838
            ],
            [
              52.1894971,
              20.8700777
            ],
            [
              52.1906931,
              20.8700539
            ]
          ],
          [
            [
              52.1894458,
              20.8701343
            ],
            [
              52.1894469,
              20.8697978
            ]
          ],
          [
            [
              52.1884286,
              20.870459
            ],
            [
              52.1886897,
              20.8704453
            ],
            [
              52.1887093,
              20.8704443
            ]
          ]
        ]
      }
    },
    {
      "type": "Feature",
      "properties": {
        "name": "Zygmunta Markerta",
        "highway": "residential"
      },
      "geometry": {
        "type": "MultiLineString",
        "coordinates": [
          [
            [
              52.1885488,
              20.8726847
            ],
            [
              52.1887639,
              20.8726565
            ],
            [
              52.1888401,
              20.8726466
            ],
            [
              52.1891325,
              20.8726713
            ],
            [
              52.1895301,
              20.8727387
            ],
            [
              52.1898933,
              20.8727588
            ]
          ],
          [
            [
              52.1898933,
              20.8727588
            ],
            [
              52.1921983,
              20.8726759
            ]
          ]
        ]
      }
    },
    {
      "type": "Feature",
      "properties": {
        "name": "Władysława Bieńczaka",
        "highway": "residential"
      },
      "geometry": {
        "type": "MultiLineString",
        "coordinates": [
          [
            [
              52.1865165,
              20.872197
            ],
            [
              52.1865139,
              20.8720138
            ],
            [
              52.1864881,
              20.8707734
            ],
            [
              52.1864868,
              20.8707092
            ],
            [
              52.1864985,
              20.8705713
            ],
            [
              52.1865378,
              20.8704596
            ],
            [
              52.1866633,
              20.870188
            ],
            [
              52.1867266,
              20.8700513
            ],
            [
              52.1868029,
              20.8699738
            ]
          ]
        ]
      }
    },
    {
      "type": "Feature",
      "properties": {
        "name": "Grocholicka",
        "highway": "residential"
      },
      "geometry": {
        "type": "MultiLineString",
        "coordinates": [
          [
            [
              52.1865139,
              20.8720138
            ],
            [
              52.1865415,
              20.872016
            ],
            [
              52.186764,
              20.8720333
            ],
            [
              52.1868776,
              20.8720132
            ],
            [
              52.1869856,
              20.8719756
            ],
            [
              52.1870739,
              20.8719417
            ],
            [
              52.1871681,
              20.8718871
            ],
            [
              52.1872837,
              20.8717899
            ],
            [
              52.1874053,
              20.8716771
            ],
            [
              52.1878942,
              20.871248
            ]
          ]
        ]
      }
    },
    {
      "type": "Feature",
      "properties": {
        "name": "Silnikowa",
        "highway": "service"
      },
      "geometry": {
        "type": "MultiLineString",
        "coordinates": [
          [
            [
              52.1997992,
              20.8838163
            ],
            [
              52.1999492,
              20.8842487
            ],
            [
              52.2000471,
              20.8845448
            ],
            [
              52.2000536,
              20.8845656
            ],
            [
              52.2000812,
              20.884654
            ],
            [
              52.2001275,
              20.8848019
            ],
            [
              52.2001536,
              20.884927
            ],
            [
              52.2001957,
              20.8850376
            ],
            [
              52.2002381,
              20.8851153
            ],
            [
              52.2006633,
              20.886442
            ],
            [
              52.2006926,
              20.8865762
            ]
          ],
          [
            [
              52.202714,
              20.8927672
            ],
            [
              52.202779,
              20.892937
            ],
            [
              52.2028247,
              20.8930514
            ],
            [
              52.2029075,
              20.893205
            ],
            [
              52.2029701,
              20.893303
            ],
            [
              52.2030101,
              20.8933546
            ],
            [
              52.2030646,
              20.8934218
            ],
            [
              52.2032767,
              20.8936811
            ],
            [
              52.2033037,
              20.893714
            ],
            [
              52.2033351,
              20.8937524
            ],
            [
              52.2033606,
              20.8937837
            ]
          ],
          [
            [
              52.2006926,
              20.8865762
            ],
            [
              52.2007389,
              20.8867177
            ],
            [
              52.2008785,
              20.8871439
            ],
            [
              52.2009176,
              20.8872633
            ],
            [
              52.2010691,
              20.887726
            ],
            [
              52.2012069,
              20.8881469
            ],
            [
              52.2013802,
              20.8886762
            ],
            [
              52.2014275,
              20.8888206
            ]
          ],
          [
            [
              52.2020459,
              20.8902611
            ],
            [
              52.2021127,
              20.8904728
            ],
            [
              52.2023046,
              20.8911012
            ],
            [
              52.2026293,
              20.8921154
            ]
          ],
          [
            [
              52.2014275,
              20.8888206
            ],
            [
              52.2014805,
              20.8889826
            ],
            [
              52.2016112,
              20.8893817
            ],
            [
              52.2016983,
              20.8896478
            ],
            [
              52.2017971,
              20.8899494
            ]
          ],
          [
            [
              52.2025896,
              20.8923961
            ],
            [
              52.202657,
              20.892597
            ],
            [
              52.202714,
              20.8927672
            ]
          ],
          [
            [
              52.2025382,
              20.8922396
            ],
            [
              52.2025482,
              20.8922699
            ],
            [
              52.2025896,
              20.8923961
            ]
          ],
          [
            [
              52.1987773,
              20.8804724
            ],
            [
              52.1987595,
              20.8806108
            ],
            [
              52.198758,
              20.8806861
            ],
            [
              52.1987671,
              20.8807389
            ],
            [
              52.1987799,
              20.8807879
            ]
          ],
          [
            [
              52.1990811,
              20.8817016
            ],
            [
              52.1996153,
              20.8833225
            ],
            [
              52.1997161,
              20.8835931
            ],
            [
              52.1997992,
              20.8838163
            ]
          ],
          [
            [
              52.2017971,
              20.8899494
            ],
            [
              52.201805,
              20.8900381
            ],
            [
              52.2018283,
              20.8901396
            ],
            [
              52.201888,
              20.890329
            ],
            [
              52.2019051,
              20.8903834
            ],
            [
              52.2019717,
              20.8905948
            ]
          ],
          [
            [
              52.2017971,
              20.8899494
            ],
            [
              52.201845,
              20.8900252
            ],
            [
              52.2018627,
              20.8900599
            ],
            [
              52.2018978,
              20.8901663
            ],
            [
              52.2019371,
              20.8902865
            ],
            [
              52.2019547,
              20.8903404
            ],
            [
              52.2020232,
              20.8905502
            ]
          ],
          [
            [
              52.1987799,
              20.8807879
            ],
            [
              52.1990811,
              20.8817016
            ]
          ],
          [
            [
              52.2019964,
              20.8905734
            ],
            [
              52.2025382,
              20.8922396
            ]
          ]
        ]
      }
    },
    {
      "type": "Feature",
      "properties": {
        "name": "Jesienna",
        "highway": "residential"
      },
      "geometry": {
        "type": "MultiLineString",
        "coordinates": [
          [
            [
              52.1979667,
              20.8665433
            ],
            [
              52.1979868,
              20.866433
            ],
            [
              52.1980214,
              20.8662312
            ],
            [
              52.1980746,
              20.8659206
            ],
            [
              52.1980871,
              20.8658478
            ],
            [
              52.1981062,
              20.8657361
            ],
            [
              52.1981387,
              20.8655329
            ],
            [
              52.1981631,
              20.86538
            ],
            [
              52.198171,
              20.8652781
            ],
            [
              52.1981667,
              20.865124
            ],
            [
              52.1981646,
              20.8650503
            ],
            [
              52.198162,
              20.8649574
            ],
            [
              52.1981562,
              20.8647511
            ],
            [
              52.1981523,
              20.8646634
            ],
            [
              52.1981493,
              20.864596
            ],
            [
              52.1981355,
              20.8642859
            ],
            [
              52.1981322,
              20.8642121
            ],
            [
              52.1981309,
              20.8641814
            ],
            [
              52.1981285,
              20.8641289
            ],
            [
              52.1981185,
              20.8639029
            ],
            [
              52.1981162,
              20.8638519
            ],
            [
              52.1981116,
              20.8637457
            ]
          ],
          [
            [
              52.1979702,
              20.8612964
            ],
            [
              52.1979729,
              20.8613353
            ],
            [
              52.1979895,
              20.8615748
            ],
            [
              52.198006,
              20.8618127
            ],
            [
              52.1980099,
              20.8618741
            ],
            [
              52.1980255,
              20.8621224
            ],
            [
              52.1980299,
              20.8621938
            ],
            [
              52.1980407,
              20.8623651
            ],
            [
              52.1980535,
              20.862611
            ],
            [
              52.1980566,
              20.8626704
            ],
            [
              52.1980641,
              20.8627979
            ],
            [
              52.1980677,
              20.8628596
            ],
            [
              52.1980717,
              20.8629269
            ],
            [
              52.1980828,
              20.8631141
            ],
            [
              52.1980864,
              20.8631902
            ],
            [
              52.1980884,
              20.863232
            ],
            [
              52.1981116,
              20.8637457
            ]
          ]
        ]
      }
    },
    {
      "type": "Feature",
      "properties": {
        "name": "Siłaczki",
        "highway": "residential"
      },
      "geometry": {
        "type": "MultiLineString",
        "coordinates": [
          [
            [
              52.1958962,
              20.879041
            ],
            [
              52.1959661,
              20.8790194
            ],
            [
              52.1961026,
              20.8789717
            ],
            [
              52.1961325,
              20.8789612
            ],
            [
              52.1962754,
              20.8789112
            ],
            [
              52.1963035,
              20.8789014
            ],
            [
              52.1964419,
              20.878853
            ],
            [
              52.1964523,
              20.8788494
            ],
            [
              52.1966808,
              20.8787695
            ],
            [
              52.1968907,
              20.8787021
            ],
            [
              52.1970932,
              20.878637
            ],
            [
              52.1973033,
              20.8785695
            ],
            [
              52.1973727,
              20.8785472
            ],
            [
              52.197449,
              20.8785227
            ],
            [
              52.1974867,
              20.8785105
            ],
            [
              52.1975252,
              20.8784982
            ],
            [
              52.1976685,
              20.8784521
            ],
            [
              52.1977155,
              20.8784678
            ],
            [
              52.1977521,
              20.8784975
            ]
          ],
          [
            [
              52.1978053,
              20.8783551
            ],
            [
              52.1978622,
              20.8783798
            ],
            [
              52.1979157,
              20.8783729
            ],
            [
              52.1979552,
              20.8783595
            ],
            [
              52.198254,
              20.8782578
            ],
            [
              52.1982817,
              20.8782484
            ],
            [
              52.1983258,
              20.8782334
            ],
            [
              52.1985304,
              20.8781638
            ],
            [
              52.1985858,
              20.878145
            ]
          ]
        ]
      }
    },
    {
      "type": "Feature",
      "properties": {
        "name": "Faraona",
        "highway": "residential"
      },
      "geometry": {
        "type": "MultiLineString",
        "coordinates": [
          [
            [
              52.1966808,
              20.8787695
            ],
            [
              52.1966919,
              20.8788591
            ],
            [
              52.1967255,
              20.8791305
            ],
            [
              52.1967566,
              20.8793823
            ],
            [
              52.1967604,
              20.8794128
            ],
            [
              52.1967673,
              20.8794687
            ],
            [
              52.196789,
              20.8796444
            ],
            [
              52.1967958,
              20.8797009
            ],
            [
              52.1968309,
              20.879984
            ],
            [
              52.1968345,
              20.8800131
            ],
            [
              52.1968425,
              20.8800776
            ],
            [
              52.1969053,
              20.8805834
            ],
            [
              52.1969298,
              20.8807806
            ],
            [
              52.1969344,
              20.8808181
            ]
          ]
        ]
      }
    },
    {
      "type": "Feature",
      "properties": {
        "name": "Mieszka Starego",
        "highway": "residential"
      },
      "geometry": {
        "type": "MultiLineString",
        "coordinates": [
          [
            [
              52.1981062,
              20.8657361
            ],
            [
              52.1982277,
              20.8657888
            ],
            [
              52.1983515,
              20.8658415
            ],
            [
              52.1983627,
              20.8658467
            ],
            [
              52.1983915,
              20.8658601
            ],
            [
              52.1984742,
              20.8658992
            ],
            [
              52.1984999,
              20.8659111
            ],
            [
              52.1985175,
              20.8659193
            ],
            [
              52.1985827,
              20.8659496
            ],
            [
              52.1986136,
              20.8659639
            ],
            [
              52.1986961,
              20.8660021
            ],
            [
              52.1987268,
              20.8660164
            ],
            [
              52.1988088,
              20.8660544
            ],
            [
              52.1988371,
              20.8660675
            ],
            [
              52.198914,
              20.8661031
            ],
            [
              52.1989219,
              20.8661068
            ],
            [
              52.1989415,
              20.8661159
            ],
            [
              52.1989902,
              20.8661385
            ],
            [
              52.1990301,
              20.8661558
            ]
          ]
        ]
      }
    },
    {
      "type": "Feature",
      "properties": {
        "name": "Magnacka",
        "highway": "residential"
      },
      "geometry": {
        "type": "MultiLineString",
        "coordinates": [
          [
            [
              52.1952552,
              20.8579533
            ],
            [
              52.1952701,
              20.8585989
            ],
            [
              52.1952733,
              20.8587408
            ]
          ],
          [
            [
              52.1952733,
              20.8587408
            ],
            [
              52.1952751,
              20.8588716
            ],
            [
              52.1952787,
              20.8591349
            ],
            [
              52.1952851,
              20.8596048
            ],
            [
              52.1952873,
              20.8597677
            ],
            [
              52.1952936,
              20.8600698
            ],
            [
              52.1952962,
              20.8601948
            ],
            [
              52.1953006,
              20.8603696
            ],
            [
              52.1953125,
              20.8609651
            ],
            [
              52.1953129,
              20.8609877
            ],
            [
              52.1953146,
              20.8610677
            ]
          ]
        ]
      }
    },
    {
      "type": "Feature",
      "properties": {
        "name": "Mariana Keniga",
        "highway": "tertiary"
      },
      "geometry": {
        "type": "MultiLineString",
        "coordinates": [
          [
            [
              52.1917724,
              20.8685726
            ],
            [
              52.1918594,
              20.8685404
            ],
            [
              52.1919306,
              20.8685128
            ],
            [
              52.1923309,
              20.8683615
            ],
            [
              52.192413,
              20.8683463
            ],
            [
              52.1925863,
              20.8683576
            ],
            [
              52.1928628,
              20.8683368
            ]
          ],
          [
            [
              52.1928628,
              20.8683368
            ],
            [
              52.1933941,
              20.8681409
            ],
            [
              52.1936358,
              20.8680548
            ],
            [
              52.1937797,
              20.8679966
            ]
          ],
          [
            [
              52.196362,
              20.8669929
            ],
            [
              52.1964921,
              20.8668201
            ],
            [
              52.1965131,
              20.8667913
            ],
            [
              52.1965545,
              20.8667221
            ],
            [
              52.1965764,
              20.8666629
            ]
          ],
          [
            [
              52.196362,
              20.8669929
            ],
            [
              52.1964427,
              20.8669723
            ],
            [
              52.1965212,
              20.8669046
            ],
            [
              52.1965459,
              20.8668785
            ],
            [
              52.196599,
              20.8668326
            ],
            [
              52.1966376,
              20.8668128
            ]
          ],
          [
            [
              52.1943813,
              20.8677606
            ],
            [
              52.1944519,
              20.8677347
            ],
            [
              52.1945172,
              20.8677075
            ],
            [
              52.1947658,
              20.8676137
            ],
            [
              52.1950342,
              20.8675124
            ],
            [
              52.1960325,
              20.8671366
            ],
            [
              52.1961072,
              20.8671022
            ],
            [
              52.196149,
              20.867083
            ],
            [
              52.196362,
              20.8669929
            ]
          ],
          [
            [
              52.1960325,
              20.8671366
            ],
            [
              52.1960538,
              20.8672873
            ],
            [
              52.1961285,
              20.8678167
            ],
            [
              52.1962656,
              20.8687872
            ],
            [
              52.1963709,
              20.8695329
            ]
          ],
          [
            [
              52.1937797,
              20.8679966
            ],
            [
              52.1939138,
              20.8679414
            ],
            [
              52.1942932,
              20.8677951
            ],
            [
              52.1943813,
              20.8677606
            ]
          ],
          [
            [
              52.1922132,
              20.8688418
            ],
            [
              52.1923065,
              20.8687611
            ],
            [
              52.1923772,
              20.8687009
            ],
            [
              52.1924435,
              20.8686462
            ],
            [
              52.1924732,
              20.8686218
            ],
            [
              52.1925562,
              20.8685576
            ]
          ],
          [
            [
              52.1920328,
              20.8690012
            ],
            [
              52.1922132,
              20.8688418
            ]
          ],
          [
            [
              52.1918403,
              20.8691556
            ],
            [
              52.1919577,
              20.8690598
            ],
            [
              52.1920328,
              20.8690012
            ]
          ],
          [
            [
              52.1925562,
              20.8685576
            ],
            [
              52.1926055,
              20.8685203
            ],
            [
              52.1927756,
              20.8684054
            ],
            [
              52.1928628,
              20.8683368
            ]
          ],
          [
            [
              52.1916116,
              20.8684774
            ],
            [
              52.1916816,
              20.8685409
            ],
            [
              52.1917724,
              20.8685726
            ]
          ],
          [
            [
              52.1916875,
              20.8687207
            ],
            [
              52.1917086,
              20.8686669
            ],
            [
              52.1917351,
              20.8686133
            ],
            [
              52.1917724,
              20.8685726
            ]
          ]
        ]
      }
    },
    {
      "type": "Feature",
      "properties": {
        "name": "Rondo Tadeusza Kifera „Kruszynki”",
        "highway": "tertiary"
      },
      "geometry": {
        "type": "MultiLineString",
        "coordinates": [
          [
            [
              52.1945461,
              20.8847221
            ],
            [
              52.1945321,
              20.8847704
            ],
            [
              52.1945305,
              20.8848237
            ],
            [
              52.1945416,
              20.8848739
            ],
            [
              52.1945638,
              20.8849134
            ],
            [
              52.1945868,
              20.8849328
            ],
            [
              52.1946124,
              20.8849398
            ],
            [
              52.194638,
              20.8849338
            ],
            [
              52.1946613,
              20.8849152
            ]
          ],
          [
            [
              52.1945461,
              20.8847221
            ],
            [
              52.1945671,
              20.8846898
            ],
            [
              52.1945935,
              20.8846709
            ],
            [
              52.1946224,
              20.8846678
            ],
            [
              52.1946501,
              20.8846809
            ],
            [
              52.1946735,
              20.8847085
            ]
          ],
          [
            [
              52.1946613,
              20.8849152
            ],
            [
              52.1946858,
              20.8848722
            ],
            [
              52.1946968,
              20.8848164
            ],
            [
              52.1946925,
              20.8847583
            ],
            [
              52.1946735,
              20.8847085
            ]
          ]
        ]
      }
    },
    {
      "type": "Feature",
      "properties": {
        "name": "Michała Spisaka",
        "highway": "tertiary"
      },
      "geometry": {
        "type": "MultiLineString",
        "coordinates": [
          [
            [
              52.1932503,
              20.882973
            ],
            [
              52.1933327,
              20.8828563
            ],
            [
              52.1933688,
              20.8828175
            ],
            [
              52.193405,
              20.8827918
            ],
            [
              52.1943116,
              20.8825485
            ],
            [
              52.1947865,
              20.8824194
            ],
            [
              52.1948207,
              20.8824117
            ],
            [
              52.1948576,
              20.8824128
            ],
            [
              52.1948823,
              20.8824169
            ]
          ],
          [
            [
              52.189341,
              20.8839049
            ],
            [
              52.1894476,
              20.8838741
            ],
            [
              52.1894882,
              20.8838628
            ],
            [
              52.1897852,
              20.8837799
            ]
          ],
          [
            [
              52.1825215,
              20.8857672
            ],
            [
              52.1827307,
              20.8857105
            ],
            [
              52.1834102,
              20.8855204
            ],
            [
              52.1835133,
              20.885492
            ],
            [
              52.183575,
              20.8854742
            ],
            [
              52.1838618,
              20.8853993
            ],
            [
              52.1843946,
              20.8852519
            ],
            [
              52.1846778,
              20.8851753
            ],
            [
              52.1847703,
              20.8851516
            ],
            [
              52.1859343,
              20.8848362
            ],
            [
              52.1864913,
              20.8846836
            ],
            [
              52.1865451,
              20.8846668
            ],
            [
              52.1866386,
              20.8846447
            ],
            [
              52.1867917,
              20.8846054
            ],
            [
              52.187097,
              20.884519
            ],
            [
              52.1871665,
              20.8844953
            ],
            [
              52.1872342,
              20.8844721
            ],
            [
              52.1884336,
              20.884153
            ],
            [
              52.1889117,
              20.8840249
            ]
          ],
          [
            [
              52.1889117,
              20.8840249
            ],
            [
              52.189188,
              20.8839483
            ],
            [
              52.1892587,
              20.8839287
            ],
            [
              52.189341,
              20.8839049
            ]
          ],
          [
            [
              52.1897852,
              20.8837799
            ],
            [
              52.1900613,
              20.8837065
            ],
            [
              52.1905245,
              20.8835757
            ],
            [
              52.1914796,
              20.883314
            ]
          ],
          [
            [
              52.1914796,
              20.883314
            ],
            [
              52.1916201,
              20.8832755
            ],
            [
              52.1929896,
              20.8829022
            ],
            [
              52.1930994,
              20.8828752
            ],
            [
              52.1931361,
              20.8828721
            ],
            [
              52.193163,
              20.8828801
            ],
            [
              52.1931821,
              20.8828914
            ],
            [
              52.1932503,
              20.882973
            ]
          ]
        ]
      }
    },
    {
      "type": "Feature",
      "properties": {
        "name": "Falentyńska",
        "highway": "residential"
      },
      "geometry": {
        "type": "MultiLineString",
        "coordinates": [
          [
            [
              52.1943116,
              20.8825485
            ],
            [
              52.194299,
              20.8824305
            ],
            [
              52.1942516,
              20.8819887
            ],
            [
              52.1942499,
              20.8819716
            ],
            [
              52.1942229,
              20.8816974
            ],
            [
              52.1944386,
              20.8813485
            ],
            [
              52.1944464,
              20.8813359
            ],
            [
              52.194515,
              20.8812249
            ],
            [
              52.1945606,
              20.8811491
            ]
          ]
        ]
      }
    },
    {
      "type": "Feature",
      "properties": {
        "name": "Zaczarowanej Dorożki",
        "highway": "residential"
      },
      "geometry": {
        "type": "MultiLineString",
        "coordinates": [
          [
            [
              52.1973292,
              20.860023
            ],
            [
              52.1974252,
              20.8600417
            ],
            [
              52.1975202,
              20.8600571
            ],
            [
              52.1975279,
              20.8600583
            ],
            [
              52.1976524,
              20.8600784
            ],
            [
              52.1976964,
              20.8600855
            ],
            [
              52.197738,
              20.8600923
            ],
            [
              52.1979206,
              20.8601218
            ],
            [
              52.197959,
              20.8601277
            ],
            [
              52.1980052,
              20.8601348
            ],
            [
              52.1981021,
              20.8601498
            ],
            [
              52.198256,
              20.8601735
            ],
            [
              52.198354,
              20.8601878
            ],
            [
              52.198372,
              20.8601904
            ],
            [
              52.1985185,
              20.8602118
            ],
            [
              52.1986949,
              20.8602375
            ],
            [
              52.1987907,
              20.8602528
            ]
          ]
        ]
      }
    },
    {
      "type": "Feature",
      "properties": {
        "name": "Balicka",
        "highway": "residential"
      },
      "geometry": {
        "type": "MultiLineString",
        "coordinates": [
          [
            [
              52.1977616,
              20.8797869
            ],
            [
              52.1980064,
              20.8797022
            ],
            [
              52.1981584,
              20.8796496
            ],
            [
              52.1983704,
              20.8795753
            ],
            [
              52.1984301,
              20.8795839
            ],
            [
              52.1984798,
              20.8796043
            ],
            [
              52.1985244,
              20.8796232
            ]
          ],
          [
            [
              52.1975644,
              20.8798219
            ],
            [
              52.1975956,
              20.8798176
            ],
            [
              52.197642,
              20.8798112
            ],
            [
              52.1977616,
              20.8797869
            ]
          ],
          [
            [
              52.1975822,
              20.8799716
            ],
            [
              52.1976148,
              20.8799336
            ],
            [
              52.1976561,
              20.8798892
            ],
            [
              52.1977616,
              20.8797869
            ]
          ],
          [
            [
              52.1981584,
              20.8796496
            ],
            [
              52.1981663,
              20.8797096
            ],
            [
              52.1982765,
              20.8806448
            ]
          ]
        ]
      }
    },
    {
      "type": "Feature",
      "properties": {
        "name": "Władysława Jagiełły",
        "highway": "tertiary"
      },
      "geometry": {
        "type": "MultiLineString",
        "coordinates": [
          [
            [
              52.1963618,
              20.8831831
            ],
            [
              52.1963688,
              20.8830975
            ],
            [
              52.1963763,
              20.8830257
            ],
            [
              52.1963829,
              20.8829737
            ],
            [
              52.1963916,
              20.8829231
            ],
            [
              52.1964036,
              20.8828708
            ],
            [
              52.1964143,
              20.8828303
            ],
            [
              52.1964525,
              20.8826935
            ]
          ],
          [
            [
              52.1964525,
              20.8826935
            ],
            [
              52.1965353,
              20.8824239
            ],
            [
              52.1966416,
              20.8820879
            ],
            [
              52.1967408,
              20.8817743
            ],
            [
              52.1967921,
              20.881609
            ],
            [
              52.1968884,
              20.8813014
            ],
            [
              52.1969567,
              20.8811007
            ],
            [
              52.1970919,
              20.8806855
            ],
            [
              52.1971105,
              20.8806283
            ],
            [
              52.197191,
              20.8803642
            ]
          ],
          [
            [
              52.1975238,
              20.8792107
            ],
            [
              52.1975596,
              20.8790979
            ],
            [
              52.1976237,
              20.8788928
            ],
            [
              52.1977182,
              20.8785964
            ],
            [
              52.1977521,
              20.8784975
            ],
            [
              52.1978053,
              20.8783551
            ],
            [
              52.1978522,
              20.8782173
            ],
            [
              52.1980892,
              20.8774254
            ],
            [
              52.1981276,
              20.8772849
            ],
            [
              52.1982516,
              20.8768313
            ],
            [
              52.1983483,
              20.8764707
            ],
            [
              52.1984977,
              20.8759187
            ],
            [
              52.1986892,
              20.8752066
            ],
            [
              52.1987044,
              20.8751378
            ],
            [
              52.1987557,
              20.8749061
            ],
            [
              52.1987892,
              20.874678
            ],
            [
              52.1987969,
              20.8746259
            ],
            [
              52.1988012,
              20.8745728
            ],
            [
              52.198819,
              20.8743505
            ],
            [
              52.1988222,
              20.8743099
            ],
            [
              52.1988253,
              20.8741236
            ],
            [
              52.1988222,
              20.8739144
            ],
            [
              52.1988073,
              20.8735497
            ],
            [
              52.1987905,
              20.8732825
            ],
            [
              52.1987639,
              20.872991
            ],
            [
              52.1987267,
              20.8726457
            ],
            [
              52.1986996,
              20.8724525
            ],
            [
              52.1986738,
              20.8722682
            ]
          ],
          [
            [
              52.1973629,
              20.8797538
            ],
            [
              52.1973819,
              20.8796782
            ],
            [
              52.1974131,
              20.879554
            ],
            [
              52.1974948,
              20.8793023
            ]
          ],
          [
            [
              52.1974692,
              20.8797144
            ],
            [
              52.1974723,
              20.8795696
            ],
            [
              52.1974818,
              20.8794411
            ],
            [
              52.1974948,
              20.8793023
            ]
          ],
          [
            [
              52.197191,
              20.8803642
            ],
            [
              52.1972049,
              20.8802629
            ],
            [
              52.1972301,
              20.8801603
            ],
            [
              52.1972744,
              20.8800655
            ],
            [
              52.1973102,
              20.8799975
            ]
          ],
          [
            [
              52.197191,
              20.8803642
            ],
            [
              52.1972546,
              20.8802345
            ],
            [
              52.1972715,
              20.8802109
            ],
            [
              52.1972846,
              20.8801949
            ],
            [
              52.1973347,
              20.8801539
            ],
            [
              52.1973762,
              20.8801349
            ]
          ],
          [
            [
              52.1974948,
              20.8793023
            ],
            [
              52.1975238,
              20.8792107
            ]
          ]
        ]
      }
    },
    {
      "type": "Feature",
      "properties": {
        "name": "Zielonej Gęsi",
        "highway": "residential"
      },
      "geometry": {
        "type": "MultiLineString",
        "coordinates": [
          [
            [
              52.2070475,
              20.8588549
            ],
            [
              52.2070839,
              20.858849
            ],
            [
              52.2071145,
              20.8588537
            ],
            [
              52.2071487,
              20.858862
            ],
            [
              52.2071728,
              20.8588787
            ],
            [
              52.2072349,
              20.8590318
            ],
            [
              52.2072784,
              20.8591508
            ],
            [
              52.2073007,
              20.8592256
            ],
            [
              52.2073225,
              20.859311
            ],
            [
              52.207361,
              20.8594904
            ],
            [
              52.2074601,
              20.859972
            ],
            [
              52.2074751,
              20.8600506
            ],
            [
              52.2074923,
              20.8601408
            ],
            [
              52.2075638,
              20.8605158
            ],
            [
              52.2076193,
              20.8608065
            ],
            [
              52.2076501,
              20.860972
            ],
            [
              52.2076757,
              20.8611378
            ],
            [
              52.2077029,
              20.8613529
            ],
            [
              52.2077207,
              20.8616042
            ],
            [
              52.2077515,
              20.8621685
            ],
            [
              52.2077565,
              20.8622592
            ],
            [
              52.2077731,
              20.8625442
            ],
            [
              52.2077823,
              20.8626649
            ],
            [
              52.2078661,
              20.8633634
            ],
            [
              52.2079004,
              20.8636497
            ]
          ],
          [
            [
              52.2079004,
              20.8636497
            ],
            [
              52.2079325,
              20.863912
            ],
            [
              52.2079376,
              20.8639542
            ],
            [
              52.2080179,
              20.864624
            ],
            [
              52.2080219,
              20.8646662
            ],
            [
              52.2080201,
              20.8646953
            ],
            [
              52.208015,
              20.864719
            ]
          ]
        ]
      }
    },
    {
      "type": "Feature",
      "properties": {
        "name": "Henryka Wilka",
        "highway": "service"
      },
      "geometry": {
        "type": "MultiLineString",
        "coordinates": [
          [
            [
              52.198309,
              20.8823644
            ],
            [
              52.1990609,
              20.8817189
            ],
            [
              52.1990811,
              20.8817016
            ]
          ],
          [
            [
              52.1982295,
              20.8824398
            ],
            [
              52.1982637,
              20.8824033
            ],
            [
              52.198309,
              20.8823644
            ]
          ]
        ]
      }
    },
    {
      "type": "Feature",
      "properties": {
        "name": "Kazimierza Sprawiedliwego",
        "highway": "residential"
      },
      "geometry": {
        "type": "MultiLineString",
        "coordinates": [
          [
            [
              52.205893,
              20.8672986
            ],
            [
              52.2059618,
              20.8672771
            ],
            [
              52.2061686,
              20.8672124
            ],
            [
              52.2062346,
              20.8671918
            ],
            [
              52.2064729,
              20.8671172
            ],
            [
              52.2066744,
              20.8670542
            ],
            [
              52.2069638,
              20.8669637
            ]
          ]
        ]
      }
    },
    {
      "type": "Feature",
      "properties": {
        "name": "Kazimierza Gierdziejewskiego",
        "highway": "tertiary"
      },
      "geometry": {
        "type": "MultiLineString",
        "coordinates": [
          [
            [
              52.2046217,
              20.871673
            ],
            [
              52.2046382,
              20.8716584
            ],
            [
              52.204793,
              20.8715213
            ],
            [
              52.2049001,
              20.8714289
            ],
            [
              52.2056313,
              20.8707972
            ],
            [
              52.2056567,
              20.8707727
            ],
            [
              52.2056714,
              20.8707561
            ]
          ],
          [
            [
              52.2056714,
              20.8707561
            ],
            [
              52.2057326,
              20.8707228
            ],
            [
              52.2057759,
              20.8706753
            ],
            [
              52.2058032,
              20.8706391
            ],
            [
              52.2058295,
              20.8705963
            ],
            [
              52.2059712,
              20.8703367
            ]
          ],
          [
            [
              52.206281,
              20.8695778
            ],
            [
              52.206399,
              20.869455
            ],
            [
              52.206601,
              20.8692772
            ],
            [
              52.2068168,
              20.8690953
            ],
            [
              52.2069754,
              20.8689751
            ],
            [
              52.2071308,
              20.8688632
            ],
            [
              52.207242,
              20.868789
            ],
            [
              52.2073609,
              20.8687155
            ]
          ],
          [
            [
              52.1985244,
              20.8796232
            ],
            [
              52.1985525,
              20.8795455
            ],
            [
              52.1985925,
              20.8794639
            ],
            [
              52.1986451,
              20.8793618
            ],
            [
              52.1991058,
              20.8784663
            ],
            [
              52.1992804,
              20.878127
            ],
            [
              52.1993252,
              20.8780398
            ],
            [
              52.1994838,
              20.8777315
            ],
            [
              52.1996026,
              20.8775004
            ],
            [
              52.1997925,
              20.8771312
            ]
          ],
          [
            [
              52.2065024,
              20.8695141
            ],
            [
              52.2067388,
              20.8693076
            ],
            [
              52.2069415,
              20.8691458
            ],
            [
              52.2071479,
              20.8689914
            ],
            [
              52.2072354,
              20.8689278
            ],
            [
              52.207378,
              20.868839
            ],
            [
              52.2076134,
              20.8687106
            ],
            [
              52.2078707,
              20.8685897
            ],
            [
              52.208136,
              20.8684961
            ]
          ],
          [
            [
              52.2056714,
              20.8707561
            ],
            [
              52.2057075,
              20.8706628
            ],
            [
              52.2057486,
              20.870601
            ],
            [
              52.2057872,
              20.8705339
            ],
            [
              52.2058974,
              20.8703106
            ],
            [
              52.205969,
              20.8701449
            ],
            [
              52.2060369,
              20.8699925
            ],
            [
              52.2061049,
              20.8698304
            ],
            [
              52.2061702,
              20.8697211
            ],
            [
              52.206225,
              20.8696449
            ],
            [
              52.206281,
              20.8695778
            ]
          ],
          [
            [
              52.1981187,
              20.8817991
            ],
            [
              52.1981603,
              20.881694
            ],
            [
              52.1981972,
              20.8815982
            ],
            [
              52.1982306,
              20.8815043
            ],
            [
              52.1982558,
              20.881424
            ],
            [
              52.1982991,
              20.8812621
            ],
            [
              52.1983308,
              20.8810869
            ],
            [
              52.1983943,
              20.880572
            ],
            [
              52.1984219,
              20.8803486
            ]
          ],
          [
            [
              52.2007075,
              20.8753522
            ],
            [
              52.2007976,
              20.8751771
            ],
            [
              52.2008536,
              20.8750683
            ],
            [
              52.2008986,
              20.8749835
            ],
            [
              52.2009456,
              20.8749036
            ],
            [
              52.2009896,
              20.8748399
            ],
            [
              52.2010366,
              20.8747828
            ],
            [
              52.2010896,
              20.8747306
            ],
            [
              52.2011458,
              20.874682
            ],
            [
              52.2012779,
              20.8745677
            ],
            [
              52.2016577,
              20.8742389
            ],
            [
              52.2019282,
              20.8740048
            ],
            [
              52.2019936,
              20.8739482
            ],
            [
              52.2020594,
              20.8738912
            ],
            [
              52.2020792,
              20.8738776
            ],
            [
              52.202103,
              20.8738635
            ]
          ],
          [
            [
              52.2022442,
              20.8737411
            ],
            [
              52.2022649,
              20.873719
            ],
            [
              52.2022982,
              20.8736843
            ],
            [
              52.202342,
              20.8736464
            ],
            [
              52.2023942,
              20.8736013
            ],
            [
              52.2027288,
              20.8733117
            ],
            [
              52.203031,
              20.8730501
            ],
            [
              52.2032649,
              20.8728477
            ],
            [
              52.2034722,
              20.8726682
            ],
            [
              52.2044371,
              20.8718285
            ],
            [
              52.2045915,
              20.8716985
            ],
            [
              52.2046217,
              20.871673
            ]
          ],
          [
            [
              52.1978436,
              20.8821445
            ],
            [
              52.1978641,
              20.8821401
            ],
            [
              52.1978827,
              20.8821304
            ],
            [
              52.1978999,
              20.8821179
            ],
            [
              52.1979203,
              20.8820977
            ],
            [
              52.1979373,
              20.8820755
            ],
            [
              52.1979551,
              20.882048
            ],
            [
              52.1979989,
              20.8819774
            ],
            [
              52.1980304,
              20.8819306
            ],
            [
              52.1980961,
              20.8818372
            ],
            [
              52.1981187,
              20.8817991
            ]
          ],
          [
            [
              52.1979569,
              20.8822919
            ],
            [
              52.1979608,
              20.8822676
            ],
            [
              52.1979657,
              20.8822378
            ],
            [
              52.1979756,
              20.8821941
            ],
            [
              52.1979884,
              20.882156
            ],
            [
              52.198006,
              20.8821187
            ],
            [
              52.1980283,
              20.8820699
            ],
            [
              52.1980444,
              20.8820252
            ],
            [
              52.1981187,
              20.8817991
            ]
          ],
          [
            [
              52.208136,
              20.8684961
            ],
            [
              52.2085859,
              20.8683415
            ]
          ],
          [
            [
              52.2081198,
              20.8683686
            ],
            [
              52.2085705,
              20.8682097
            ]
          ],
          [
            [
              52.1984219,
              20.8803486
            ],
            [
              52.1984887,
              20.8798351
            ],
            [
              52.1985026,
              20.8797309
            ],
            [
              52.1985117,
              20.8796777
            ],
            [
              52.1985244,
              20.8796232
            ]
          ],
          [
            [
              52.1999127,
              20.8768976
            ],
            [
              52.2001108,
              20.8765124
            ],
            [
              52.2003029,
              20.8761389
            ],
            [
              52.2004643,
              20.8758252
            ],
            [
              52.2006541,
              20.8754562
            ],
            [
              52.2007075,
              20.8753522
            ]
          ],
          [
            [
              52.1997925,
              20.8771312
            ],
            [
              52.1999127,
              20.8768976
            ]
          ],
          [
            [
              52.2073609,
              20.8687155
            ],
            [
              52.2075971,
              20.8685796
            ],
            [
              52.2077335,
              20.8685142
            ],
            [
              52.2078719,
              20.8684524
            ],
            [
              52.2081198,
              20.8683686
            ]
          ],
          [
            [
              52.2063296,
              20.8696966
            ],
            [
              52.20644,
              20.8695734
            ],
            [
              52.2065024,
              20.8695141
            ]
          ],
          [
            [
              52.2059712,
              20.8703367
            ],
            [
              52.2060752,
              20.8701462
            ],
            [
              52.2061803,
              20.869935
            ],
            [
              52.206208,
              20.8698839
            ],
            [
              52.2062643,
              20.8697911
            ],
            [
              52.2063296,
              20.8696966
            ]
          ]
        ]
      }
    },
    {
      "type": "Feature",
      "properties": {
        "name": "Królowej Bony",
        "highway": "residential"
      },
      "geometry": {
        "type": "MultiLineString",
        "coordinates": [
          [
            [
              52.1991289,
              20.8670759
            ],
            [
              52.1991062,
              20.8668782
            ],
            [
              52.19909,
              20.8667294
            ],
            [
              52.1990552,
              20.8663959
            ],
            [
              52.1990301,
              20.8661558
            ],
            [
              52.1989569,
              20.8654264
            ],
            [
              52.1989338,
              20.8651041
            ],
            [
              52.1989274,
              20.8650346
            ],
            [
              52.1989062,
              20.8648026
            ],
            [
              52.198894,
              20.8646349
            ],
            [
              52.1988795,
              20.8644351
            ],
            [
              52.1988732,
              20.8643481
            ],
            [
              52.198853,
              20.8639455
            ],
            [
              52.1988439,
              20.8637635
            ],
            [
              52.1988379,
              20.8636259
            ],
            [
              52.1988274,
              20.8634001
            ],
            [
              52.1988176,
              20.8631888
            ],
            [
              52.1988044,
              20.862905
            ],
            [
              52.1987982,
              20.8627719
            ],
            [
              52.1987832,
              20.8624473
            ],
            [
              52.1987791,
              20.8623594
            ],
            [
              52.1987641,
              20.8620371
            ],
            [
              52.1987617,
              20.8619865
            ],
            [
              52.1987585,
              20.8619156
            ],
            [
              52.1987475,
              20.8616801
            ],
            [
              52.1987328,
              20.8613629
            ],
            [
              52.198726,
              20.8612055
            ],
            [
              52.1987251,
              20.8611837
            ],
            [
              52.1987224,
              20.8609941
            ],
            [
              52.198723,
              20.8609752
            ],
            [
              52.1987273,
              20.8608362
            ],
            [
              52.1987445,
              20.8606772
            ],
            [
              52.1987615,
              20.8605203
            ],
            [
              52.1987735,
              20.8604089
            ],
            [
              52.1987907,
              20.8602528
            ],
            [
              52.1987972,
              20.8601978
            ],
            [
              52.198861,
              20.8597397
            ],
            [
              52.1988827,
              20.8595842
            ],
            [
              52.1989256,
              20.8592761
            ],
            [
              52.1989365,
              20.8591975
            ],
            [
              52.1989537,
              20.859074
            ],
            [
              52.1989625,
              20.8590109
            ],
            [
              52.1989709,
              20.8589506
            ],
            [
              52.1989955,
              20.8587643
            ],
            [
              52.1990486,
              20.8583503
            ],
            [
              52.1990633,
              20.8582184
            ],
            [
              52.1991091,
              20.8578439
            ],
            [
              52.1991338,
              20.857663
            ],
            [
              52.199169,
              20.857398
            ],
            [
              52.1992006,
              20.8571276
            ],
            [
              52.1992423,
              20.8568185
            ],
            [
              52.1993024,
              20.8564062
            ],
            [
              52.1994508,
              20.855415
            ],
            [
              52.199551,
              20.854746
            ],
            [
              52.199622,
              20.8542098
            ],
            [
              52.1996777,
              20.8533568
            ],
            [
              52.1997748,
              20.8518458
            ],
            [
              52.199781,
              20.8517506
            ]
          ]
        ]
      }
    },
    {
      "type": "Feature",
      "properties": {
        "name": "Stanisława Leszczyńskiego",
        "highway": "residential"
      },
      "geometry": {
        "type": "MultiLineString",
        "coordinates": [
          [
            [
              52.2040457,
              20.8533238
            ],
            [
              52.2040589,
              20.8534438
            ],
            [
              52.204072,
              20.8535626
            ],
            [
              52.2041012,
              20.8538574
            ],
            [
              52.2041894,
              20.8551564
            ],
            [
              52.204212,
              20.8554891
            ],
            [
              52.2043017,
              20.857137
            ],
            [
              52.2043613,
              20.8575212
            ],
            [
              52.2044385,
              20.858019
            ],
            [
              52.2044711,
              20.8582293
            ],
            [
              52.2044996,
              20.8584
            ],
            [
              52.2045485,
              20.8586938
            ],
            [
              52.2046455,
              20.8592758
            ]
          ],
          [
            [
              52.2063296,
              20.8696966
            ],
            [
              52.2063499,
              20.8697481
            ],
            [
              52.2064787,
              20.8700744
            ]
          ],
          [
            [
              52.2061465,
              20.8690177
            ],
            [
              52.2061708,
              20.8691534
            ],
            [
              52.2061978,
              20.8692817
            ],
            [
              52.2062145,
              20.869347
            ],
            [
              52.2062271,
              20.8694024
            ]
          ],
          [
            [
              52.2062271,
              20.8694024
            ],
            [
              52.2062394,
              20.8694492
            ],
            [
              52.2062602,
              20.869515
            ],
            [
              52.206281,
              20.8695778
            ]
          ],
          [
            [
              52.206281,
              20.8695778
            ],
            [
              52.2063296,
              20.8696966
            ]
          ],
          [
            [
              52.2056218,
              20.8655439
            ],
            [
              52.2056449,
              20.8656967
            ],
            [
              52.2056845,
              20.8659581
            ]
          ],
          [
            [
              52.2056845,
              20.8659581
            ],
            [
              52.205753,
              20.8664017
            ],
            [
              52.205815,
              20.8667947
            ],
            [
              52.205831,
              20.8668981
            ],
            [
              52.205893,
              20.8672986
            ]
          ],
          [
            [
              52.205893,
              20.8672986
            ],
            [
              52.2059496,
              20.8676825
            ],
            [
              52.2060034,
              20.8680473
            ],
            [
              52.2060104,
              20.8680949
            ],
            [
              52.2061465,
              20.8690177
            ]
          ],
          [
            [
              52.2053707,
              20.8639324
            ],
            [
              52.2054106,
              20.8641882
            ],
            [
              52.205417,
              20.8642293
            ],
            [
              52.2054211,
              20.8642554
            ],
            [
              52.205449,
              20.8644348
            ],
            [
              52.2054629,
              20.8645241
            ],
            [
              52.2054682,
              20.8645583
            ],
            [
              52.205485,
              20.8646658
            ],
            [
              52.2054981,
              20.8647497
            ],
            [
              52.2055168,
              20.86487
            ],
            [
              52.2055372,
              20.865001
            ],
            [
              52.2056218,
              20.8655439
            ]
          ],
          [
            [
              52.2051219,
              20.8623481
            ],
            [
              52.2051249,
              20.8623672
            ],
            [
              52.205144,
              20.8624979
            ],
            [
              52.2051559,
              20.8625644
            ],
            [
              52.2051736,
              20.8626771
            ],
            [
              52.2051847,
              20.8627475
            ],
            [
              52.205196,
              20.8628197
            ],
            [
              52.2052055,
              20.8628803
            ],
            [
              52.2052412,
              20.8631075
            ],
            [
              52.2052504,
              20.8631663
            ],
            [
              52.2052697,
              20.8632891
            ],
            [
              52.2052825,
              20.8633711
            ],
            [
              52.2052853,
              20.8633889
            ],
            [
              52.2053089,
              20.8635386
            ],
            [
              52.2053338,
              20.8636977
            ],
            [
              52.2053587,
              20.8638562
            ],
            [
              52.2053707,
              20.8639324
            ]
          ],
          [
            [
              52.2050666,
              20.861995
            ],
            [
              52.2050716,
              20.862027
            ],
            [
              52.2051219,
              20.8623481
            ]
          ],
          [
            [
              52.2048713,
              20.8607679
            ],
            [
              52.2048813,
              20.860831
            ],
            [
              52.2049258,
              20.8611087
            ],
            [
              52.2049363,
              20.861174
            ],
            [
              52.2049694,
              20.8613803
            ],
            [
              52.2049865,
              20.8614893
            ],
            [
              52.2050071,
              20.8616213
            ],
            [
              52.205019,
              20.8616963
            ],
            [
              52.2050666,
              20.861995
            ]
          ],
          [
            [
              52.2046455,
              20.8592758
            ],
            [
              52.2046617,
              20.8593826
            ],
            [
              52.2046961,
              20.8596346
            ],
            [
              52.2047008,
              20.8596691
            ],
            [
              52.2047326,
              20.8598772
            ],
            [
              52.2047474,
              20.8599745
            ],
            [
              52.2047687,
              20.8601092
            ],
            [
              52.2047881,
              20.8602334
            ],
            [
              52.2048059,
              20.8603475
            ],
            [
              52.204868,
              20.8607458
            ],
            [
              52.2048713,
              20.8607679
            ]
          ]
        ]
      }
    },
    {
      "type": "Feature",
      "properties": {
        "name": "Aleja Polskiej Organizacji Wojskowej",
        "highway": "motorway"
      },
      "geometry": {
        "type": "MultiLineString",
        "coordinates": [
          [
            [
              52.1949651,
              20.8540868
            ],
            [
              52.1958134,
              20.8531241
            ],
            [
              52.1963181,
              20.8525564
            ]
          ],
          [
            [
              52.1923747,
              20.8572221
            ],
            [
              52.1925266,
              20.8570162
            ]
          ],
          [
            [
              52.1894177,
              20.8627963
            ],
            [
              52.1897584,
              20.8620509
            ],
            [
              52.1901199,
              20.8613109
            ],
            [
              52.1904285,
              20.8607015
            ],
            [
              52.1907458,
              20.8601088
            ],
            [
              52.1912593,
              20.8592178
            ],
            [
              52.1918321,
              20.8583057
            ],
            [
              52.1924613,
              20.8573948
            ]
          ],
          [
            [
              52.1893465,
              20.8625778
            ],
            [
              52.189679,
              20.8618599
            ],
            [
              52.1900197,
              20.8611476
            ],
            [
              52.1904587,
              20.8602999
            ],
            [
              52.1907935,
              20.859693
            ],
            [
              52.1911405,
              20.8590922
            ],
            [
              52.1917248,
              20.8581652
            ],
            [
              52.1920069,
              20.8577456
            ],
            [
              52.1923747,
              20.8572221
            ]
          ],
          [
            [
              52.1924613,
              20.8573948
            ],
            [
              52.1926096,
              20.8571974
            ]
          ],
          [
            [
              52.1926096,
              20.8571974
            ],
            [
              52.1930576,
              20.8566389
            ],
            [
              52.1934899,
              20.856087
            ],
            [
              52.1939873,
              20.8555115
            ],
            [
              52.194691,
              20.8547027
            ],
            [
              52.1953974,
              20.8538747
            ]
          ],
          [
            [
              52.182567,
              20.8789958
            ],
            [
              52.1831635,
              20.8775919
            ],
            [
              52.1841774,
              20.8752186
            ],
            [
              52.1849137,
              20.8734448
            ],
            [
              52.1856457,
              20.871696
            ]
          ],
          [
            [
              52.1857352,
              20.8714851
            ],
            [
              52.1870224,
              20.8684199
            ],
            [
              52.1882938,
              20.8654183
            ]
          ],
          [
            [
              52.1823914,
              20.8788248
            ],
            [
              52.1825445,
              20.8784763
            ]
          ],
          [
            [
              52.1825445,
              20.8784763
            ],
            [
              52.1829896,
              20.8774253
            ],
            [
              52.1839825,
              20.8750923
            ],
            [
              52.1847833,
              20.873267
            ],
            [
              52.1855097,
              20.8715691
            ]
          ],
          [
            [
              52.1855973,
              20.8713561
            ],
            [
              52.1869131,
              20.8682645
            ],
            [
              52.1882203,
              20.8651847
            ]
          ],
          [
            [
              52.1856457,
              20.871696
            ],
            [
              52.1857352,
              20.8714851
            ]
          ],
          [
            [
              52.1824153,
              20.8793562
            ],
            [
              52.182567,
              20.8789958
            ]
          ],
          [
            [
              52.1855097,
              20.8715691
            ],
            [
              52.1855973,
              20.8713561
            ]
          ],
          [
            [
              52.1925266,
              20.8570162
            ],
            [
              52.1929506,
              20.8564612
            ],
            [
              52.1934096,
              20.8558958
            ],
            [
              52.1938276,
              20.8554001
            ],
            [
              52.1944948,
              20.8546297
            ],
            [
              52.1949651,
              20.8540868
            ]
          ],
          [
            [
              52.1953974,
              20.8538747
            ],
            [
              52.1959176,
              20.8532827
            ],
            [
              52.196423,
              20.8527456
            ]
          ]
        ]
      }
    },
    {
      "type": "Feature",
      "properties": {
        "name": "Balbinki",
        "highway": "residential"
      },
      "geometry": {
        "type": "MultiLineString",
        "coordinates": [
          [
            [
              52.1918891,
              20.8955557
            ],
            [
              52.19195,
              20.8956142
            ],
            [
              52.1921622,
              20.8958158
            ],
            [
              52.1924144,
              20.8960554
            ],
            [
              52.1924027,
              20.8961026
            ],
            [
              52.1921627,
              20.8970696
            ],
            [
              52.1920599,
              20.8973653
            ]
          ]
        ]
      }
    },
    {
      "type": "Feature",
      "properties": {
        "name": "Apartamentowa",
        "highway": "residential"
      },
      "geometry": {
        "type": "MultiLineString",
        "coordinates": [
          [
            [
              52.1935004,
              20.9091408
            ],
            [
              52.1935193,
              20.9090761
            ],
            [
              52.1937512,
              20.9082823
            ],
            [
              52.1938211,
              20.908043
            ],
            [
              52.1938661,
              20.907889
            ],
            [
              52.1939514,
              20.907597
            ],
            [
              52.1940296,
              20.9073295
            ],
            [
              52.1940643,
              20.9072107
            ],
            [
              52.1940834,
              20.9071454
            ],
            [
              52.19419,
              20.9067806
            ],
            [
              52.194223,
              20.9066674
            ],
            [
              52.194289,
              20.9064415
            ],
            [
              52.1944373,
              20.9059341
            ],
            [
              52.1945296,
              20.9056182
            ],
            [
              52.1945856,
              20.9054264
            ],
            [
              52.1946476,
              20.905214
            ],
            [
              52.1947697,
              20.9047963
            ]
          ],
          [
            [
              52.1947697,
              20.9047963
            ],
            [
              52.194782,
              20.904754
            ],
            [
              52.194828,
              20.9045968
            ]
          ]
        ]
      }
    },
    {
      "type": "Feature",
      "properties": {
        "name": "Wysoczyńska",
        "highway": "residential"
      },
      "geometry": {
        "type": "MultiLineString",
        "coordinates": [
          [
            [
              52.1906917,
              20.8766993
            ],
            [
              52.1907751,
              20.8765646
            ],
            [
              52.1908125,
              20.8765226
            ],
            [
              52.1908554,
              20.8765055
            ],
            [
              52.1911176,
              20.8764925
            ],
            [
              52.1920303,
              20.8764474
            ],
            [
              52.1929174,
              20.8764101
            ],
            [
              52.1934798,
              20.8763939
            ]
          ]
        ]
      }
    },
    {
      "type": "Feature",
      "properties": {
        "name": "Kazimierza Pużaka",
        "highway": "tertiary"
      },
      "geometry": {
        "type": "MultiLineString",
        "coordinates": [
          [
            [
              52.1899163,
              20.8890858
            ],
            [
              52.1899536,
              20.8892607
            ],
            [
              52.1900833,
              20.8898606
            ],
            [
              52.1901241,
              20.8901097
            ]
          ],
          [
            [
              52.1901241,
              20.8901097
            ],
            [
              52.1903262,
              20.8910555
            ]
          ],
          [
            [
              52.1903262,
              20.8910555
            ],
            [
              52.1903375,
              20.8911092
            ],
            [
              52.1903773,
              20.8912979
            ],
            [
              52.1904138,
              20.8914237
            ],
            [
              52.190433,
              20.8914898
            ],
            [
              52.1905768,
              20.8918572
            ],
            [
              52.1906816,
              20.8921248
            ],
            [
              52.1908214,
              20.8924819
            ],
            [
              52.190875,
              20.8926175
            ]
          ],
          [
            [
              52.190875,
              20.8926175
            ],
            [
              52.1909421,
              20.8927905
            ],
            [
              52.191024,
              20.8929862
            ]
          ]
        ]
      }
    },
    {
      "type": "Feature",
      "properties": {
        "name": "Walerego Sławka",
        "highway": "tertiary"
      },
      "geometry": {
        "type": "MultiLineString",
        "coordinates": [
          [
            [
              52.1923306,
              20.8943982
            ],
            [
              52.1924054,
              20.8944715
            ],
            [
              52.1930786,
              20.8951327
            ],
            [
              52.193227,
              20.8952826
            ]
          ],
          [
            [
              52.193227,
              20.8952826
            ],
            [
              52.1932866,
              20.8953416
            ],
            [
              52.1934922,
              20.8955454
            ],
            [
              52.193623,
              20.895675
            ],
            [
              52.1937519,
              20.8958028
            ],
            [
              52.1937968,
              20.8958472
            ],
            [
              52.1939468,
              20.8959686
            ],
            [
              52.1939984,
              20.896009
            ],
            [
              52.1940535,
              20.8960391
            ],
            [
              52.1941568,
              20.8960827
            ],
            [
              52.1942808,
              20.8961209
            ],
            [
              52.1948106,
              20.8962583
            ],
            [
              52.1951788,
              20.896362
            ],
            [
              52.195289,
              20.8963887
            ]
          ],
          [
            [
              52.191024,
              20.8929862
            ],
            [
              52.1911199,
              20.8931566
            ],
            [
              52.1912096,
              20.8932606
            ],
            [
              52.192228,
              20.8942979
            ],
            [
              52.1923306,
              20.8943982
            ]
          ],
          [
            [
              52.195289,
              20.8963887
            ],
            [
              52.1959696,
              20.896577
            ],
            [
              52.1960346,
              20.8965941
            ],
            [
              52.1961503,
              20.896632
            ]
          ]
        ]
      }
    },
    {
      "type": "Feature",
      "properties": {
        "name": "Aleja 4 Czerwca 1989 r.",
        "highway": "secondary"
      },
      "geometry": {
        "type": "MultiLineString",
        "coordinates": [
          [
            [
              52.188714,
              20.9162218
            ],
            [
              52.1891295,
              20.9159906
            ]
          ],
          [
            [
              52.1883008,
              20.9161963
            ],
            [
              52.1886639,
              20.9160124
            ]
          ],
          [
            [
              52.1886639,
              20.9160124
            ],
            [
              52.1890889,
              20.9157878
            ]
          ],
          [
            [
              52.1891295,
              20.9159906
            ],
            [
              52.1895689,
              20.9157728
            ]
          ],
          [
            [
              52.1896481,
              20.9155141
            ],
            [
              52.1901465,
              20.9152809
            ]
          ],
          [
            [
              52.1907604,
              20.9151872
            ],
            [
              52.1908735,
              20.9151376
            ],
            [
              52.1914819,
              20.9148389
            ],
            [
              52.1917861,
              20.9146886
            ]
          ],
          [
            [
              52.2026472,
              20.8957862
            ],
            [
              52.2028404,
              20.8953259
            ],
            [
              52.2031249,
              20.8947242
            ]
          ],
          [
            [
              52.200328,
              20.9001122
            ],
            [
              52.2004548,
              20.8999213
            ],
            [
              52.200564,
              20.8997508
            ],
            [
              52.2006689,
              20.8995787
            ],
            [
              52.2008624,
              20.89924
            ],
            [
              52.2010625,
              20.8988635
            ],
            [
              52.2011285,
              20.8987336
            ],
            [
              52.2012795,
              20.8984129
            ],
            [
              52.2016001,
              20.8977113
            ]
          ],
          [
            [
              52.2044779,
              20.8923707
            ],
            [
              52.2048495,
              20.8920335
            ]
          ],
          [
            [
              52.2043433,
              20.8927303
            ],
            [
              52.2045247,
              20.8925294
            ],
            [
              52.2047764,
              20.8922847
            ]
          ],
          [
            [
              52.2031764,
              20.8943651
            ],
            [
              52.2034072,
              20.8938984
            ],
            [
              52.203597,
              20.8935627
            ],
            [
              52.2037891,
              20.8932546
            ],
            [
              52.2040008,
              20.8929418
            ],
            [
              52.2042268,
              20.8926502
            ],
            [
              52.2043463,
              20.8925071
            ],
            [
              52.2044779,
              20.8923707
            ]
          ],
          [
            [
              52.200401,
              20.9002423
            ],
            [
              52.2005328,
              20.9000432
            ],
            [
              52.2006467,
              20.8998666
            ],
            [
              52.200755,
              20.8996921
            ],
            [
              52.2009597,
              20.899337
            ],
            [
              52.2011584,
              20.8989628
            ],
            [
              52.2012141,
              20.8988461
            ]
          ],
          [
            [
              52.195065,
              20.9100819
            ],
            [
              52.1951672,
              20.909893
            ],
            [
              52.1951922,
              20.9098458
            ],
            [
              52.1954324,
              20.9093536
            ],
            [
              52.1968982,
              20.9064737
            ]
          ],
          [
            [
              52.1914643,
              20.9146672
            ],
            [
              52.1918416,
              20.9144904
            ],
            [
              52.1920283,
              20.9143948
            ],
            [
              52.1922301,
              20.9142792
            ],
            [
              52.1924158,
              20.9141537
            ],
            [
              52.1925676,
              20.9140389
            ],
            [
              52.1927226,
              20.9139065
            ],
            [
              52.1928616,
              20.9137693
            ],
            [
              52.1930213,
              20.9135923
            ],
            [
              52.1931545,
              20.9134192
            ],
            [
              52.1932601,
              20.9132671
            ],
            [
              52.1933855,
              20.9130722
            ],
            [
              52.1935035,
              20.9128676
            ],
            [
              52.1936129,
              20.9126727
            ],
            [
              52.1943061,
              20.911296
            ]
          ],
          [
            [
              52.2016884,
              20.8978189
            ],
            [
              52.2023465,
              20.8963992
            ],
            [
              52.2023714,
              20.8963434
            ],
            [
              52.2023981,
              20.8962868
            ],
            [
              52.2024993,
              20.8961126
            ]
          ],
          [
            [
              52.2023841,
              20.8960318
            ],
            [
              52.2024464,
              20.895902
            ]
          ],
          [
            [
              52.20218,
              20.8964606
            ],
            [
              52.2022849,
              20.8962389
            ],
            [
              52.2023125,
              20.8961819
            ],
            [
              52.2023841,
              20.8960318
            ]
          ],
          [
            [
              52.2024993,
              20.8961126
            ],
            [
              52.2025511,
              20.8960079
            ]
          ],
          [
            [
              52.2016001,
              20.8977113
            ],
            [
              52.2020564,
              20.8967325
            ],
            [
              52.20218,
              20.8964606
            ]
          ],
          [
            [
              52.1948886,
              20.9101181
            ],
            [
              52.1949514,
              20.9099969
            ],
            [
              52.1950544,
              20.9097981
            ],
            [
              52.1950786,
              20.9097495
            ],
            [
              52.1951055,
              20.9096992
            ],
            [
              52.1953857,
              20.9091755
            ]
          ],
          [
            [
              52.1977047,
              20.9045566
            ],
            [
              52.1978671,
              20.9042307
            ],
            [
              52.1978852,
              20.9041948
            ],
            [
              52.19856,
              20.9028697
            ],
            [
              52.1986533,
              20.9026858
            ],
            [
              52.1989675,
              20.9021577
            ]
          ],
          [
            [
              52.1890889,
              20.9157878
            ],
            [
              52.1896481,
              20.9155141
            ]
          ],
          [
            [
              52.1901465,
              20.9152809
            ],
            [
              52.1906465,
              20.9150385
            ],
            [
              52.1910224,
              20.9148678
            ]
          ],
          [
            [
              52.1895689,
              20.9157728
            ],
            [
              52.1901574,
              20.91547
            ],
            [
              52.1907604,
              20.9151872
            ]
          ],
          [
            [
              52.1942821,
              20.9116712
            ],
            [
              52.1943788,
              20.9114889
            ],
            [
              52.1948317,
              20.9105289
            ],
            [
              52.1948563,
              20.9104768
            ],
            [
              52.1948805,
              20.9104288
            ],
            [
              52.1949991,
              20.9102036
            ]
          ],
          [
            [
              52.1917861,
              20.9146886
            ],
            [
              52.1919203,
              20.9146223
            ],
            [
              52.1920597,
              20.9145495
            ],
            [
              52.1922684,
              20.9144316
            ],
            [
              52.1924681,
              20.9143011
            ],
            [
              52.1926028,
              20.9142017
            ],
            [
              52.1927644,
              20.914066
            ],
            [
              52.1929085,
              20.9139227
            ],
            [
              52.1930959,
              20.9137153
            ],
            [
              52.1932308,
              20.9135365
            ],
            [
              52.1933445,
              20.9133767
            ],
            [
              52.1934643,
              20.9131916
            ],
            [
              52.1935819,
              20.9129919
            ],
            [
              52.1937024,
              20.9127691
            ],
            [
              52.1942821,
              20.9116712
            ]
          ],
          [
            [
              52.1885324,
              20.9163381
            ],
            [
              52.188714,
              20.9162218
            ]
          ],
          [
            [
              52.1970945,
              20.9057779
            ],
            [
              52.1971611,
              20.9056439
            ],
            [
              52.1975079,
              20.9049461
            ],
            [
              52.1977047,
              20.9045566
            ]
          ],
          [
            [
              52.1953857,
              20.9091755
            ],
            [
              52.1958356,
              20.9082799
            ]
          ],
          [
            [
              52.1910224,
              20.9148678
            ],
            [
              52.1914643,
              20.9146672
            ]
          ],
          [
            [
              52.1968982,
              20.9064737
            ],
            [
              52.1971062,
              20.906065
            ],
            [
              52.197195,
              20.9058905
            ]
          ],
          [
            [
              52.1958356,
              20.9082799
            ],
            [
              52.1967719,
              20.9064158
            ],
            [
              52.1970945,
              20.9057779
            ]
          ],
          [
            [
              52.197195,
              20.9058905
            ],
            [
              52.1976583,
              20.9049479
            ],
            [
              52.1977937,
              20.9046709
            ]
          ],
          [
            [
              52.1977937,
              20.9046709
            ],
            [
              52.1979649,
              20.9043207
            ],
            [
              52.1982438,
              20.9037436
            ]
          ],
          [
            [
              52.1943061,
              20.911296
            ],
            [
              52.1945197,
              20.9108602
            ],
            [
              52.1947514,
              20.9103823
            ],
            [
              52.1947759,
              20.9103347
            ]
          ],
          [
            [
              52.2024464,
              20.895902
            ],
            [
              52.2025273,
              20.8957147
            ],
            [
              52.2025528,
              20.8956579
            ],
            [
              52.2025812,
              20.895599
            ],
            [
              52.2031764,
              20.8943651
            ]
          ],
          [
            [
              52.2031249,
              20.8947242
            ],
            [
              52.2034261,
              20.894127
            ],
            [
              52.2036246,
              20.8937733
            ],
            [
              52.2038389,
              20.8934189
            ],
            [
              52.2039873,
              20.8931949
            ],
            [
              52.2041449,
              20.892974
            ],
            [
              52.2043433,
              20.8927303
            ]
          ],
          [
            [
              52.1949991,
              20.9102036
            ],
            [
              52.195065,
              20.9100819
            ]
          ],
          [
            [
              52.2012141,
              20.8988461
            ],
            [
              52.2013752,
              20.8985034
            ],
            [
              52.2016884,
              20.8978189
            ]
          ],
          [
            [
              52.2025511,
              20.8960079
            ],
            [
              52.2026254,
              20.8958386
            ],
            [
              52.2026472,
              20.8957862
            ]
          ],
          [
            [
              52.1947759,
              20.9103347
            ],
            [
              52.1948886,
              20.9101181
            ]
          ]
        ]
      }
    },
    {
      "type": "Feature",
      "properties": {
        "name": "Konińska",
        "highway": "residential"
      },
      "geometry": {
        "type": "MultiLineString",
        "coordinates": [
          [
            [
              52.194003,
              20.8958151
            ],
            [
              52.1940129,
              20.8957886
            ],
            [
              52.1940425,
              20.8957089
            ],
            [
              52.1942216,
              20.895227
            ],
            [
              52.1943311,
              20.8949321
            ],
            [
              52.1944399,
              20.8946398
            ],
            [
              52.1946631,
              20.8940389
            ],
            [
              52.1947131,
              20.8939045
            ],
            [
              52.194759,
              20.893781
            ],
            [
              52.194854,
              20.8935246
            ],
            [
              52.1948783,
              20.8934084
            ],
            [
              52.1948858,
              20.8933722
            ],
            [
              52.1949592,
              20.8929233
            ],
            [
              52.1949914,
              20.8927261
            ],
            [
              52.1950094,
              20.8926163
            ]
          ],
          [
            [
              52.1939468,
              20.8959686
            ],
            [
              52.194003,
              20.8958151
            ]
          ]
        ]
      }
    },
    {
      "type": "Feature",
      "properties": {
        "name": "Dzieci Warszawy",
        "highway": "residential"
      },
      "geometry": {
        "type": "MultiLineString",
        "coordinates": [
          [
            [
              52.1977247,
              20.891547
            ],
            [
              52.197767,
              20.8914123
            ],
            [
              52.1978092,
              20.8913125
            ],
            [
              52.1978479,
              20.8912209
            ],
            [
              52.1978942,
              20.891058
            ],
            [
              52.197946,
              20.8908762
            ],
            [
              52.198002,
              20.8906794
            ],
            [
              52.1980121,
              20.8906438
            ],
            [
              52.1980436,
              20.8905333
            ]
          ],
          [
            [
              52.1938716,
              20.902752
            ],
            [
              52.1940284,
              20.9022409
            ],
            [
              52.1942511,
              20.9015148
            ],
            [
              52.1943173,
              20.9013216
            ],
            [
              52.1943357,
              20.9012595
            ],
            [
              52.1943949,
              20.9010928
            ],
            [
              52.1944282,
              20.9010083
            ],
            [
              52.1944534,
              20.9009443
            ],
            [
              52.1947471,
              20.9001982
            ],
            [
              52.194799,
              20.9000665
            ],
            [
              52.1949808,
              20.8996048
            ],
            [
              52.1950123,
              20.8995261
            ],
            [
              52.1951925,
              20.8990671
            ],
            [
              52.195215,
              20.89901
            ],
            [
              52.1952688,
              20.8988732
            ],
            [
              52.1956191,
              20.8979835
            ],
            [
              52.1957279,
              20.8977071
            ]
          ],
          [
            [
              52.1902291,
              20.9148052
            ],
            [
              52.1902359,
              20.9147833
            ],
            [
              52.1903141,
              20.9145377
            ],
            [
              52.1904191,
              20.9141724
            ],
            [
              52.1904794,
              20.9139776
            ],
            [
              52.190569,
              20.9136879
            ],
            [
              52.190692,
              20.9132904
            ],
            [
              52.1906966,
              20.9132755
            ],
            [
              52.190766,
              20.9130511
            ],
            [
              52.1908234,
              20.9128657
            ],
            [
              52.1908765,
              20.912694
            ],
            [
              52.19101,
              20.9122625
            ],
            [
              52.1910312,
              20.9121896
            ],
            [
              52.191069,
              20.9120597
            ],
            [
              52.1911246,
              20.911867
            ],
            [
              52.1911858,
              20.91166
            ],
            [
              52.1912911,
              20.9113116
            ],
            [
              52.1913601,
              20.9110831
            ],
            [
              52.1913844,
              20.9110028
            ],
            [
              52.1914484,
              20.9107908
            ]
          ],
          [
            [
              52.1930509,
              20.9054275
            ],
            [
              52.1930902,
              20.9052993
            ],
            [
              52.1934282,
              20.9041973
            ]
          ],
          [
            [
              52.1919447,
              20.9091445
            ],
            [
              52.1921018,
              20.9085946
            ],
            [
              52.1921559,
              20.9084054
            ],
            [
              52.1921742,
              20.9083415
            ],
            [
              52.1922158,
              20.9081956
            ]
          ],
          [
            [
              52.1922952,
              20.9079192
            ],
            [
              52.1924309,
              20.9074524
            ],
            [
              52.1924383,
              20.9074272
            ],
            [
              52.1924536,
              20.9073747
            ]
          ],
          [
            [
              52.1926996,
              20.9065726
            ],
            [
              52.1928949,
              20.9059358
            ]
          ],
          [
            [
              52.1928949,
              20.9059358
            ],
            [
              52.1930174,
              20.9055367
            ]
          ],
          [
            [
              52.192571,
              20.9069919
            ],
            [
              52.1926996,
              20.9065726
            ]
          ],
          [
            [
              52.19703,
              20.8940792
            ],
            [
              52.1971267,
              20.8937256
            ],
            [
              52.1971396,
              20.893679
            ],
            [
              52.1971874,
              20.8935043
            ],
            [
              52.1972975,
              20.8931022
            ],
            [
              52.1973302,
              20.892984
            ],
            [
              52.1973676,
              20.8928488
            ],
            [
              52.1976376,
              20.8918756
            ],
            [
              52.1976879,
              20.8916849
            ]
          ],
          [
            [
              52.1917721,
              20.9097173
            ],
            [
              52.1917838,
              20.9096785
            ],
            [
              52.1918254,
              20.9095405
            ],
            [
              52.1918677,
              20.9094
            ],
            [
              52.1919026,
              20.9092841
            ]
          ],
          [
            [
              52.1914484,
              20.9107908
            ],
            [
              52.1914587,
              20.9107571
            ],
            [
              52.1915072,
              20.9105964
            ],
            [
              52.1915462,
              20.9104668
            ]
          ],
          [
            [
              52.1915462,
              20.9104668
            ],
            [
              52.1915534,
              20.9104431
            ],
            [
              52.1916492,
              20.9101251
            ],
            [
              52.1916563,
              20.9101016
            ],
            [
              52.1917482,
              20.9097966
            ],
            [
              52.1917721,
              20.9097173
            ]
          ],
          [
            [
              52.1919026,
              20.9092841
            ],
            [
              52.1919447,
              20.9091445
            ]
          ],
          [
            [
              52.1924536,
              20.9073747
            ],
            [
              52.1925088,
              20.9071946
            ],
            [
              52.192571,
              20.9069919
            ]
          ],
          [
            [
              52.1922158,
              20.9081956
            ],
            [
              52.1922572,
              20.9080497
            ],
            [
              52.1922776,
              20.9079796
            ],
            [
              52.1922952,
              20.9079192
            ]
          ],
          [
            [
              52.1930174,
              20.9055367
            ],
            [
              52.1930509,
              20.9054275
            ]
          ],
          [
            [
              52.1935162,
              20.9039106
            ],
            [
              52.1935572,
              20.9037768
            ],
            [
              52.1936155,
              20.9035869
            ],
            [
              52.1936496,
              20.903476
            ]
          ],
          [
            [
              52.1936496,
              20.903476
            ],
            [
              52.19366,
              20.9034419
            ],
            [
              52.1936944,
              20.9033297
            ],
            [
              52.1937606,
              20.9031137
            ]
          ],
          [
            [
              52.1937606,
              20.9031137
            ],
            [
              52.1938213,
              20.9029161
            ],
            [
              52.1938324,
              20.9028796
            ],
            [
              52.193857,
              20.9027996
            ],
            [
              52.1938605,
              20.9027881
            ],
            [
              52.1938716,
              20.902752
            ]
          ],
          [
            [
              52.1962876,
              20.8962807
            ],
            [
              52.196422,
              20.8959318
            ]
          ],
          [
            [
              52.196469,
              20.8958097
            ],
            [
              52.1964936,
              20.8957458
            ]
          ],
          [
            [
              52.1961503,
              20.896632
            ],
            [
              52.1962193,
              20.8964584
            ],
            [
              52.1962402,
              20.8964039
            ],
            [
              52.1962876,
              20.8962807
            ]
          ],
          [
            [
              52.1964936,
              20.8957458
            ],
            [
              52.1967125,
              20.8951772
            ],
            [
              52.1967625,
              20.8950226
            ]
          ],
          [
            [
              52.1967932,
              20.8949188
            ],
            [
              52.1968791,
              20.894629
            ],
            [
              52.1969238,
              20.8944672
            ],
            [
              52.1969599,
              20.8943352
            ]
          ],
          [
            [
              52.1967625,
              20.8950226
            ],
            [
              52.1967932,
              20.8949188
            ]
          ],
          [
            [
              52.1969599,
              20.8943352
            ],
            [
              52.1969906,
              20.8942232
            ],
            [
              52.19703,
              20.8940792
            ]
          ],
          [
            [
              52.1976879,
              20.8916849
            ],
            [
              52.1977221,
              20.8915554
            ],
            [
              52.1977247,
              20.891547
            ]
          ],
          [
            [
              52.1934282,
              20.9041973
            ],
            [
              52.1935162,
              20.9039106
            ]
          ],
          [
            [
              52.196422,
              20.8959318
            ],
            [
              52.196469,
              20.8958097
            ]
          ],
          [
            [
              52.1957279,
              20.8977071
            ],
            [
              52.195773,
              20.897594
            ],
            [
              52.1958605,
              20.8973716
            ],
            [
              52.195915,
              20.8972305
            ],
            [
              52.1960047,
              20.8970041
            ],
            [
              52.1960237,
              20.8969557
            ],
            [
              52.1961503,
              20.896632
            ]
          ]
        ]
      }
    },
    {
      "type": "Feature",
      "properties": {
        "name": "Jana Marcina Szancera",
        "highway": "residential"
      },
      "geometry": {
        "type": "MultiLineString",
        "coordinates": [
          [
            [
              52.1939071,
              20.8965378
            ],
            [
              52.1938706,
              20.8967322
            ],
            [
              52.1937952,
              20.897133
            ],
            [
              52.1937278,
              20.897496
            ],
            [
              52.1937108,
              20.8975831
            ],
            [
              52.1937059,
              20.8976083
            ],
            [
              52.1940602,
              20.897956
            ],
            [
              52.1948026,
              20.8986839
            ],
            [
              52.1951206,
              20.8989959
            ],
            [
              52.1951925,
              20.8990671
            ]
          ]
        ]
      }
    },
    {
      "type": "Feature",
      "properties": {
        "name": "Orderu Uśmiechu",
        "highway": "residential"
      },
      "geometry": {
        "type": "MultiLineString",
        "coordinates": [
          [
            [
              52.1952639,
              20.8877931
            ],
            [
              52.1958411,
              20.8873026
            ],
            [
              52.1959065,
              20.8872451
            ]
          ]
        ]
      }
    },
    {
      "type": "Feature",
      "properties": {
        "name": "Henryka Rodakowskiego",
        "highway": "residential"
      },
      "geometry": {
        "type": "MultiLineString",
        "coordinates": [
          [
            [
              52.1957159,
              20.8866444
            ],
            [
              52.1957906,
              20.8865747
            ],
            [
              52.195969,
              20.8864315
            ],
            [
              52.196082,
              20.8863353
            ],
            [
              52.1961886,
              20.8862526
            ],
            [
              52.1961966,
              20.8862458
            ],
            [
              52.1962652,
              20.8861873
            ],
            [
              52.1964297,
              20.8860473
            ],
            [
              52.1964753,
              20.8860084
            ]
          ]
        ]
      }
    },
    {
      "type": "Feature",
      "properties": {
        "name": "Władysława Hassa",
        "highway": "residential"
      },
      "geometry": {
        "type": "MultiLineString",
        "coordinates": [
          [
            [
              52.1881485,
              20.8977506
            ],
            [
              52.188184,
              20.8976482
            ],
            [
              52.188316,
              20.8972786
            ],
            [
              52.1884556,
              20.8968905
            ],
            [
              52.1885287,
              20.8966832
            ],
            [
              52.1888148,
              20.8958822
            ],
            [
              52.1888852,
              20.8956851
            ]
          ],
          [
            [
              52.1878242,
              20.8987008
            ],
            [
              52.1878732,
              20.8985557
            ],
            [
              52.1881043,
              20.8978719
            ],
            [
              52.1881485,
              20.8977506
            ]
          ],
          [
            [
              52.1888852,
              20.8956851
            ],
            [
              52.1892213,
              20.894796
            ],
            [
              52.1892522,
              20.8947147
            ]
          ]
        ]
      }
    },
    {
      "type": "Feature",
      "properties": {
        "name": "Kolorowa",
        "highway": "residential"
      },
      "geometry": {
        "type": "MultiLineString",
        "coordinates": [
          [
            [
              52.1881854,
              20.8900817
            ],
            [
              52.1882138,
              20.8902337
            ],
            [
              52.1884049,
              20.8911403
            ],
            [
              52.1885925,
              20.8919981
            ],
            [
              52.1886412,
              20.8921647
            ],
            [
              52.1886667,
              20.892222
            ],
            [
              52.1886913,
              20.8922641
            ],
            [
              52.188745,
              20.8923332
            ],
            [
              52.1889492,
              20.892531
            ],
            [
              52.1898973,
              20.8934493
            ],
            [
              52.1904928,
              20.8940261
            ],
            [
              52.1905606,
              20.8940918
            ],
            [
              52.1906418,
              20.8941725
            ],
            [
              52.1915354,
              20.8950611
            ],
            [
              52.1918302,
              20.8953542
            ],
            [
              52.1919295,
              20.8954472
            ]
          ]
        ]
      }
    },
    {
      "type": "Feature",
      "properties": {
        "name": "Skoroszytu",
        "highway": "living_street"
      },
      "geometry": {
        "type": "MultiLineString",
        "coordinates": [
          [
            [
              52.1898933,
              20.8727588
            ],
            [
              52.1899127,
              20.8738112
            ],
            [
              52.1924004,
              20.8737184
            ]
          ]
        ]
      }
    },
    {
      "type": "Feature",
      "properties": {
        "name": "Andrzeja Szomańskiego",
        "highway": "residential"
      },
      "geometry": {
        "type": "MultiLineString",
        "coordinates": [
          [
            [
              52.1839057,
              20.8769928
            ],
            [
              52.1842963,
              20.8769811
            ],
            [
              52.184358,
              20.8769792
            ],
            [
              52.1860429,
              20.8769264
            ],
            [
              52.1860833,
              20.8769251
            ],
            [
              52.1861275,
              20.8769232
            ],
            [
              52.1867221,
              20.8768976
            ],
            [
              52.1867598,
              20.8768957
            ],
            [
              52.1888724,
              20.8767907
            ],
            [
              52.1889072,
              20.876789
            ],
            [
              52.1889507,
              20.8767868
            ]
          ],
          [
            [
              52.1889507,
              20.8767868
            ],
            [
              52.1889933,
              20.8767844
            ],
            [
              52.1890249,
              20.8767826
            ],
            [
              52.1898026,
              20.8767487
            ],
            [
              52.1900074,
              20.8767398
            ],
            [
              52.1901464,
              20.876726
            ],
            [
              52.1902834,
              20.8767035
            ],
            [
              52.1904157,
              20.8766719
            ],
            [
              52.1904631,
              20.8766551
            ],
            [
              52.1905032,
              20.8766162
            ],
            [
              52.1905496,
              20.8765407
            ]
          ]
        ]
      }
    },
    {
      "type": "Feature",
      "properties": {
        "name": "II Armii Wojska Polskiego",
        "highway": "residential"
      },
      "geometry": {
        "type": "MultiLineString",
        "coordinates": [
          [
            [
              52.1830095,
              20.8793015
            ],
            [
              52.1830795,
              20.8792996
            ],
            [
              52.1843277,
              20.8792659
            ],
            [
              52.1861331,
              20.8791835
            ],
            [
              52.1867051,
              20.8791713
            ],
            [
              52.1867592,
              20.8791702
            ],
            [
              52.1867971,
              20.8791691
            ],
            [
              52.1889099,
              20.8791055
            ],
            [
              52.1889386,
              20.8791045
            ],
            [
              52.1889818,
              20.8791031
            ]
          ],
          [
            [
              52.1889818,
              20.8791031
            ],
            [
              52.1890272,
              20.8791014
            ],
            [
              52.1890602,
              20.8791001
            ],
            [
              52.1896938,
              20.8790761
            ],
            [
              52.1907086,
              20.8790377
            ],
            [
              52.1925099,
              20.8789772
            ],
            [
              52.1925617,
              20.8789372
            ],
            [
              52.1926186,
              20.8788932
            ]
          ]
        ]
      }
    },
    {
      "type": "Feature",
      "properties": {
        "name": "Aktorska",
        "highway": "residential"
      },
      "geometry": {
        "type": "MultiLineString",
        "coordinates": [
          [
            [
              52.1948793,
              20.8761027
            ],
            [
              52.1949,
              20.8762578
            ],
            [
              52.194947,
              20.8766103
            ],
            [
              52.1949488,
              20.8766243
            ],
            [
              52.1949656,
              20.8767498
            ],
            [
              52.1949963,
              20.8769801
            ],
            [
              52.1950031,
              20.877031
            ],
            [
              52.1950105,
              20.8770865
            ],
            [
              52.1950501,
              20.8773838
            ],
            [
              52.1950785,
              20.8775944
            ],
            [
              52.1950808,
              20.8776113
            ],
            [
              52.1950909,
              20.8776881
            ],
            [
              52.1951061,
              20.8778034
            ],
            [
              52.1951133,
              20.8778578
            ],
            [
              52.1951301,
              20.8779747
            ]
          ]
        ]
      }
    },
    {
      "type": "Feature",
      "properties": {
        "name": "Leszka Białego",
        "highway": "residential"
      },
      "geometry": {
        "type": "MultiLineString",
        "coordinates": [
          [
            [
              52.2066227,
              20.8596773
            ],
            [
              52.2066386,
              20.8598131
            ],
            [
              52.2066468,
              20.8598824
            ],
            [
              52.2066604,
              20.8599985
            ],
            [
              52.206669,
              20.8600718
            ],
            [
              52.2066945,
              20.8602883
            ],
            [
              52.2067062,
              20.8603667
            ],
            [
              52.2067687,
              20.8607841
            ],
            [
              52.2067703,
              20.8607968
            ],
            [
              52.2067776,
              20.860855
            ],
            [
              52.2067813,
              20.8608838
            ],
            [
              52.2068449,
              20.8613989
            ],
            [
              52.206845,
              20.8614626
            ],
            [
              52.2068579,
              20.8615671
            ],
            [
              52.2068736,
              20.8616948
            ],
            [
              52.2068849,
              20.8617865
            ],
            [
              52.2069448,
              20.8622739
            ],
            [
              52.206959,
              20.8623888
            ],
            [
              52.2069628,
              20.8624196
            ],
            [
              52.2069703,
              20.8624811
            ],
            [
              52.206992,
              20.8626575
            ],
            [
              52.2070005,
              20.8627261
            ],
            [
              52.2070211,
              20.8628939
            ],
            [
              52.2070275,
              20.8629459
            ],
            [
              52.2070653,
              20.863253
            ],
            [
              52.2070687,
              20.8632802
            ],
            [
              52.2070744,
              20.8633265
            ],
            [
              52.2070828,
              20.8633954
            ],
            [
              52.2070914,
              20.8634647
            ],
            [
              52.2070989,
              20.8635262
            ],
            [
              52.2071228,
              20.8637204
            ],
            [
              52.207156,
              20.8639904
            ],
            [
              52.2071744,
              20.8641395
            ],
            [
              52.2071959,
              20.8643143
            ],
            [
              52.2072037,
              20.8643775
            ],
            [
              52.2072115,
              20.8644416
            ],
            [
              52.2072186,
              20.8644992
            ],
            [
              52.2072292,
              20.8645854
            ],
            [
              52.207271,
              20.8649245
            ],
            [
              52.2072814,
              20.8650097
            ]
          ],
          [
            [
              52.2065672,
              20.8592053
            ],
            [
              52.2065758,
              20.8592782
            ],
            [
              52.2066227,
              20.8596773
            ]
          ]
        ]
      }
    },
    {
      "type": "Feature",
      "properties": {
        "name": "Zygmunta Augusta",
        "highway": "residential"
      },
      "geometry": {
        "type": "MultiLineString",
        "coordinates": [
          [
            [
              52.2033071,
              20.8646164
            ],
            [
              52.203347,
              20.864603
            ],
            [
              52.2034705,
              20.8645614
            ],
            [
              52.2036135,
              20.8645134
            ],
            [
              52.2037136,
              20.8644797
            ],
            [
              52.2037393,
              20.864471
            ],
            [
              52.203798,
              20.8644513
            ],
            [
              52.2038386,
              20.8644379
            ],
            [
              52.2038887,
              20.8644214
            ],
            [
              52.2040085,
              20.8643819
            ],
            [
              52.2040447,
              20.8643699
            ],
            [
              52.2040993,
              20.864352
            ],
            [
              52.204128,
              20.8643425
            ],
            [
              52.2041635,
              20.8643309
            ],
            [
              52.2041944,
              20.8643207
            ],
            [
              52.2042147,
              20.864314
            ],
            [
              52.2042496,
              20.8643025
            ],
            [
              52.204284,
              20.8642911
            ],
            [
              52.2044323,
              20.864242
            ],
            [
              52.2044961,
              20.864221
            ],
            [
              52.2045009,
              20.8642194
            ],
            [
              52.2047056,
              20.8641518
            ],
            [
              52.204895,
              20.8640893
            ],
            [
              52.2049388,
              20.8640749
            ],
            [
              52.2049706,
              20.8640643
            ],
            [
              52.2049876,
              20.8640588
            ],
            [
              52.2050377,
              20.8640422
            ],
            [
              52.2050793,
              20.8640285
            ],
            [
              52.205111,
              20.864018
            ],
            [
              52.205144,
              20.8640071
            ],
            [
              52.2053274,
              20.8639466
            ],
            [
              52.2053707,
              20.8639324
            ]
          ]
        ]
      }
    },
    {
      "type": "Feature",
      "properties": {
        "name": "Świętej Rodziny",
        "highway": "residential"
      },
      "geometry": {
        "type": "MultiLineString",
        "coordinates": [
          [
            [
              52.1988019,
              20.9018833
            ],
            [
              52.1988752,
              20.9020056
            ],
            [
              52.1988954,
              20.902036
            ],
            [
              52.1989675,
              20.9021577
            ]
          ],
          [
            [
              52.1984233,
              20.9028072
            ],
            [
              52.1984723,
              20.9026806
            ],
            [
              52.1985648,
              20.9024419
            ],
            [
              52.1986474,
              20.9022355
            ],
            [
              52.1986851,
              20.9021449
            ],
            [
              52.1987215,
              20.9020583
            ],
            [
              52.1987469,
              20.9020014
            ],
            [
              52.1987527,
              20.9019886
            ],
            [
              52.1988019,
              20.9018833
            ]
          ],
          [
            [
              52.1988019,
              20.9018833
            ],
            [
              52.1990916,
              20.9012847
            ],
            [
              52.1991475,
              20.9011787
            ],
            [
              52.1993265,
              20.9008729
            ],
            [
              52.1993946,
              20.9007755
            ]
          ]
        ]
      }
    },
    {
      "type": "Feature",
      "properties": {
        "name": "Batalionu AK „Włochy”",
        "highway": "residential"
      },
      "geometry": {
        "type": "MultiLineString",
        "coordinates": [
          [
            [
              52.197195,
              20.9058905
            ],
            [
              52.197268,
              20.9059697
            ],
            [
              52.1973334,
              20.9060328
            ],
            [
              52.1976305,
              20.9063199
            ]
          ],
          [
            [
              52.1970945,
              20.9057779
            ],
            [
              52.197195,
              20.9058905
            ]
          ]
        ]
      }
    },
    {
      "type": "Feature",
      "properties": {
        "name": "Legnicka",
        "highway": "residential"
      },
      "geometry": {
        "type": "MultiLineString",
        "coordinates": [
          [
            [
              52.200165,
              20.8983516
            ],
            [
              52.2001714,
              20.8982845
            ],
            [
              52.2001737,
              20.8982234
            ],
            [
              52.2001399,
              20.8976179
            ],
            [
              52.2001345,
              20.8975358
            ],
            [
              52.2001387,
              20.8975013
            ],
            [
              52.2001422,
              20.8974672
            ],
            [
              52.2001535,
              20.8974314
            ],
            [
              52.2001655,
              20.8974046
            ],
            [
              52.2001999,
              20.8973461
            ],
            [
              52.2002585,
              20.8972887
            ]
          ],
          [
            [
              52.200165,
              20.8983516
            ],
            [
              52.2001667,
              20.8984457
            ],
            [
              52.2001765,
              20.8993471
            ]
          ],
          [
            [
              52.1999396,
              20.9002788
            ],
            [
              52.1999954,
              20.9001995
            ],
            [
              52.2000546,
              20.900108
            ],
            [
              52.2001095,
              20.8999941
            ],
            [
              52.2001342,
              20.8999379
            ],
            [
              52.2001683,
              20.8998353
            ],
            [
              52.2001809,
              20.8997844
            ],
            [
              52.2001869,
              20.8997341
            ],
            [
              52.2001765,
              20.8993471
            ]
          ]
        ]
      }
    },
    {
      "type": "Feature",
      "properties": {
        "name": "Świerszcza",
        "highway": "tertiary"
      },
      "geometry": {
        "type": "MultiLineString",
        "coordinates": [
          [
            [
              52.2027649,
              20.8965901
            ],
            [
              52.2028278,
              20.896832
            ],
            [
              52.2028534,
              20.8969302
            ]
          ]
        ]
      }
    },
    {
      "type": "Feature",
      "properties": {
        "name": "Rondo Emilii Malessy „Marcysi”",
        "highway": "tertiary"
      },
      "geometry": {
        "type": "MultiLineString",
        "coordinates": [
          [
            [
              52.1978436,
              20.8821445
            ],
            [
              52.1978578,
              20.8821461
            ],
            [
              52.1978717,
              20.8821504
            ],
            [
              52.1978852,
              20.8821575
            ],
            [
              52.1978981,
              20.8821672
            ],
            [
              52.1979102,
              20.8821793
            ],
            [
              52.1979213,
              20.8821938
            ],
            [
              52.1979312,
              20.8822103
            ],
            [
              52.1979399,
              20.8822286
            ],
            [
              52.1979471,
              20.8822485
            ],
            [
              52.1979528,
              20.8822697
            ],
            [
              52.1979569,
              20.8822919
            ]
          ],
          [
            [
              52.1977259,
              20.8823576
            ],
            [
              52.1977283,
              20.8823804
            ],
            [
              52.1977324,
              20.8824026
            ],
            [
              52.1977381,
              20.8824238
            ],
            [
              52.1977454,
              20.8824437
            ],
            [
              52.197754,
              20.882462
            ],
            [
              52.197764,
              20.8824785
            ],
            [
              52.1977751,
              20.8824929
            ],
            [
              52.1977871,
              20.8825051
            ],
            [
              52.1978,
              20.8825148
            ],
            [
              52.1978135,
              20.8825218
            ],
            [
              52.1978275,
              20.8825262
            ],
            [
              52.1978416,
              20.8825278
            ]
          ],
          [
            [
              52.1977251,
              20.8823345
            ],
            [
              52.1977261,
              20.8823114
            ],
            [
              52.1977288,
              20.8822887
            ],
            [
              52.1977331,
              20.8822666
            ],
            [
              52.1977391,
              20.8822456
            ],
            [
              52.1977465,
              20.8822259
            ],
            [
              52.1977554,
              20.8822078
            ],
            [
              52.1977655,
              20.8821916
            ],
            [
              52.1977767,
              20.8821774
            ],
            [
              52.1977889,
              20.8821656
            ],
            [
              52.1978019,
              20.8821563
            ],
            [
              52.1978155,
              20.8821496
            ]
          ],
          [
            [
              52.1979198,
              20.8824807
            ],
            [
              52.1979299,
              20.8824645
            ],
            [
              52.1979387,
              20.8824464
            ],
            [
              52.1979462,
              20.8824267
            ],
            [
              52.1979521,
              20.8824056
            ],
            [
              52.1979565,
              20.8823836
            ],
            [
              52.1979591,
              20.8823609
            ],
            [
              52.1979601,
              20.8823378
            ],
            [
              52.1979594,
              20.8823147
            ]
          ],
          [
            [
              52.1977251,
              20.8823345
            ],
            [
              52.1977259,
              20.8823576
            ]
          ],
          [
            [
              52.1978155,
              20.8821496
            ],
            [
              52.1978295,
              20.8821457
            ],
            [
              52.1978436,
              20.8821445
            ]
          ],
          [
            [
              52.1979569,
              20.8822919
            ],
            [
              52.1979594,
              20.8823147
            ]
          ],
          [
            [
              52.1978416,
              20.8825278
            ],
            [
              52.1978558,
              20.8825266
            ],
            [
              52.1978698,
              20.8825226
            ],
            [
              52.1978833,
              20.8825159
            ],
            [
              52.1978963,
              20.8825066
            ],
            [
              52.1979085,
              20.8824948
            ],
            [
              52.1979198,
              20.8824807
            ]
          ]
        ]
      }
    },
    {
      "type": "Feature",
      "properties": {
        "name": "Rondo Ojca Bogusława Palecznego",
        "highway": "tertiary"
      },
      "geometry": {
        "type": "MultiLineString",
        "coordinates": [
          [
            [
              52.1966209,
              20.8664423
            ],
            [
              52.1966627,
              20.8663989
            ],
            [
              52.196711,
              20.8663811
            ]
          ],
          [
            [
              52.196711,
              20.8663811
            ],
            [
              52.1967414,
              20.8663838
            ],
            [
              52.1967708,
              20.8663969
            ],
            [
              52.1967978,
              20.8664196
            ]
          ],
          [
            [
              52.1968544,
              20.8666968
            ],
            [
              52.1968616,
              20.8666494
            ],
            [
              52.1968626,
              20.8666007
            ],
            [
              52.1968575,
              20.8665526
            ]
          ],
          [
            [
              52.1965764,
              20.8666629
            ],
            [
              52.1965885,
              20.8667211
            ],
            [
              52.1966094,
              20.8667722
            ],
            [
              52.1966376,
              20.8668128
            ]
          ],
          [
            [
              52.1967978,
              20.8664196
            ],
            [
              52.1968241,
              20.8664558
            ],
            [
              52.1968444,
              20.8665009
            ],
            [
              52.1968575,
              20.8665526
            ]
          ],
          [
            [
              52.1967902,
              20.8668216
            ],
            [
              52.1968291,
              20.8667685
            ],
            [
              52.1968544,
              20.8666968
            ]
          ],
          [
            [
              52.1966376,
              20.8668128
            ],
            [
              52.1966737,
              20.8668414
            ],
            [
              52.1967132,
              20.8668527
            ],
            [
              52.196753,
              20.866846
            ],
            [
              52.1967902,
              20.8668216
            ]
          ],
          [
            [
              52.1965764,
              20.8666629
            ],
            [
              52.1965739,
              20.8666025
            ],
            [
              52.1965808,
              20.866543
            ],
            [
              52.1965969,
              20.8664885
            ],
            [
              52.1966209,
              20.8664423
            ]
          ]
        ]
      }
    },
    {
      "type": "Feature",
      "properties": {
        "name": "Rondo Jana Cierlińskiego",
        "highway": "tertiary"
      },
      "geometry": {
        "type": "MultiLineString",
        "coordinates": [
          [
            [
              52.197519,
              20.8801289
            ],
            [
              52.1975423,
              20.8800988
            ],
            [
              52.1975611,
              20.8800614
            ],
            [
              52.1975746,
              20.8800184
            ],
            [
              52.1975822,
              20.8799716
            ]
          ],
          [
            [
              52.1973102,
              20.8799975
            ],
            [
              52.1973053,
              20.8799432
            ],
            [
              52.1973085,
              20.8798887
            ],
            [
              52.1973197,
              20.8798369
            ],
            [
              52.1973382,
              20.8797911
            ],
            [
              52.1973629,
              20.8797538
            ]
          ],
          [
            [
              52.1973102,
              20.8799975
            ],
            [
              52.1973245,
              20.8800523
            ],
            [
              52.1973279,
              20.8800593
            ],
            [
              52.197347,
              20.8800992
            ],
            [
              52.1973762,
              20.8801349
            ]
          ],
          [
            [
              52.1974692,
              20.8797144
            ],
            [
              52.1974978,
              20.879728
            ],
            [
              52.197524,
              20.8797513
            ],
            [
              52.1975465,
              20.8797831
            ],
            [
              52.1975644,
              20.8798219
            ]
          ],
          [
            [
              52.1973762,
              20.8801349
            ],
            [
              52.1974196,
              20.8801604
            ]
          ],
          [
            [
              52.1973629,
              20.8797538
            ],
            [
              52.1973957,
              20.8797252
            ],
            [
              52.197432,
              20.8797117
            ],
            [
              52.1974692,
              20.8797144
            ]
          ],
          [
            [
              52.1974196,
              20.8801604
            ],
            [
              52.197454,
              20.8801635
            ],
            [
              52.1974878,
              20.8801528
            ],
            [
              52.197519,
              20.8801289
            ]
          ],
          [
            [
              52.1975644,
              20.8798219
            ],
            [
              52.1975773,
              20.8798691
            ],
            [
              52.1975834,
              20.8799199
            ],
            [
              52.1975822,
              20.8799716
            ]
          ]
        ]
      }
    },
    {
      "type": "Feature",
      "properties": {
        "name": "Ryżowa",
        "highway": "tertiary"
      },
      "geometry": {
        "type": "MultiLineString",
        "coordinates": [
          [
            [
              52.1900973,
              20.9064347
            ],
            [
              52.1901533,
              20.9064677
            ],
            [
              52.1902006,
              20.9064983
            ],
            [
              52.1902446,
              20.906529
            ],
            [
              52.1903492,
              20.9066089
            ],
            [
              52.1907681,
              20.9069618
            ]
          ],
          [
            [
              52.1821254,
              20.9038734
            ],
            [
              52.1821726,
              20.9038482
            ],
            [
              52.1822196,
              20.9038277
            ],
            [
              52.1822837,
              20.9038037
            ],
            [
              52.1823251,
              20.9037895
            ],
            [
              52.1823777,
              20.9037754
            ],
            [
              52.1824336,
              20.9037643
            ],
            [
              52.1825545,
              20.9037404
            ],
            [
              52.1827435,
              20.903709
            ],
            [
              52.1827781,
              20.9037064
            ],
            [
              52.1828373,
              20.9037079
            ],
            [
              52.1828499,
              20.9037088
            ],
            [
              52.1829133,
              20.9037133
            ],
            [
              52.1829917,
              20.9037285
            ],
            [
              52.1830701,
              20.9037464
            ],
            [
              52.1831625,
              20.9037706
            ],
            [
              52.1831802,
              20.9037753
            ],
            [
              52.1833413,
              20.9038164
            ],
            [
              52.1833763,
              20.9038246
            ],
            [
              52.1835343,
              20.9038636
            ],
            [
              52.1835935,
              20.9038781
            ],
            [
              52.183777,
              20.9039207
            ],
            [
              52.1838569,
              20.9039395
            ],
            [
              52.1840163,
              20.9039793
            ],
            [
              52.1840308,
              20.9039829
            ],
            [
              52.1841844,
              20.9040211
            ],
            [
              52.1843444,
              20.9040707
            ],
            [
              52.1844117,
              20.9040925
            ],
            [
              52.184662,
              20.9041792
            ],
            [
              52.184756,
              20.9042156
            ],
            [
              52.184877,
              20.9042624
            ],
            [
              52.1849129,
              20.9042758
            ],
            [
              52.1850137,
              20.9043143
            ],
            [
              52.185177,
              20.9043823
            ],
            [
              52.1852452,
              20.9044091
            ],
            [
              52.1854257,
              20.9044835
            ],
            [
              52.1854462,
              20.9044916
            ],
            [
              52.1855072,
              20.904515
            ]
          ],
          [
            [
              52.1861044,
              20.9047881
            ],
            [
              52.1861462,
              20.9048075
            ],
            [
              52.1862471,
              20.9048574
            ],
            [
              52.186308,
              20.904887
            ],
            [
              52.1864236,
              20.9049402
            ],
            [
              52.1873031,
              20.9052808
            ],
            [
              52.1873548,
              20.9053008
            ],
            [
              52.1878019,
              20.9054835
            ],
            [
              52.1880103,
              20.9055687
            ],
            [
              52.1880608,
              20.905586
            ]
          ],
          [
            [
              52.1948886,
              20.9101181
            ],
            [
              52.1949991,
              20.9102036
            ]
          ],
          [
            [
              52.1922158,
              20.9081956
            ],
            [
              52.1923355,
              20.9082849
            ],
            [
              52.1923705,
              20.908311
            ],
            [
              52.1928746,
              20.9086869
            ],
            [
              52.1929091,
              20.9087124
            ],
            [
              52.1931711,
              20.9089022
            ],
            [
              52.1935004,
              20.9091408
            ],
            [
              52.193641,
              20.9092396
            ],
            [
              52.193686,
              20.9092712
            ],
            [
              52.1938904,
              20.9094022
            ],
            [
              52.1941432,
              20.9095657
            ],
            [
              52.194163,
              20.9095785
            ]
          ],
          [
            [
              52.1857978,
              20.9046388
            ],
            [
              52.1859154,
              20.904701
            ]
          ],
          [
            [
              52.1855072,
              20.904515
            ],
            [
              52.1855868,
              20.904549
            ],
            [
              52.1856249,
              20.9045652
            ],
            [
              52.1857978,
              20.9046388
            ]
          ],
          [
            [
              52.1880608,
              20.905586
            ],
            [
              52.188179,
              20.9056337
            ],
            [
              52.1882489,
              20.9056603
            ],
            [
              52.1884659,
              20.905746
            ],
            [
              52.1885063,
              20.905762
            ],
            [
              52.1886191,
              20.9058132
            ]
          ],
          [
            [
              52.1886191,
              20.9058132
            ],
            [
              52.188781,
              20.9058824
            ],
            [
              52.1888174,
              20.9058974
            ],
            [
              52.1889752,
              20.9059624
            ]
          ],
          [
            [
              52.194163,
              20.9095785
            ],
            [
              52.1943954,
              20.9097652
            ],
            [
              52.194671,
              20.9099832
            ],
            [
              52.1947159,
              20.9100114
            ],
            [
              52.1947464,
              20.9100348
            ],
            [
              52.1948886,
              20.9101181
            ]
          ],
          [
            [
              52.1859154,
              20.904701
            ],
            [
              52.1861044,
              20.9047881
            ]
          ],
          [
            [
              52.1951572,
              20.9103055
            ],
            [
              52.1951895,
              20.9103206
            ],
            [
              52.1954624,
              20.9104848
            ],
            [
              52.1955825,
              20.9105471
            ],
            [
              52.1956659,
              20.9105653
            ]
          ],
          [
            [
              52.1949514,
              20.9099969
            ],
            [
              52.195065,
              20.9100819
            ]
          ],
          [
            [
              52.1952016,
              20.910178
            ],
            [
              52.195232,
              20.9102002
            ],
            [
              52.1952744,
              20.9102323
            ],
            [
              52.1953181,
              20.9102653
            ],
            [
              52.1956022,
              20.91048
            ],
            [
              52.1956659,
              20.9105653
            ]
          ],
          [
            [
              52.194163,
              20.9095785
            ],
            [
              52.1945016,
              20.9097521
            ],
            [
              52.1947546,
              20.9098819
            ],
            [
              52.194785,
              20.9099001
            ],
            [
              52.1949514,
              20.9099969
            ]
          ],
          [
            [
              52.1911385,
              20.9072738
            ],
            [
              52.1912237,
              20.9073493
            ],
            [
              52.1913629,
              20.9074727
            ],
            [
              52.1914295,
              20.9075317
            ],
            [
              52.1915704,
              20.9076565
            ],
            [
              52.1917827,
              20.9078351
            ],
            [
              52.1917977,
              20.9078477
            ],
            [
              52.1918744,
              20.9079122
            ],
            [
              52.1920416,
              20.9080528
            ],
            [
              52.1920865,
              20.9080905
            ],
            [
              52.1921191,
              20.9081179
            ],
            [
              52.1922158,
              20.9081956
            ]
          ],
          [
            [
              52.1889752,
              20.9059624
            ],
            [
              52.1891636,
              20.9060396
            ]
          ],
          [
            [
              52.1892679,
              20.9060823
            ],
            [
              52.1898788,
              20.9063328
            ]
          ],
          [
            [
              52.1898788,
              20.9063328
            ],
            [
              52.1899019,
              20.9063423
            ],
            [
              52.1899458,
              20.9063616
            ],
            [
              52.1899825,
              20.9063771
            ],
            [
              52.1900084,
              20.9063894
            ],
            [
              52.1900325,
              20.9064019
            ],
            [
              52.190069,
              20.9064193
            ],
            [
              52.1900973,
              20.9064347
            ]
          ],
          [
            [
              52.1907681,
              20.9069618
            ],
            [
              52.1911385,
              20.9072738
            ]
          ],
          [
            [
              52.1891636,
              20.9060396
            ],
            [
              52.1892679,
              20.9060823
            ]
          ],
          [
            [
              52.1949991,
              20.9102036
            ],
            [
              52.1951572,
              20.9103055
            ]
          ],
          [
            [
              52.195065,
              20.9100819
            ],
            [
              52.1952016,
              20.910178
            ]
          ]
        ]
      }
    },
    {
      "type": "Feature",
      "properties": {
        "name": "Lalki",
        "highway": "tertiary"
      },
      "geometry": {
        "type": "MultiLineString",
        "coordinates": [
          [
            [
              52.197511,
              20.8805354
            ],
            [
              52.1975695,
              20.8810475
            ],
            [
              52.1975858,
              20.8812028
            ],
            [
              52.1976337,
              20.8816569
            ],
            [
              52.1976576,
              20.8818852
            ]
          ],
          [
            [
              52.1974196,
              20.8801604
            ],
            [
              52.1974603,
              20.8803154
            ],
            [
              52.197511,
              20.8805354
            ]
          ],
          [
            [
              52.197511,
              20.8805354
            ],
            [
              52.1975145,
              20.8804171
            ],
            [
              52.1975177,
              20.8802938
            ],
            [
              52.1975185,
              20.8801878
            ],
            [
              52.197519,
              20.8801289
            ]
          ],
          [
            [
              52.1976576,
              20.8818852
            ],
            [
              52.1977029,
              20.8819866
            ],
            [
              52.1977125,
              20.8820222
            ],
            [
              52.1977261,
              20.8820563
            ],
            [
              52.1977396,
              20.8820805
            ],
            [
              52.1977543,
              20.8821047
            ],
            [
              52.1977703,
              20.8821199
            ],
            [
              52.1977885,
              20.8821352
            ],
            [
              52.1978155,
              20.8821496
            ]
          ],
          [
            [
              52.1976576,
              20.8818852
            ],
            [
              52.1976549,
              20.881968
            ],
            [
              52.1976547,
              20.8820123
            ],
            [
              52.1976632,
              20.8820678
            ],
            [
              52.1976765,
              20.8821231
            ],
            [
              52.1977078,
              20.8822472
            ],
            [
              52.1977171,
              20.8822901
            ],
            [
              52.1977251,
              20.8823345
            ]
          ]
        ]
      }
    },
    {
      "type": "Feature",
      "properties": {
        "name": "McDrive",
        "highway": "service"
      },
      "geometry": {
        "type": "MultiLineString",
        "coordinates": [
          [
            [
              52.1877106,
              20.9100485
            ],
            [
              52.1877403,
              20.9100803
            ],
            [
              52.1877635,
              20.9101285
            ],
            [
              52.1877818,
              20.9101463
            ],
            [
              52.1882277,
              20.9105795
            ],
            [
              52.1882407,
              20.9105974
            ],
            [
              52.1882466,
              20.9106236
            ],
            [
              52.188244,
              20.9106493
            ],
            [
              52.1881595,
              20.9108752
            ]
          ]
        ]
      }
    },
    {
      "type": "Feature",
      "properties": {
        "name": "Biernata z Lublina",
        "highway": "residential"
      },
      "geometry": {
        "type": "MultiLineString",
        "coordinates": [
          [
            [
              52.1960967,
              20.8754347
            ],
            [
              52.1961082,
              20.8755447
            ],
            [
              52.1961447,
              20.8758854
            ],
            [
              52.1963539,
              20.8775244
            ],
            [
              52.1963628,
              20.8775952
            ]
          ]
        ]
      }
    },
    {
      "type": "Feature",
      "properties": {
        "name": "Lipiec Reymontowskich",
        "highway": "residential"
      },
      "geometry": {
        "type": "MultiLineString",
        "coordinates": [
          [
            [
              52.1968292,
              20.876151
            ],
            [
              52.1969714,
              20.8773186
            ],
            [
              52.1969805,
              20.8773745
            ]
          ]
        ]
      }
    },
    {
      "type": "Feature",
      "properties": {
        "name": "Józefa Czechowicza",
        "highway": "residential"
      },
      "geometry": {
        "type": "MultiLineString",
        "coordinates": [
          [
            [
              52.1973338,
              20.8750456
            ],
            [
              52.1973508,
              20.8751911
            ],
            [
              52.1973904,
              20.875531
            ],
            [
              52.1974117,
              20.8757064
            ],
            [
              52.197424,
              20.8758072
            ],
            [
              52.1974535,
              20.876049
            ],
            [
              52.1975041,
              20.876451
            ],
            [
              52.1975436,
              20.8767642
            ],
            [
              52.1975854,
              20.8771014
            ],
            [
              52.1976106,
              20.8771739
            ]
          ],
          [
            [
              52.1973338,
              20.8750456
            ],
            [
              52.1973347,
              20.8747429
            ],
            [
              52.1973352,
              20.874573
            ],
            [
              52.1973353,
              20.8745467
            ],
            [
              52.1973354,
              20.8745165
            ],
            [
              52.1973367,
              20.8743093
            ],
            [
              52.1973374,
              20.8741919
            ]
          ]
        ]
      }
    },
    {
      "type": "Feature",
      "properties": {
        "name": "Władysława Bełzy",
        "highway": "residential"
      },
      "geometry": {
        "type": "MultiLineString",
        "coordinates": [
          [
            [
              52.1960967,
              20.8754347
            ],
            [
              52.1961827,
              20.8754096
            ],
            [
              52.1962267,
              20.8753966
            ],
            [
              52.1965183,
              20.8752948
            ],
            [
              52.1968197,
              20.8751988
            ],
            [
              52.1970313,
              20.8751307
            ],
            [
              52.1972481,
              20.8750617
            ],
            [
              52.1973338,
              20.8750456
            ]
          ],
          [
            [
              52.1954639,
              20.8755662
            ],
            [
              52.1955189,
              20.8755512
            ],
            [
              52.1957264,
              20.8755094
            ],
            [
              52.1958965,
              20.8754751
            ],
            [
              52.1959828,
              20.8754577
            ],
            [
              52.1960967,
              20.8754347
            ]
          ]
        ]
      }
    },
    {
      "type": "Feature",
      "properties": {
        "name": "Elżbiety Rakuszanki",
        "highway": "residential"
      },
      "geometry": {
        "type": "MultiLineString",
        "coordinates": [
          [
            [
              52.1993452,
              20.8698835
            ],
            [
              52.1993715,
              20.8702265
            ],
            [
              52.1993794,
              20.8703307
            ],
            [
              52.199391,
              20.8704827
            ],
            [
              52.1994028,
              20.8706363
            ],
            [
              52.1994166,
              20.8708171
            ],
            [
              52.1994511,
              20.8712681
            ],
            [
              52.1994608,
              20.8713955
            ],
            [
              52.1994687,
              20.8714992
            ],
            [
              52.199481,
              20.871659
            ],
            [
              52.1994872,
              20.8717408
            ],
            [
              52.1995222,
              20.8721991
            ],
            [
              52.1995305,
              20.8723073
            ],
            [
              52.1995713,
              20.8728408
            ]
          ],
          [
            [
              52.1991289,
              20.8670759
            ],
            [
              52.1991296,
              20.8672182
            ],
            [
              52.1991978,
              20.8680439
            ],
            [
              52.1992791,
              20.869029
            ],
            [
              52.1992924,
              20.8691893
            ],
            [
              52.1993452,
              20.8698835
            ]
          ],
          [
            [
              52.1995123,
              20.8732892
            ],
            [
              52.1995345,
              20.8732498
            ],
            [
              52.19957,
              20.8731868
            ],
            [
              52.1995805,
              20.8731635
            ],
            [
              52.1995866,
              20.8731397
            ],
            [
              52.1995886,
              20.8731136
            ],
            [
              52.1995884,
              20.8730646
            ],
            [
              52.1995837,
              20.8730032
            ],
            [
              52.1995713,
              20.8728408
            ]
          ]
        ]
      }
    },
    {
      "type": "Feature",
      "properties": {
        "name": "Malinowa",
        "highway": "residential"
      },
      "geometry": {
        "type": "MultiLineString",
        "coordinates": [
          [
            [
              52.1929896,
              20.8829022
            ],
            [
              52.1930017,
              20.8830185
            ],
            [
              52.1931292,
              20.8842388
            ],
            [
              52.193134,
              20.8842597
            ],
            [
              52.1931429,
              20.8842773
            ],
            [
              52.1931574,
              20.8842913
            ],
            [
              52.1931758,
              20.8842954
            ],
            [
              52.1938837,
              20.884053
            ],
            [
              52.1939124,
              20.8840489
            ],
            [
              52.1940212,
              20.8840332
            ]
          ]
        ]
      }
    },
    {
      "type": "Feature",
      "properties": {
        "name": "Plac 1905 Roku",
        "highway": "service"
      },
      "geometry": {
        "type": "MultiLineString",
        "coordinates": [
          [
            [
              52.1910299,
              20.8906844
            ],
            [
              52.1910259,
              20.8906653
            ],
            [
              52.1909725,
              20.890413
            ],
            [
              52.1908701,
              20.8899252
            ],
            [
              52.1914173,
              20.8896124
            ],
            [
              52.1915154,
              20.890098
            ],
            [
              52.191571,
              20.8903717
            ],
            [
              52.1915743,
              20.8903892
            ],
            [
              52.1915832,
              20.8904335
            ]
          ]
        ]
      }
    },
    {
      "type": "Feature",
      "properties": {
        "name": "Listopadowa",
        "highway": "living_street"
      },
      "geometry": {
        "type": "MultiLineString",
        "coordinates": [
          [
            [
              52.1979564,
              20.8685478
            ],
            [
              52.1980679,
              20.8684094
            ],
            [
              52.1982768,
              20.8681498
            ],
            [
              52.1983215,
              20.8680943
            ],
            [
              52.1983508,
              20.8680579
            ],
            [
              52.198452,
              20.8679322
            ],
            [
              52.1985037,
              20.867868
            ],
            [
              52.1987406,
              20.8675737
            ],
            [
              52.1988643,
              20.8674304
            ],
            [
              52.1989837,
              20.8672939
            ],
            [
              52.1990793,
              20.8671845
            ],
            [
              52.1991289,
              20.8670759
            ]
          ]
        ]
      }
    },
    {
      "type": "Feature",
      "properties": {
        "name": "Pułkownika Stanisława Dąbka",
        "highway": "service"
      },
      "geometry": {
        "type": "MultiLineString",
        "coordinates": [
          [
            [
              52.1927138,
              20.8893937
            ],
            [
              52.1929852,
              20.8896355
            ],
            [
              52.192997,
              20.8896467
            ],
            [
              52.1934606,
              20.8900877
            ],
            [
              52.1934495,
              20.8901212
            ],
            [
              52.1933919,
              20.8902949
            ],
            [
              52.1933262,
              20.890494
            ],
            [
              52.1932516,
              20.8907184
            ],
            [
              52.1932379,
              20.8907593
            ],
            [
              52.193223,
              20.8908041
            ]
          ],
          [
            [
              52.192443,
              20.8891363
            ],
            [
              52.1927138,
              20.8893937
            ]
          ]
        ]
      }
    },
    {
      "type": "Feature",
      "properties": {
        "name": "Rondo Niedźwiadka",
        "highway": "tertiary"
      },
      "geometry": {
        "type": "MultiLineString",
        "coordinates": [
          [
            [
              52.191177,
              20.8616024
            ],
            [
              52.1911739,
              20.8615426
            ],
            [
              52.1911836,
              20.8614848
            ],
            [
              52.1912048,
              20.8614357
            ],
            [
              52.191226,
              20.8614091
            ],
            [
              52.1912506,
              20.861392
            ],
            [
              52.191277,
              20.8613853
            ],
            [
              52.1913033,
              20.8613896
            ],
            [
              52.1913282,
              20.8614042
            ],
            [
              52.19135,
              20.8614284
            ]
          ],
          [
            [
              52.191177,
              20.8616024
            ],
            [
              52.1911878,
              20.8616448
            ],
            [
              52.191205,
              20.8616811
            ],
            [
              52.1912275,
              20.8617088
            ]
          ],
          [
            [
              52.19135,
              20.8614284
            ],
            [
              52.1913761,
              20.861485
            ],
            [
              52.191386,
              20.8615538
            ]
          ],
          [
            [
              52.1912275,
              20.8617088
            ],
            [
              52.191255,
              20.8617264
            ],
            [
              52.1912844,
              20.861731
            ],
            [
              52.1913135,
              20.8617222
            ],
            [
              52.19134,
              20.8617008
            ],
            [
              52.1913745,
              20.8616368
            ],
            [
              52.191386,
              20.8615538
            ]
          ]
        ]
      }
    },
    {
      "type": "Feature",
      "properties": {
        "name": "Badylarska",
        "highway": "residential"
      },
      "geometry": {
        "type": "MultiLineString",
        "coordinates": [
          [
            [
              52.1869751,
              20.9155474
            ],
            [
              52.1870201,
              20.9155675
            ],
            [
              52.187045,
              20.9155736
            ],
            [
              52.1870642,
              20.915576
            ],
            [
              52.1870798,
              20.9155764
            ],
            [
              52.1870981,
              20.9155743
            ],
            [
              52.18711,
              20.9155718
            ],
            [
              52.1871217,
              20.915568
            ],
            [
              52.1871406,
              20.9155608
            ],
            [
              52.1871633,
              20.9155516
            ],
            [
              52.1872004,
              20.9155224
            ],
            [
              52.1872172,
              20.9155041
            ],
            [
              52.1872329,
              20.9154842
            ],
            [
              52.1872506,
              20.9154586
            ],
            [
              52.1872644,
              20.9154322
            ],
            [
              52.1872821,
              20.9153944
            ],
            [
              52.1872948,
              20.9153612
            ],
            [
              52.1873052,
              20.9153225
            ],
            [
              52.1873123,
              20.9152905
            ],
            [
              52.1873183,
              20.9152581
            ],
            [
              52.1873258,
              20.9152144
            ],
            [
              52.1873498,
              20.9150246
            ],
            [
              52.1873546,
              20.9149836
            ],
            [
              52.1873632,
              20.9149
            ],
            [
              52.187393,
              20.9145438
            ],
            [
              52.1874092,
              20.9143911
            ],
            [
              52.1874214,
              20.9143014
            ],
            [
              52.187426,
              20.9142768
            ],
            [
              52.1874345,
              20.9142411
            ],
            [
              52.1874429,
              20.9142123
            ],
            [
              52.1874589,
              20.9141686
            ],
            [
              52.1874728,
              20.9141365
            ],
            [
              52.187603,
              20.9138918
            ],
            [
              52.1876748,
              20.9137573
            ],
            [
              52.1876946,
              20.9137185
            ],
            [
              52.1877134,
              20.9136796
            ],
            [
              52.187734,
              20.9136297
            ],
            [
              52.1877451,
              20.9135964
            ],
            [
              52.1877578,
              20.9135525
            ],
            [
              52.1877646,
              20.91352
            ],
            [
              52.1877709,
              20.9134829
            ],
            [
              52.1877755,
              20.9134313
            ],
            [
              52.1877757,
              20.9133917
            ],
            [
              52.187774,
              20.9133471
            ],
            [
              52.1877688,
              20.9133052
            ],
            [
              52.1877617,
              20.9132648
            ],
            [
              52.187752,
              20.9132229
            ],
            [
              52.187744,
              20.9131923
            ],
            [
              52.187734,
              20.91316
            ],
            [
              52.1877211,
              20.9131222
            ],
            [
              52.1876766,
              20.9130037
            ],
            [
              52.1876216,
              20.912851
            ],
            [
              52.1875178,
              20.9125581
            ],
            [
              52.1874283,
              20.9123043
            ],
            [
              52.187409,
              20.9122511
            ],
            [
              52.1873934,
              20.9121968
            ],
            [
              52.1873863,
              20.9121608
            ],
            [
              52.1873822,
              20.9121247
            ],
            [
              52.1873815,
              20.9120851
            ],
            [
              52.1873848,
              20.9120452
            ],
            [
              52.187391,
              20.9120057
            ],
            [
              52.1873999,
              20.9119686
            ],
            [
              52.1874083,
              20.911941
            ],
            [
              52.1874181,
              20.9119166
            ],
            [
              52.1874331,
              20.9118878
            ],
            [
              52.1874465,
              20.9118679
            ],
            [
              52.1874602,
              20.9118522
            ],
            [
              52.1874733,
              20.9118413
            ],
            [
              52.1875299,
              20.9117955
            ],
            [
              52.1876231,
              20.911726
            ]
          ]
        ]
      }
    },
    {
      "type": "Feature",
      "properties": {
        "name": "Józefa Chełmońskiego",
        "highway": "residential"
      },
      "geometry": {
        "type": "MultiLineString",
        "coordinates": [
          [
            [
              52.192078,
              20.9014929
            ],
            [
              52.1921262,
              20.9014026
            ],
            [
              52.1924063,
              20.9007559
            ],
            [
              52.1925547,
              20.9004186
            ],
            [
              52.1927184,
              20.9000382
            ],
            [
              52.1928871,
              20.8996463
            ],
            [
              52.19293,
              20.8995421
            ],
            [
              52.1929329,
              20.899535
            ],
            [
              52.1930219,
              20.8993329
            ],
            [
              52.19313,
              20.8990979
            ],
            [
              52.1932682,
              20.8987869
            ],
            [
              52.1933286,
              20.8986493
            ]
          ],
          [
            [
              52.1909651,
              20.9038903
            ],
            [
              52.190991,
              20.9038339
            ],
            [
              52.1910584,
              20.9036889
            ],
            [
              52.1914477,
              20.9028513
            ],
            [
              52.1916668,
              20.9023819
            ],
            [
              52.1917239,
              20.9022596
            ],
            [
              52.1917433,
              20.9022149
            ],
            [
              52.1920133,
              20.9016349
            ],
            [
              52.1920319,
              20.901591
            ],
            [
              52.192078,
              20.9014929
            ]
          ]
        ]
      }
    },
    {
      "type": "Feature",
      "properties": {
        "name": "Quo Vadis",
        "highway": "residential"
      },
      "geometry": {
        "type": "MultiLineString",
        "coordinates": [
          [
            [
              52.1991202,
              20.8908235
            ],
            [
              52.1992024,
              20.8907521
            ],
            [
              52.1993832,
              20.8905952
            ]
          ],
          [
            [
              52.1993832,
              20.8905952
            ],
            [
              52.199465,
              20.8905242
            ],
            [
              52.1995294,
              20.8904683
            ]
          ],
          [
            [
              52.1995294,
              20.8904683
            ],
            [
              52.1997221,
              20.890301
            ]
          ],
          [
            [
              52.1997221,
              20.890301
            ],
            [
              52.1997942,
              20.8902384
            ],
            [
              52.1998695,
              20.8901731
            ],
            [
              52.1999997,
              20.8900601
            ],
            [
              52.2001216,
              20.8899542
            ],
            [
              52.2002552,
              20.8898383
            ]
          ],
          [
            [
              52.2002552,
              20.8898383
            ],
            [
              52.2006375,
              20.8895064
            ]
          ],
          [
            [
              52.2006375,
              20.8895064
            ],
            [
              52.2006892,
              20.8894616
            ],
            [
              52.2007876,
              20.8893761
            ],
            [
              52.2009258,
              20.8892562
            ]
          ],
          [
            [
              52.2009258,
              20.8892562
            ],
            [
              52.2012136,
              20.8890064
            ]
          ],
          [
            [
              52.2012136,
              20.8890064
            ],
            [
              52.2013222,
              20.8889121
            ],
            [
              52.2014001,
              20.8888444
            ],
            [
              52.2014275,
              20.8888206
            ]
          ]
        ]
      }
    },
    {
      "type": "Feature",
      "properties": {
        "name": "Tadeusza Hennela",
        "highway": "residential"
      },
      "geometry": {
        "type": "MultiLineString",
        "coordinates": [
          [
            [
              52.1996855,
              20.8925625
            ],
            [
              52.1997751,
              20.8924859
            ],
            [
              52.2000966,
              20.8922114
            ],
            [
              52.2001308,
              20.8921821
            ],
            [
              52.2001516,
              20.8921643
            ],
            [
              52.2005179,
              20.8918515
            ],
            [
              52.2006113,
              20.8917715
            ]
          ],
          [
            [
              52.2015464,
              20.8909626
            ],
            [
              52.201706,
              20.8908246
            ],
            [
              52.2019033,
              20.890654
            ],
            [
              52.2019717,
              20.8905948
            ]
          ],
          [
            [
              52.2020232,
              20.8905502
            ],
            [
              52.2021127,
              20.8904728
            ]
          ],
          [
            [
              52.2019717,
              20.8905948
            ],
            [
              52.2019964,
              20.8905734
            ],
            [
              52.2020232,
              20.8905502
            ]
          ],
          [
            [
              52.2006113,
              20.8917715
            ],
            [
              52.2006695,
              20.8917211
            ],
            [
              52.2009273,
              20.8914981
            ],
            [
              52.2010147,
              20.8914225
            ],
            [
              52.2011363,
              20.8913173
            ],
            [
              52.2012368,
              20.8912304
            ],
            [
              52.2014547,
              20.891042
            ],
            [
              52.2014776,
              20.8910222
            ],
            [
              52.2015464,
              20.8909626
            ]
          ]
        ]
      }
    },
    {
      "type": "Feature",
      "properties": {
        "name": "Dyrekcyjna",
        "highway": "residential"
      },
      "geometry": {
        "type": "MultiLineString",
        "coordinates": [
          [
            [
              52.1991202,
              20.8908235
            ],
            [
              52.1991462,
              20.8909037
            ],
            [
              52.199594,
              20.8922854
            ],
            [
              52.1996201,
              20.8923659
            ],
            [
              52.1996855,
              20.8925625
            ]
          ],
          [
            [
              52.1974797,
              20.8858152
            ],
            [
              52.1975835,
              20.8861309
            ],
            [
              52.1976205,
              20.8862432
            ],
            [
              52.1977242,
              20.8865606
            ]
          ],
          [
            [
              52.1983424,
              20.8883981
            ],
            [
              52.1983535,
              20.8884294
            ],
            [
              52.1983966,
              20.8885574
            ],
            [
              52.1984354,
              20.888669
            ],
            [
              52.1984422,
              20.8886904
            ],
            [
              52.1984546,
              20.8887282
            ]
          ],
          [
            [
              52.1978409,
              20.8869705
            ],
            [
              52.1981534,
              20.8879271
            ],
            [
              52.1981956,
              20.8879842
            ]
          ],
          [
            [
              52.1977242,
              20.8865606
            ],
            [
              52.1978086,
              20.8868147
            ],
            [
              52.1978409,
              20.8869705
            ]
          ],
          [
            [
              52.1970938,
              20.8846185
            ],
            [
              52.1974705,
              20.8857867
            ],
            [
              52.1974797,
              20.8858152
            ]
          ],
          [
            [
              52.1984546,
              20.8887282
            ],
            [
              52.1986628,
              20.889363
            ],
            [
              52.1990743,
              20.8906769
            ],
            [
              52.1991202,
              20.8908235
            ]
          ],
          [
            [
              52.1981956,
              20.8879842
            ],
            [
              52.1983424,
              20.8883981
            ]
          ]
        ]
      }
    },
    {
      "type": "Feature",
      "properties": {
        "name": "Herbu Oksza",
        "highway": "residential"
      },
      "geometry": {
        "type": "MultiLineString",
        "coordinates": [
          [
            [
              52.20552,
              20.8824292
            ],
            [
              52.2057986,
              20.882188
            ],
            [
              52.2060313,
              20.8819864
            ],
            [
              52.2062369,
              20.8818084
            ],
            [
              52.2067317,
              20.88138
            ]
          ],
          [
            [
              52.2024069,
              20.8850932
            ],
            [
              52.2025,
              20.8850139
            ],
            [
              52.2025316,
              20.8849871
            ],
            [
              52.2026234,
              20.884909
            ],
            [
              52.2026768,
              20.8848699
            ]
          ],
          [
            [
              52.1991239,
              20.8879298
            ],
            [
              52.1991433,
              20.8879131
            ],
            [
              52.1992441,
              20.8878261
            ],
            [
              52.1993889,
              20.8877011
            ],
            [
              52.1994156,
              20.8876781
            ],
            [
              52.199545,
              20.8875665
            ],
            [
              52.1996117,
              20.8875089
            ]
          ],
          [
            [
              52.2075786,
              20.8807333
            ],
            [
              52.2084204,
              20.8800099
            ],
            [
              52.2088437,
              20.8796442
            ],
            [
              52.2088709,
              20.8796207
            ],
            [
              52.2088897,
              20.8795981
            ],
            [
              52.2089823,
              20.8794871
            ],
            [
              52.2090037,
              20.879436
            ],
            [
              52.2090244,
              20.8793558
            ]
          ],
          [
            [
              52.2051189,
              20.8827765
            ],
            [
              52.2051848,
              20.88272
            ],
            [
              52.2052507,
              20.8826624
            ],
            [
              52.2053607,
              20.8825671
            ],
            [
              52.2054163,
              20.882519
            ],
            [
              52.20552,
              20.8824292
            ]
          ],
          [
            [
              52.2067317,
              20.88138
            ],
            [
              52.2070272,
              20.8811241
            ],
            [
              52.2072003,
              20.8809742
            ],
            [
              52.2074622,
              20.8807475
            ],
            [
              52.2075565,
              20.8806658
            ]
          ],
          [
            [
              52.2000099,
              20.8871653
            ],
            [
              52.2000524,
              20.8871286
            ],
            [
              52.2001158,
              20.887074
            ]
          ],
          [
            [
              52.2006926,
              20.8865762
            ],
            [
              52.200727,
              20.8865465
            ],
            [
              52.2008163,
              20.8864692
            ],
            [
              52.2009824,
              20.8863255
            ]
          ],
          [
            [
              52.2036488,
              20.8840526
            ],
            [
              52.2037244,
              20.883987
            ],
            [
              52.2039856,
              20.8837603
            ],
            [
              52.2041253,
              20.883639
            ],
            [
              52.2042655,
              20.8835173
            ],
            [
              52.2044318,
              20.8833729
            ],
            [
              52.2045588,
              20.8832627
            ],
            [
              52.2046301,
              20.8832008
            ],
            [
              52.2046707,
              20.8831656
            ],
            [
              52.2047042,
              20.8831364
            ],
            [
              52.2047727,
              20.8830754
            ],
            [
              52.2048131,
              20.8830408
            ],
            [
              52.2048775,
              20.882986
            ],
            [
              52.2050191,
              20.8828632
            ],
            [
              52.2050365,
              20.882848
            ],
            [
              52.2051189,
              20.8827765
            ]
          ],
          [
            [
              52.2002062,
              20.8869959
            ],
            [
              52.2003132,
              20.8869035
            ]
          ],
          [
            [
              52.1990433,
              20.8879994
            ],
            [
              52.1991239,
              20.8879298
            ]
          ],
          [
            [
              52.1983966,
              20.8885574
            ],
            [
              52.1984764,
              20.8884885
            ],
            [
              52.1984943,
              20.8884731
            ]
          ],
          [
            [
              52.1996117,
              20.8875089
            ],
            [
              52.199915,
              20.8872472
            ]
          ],
          [
            [
              52.199915,
              20.8872472
            ],
            [
              52.2000099,
              20.8871653
            ]
          ],
          [
            [
              52.2001158,
              20.887074
            ],
            [
              52.2001516,
              20.8870431
            ]
          ],
          [
            [
              52.2001516,
              20.8870431
            ],
            [
              52.2002062,
              20.8869959
            ]
          ],
          [
            [
              52.2003132,
              20.8869035
            ],
            [
              52.2004151,
              20.8868157
            ]
          ],
          [
            [
              52.2004151,
              20.8868157
            ],
            [
              52.2005081,
              20.8867355
            ]
          ],
          [
            [
              52.2005081,
              20.8867355
            ],
            [
              52.2005966,
              20.886659
            ],
            [
              52.2006926,
              20.8865762
            ]
          ],
          [
            [
              52.2012287,
              20.8861124
            ],
            [
              52.2012894,
              20.8860599
            ],
            [
              52.2013687,
              20.8859913
            ]
          ],
          [
            [
              52.2009824,
              20.8863255
            ],
            [
              52.2010555,
              20.8862623
            ],
            [
              52.2011656,
              20.8861671
            ]
          ],
          [
            [
              52.2014051,
              20.8859598
            ],
            [
              52.2014946,
              20.8858824
            ],
            [
              52.2015378,
              20.885845
            ],
            [
              52.2015893,
              20.8858005
            ]
          ],
          [
            [
              52.2015893,
              20.8858005
            ],
            [
              52.2016384,
              20.885758
            ],
            [
              52.2017853,
              20.8856309
            ],
            [
              52.2019384,
              20.8854985
            ],
            [
              52.2020267,
              20.8854221
            ],
            [
              52.2020407,
              20.88541
            ],
            [
              52.2021113,
              20.8853489
            ]
          ],
          [
            [
              52.2021113,
              20.8853489
            ],
            [
              52.2021831,
              20.8852868
            ]
          ],
          [
            [
              52.2021831,
              20.8852868
            ],
            [
              52.2022364,
              20.8852407
            ],
            [
              52.2022687,
              20.8852127
            ],
            [
              52.2023334,
              20.8851568
            ],
            [
              52.2024069,
              20.8850932
            ]
          ],
          [
            [
              52.2026768,
              20.8848699
            ],
            [
              52.2027169,
              20.8848405
            ]
          ],
          [
            [
              52.2027169,
              20.8848405
            ],
            [
              52.2027953,
              20.8847856
            ],
            [
              52.2028315,
              20.8847596
            ],
            [
              52.202871,
              20.8847278
            ],
            [
              52.2034619,
              20.8842149
            ],
            [
              52.2036488,
              20.8840526
            ]
          ],
          [
            [
              52.2013687,
              20.8859913
            ],
            [
              52.2014051,
              20.8859598
            ]
          ],
          [
            [
              52.2011656,
              20.8861671
            ],
            [
              52.2012287,
              20.8861124
            ]
          ],
          [
            [
              52.1989034,
              20.8881201
            ],
            [
              52.1989274,
              20.8880994
            ],
            [
              52.1989532,
              20.8880772
            ]
          ],
          [
            [
              52.1984943,
              20.8884731
            ],
            [
              52.1989034,
              20.8881201
            ]
          ],
          [
            [
              52.1989532,
              20.8880772
            ],
            [
              52.1990433,
              20.8879994
            ]
          ]
        ]
      }
    },
    {
      "type": "Feature",
      "properties": {
        "name": "Rondo Henryka Linowskiego",
        "highway": "tertiary"
      },
      "geometry": {
        "type": "MultiLineString",
        "coordinates": [
          [
            [
              52.1934791,
              20.859339
            ],
            [
              52.1934966,
              20.8593232
            ],
            [
              52.1935162,
              20.8593165
            ],
            [
              52.1935361,
              20.8593195
            ],
            [
              52.1935547,
              20.859332
            ],
            [
              52.1935701,
              20.8593528
            ],
            [
              52.1935808,
              20.8593791
            ],
            [
              52.1935865,
              20.8594094
            ],
            [
              52.1935867,
              20.859441
            ],
            [
              52.1935814,
              20.8594713
            ],
            [
              52.1935709,
              20.8594979
            ],
            [
              52.1935563,
              20.8595186
            ]
          ],
          [
            [
              52.1934668,
              20.8594934
            ],
            [
              52.1934551,
              20.8594549
            ],
            [
              52.1934533,
              20.8594121
            ],
            [
              52.1934617,
              20.8593714
            ],
            [
              52.1934791,
              20.859339
            ]
          ],
          [
            [
              52.1934668,
              20.8594934
            ],
            [
              52.1934854,
              20.8595202
            ],
            [
              52.1935086,
              20.8595343
            ],
            [
              52.1935333,
              20.8595337
            ],
            [
              52.1935563,
              20.8595186
            ]
          ]
        ]
      }
    },
    {
      "type": "Feature",
      "properties": {
        "name": "Kompanii AK „Goplana”",
        "highway": "residential"
      },
      "geometry": {
        "type": "MultiLineString",
        "coordinates": [
          [
            [
              52.2062474,
              20.8766671
            ],
            [
              52.2063859,
              20.8770899
            ],
            [
              52.2067103,
              20.8780808
            ],
            [
              52.2067739,
              20.8782751
            ],
            [
              52.2067943,
              20.8783376
            ],
            [
              52.2068103,
              20.8783863
            ]
          ],
          [
            [
              52.2069176,
              20.8787144
            ],
            [
              52.2069635,
              20.8788546
            ],
            [
              52.2069917,
              20.8789407
            ],
            [
              52.2070257,
              20.8790445
            ],
            [
              52.2071163,
              20.8793211
            ],
            [
              52.2075149,
              20.8805386
            ],
            [
              52.2075565,
              20.8806658
            ]
          ],
          [
            [
              52.2057633,
              20.8751882
            ],
            [
              52.2057869,
              20.8752605
            ],
            [
              52.2059461,
              20.8757466
            ],
            [
              52.2062252,
              20.8765993
            ],
            [
              52.2062474,
              20.8766671
            ]
          ],
          [
            [
              52.2068763,
              20.8785881
            ],
            [
              52.2069176,
              20.8787144
            ]
          ],
          [
            [
              52.2068103,
              20.8783863
            ],
            [
              52.2068763,
              20.8785881
            ]
          ]
        ]
      }
    },
    {
      "type": "Feature",
      "properties": {
        "name": "Marka Leykama",
        "highway": "residential"
      },
      "geometry": {
        "type": "MultiLineString",
        "coordinates": [
          [
            [
              52.2030062,
              20.8795412
            ],
            [
              52.2030691,
              20.8794864
            ],
            [
              52.2034669,
              20.8791399
            ],
            [
              52.2036488,
              20.8789814
            ],
            [
              52.2037221,
              20.8789175
            ],
            [
              52.203746,
              20.8788966
            ],
            [
              52.2037728,
              20.8788734
            ],
            [
              52.2038298,
              20.8788237
            ]
          ],
          [
            [
              52.2018041,
              20.880624
            ],
            [
              52.202022,
              20.8804349
            ],
            [
              52.2023821,
              20.8801225
            ],
            [
              52.202662,
              20.8798797
            ],
            [
              52.2027166,
              20.8798293
            ],
            [
              52.2027676,
              20.8797786
            ],
            [
              52.2028808,
              20.8796589
            ],
            [
              52.2029256,
              20.8796139
            ],
            [
              52.2029684,
              20.8795741
            ],
            [
              52.2030062,
              20.8795412
            ]
          ],
          [
            [
              52.2011594,
              20.8811426
            ],
            [
              52.2012261,
              20.8810849
            ],
            [
              52.2015479,
              20.8808061
            ],
            [
              52.2016109,
              20.8807646
            ]
          ],
          [
            [
              52.2016109,
              20.8807646
            ],
            [
              52.2016889,
              20.8807133
            ],
            [
              52.2017171,
              20.8806936
            ],
            [
              52.2018041,
              20.880624
            ]
          ]
        ]
      }
    },
    {
      "type": "Feature",
      "properties": {
        "name": "Licencyjna",
        "highway": "service"
      },
      "geometry": {
        "type": "MultiLineString",
        "coordinates": [
          [
            [
              52.2072973,
              20.8737447
            ],
            [
              52.2075922,
              20.8746571
            ],
            [
              52.2087602,
              20.878169
            ],
            [
              52.2089285,
              20.8786844
            ],
            [
              52.2090282,
              20.8789898
            ],
            [
              52.2090412,
              20.8790838
            ],
            [
              52.2090449,
              20.8791942
            ],
            [
              52.2090394,
              20.8792745
            ],
            [
              52.2090244,
              20.8793558
            ]
          ]
        ]
      }
    },
    {
      "type": "Feature",
      "properties": {
        "name": "Ogniowa",
        "highway": "residential"
      },
      "geometry": {
        "type": "MultiLineString",
        "coordinates": [
          [
            [
              52.1974797,
              20.8858152
            ],
            [
              52.1975175,
              20.8857848
            ],
            [
              52.1980769,
              20.8853047
            ],
            [
              52.1983349,
              20.8850869
            ],
            [
              52.1986809,
              20.8847864
            ],
            [
              52.1988122,
              20.8846738
            ]
          ],
          [
            [
              52.1988122,
              20.8846738
            ],
            [
              52.1992619,
              20.8842831
            ],
            [
              52.1997992,
              20.8838163
            ]
          ]
        ]
      }
    },
    {
      "type": "Feature",
      "properties": {
        "name": "Stefanii Wilczyńskiej",
        "highway": "residential"
      },
      "geometry": {
        "type": "MultiLineString",
        "coordinates": [
          [
            [
              52.1918745,
              20.9095827
            ],
            [
              52.1920217,
              20.9097091
            ],
            [
              52.1921653,
              20.9098325
            ],
            [
              52.1922301,
              20.9098882
            ],
            [
              52.1925064,
              20.9101255
            ],
            [
              52.1926816,
              20.910276
            ],
            [
              52.1927263,
              20.9103144
            ],
            [
              52.1927397,
              20.9103309
            ],
            [
              52.192749,
              20.9103467
            ],
            [
              52.1927547,
              20.9103674
            ],
            [
              52.1927565,
              20.9103937
            ],
            [
              52.1927533,
              20.9104235
            ],
            [
              52.1927459,
              20.9104578
            ],
            [
              52.1927103,
              20.9105742
            ],
            [
              52.1926938,
              20.9106283
            ],
            [
              52.1925971,
              20.9109443
            ],
            [
              52.1925057,
              20.9112435
            ]
          ],
          [
            [
              52.1924531,
              20.9114153
            ],
            [
              52.1924928,
              20.9112853
            ],
            [
              52.1925057,
              20.9112435
            ]
          ],
          [
            [
              52.1918254,
              20.9095405
            ],
            [
              52.1918611,
              20.9095712
            ],
            [
              52.1918745,
              20.9095827
            ]
          ]
        ]
      }
    },
    {
      "type": "Feature",
      "properties": {
        "name": "Giserska",
        "highway": "residential"
      },
      "geometry": {
        "type": "MultiLineString",
        "coordinates": [
          [
            [
              52.2024069,
              20.8850932
            ],
            [
              52.2024568,
              20.8851899
            ],
            [
              52.2024766,
              20.8852506
            ],
            [
              52.2026293,
              20.8857191
            ],
            [
              52.2026356,
              20.8857386
            ],
            [
              52.2027249,
              20.8860124
            ]
          ],
          [
            [
              52.2020843,
              20.8829162
            ],
            [
              52.2020942,
              20.8829503
            ],
            [
              52.2021225,
              20.8830474
            ],
            [
              52.2021369,
              20.8830969
            ]
          ],
          [
            [
              52.2018099,
              20.8831447
            ],
            [
              52.2018517,
              20.8832811
            ],
            [
              52.2018668,
              20.8833305
            ]
          ],
          [
            [
              52.2016834,
              20.8810941
            ],
            [
              52.2019809,
              20.8824461
            ]
          ],
          [
            [
              52.2016109,
              20.8807646
            ],
            [
              52.2016403,
              20.8808982
            ],
            [
              52.2016834,
              20.8810941
            ]
          ],
          [
            [
              52.2012343,
              20.8813729
            ],
            [
              52.2016723,
              20.8827205
            ]
          ],
          [
            [
              52.2011594,
              20.8811426
            ],
            [
              52.2011967,
              20.8812573
            ],
            [
              52.2012343,
              20.8813729
            ]
          ],
          [
            [
              52.2010941,
              20.8809417
            ],
            [
              52.2011594,
              20.8811426
            ]
          ],
          [
            [
              52.2007597,
              20.8799128
            ],
            [
              52.2010941,
              20.8809417
            ]
          ],
          [
            [
              52.2005942,
              20.8794037
            ],
            [
              52.2006391,
              20.8795419
            ],
            [
              52.2006564,
              20.879595
            ],
            [
              52.2007597,
              20.8799128
            ]
          ],
          [
            [
              52.2026812,
              20.8847318
            ],
            [
              52.2026953,
              20.8847748
            ],
            [
              52.2027169,
              20.8848405
            ]
          ],
          [
            [
              52.2016723,
              20.8827205
            ],
            [
              52.2017186,
              20.8828631
            ],
            [
              52.2017583,
              20.8829853
            ],
            [
              52.201772,
              20.8830274
            ]
          ],
          [
            [
              52.2019809,
              20.8824461
            ],
            [
              52.2020155,
              20.8826034
            ],
            [
              52.2020541,
              20.882779
            ]
          ],
          [
            [
              52.2020541,
              20.882779
            ],
            [
              52.2020843,
              20.8829162
            ]
          ],
          [
            [
              52.201772,
              20.8830274
            ],
            [
              52.2018099,
              20.8831447
            ]
          ],
          [
            [
              52.2029886,
              20.8868215
            ],
            [
              52.2030035,
              20.8868673
            ],
            [
              52.203019,
              20.8869149
            ]
          ],
          [
            [
              52.2035774,
              20.8886279
            ],
            [
              52.2036113,
              20.8887319
            ],
            [
              52.2036379,
              20.8888135
            ]
          ],
          [
            [
              52.2023536,
              20.8849292
            ],
            [
              52.202363,
              20.8849582
            ],
            [
              52.2023724,
              20.8849871
            ]
          ],
          [
            [
              52.2035272,
              20.8884739
            ],
            [
              52.2035774,
              20.8886279
            ]
          ],
          [
            [
              52.2034107,
              20.8881165
            ],
            [
              52.2035272,
              20.8884739
            ]
          ],
          [
            [
              52.2032498,
              20.8876228
            ],
            [
              52.2034107,
              20.8881165
            ]
          ],
          [
            [
              52.203019,
              20.8869149
            ],
            [
              52.2030741,
              20.8870838
            ],
            [
              52.2031727,
              20.8873862
            ],
            [
              52.2032498,
              20.8876228
            ]
          ],
          [
            [
              52.2028293,
              20.8863328
            ],
            [
              52.2029355,
              20.8866585
            ],
            [
              52.2029886,
              20.8868215
            ]
          ],
          [
            [
              52.2027249,
              20.8860124
            ],
            [
              52.2028293,
              20.8863328
            ]
          ],
          [
            [
              52.2023724,
              20.8849871
            ],
            [
              52.2023884,
              20.8850362
            ],
            [
              52.2024069,
              20.8850932
            ]
          ],
          [
            [
              52.2026723,
              20.8847051
            ],
            [
              52.2026812,
              20.8847318
            ]
          ]
        ]
      }
    },
    {
      "type": "Feature",
      "properties": {
        "name": "Karola Taylora",
        "highway": "residential"
      },
      "geometry": {
        "type": "MultiLineString",
        "coordinates": [
          [
            [
              52.1984219,
              20.8803486
            ],
            [
              52.198457,
              20.8803608
            ],
            [
              52.1985151,
              20.880381
            ],
            [
              52.1987773,
              20.8804724
            ],
            [
              52.1988849,
              20.8805073
            ],
            [
              52.1989517,
              20.880525
            ],
            [
              52.1990361,
              20.8805367
            ],
            [
              52.1991132,
              20.8805374
            ],
            [
              52.199178,
              20.8805268
            ],
            [
              52.1992461,
              20.8805075
            ],
            [
              52.1993153,
              20.8804827
            ],
            [
              52.1993464,
              20.8804679
            ],
            [
              52.1993822,
              20.8804509
            ],
            [
              52.1994414,
              20.8804132
            ],
            [
              52.1995097,
              20.8803605
            ],
            [
              52.19967,
              20.8802167
            ],
            [
              52.1997799,
              20.8801181
            ],
            [
              52.2000732,
              20.8798632
            ],
            [
              52.2002912,
              20.8796709
            ]
          ],
          [
            [
              52.2006486,
              20.8791494
            ],
            [
              52.2017091,
              20.8782589
            ]
          ],
          [
            [
              52.2017091,
              20.8782589
            ],
            [
              52.2019057,
              20.8780921
            ]
          ],
          [
            [
              52.2004771,
              20.879507
            ],
            [
              52.2005056,
              20.8794818
            ],
            [
              52.2005273,
              20.8794633
            ],
            [
              52.2005942,
              20.8794037
            ]
          ],
          [
            [
              52.2002912,
              20.8796709
            ],
            [
              52.2004771,
              20.879507
            ]
          ],
          [
            [
              52.2021295,
              20.8780658
            ],
            [
              52.2021571,
              20.878042
            ],
            [
              52.2022737,
              20.8779411
            ],
            [
              52.2025992,
              20.8776596
            ],
            [
              52.2028656,
              20.8774291
            ],
            [
              52.2031452,
              20.8771873
            ],
            [
              52.2031867,
              20.8771514
            ],
            [
              52.2032004,
              20.8771396
            ],
            [
              52.203259,
              20.8770888
            ]
          ]
        ]
      }
    },
    {
      "type": "Feature",
      "properties": {
        "name": "Przy Forcie",
        "highway": "residential"
      },
      "geometry": {
        "type": "MultiLineString",
        "coordinates": [
          [
            [
              52.1949762,
              20.9047319
            ],
            [
              52.1953618,
              20.9050834
            ],
            [
              52.1953712,
              20.905092
            ]
          ],
          [
            [
              52.1937917,
              20.9036111
            ],
            [
              52.1938135,
              20.9036319
            ],
            [
              52.1938575,
              20.9036738
            ],
            [
              52.1938894,
              20.903704
            ],
            [
              52.1941123,
              20.903916
            ],
            [
              52.1942282,
              20.9040274
            ],
            [
              52.1945714,
              20.9043528
            ],
            [
              52.1947106,
              20.9044851
            ]
          ],
          [
            [
              52.1947106,
              20.9044851
            ],
            [
              52.1947376,
              20.9045109
            ],
            [
              52.1947767,
              20.904548
            ],
            [
              52.194828,
              20.9045968
            ]
          ],
          [
            [
              52.194828,
              20.9045968
            ],
            [
              52.1949762,
              20.9047319
            ]
          ],
          [
            [
              52.1936496,
              20.903476
            ],
            [
              52.1936897,
              20.9035141
            ],
            [
              52.1937067,
              20.9035303
            ]
          ],
          [
            [
              52.1937067,
              20.9035303
            ],
            [
              52.193734,
              20.9035563
            ],
            [
              52.1937605,
              20.9035815
            ],
            [
              52.1937917,
              20.9036111
            ]
          ]
        ]
      }
    },
    {
      "type": "Feature",
      "properties": {
        "name": "Górna Droga",
        "highway": "residential"
      },
      "geometry": {
        "type": "MultiLineString",
        "coordinates": [
          [
            [
              52.1825048,
              20.8680652
            ],
            [
              52.1825387,
              20.8680648
            ],
            [
              52.1826143,
              20.8680616
            ],
            [
              52.1829948,
              20.8680454
            ],
            [
              52.184749,
              20.8679639
            ],
            [
              52.1850524,
              20.8679477
            ],
            [
              52.1851601,
              20.8679424
            ],
            [
              52.1855844,
              20.8679269
            ],
            [
              52.1857264,
              20.8679229
            ],
            [
              52.1859863,
              20.8679111
            ],
            [
              52.186277,
              20.8679095
            ]
          ],
          [
            [
              52.186277,
              20.8679095
            ],
            [
              52.1864746,
              20.8679143
            ],
            [
              52.1865405,
              20.8679141
            ],
            [
              52.1865713,
              20.867908
            ],
            [
              52.1865817,
              20.8679059
            ],
            [
              52.1866245,
              20.8678857
            ],
            [
              52.1866599,
              20.8678542
            ],
            [
              52.1866924,
              20.8678142
            ],
            [
              52.1867201,
              20.8677608
            ],
            [
              52.1868531,
              20.8674042
            ],
            [
              52.1869666,
              20.867119
            ]
          ]
        ]
      }
    },
    {
      "type": "Feature",
      "properties": {
        "name": "Zofii Moraczewskiej",
        "highway": "residential"
      },
      "geometry": {
        "type": "MultiLineString",
        "coordinates": [
          [
            [
              52.190766,
              20.9130511
            ],
            [
              52.1908072,
              20.9130915
            ],
            [
              52.1910433,
              20.9133248
            ],
            [
              52.1913008,
              20.9135794
            ],
            [
              52.191414,
              20.9136848
            ],
            [
              52.1916847,
              20.9139369
            ],
            [
              52.1918724,
              20.9141117
            ]
          ]
        ]
      }
    },
    {
      "type": "Feature",
      "properties": {
        "name": "Reksia",
        "highway": "residential"
      },
      "geometry": {
        "type": "MultiLineString",
        "coordinates": [
          [
            [
              52.1915072,
              20.9105964
            ],
            [
              52.1916162,
              20.9106908
            ],
            [
              52.1916389,
              20.9107104
            ]
          ],
          [
            [
              52.1916389,
              20.9107104
            ],
            [
              52.1922828,
              20.9112679
            ],
            [
              52.1923421,
              20.9113192
            ]
          ],
          [
            [
              52.1923421,
              20.9113192
            ],
            [
              52.1923679,
              20.9113415
            ],
            [
              52.1924531,
              20.9114153
            ],
            [
              52.1925362,
              20.9114872
            ],
            [
              52.1925603,
              20.9115081
            ]
          ],
          [
            [
              52.1925603,
              20.9115081
            ],
            [
              52.1929195,
              20.911819
            ],
            [
              52.1929971,
              20.9118862
            ],
            [
              52.1930909,
              20.9119675
            ]
          ]
        ]
      }
    },
    {
      "type": "Feature",
      "properties": {
        "name": "Edwarda Habicha",
        "highway": "residential"
      },
      "geometry": {
        "type": "MultiLineString",
        "coordinates": [
          [
            [
              52.2035486,
              20.8816388
            ],
            [
              52.2035925,
              20.8816003
            ],
            [
              52.2037115,
              20.8814961
            ]
          ],
          [
            [
              52.2033466,
              20.8816542
            ],
            [
              52.2034288,
              20.8815827
            ],
            [
              52.2034514,
              20.8815631
            ],
            [
              52.203557,
              20.8814712
            ],
            [
              52.2036041,
              20.8814303
            ],
            [
              52.2036778,
              20.8813662
            ]
          ],
          [
            [
              52.2022296,
              20.8826253
            ],
            [
              52.2025067,
              20.8823844
            ]
          ],
          [
            [
              52.2036778,
              20.8813662
            ],
            [
              52.2039286,
              20.8811482
            ]
          ],
          [
            [
              52.2037115,
              20.8814961
            ],
            [
              52.2039206,
              20.881313
            ],
            [
              52.2039686,
              20.881271
            ],
            [
              52.2042631,
              20.8810131
            ]
          ],
          [
            [
              52.2022726,
              20.8827561
            ],
            [
              52.202369,
              20.8826716
            ]
          ],
          [
            [
              52.2039286,
              20.8811482
            ],
            [
              52.2039968,
              20.8810888
            ],
            [
              52.2040867,
              20.8810108
            ]
          ],
          [
            [
              52.2018099,
              20.8831447
            ],
            [
              52.2019195,
              20.8830534
            ],
            [
              52.2020843,
              20.8829162
            ]
          ],
          [
            [
              52.2040867,
              20.8810108
            ],
            [
              52.2042264,
              20.8808893
            ]
          ],
          [
            [
              52.2048122,
              20.8805466
            ],
            [
              52.2049783,
              20.8804021
            ],
            [
              52.2051699,
              20.8802353
            ]
          ],
          [
            [
              52.205751,
              20.8795658
            ],
            [
              52.2058429,
              20.879486
            ],
            [
              52.2059391,
              20.8794024
            ],
            [
              52.2059686,
              20.8793768
            ],
            [
              52.2060721,
              20.8792868
            ]
          ],
          [
            [
              52.2032364,
              20.88175
            ],
            [
              52.2033466,
              20.8816542
            ]
          ],
          [
            [
              52.2028012,
              20.8821284
            ],
            [
              52.2028303,
              20.8821031
            ],
            [
              52.2028588,
              20.8820783
            ],
            [
              52.2029392,
              20.8820085
            ],
            [
              52.2029652,
              20.8819859
            ],
            [
              52.2030975,
              20.8818708
            ],
            [
              52.2032364,
              20.88175
            ]
          ],
          [
            [
              52.2025067,
              20.8823844
            ],
            [
              52.2025998,
              20.8823034
            ],
            [
              52.2026681,
              20.8822441
            ]
          ],
          [
            [
              52.2026681,
              20.8822441
            ],
            [
              52.2027076,
              20.8822098
            ],
            [
              52.2028012,
              20.8821284
            ]
          ],
          [
            [
              52.2020541,
              20.882779
            ],
            [
              52.2021221,
              20.8827192
            ],
            [
              52.2021638,
              20.8826825
            ],
            [
              52.2022296,
              20.8826253
            ]
          ],
          [
            [
              52.202369,
              20.8826716
            ],
            [
              52.2024799,
              20.8825745
            ]
          ],
          [
            [
              52.2024799,
              20.8825745
            ],
            [
              52.2026592,
              20.8824175
            ]
          ],
          [
            [
              52.2026592,
              20.8824175
            ],
            [
              52.202749,
              20.8823389
            ],
            [
              52.2028723,
              20.882231
            ],
            [
              52.2029007,
              20.882206
            ],
            [
              52.2030072,
              20.8821129
            ],
            [
              52.2031023,
              20.8820295
            ]
          ],
          [
            [
              52.2031023,
              20.8820295
            ],
            [
              52.2033898,
              20.8817778
            ]
          ],
          [
            [
              52.2033898,
              20.8817778
            ],
            [
              52.2034698,
              20.8817077
            ],
            [
              52.2034924,
              20.881688
            ],
            [
              52.2035486,
              20.8816388
            ]
          ],
          [
            [
              52.2042264,
              20.8808893
            ],
            [
              52.2042401,
              20.8808774
            ],
            [
              52.2042684,
              20.8808528
            ],
            [
              52.2043157,
              20.8808117
            ],
            [
              52.2043402,
              20.8807862
            ],
            [
              52.2043569,
              20.8807646
            ]
          ],
          [
            [
              52.2051699,
              20.8802353
            ],
            [
              52.2052391,
              20.8801752
            ],
            [
              52.2053106,
              20.8801129
            ]
          ],
          [
            [
              52.2053106,
              20.8801129
            ],
            [
              52.2054457,
              20.8799953
            ],
            [
              52.2056034,
              20.8798581
            ]
          ],
          [
            [
              52.2057072,
              20.8797678
            ],
            [
              52.2057422,
              20.8797373
            ],
            [
              52.2057669,
              20.8797158
            ],
            [
              52.2057919,
              20.8796941
            ]
          ],
          [
            [
              52.2059404,
              20.8795648
            ],
            [
              52.2060044,
              20.8795092
            ],
            [
              52.2061073,
              20.8794196
            ]
          ],
          [
            [
              52.2057919,
              20.8796941
            ],
            [
              52.2059404,
              20.8795648
            ]
          ],
          [
            [
              52.2066727,
              20.8789274
            ],
            [
              52.2066955,
              20.8789076
            ],
            [
              52.2067314,
              20.8788765
            ],
            [
              52.2067567,
              20.8788545
            ]
          ],
          [
            [
              52.2061073,
              20.8794196
            ],
            [
              52.2062979,
              20.8792537
            ]
          ],
          [
            [
              52.2060721,
              20.8792868
            ],
            [
              52.2062877,
              20.8790995
            ]
          ],
          [
            [
              52.2066311,
              20.878801
            ],
            [
              52.2066544,
              20.8787808
            ],
            [
              52.2066903,
              20.8787497
            ],
            [
              52.206715,
              20.8787282
            ]
          ],
          [
            [
              52.2064452,
              20.8791255
            ],
            [
              52.2065619,
              20.8790239
            ]
          ],
          [
            [
              52.2062979,
              20.8792537
            ],
            [
              52.2064028,
              20.8791624
            ],
            [
              52.2064452,
              20.8791255
            ]
          ],
          [
            [
              52.2064688,
              20.8789421
            ],
            [
              52.2065595,
              20.8788633
            ]
          ],
          [
            [
              52.2062877,
              20.8790995
            ],
            [
              52.2063558,
              20.8790403
            ],
            [
              52.2064045,
              20.878998
            ],
            [
              52.2064688,
              20.8789421
            ]
          ],
          [
            [
              52.2045705,
              20.8807746
            ],
            [
              52.2045982,
              20.8807359
            ],
            [
              52.2046237,
              20.8807107
            ],
            [
              52.2046347,
              20.8807011
            ]
          ],
          [
            [
              52.2045942,
              20.8805709
            ],
            [
              52.2046178,
              20.8805504
            ],
            [
              52.2046468,
              20.8805252
            ],
            [
              52.2046756,
              20.8805001
            ]
          ],
          [
            [
              52.2042631,
              20.8810131
            ],
            [
              52.2042795,
              20.8809987
            ],
            [
              52.2043081,
              20.8809737
            ],
            [
              52.2043526,
              20.8809347
            ],
            [
              52.2043679,
              20.8809235
            ],
            [
              52.2043984,
              20.8809077
            ]
          ],
          [
            [
              52.2003801,
              20.8842541
            ],
            [
              52.200473,
              20.8841736
            ],
            [
              52.2008028,
              20.883888
            ],
            [
              52.200833,
              20.8838618
            ],
            [
              52.2009158,
              20.8837901
            ],
            [
              52.2011127,
              20.883617
            ]
          ],
          [
            [
              52.2007478,
              20.884072
            ],
            [
              52.200838,
              20.8839933
            ],
            [
              52.200868,
              20.8839671
            ],
            [
              52.2009435,
              20.8839012
            ],
            [
              52.2012482,
              20.8836352
            ],
            [
              52.201327,
              20.8835663
            ]
          ],
          [
            [
              52.2054868,
              20.8797953
            ],
            [
              52.2055679,
              20.8797249
            ]
          ],
          [
            [
              52.205358,
              20.8799073
            ],
            [
              52.2054338,
              20.8798414
            ],
            [
              52.2054868,
              20.8797953
            ]
          ],
          [
            [
              52.2048004,
              20.8803918
            ],
            [
              52.2049096,
              20.8802969
            ]
          ],
          [
            [
              52.2052207,
              20.8800266
            ],
            [
              52.205358,
              20.8799073
            ]
          ],
          [
            [
              52.2049096,
              20.8802969
            ],
            [
              52.2049665,
              20.8802474
            ],
            [
              52.2051583,
              20.8800808
            ],
            [
              52.2051971,
              20.8800471
            ],
            [
              52.2052207,
              20.8800266
            ]
          ],
          [
            [
              52.2046347,
              20.8807011
            ],
            [
              52.2046592,
              20.8806797
            ],
            [
              52.2046883,
              20.8806544
            ],
            [
              52.2047164,
              20.88063
            ]
          ],
          [
            [
              52.2047164,
              20.88063
            ],
            [
              52.2047279,
              20.88062
            ],
            [
              52.2048122,
              20.8805466
            ]
          ],
          [
            [
              52.2045198,
              20.8806211
            ],
            [
              52.2045573,
              20.880603
            ],
            [
              52.2045942,
              20.8805709
            ]
          ],
          [
            [
              52.2046756,
              20.8805001
            ],
            [
              52.2046866,
              20.8804906
            ],
            [
              52.2048004,
              20.8803918
            ]
          ],
          [
            [
              52.205665,
              20.8796405
            ],
            [
              52.2057006,
              20.8796096
            ],
            [
              52.2057259,
              20.8795876
            ],
            [
              52.205751,
              20.8795658
            ]
          ],
          [
            [
              52.2055679,
              20.8797249
            ],
            [
              52.20564,
              20.8796622
            ],
            [
              52.205665,
              20.8796405
            ]
          ],
          [
            [
              52.2056034,
              20.8798581
            ],
            [
              52.2057072,
              20.8797678
            ]
          ],
          [
            [
              52.2067567,
              20.8788545
            ],
            [
              52.2067932,
              20.8788227
            ],
            [
              52.2069176,
              20.8787144
            ]
          ],
          [
            [
              52.206715,
              20.8787282
            ],
            [
              52.2067561,
              20.8786925
            ],
            [
              52.2068763,
              20.8785881
            ]
          ],
          [
            [
              52.2065595,
              20.8788633
            ],
            [
              52.2066311,
              20.878801
            ]
          ],
          [
            [
              52.2065619,
              20.8790239
            ],
            [
              52.2066727,
              20.8789274
            ]
          ],
          [
            [
              52.2016966,
              20.8830942
            ],
            [
              52.201772,
              20.8830274
            ]
          ],
          [
            [
              52.201772,
              20.8830274
            ],
            [
              52.2018805,
              20.8829319
            ],
            [
              52.2020541,
              20.882779
            ]
          ],
          [
            [
              52.2020843,
              20.8829162
            ],
            [
              52.2021642,
              20.8828497
            ],
            [
              52.2021932,
              20.8828256
            ],
            [
              52.2022726,
              20.8827561
            ]
          ],
          [
            [
              52.2017341,
              20.8832113
            ],
            [
              52.2018099,
              20.8831447
            ]
          ],
          [
            [
              52.2016296,
              20.8833022
            ],
            [
              52.2017341,
              20.8832113
            ]
          ],
          [
            [
              52.2011127,
              20.883617
            ],
            [
              52.2013065,
              20.8834467
            ]
          ],
          [
            [
              52.2013065,
              20.8834467
            ],
            [
              52.2014077,
              20.8833576
            ],
            [
              52.2015496,
              20.8832278
            ],
            [
              52.2016966,
              20.8830942
            ]
          ],
          [
            [
              52.2002362,
              20.8843788
            ],
            [
              52.2003801,
              20.8842541
            ]
          ],
          [
            [
              52.2002114,
              20.8844002
            ],
            [
              52.2002362,
              20.8843788
            ]
          ],
          [
            [
              52.201327,
              20.8835663
            ],
            [
              52.2014055,
              20.8834978
            ],
            [
              52.2016296,
              20.8833022
            ]
          ],
          [
            [
              52.2006493,
              20.8841581
            ],
            [
              52.2007478,
              20.884072
            ]
          ],
          [
            [
              52.2004421,
              20.8843389
            ],
            [
              52.2005482,
              20.8842463
            ],
            [
              52.2006493,
              20.8841581
            ]
          ],
          [
            [
              52.2002481,
              20.8845083
            ],
            [
              52.2004421,
              20.8843389
            ]
          ]
        ]
      }
    },
    {
      "type": "Feature",
      "properties": {
        "name": "Rondo Tajnej Komisji Zakładowej NSZZ „Solidarność” w Ursusie",
        "highway": "tertiary"
      },
      "geometry": {
        "type": "MultiLineString",
        "coordinates": [
          [
            [
              52.2043569,
              20.8807646
            ],
            [
              52.2043571,
              20.8807828
            ],
            [
              52.2043585,
              20.8808009
            ],
            [
              52.2043611,
              20.8808187
            ],
            [
              52.2043648,
              20.8808359
            ],
            [
              52.2043696,
              20.8808524
            ],
            [
              52.2043754,
              20.880868
            ],
            [
              52.2043822,
              20.8808825
            ],
            [
              52.2043899,
              20.8808958
            ],
            [
              52.2043984,
              20.8809077
            ]
          ],
          [
            [
              52.2043984,
              20.8809077
            ],
            [
              52.2044076,
              20.880918
            ],
            [
              52.2044174,
              20.8809268
            ],
            [
              52.2044277,
              20.8809338
            ],
            [
              52.2044385,
              20.880939
            ],
            [
              52.2044495,
              20.8809424
            ],
            [
              52.2044606,
              20.8809439
            ],
            [
              52.2044718,
              20.8809435
            ]
          ],
          [
            [
              52.2043569,
              20.8807646
            ],
            [
              52.2043578,
              20.8807464
            ],
            [
              52.2043598,
              20.8807284
            ],
            [
              52.204363,
              20.8807109
            ],
            [
              52.2043673,
              20.8806941
            ],
            [
              52.2043727,
              20.8806781
            ]
          ],
          [
            [
              52.2044556,
              20.8805957
            ],
            [
              52.2044668,
              20.8805953
            ],
            [
              52.2044779,
              20.8805967
            ],
            [
              52.2044889,
              20.8806001
            ],
            [
              52.2044996,
              20.8806053
            ],
            [
              52.2045099,
              20.8806124
            ],
            [
              52.2045198,
              20.8806211
            ]
          ],
          [
            [
              52.2044718,
              20.8809435
            ],
            [
              52.2044829,
              20.8809411
            ],
            [
              52.2044938,
              20.8809369
            ],
            [
              52.2045043,
              20.8809309
            ],
            [
              52.2045144,
              20.8809231
            ],
            [
              52.204524,
              20.8809136
            ],
            [
              52.2045329,
              20.8809025
            ],
            [
              52.204541,
              20.88089
            ],
            [
              52.2045483,
              20.8808761
            ],
            [
              52.2045547,
              20.8808611
            ]
          ],
          [
            [
              52.2045547,
              20.8808611
            ],
            [
              52.20456,
              20.8808451
            ],
            [
              52.2045643,
              20.8808282
            ],
            [
              52.2045675,
              20.8808107
            ],
            [
              52.2045696,
              20.8807928
            ],
            [
              52.2045705,
              20.8807746
            ]
          ],
          [
            [
              52.2045198,
              20.8806211
            ],
            [
              52.204529,
              20.8806315
            ],
            [
              52.2045375,
              20.8806434
            ],
            [
              52.2045451,
              20.8806567
            ],
            [
              52.2045519,
              20.8806712
            ],
            [
              52.2045577,
              20.8806868
            ],
            [
              52.2045625,
              20.8807033
            ],
            [
              52.2045662,
              20.8807205
            ],
            [
              52.2045688,
              20.8807382
            ],
            [
              52.2045703,
              20.8807564
            ],
            [
              52.2045705,
              20.8807746
            ]
          ],
          [
            [
              52.2043727,
              20.8806781
            ],
            [
              52.2043791,
              20.8806631
            ],
            [
              52.2043864,
              20.8806492
            ],
            [
              52.2043945,
              20.8806367
            ],
            [
              52.2044034,
              20.8806256
            ],
            [
              52.2044139,
              20.8806153
            ],
            [
              52.204423,
              20.8806083
            ],
            [
              52.2044336,
              20.8806022
            ],
            [
              52.2044445,
              20.880598
            ],
            [
              52.2044556,
              20.8805957
            ]
          ]
        ]
      }
    }
  ]
}