{
  "type": "FeatureCollection",
  "features": [
    {
      "type": "Feature",
      "properties": {
        "name": "Fabryczna",
        "highway": "residential"
      },
      "geometry": {
        "type": "MultiLineString",
        "coordinates": [
          [
            [
              52.2234028,
              21.2307824
            ],
            [
              52.2235041,
              21.2307037
            ]
          ],
          [
            [
              52.216537,
              21.2300522
            ],
            [
              52.2166504,
              21.230061
            ],
            [
              52.2169345,
              21.230089
            ],
            [
              52.2173266,
              21.2301275
            ],
            [
              52.2174154,
              21.2301352
            ],
            [
              52.2178626,
              21.2301878
            ],
            [
              52.2181605,
              21.2302165
            ],
            [
              52.2188805,
              21.2302858
            ],
            [
              52.2193251,
              21.2303286
            ],
            [
              52.2194771,
              21.2303428
            ],
            [
              52.2195264,
              21.2303474
            ],
            [
              52.2197403,
              21.2303684
            ]
          ],
          [
            [
              52.2215141,
              21.2305719
            ],
            [
              52.2215999,
              21.2305723
            ],
            [
              52.2218128,
              21.2305919
            ],
            [
              52.2220646,
              21.230643
            ],
            [
              52.2226052,
              21.2307035
            ],
            [
              52.2226825,
              21.2307133
            ],
            [
              52.2231609,
              21.2307567
            ],
            [
              52.2232515,
              21.2307658
            ],
            [
              52.2233003,
              21.2307707
            ],
            [
              52.2234028,
              21.2307824
            ]
          ],
          [
            [
              52.2197403,
              21.2303684
            ],
            [
              52.219878,
              21.2303816
            ]
          ],
          [
            [
              52.219878,
              21.2303816
            ],
            [
              52.2201879,
              21.2304351
            ],
            [
              52.2203347,
              21.2304524
            ],
            [
              52.2211669,
              21.2305478
            ],
            [
              52.2212721,
              21.2305599
            ],
            [
              52.2213492,
              21.2305819
            ]
          ],
          [
            [
              52.2137726,
              21.2298224
            ],
            [
              52.214079,
              21.229848
            ]
          ],
          [
            [
              52.2140808,
              21.229803
            ],
            [
              52.2148723,
              21.2298805
            ],
            [
              52.2151377,
              21.2299061
            ],
            [
              52.2155379,
              21.2299519
            ],
            [
              52.2161129,
              21.2300063
            ],
            [
              52.2164061,
              21.2300372
            ],
            [
              52.216537,
              21.2300522
            ]
          ],
          [
            [
              52.2098371,
              21.229421
            ],
            [
              52.210005,
              21.229442
            ],
            [
              52.2105699,
              21.2294961
            ]
          ]
        ]
      }
    },
    {
      "type": "Feature",
      "properties": {
        "name": "Gościniec",
        "highway": "tertiary"
      },
      "geometry": {
        "type": "MultiLineString",
        "coordinates": [
          [
            [
              52.2213739,
              21.2500849
            ],
            [
              52.2213742,
              21.2499966
            ],
            [
              52.2213705,
              21.2495016
            ],
            [
              52.2213657,
              21.2491009
            ],
            [
              52.2213641,
              21.248893
            ],
            [
              52.2213631,
              21.2487548
            ],
            [
              52.221356,
              21.2481279
            ],
            [
              52.2213534,
              21.2475719
            ],
            [
              52.2213546,
              21.2474996
            ],
            [
              52.2213582,
              21.2474336
            ],
            [
              52.2213676,
              21.2472881
            ],
            [
              52.2213907,
              21.2470883
            ],
            [
              52.2214134,
              21.2469446
            ],
            [
              52.2214355,
              21.2468372
            ],
            [
              52.221461,
              21.2467325
            ],
            [
              52.2214868,
              21.246638
            ],
            [
              52.2215366,
              21.2464738
            ],
            [
              52.2215649,
              21.2463807
            ],
            [
              52.2216913,
              21.2459717
            ],
            [
              52.2217319,
              21.2458464
            ],
            [
              52.22189,
              21.2453401
            ],
            [
              52.2219931,
              21.2449972
            ],
            [
              52.2220344,
              21.2448325
            ],
            [
              52.222064,
              21.2446754
            ],
            [
              52.2220833,
              21.2445545
            ],
            [
              52.2220973,
              21.2444456
            ],
            [
              52.2221084,
              21.2442545
            ],
            [
              52.2221169,
              21.2440567
            ],
            [
              52.2221204,
              21.2439016
            ],
            [
              52.2221369,
              21.2436565
            ]
          ],
          [
            [
              52.2228214,
              21.2185713
            ],
            [
              52.2228657,
              21.2165858
            ],
            [
              52.2228663,
              21.2165586
            ]
          ],
          [
            [
              52.2228084,
              21.2228251
            ],
            [
              52.2228086,
              21.2226397
            ],
            [
              52.2228086,
              21.2221596
            ],
            [
              52.2228089,
              21.2219585
            ],
            [
              52.2228128,
              21.2210851
            ],
            [
              52.2228113,
              21.2205531
            ],
            [
              52.2228109,
              21.2203419
            ]
          ],
          [
            [
              52.2227932,
              21.2237123
            ],
            [
              52.2228298,
              21.223455
            ],
            [
              52.2228377,
              21.2232935
            ],
            [
              52.2228433,
              21.2232031
            ],
            [
              52.2228626,
              21.2231128
            ]
          ],
          [
            [
              52.2214153,
              21.2304805
            ],
            [
              52.2214304,
              21.230335
            ],
            [
              52.2214599,
              21.2299433
            ],
            [
              52.2214885,
              21.2297362
            ],
            [
              52.2215265,
              21.2295505
            ],
            [
              52.2216484,
              21.2291208
            ],
            [
              52.221735,
              21.2288154
            ],
            [
              52.2218918,
              21.2282693
            ],
            [
              52.2219577,
              21.2280423
            ],
            [
              52.2220145,
              21.2278522
            ],
            [
              52.2221586,
              21.2273701
            ],
            [
              52.2225462,
              21.226073
            ],
            [
              52.2226042,
              21.2258791
            ],
            [
              52.2226628,
              21.2257027
            ],
            [
              52.2226974,
              21.2255611
            ],
            [
              52.2227536,
              21.2253078
            ],
            [
              52.2227726,
              21.2251213
            ],
            [
              52.2227835,
              21.224945
            ],
            [
              52.2227907,
              21.2244389
            ],
            [
              52.2227898,
              21.2242968
            ],
            [
              52.2227911,
              21.2241567
            ],
            [
              52.2227924,
              21.223886
            ],
            [
              52.2227932,
              21.2237123
            ]
          ],
          [
            [
              52.2218355,
              21.2351119
            ],
            [
              52.2219052,
              21.235995
            ],
            [
              52.2219846,
              21.2370021
            ],
            [
              52.2219968,
              21.2371571
            ],
            [
              52.2220113,
              21.2373321
            ],
            [
              52.2221312,
              21.2387773
            ],
            [
              52.2221853,
              21.2394431
            ],
            [
              52.2222298,
              21.2400192
            ],
            [
              52.2222806,
              21.2406294
            ],
            [
              52.2222914,
              21.2407585
            ],
            [
              52.2223258,
              21.2411716
            ],
            [
              52.2223329,
              21.2412596
            ],
            [
              52.2223447,
              21.241407
            ],
            [
              52.2223474,
              21.2415352
            ],
            [
              52.2223489,
              21.2416513
            ],
            [
              52.2223405,
              21.2417818
            ],
            [
              52.2223272,
              21.2419208
            ],
            [
              52.2223107,
              21.2420346
            ],
            [
              52.2223042,
              21.2420793
            ],
            [
              52.2222277,
              21.2424464
            ],
            [
              52.2221588,
              21.2427186
            ],
            [
              52.2221429,
              21.2428008
            ],
            [
              52.2221332,
              21.2429094
            ],
            [
              52.2221383,
              21.2429713
            ],
            [
              52.2221664,
              21.2431012
            ],
            [
              52.2221765,
              21.2431284
            ]
          ],
          [
            [
              52.2228109,
              21.2203419
            ],
            [
              52.2228109,
              21.2201861
            ],
            [
              52.222818,
              21.2193241
            ],
            [
              52.2228214,
              21.2185713
            ]
          ],
          [
            [
              52.2227512,
              21.2231247
            ],
            [
              52.2227749,
              21.2232098
            ],
            [
              52.2227819,
              21.2232823
            ],
            [
              52.2227825,
              21.2234479
            ],
            [
              52.2227932,
              21.2237123
            ]
          ],
          [
            [
              52.2214251,
              21.2307592
            ],
            [
              52.2214401,
              21.2309235
            ],
            [
              52.2214594,
              21.2311012
            ],
            [
              52.2215134,
              21.2312617
            ]
          ],
          [
            [
              52.2214774,
              21.2307393
            ],
            [
              52.2214821,
              21.2307818
            ],
            [
              52.2214958,
              21.2309064
            ],
            [
              52.2215185,
              21.2311529
            ],
            [
              52.2215134,
              21.2312617
            ]
          ],
          [
            [
              52.2218011,
              21.2346867
            ],
            [
              52.2218039,
              21.2347295
            ],
            [
              52.2218184,
              21.2348956
            ],
            [
              52.2218315,
              21.2350619
            ],
            [
              52.2218355,
              21.2351119
            ]
          ],
          [
            [
              52.2215134,
              21.2312617
            ],
            [
              52.2215277,
              21.2313745
            ],
            [
              52.221531,
              21.2314143
            ],
            [
              52.2216237,
              21.2325326
            ],
            [
              52.2216314,
              21.2326255
            ],
            [
              52.2216664,
              21.2330497
            ],
            [
              52.2217219,
              21.2337212
            ],
            [
              52.2217276,
              21.2337972
            ],
            [
              52.2217348,
              21.2338845
            ],
            [
              52.2218011,
              21.2346867
            ]
          ],
          [
            [
              52.2221365,
              21.2434554
            ],
            [
              52.2221293,
              21.2435903
            ],
            [
              52.2221369,
              21.2436565
            ]
          ],
          [
            [
              52.2221369,
              21.2436565
            ],
            [
              52.2221675,
              21.243601
            ],
            [
              52.2221835,
              21.2435385
            ],
            [
              52.2221975,
              21.2434927
            ]
          ]
        ]
      }
    },
    {
      "type": "Feature",
      "properties": {
        "name": "Rondo Pohulanka",
        "highway": "tertiary"
      },
      "geometry": {
        "type": "MultiLineString",
        "coordinates": [
          [
            [
              52.2160434,
              21.2395518
            ],
            [
              52.2160175,
              21.2395342
            ],
            [
              52.2159953,
              21.2395061
            ],
            [
              52.2159786,
              21.2394694
            ],
            [
              52.2159684,
              21.2394267
            ],
            [
              52.2159656,
              21.2393812
            ],
            [
              52.2159703,
              21.239336
            ],
            [
              52.2159822,
              21.2392945
            ],
            [
              52.2160005,
              21.2392596
            ],
            [
              52.2160239,
              21.2392339
            ],
            [
              52.2160506,
              21.2392193
            ]
          ],
          [
            [
              52.2160506,
              21.2392193
            ],
            [
              52.2160823,
              21.2392173
            ],
            [
              52.2161129,
              21.2392309
            ]
          ],
          [
            [
              52.2160434,
              21.2395518
            ],
            [
              52.216077,
              21.2395572
            ],
            [
              52.2161098,
              21.239545
            ]
          ],
          [
            [
              52.2161098,
              21.239545
            ],
            [
              52.2161336,
              21.239523
            ],
            [
              52.216153,
              21.2394918
            ],
            [
              52.2161668,
              21.2394535
            ],
            [
              52.2161741,
              21.2394107
            ],
            [
              52.2161734,
              21.2393558
            ],
            [
              52.216162,
              21.2393041
            ],
            [
              52.2161411,
              21.239261
            ],
            [
              52.2161129,
              21.2392309
            ]
          ]
        ]
      }
    },
    {
      "type": "Feature",
      "properties": {
        "name": "Jana Pawła II",
        "highway": "tertiary"
      },
      "geometry": {
        "type": "MultiLineString",
        "coordinates": [
          [
            [
              52.2160434,
              21.2395518
            ],
            [
              52.2160488,
              21.2397102
            ],
            [
              52.2160589,
              21.2401212
            ],
            [
              52.2160674,
              21.2402944
            ],
            [
              52.2160811,
              21.2404394
            ],
            [
              52.2161235,
              21.2406007
            ]
          ],
          [
            [
              52.2172386,
              21.2427285
            ],
            [
              52.217266,
              21.2427396
            ],
            [
              52.2173365,
              21.2427677
            ],
            [
              52.2174224,
              21.2427963
            ],
            [
              52.217479,
              21.2428604
            ]
          ],
          [
            [
              52.2162819,
              21.2355422
            ],
            [
              52.2163137,
              21.2348622
            ],
            [
              52.2163272,
              21.2345731
            ],
            [
              52.216335,
              21.2344063
            ],
            [
              52.2163415,
              21.2342667
            ],
            [
              52.2163588,
              21.2338955
            ],
            [
              52.2163711,
              21.2336324
            ],
            [
              52.2163964,
              21.2330896
            ],
            [
              52.2164523,
              21.2318952
            ],
            [
              52.2164609,
              21.2317495
            ],
            [
              52.216467,
              21.2315844
            ],
            [
              52.2164886,
              21.2311148
            ]
          ],
          [
            [
              52.2174575,
              21.2245772
            ],
            [
              52.2175207,
              21.2243692
            ],
            [
              52.2176414,
              21.2239636
            ],
            [
              52.217671,
              21.2238546
            ],
            [
              52.2177024,
              21.2237216
            ],
            [
              52.2177113,
              21.2236713
            ],
            [
              52.2177267,
              21.2235844
            ],
            [
              52.2177451,
              21.223453
            ],
            [
              52.2177472,
              21.2234302
            ],
            [
              52.2177625,
              21.2232988
            ]
          ],
          [
            [
              52.2224002,
              21.2228919
            ],
            [
              52.2226077,
              21.2229797
            ],
            [
              52.2227069,
              21.2230321
            ]
          ],
          [
            [
              52.2160999,
              21.2388302
            ],
            [
              52.2161204,
              21.2389272
            ],
            [
              52.2161183,
              21.2390752
            ],
            [
              52.2161129,
              21.2392309
            ]
          ],
          [
            [
              52.2160506,
              21.2392193
            ],
            [
              52.2160524,
              21.2391632
            ],
            [
              52.2160587,
              21.2390681
            ],
            [
              52.2160715,
              21.2389125
            ],
            [
              52.2160999,
              21.2388302
            ]
          ],
          [
            [
              52.2228974,
              21.2229466
            ],
            [
              52.2229412,
              21.2229547
            ],
            [
              52.222986,
              21.2229575
            ],
            [
              52.2236065,
              21.2229826
            ],
            [
              52.2237008,
              21.2229836
            ]
          ],
          [
            [
              52.2222989,
              21.2432034
            ],
            [
              52.2223216,
              21.2431958
            ],
            [
              52.2223859,
              21.2431741
            ],
            [
              52.2224695,
              21.2431433
            ],
            [
              52.2225183,
              21.2431323
            ],
            [
              52.2225633,
              21.2431286
            ],
            [
              52.222822,
              21.2431369
            ],
            [
              52.2229459,
              21.2431206
            ]
          ],
          [
            [
              52.2181016,
              21.2226077
            ],
            [
              52.2182889,
              21.2226187
            ],
            [
              52.218603,
              21.2226409
            ],
            [
              52.2188399,
              21.222668
            ],
            [
              52.2191738,
              21.2227062
            ]
          ],
          [
            [
              52.2184078,
              21.2429819
            ],
            [
              52.2186135,
              21.2430014
            ]
          ],
          [
            [
              52.2191738,
              21.2227062
            ],
            [
              52.2192723,
              21.2227145
            ],
            [
              52.2194197,
              21.2227213
            ]
          ],
          [
            [
              52.2186135,
              21.2430014
            ],
            [
              52.2188771,
              21.2430285
            ],
            [
              52.2188871,
              21.2430295
            ],
            [
              52.2189926,
              21.2430405
            ],
            [
              52.2192381,
              21.2430651
            ]
          ],
          [
            [
              52.2161098,
              21.239545
            ],
            [
              52.216108,
              21.2396072
            ],
            [
              52.2161081,
              21.2397049
            ],
            [
              52.2161234,
              21.2402314
            ],
            [
              52.2161299,
              21.2403669
            ],
            [
              52.2161235,
              21.2406007
            ]
          ],
          [
            [
              52.2161235,
              21.2406007
            ],
            [
              52.216203,
              21.241024
            ],
            [
              52.2162362,
              21.2411595
            ],
            [
              52.2162762,
              21.2412865
            ],
            [
              52.2163288,
              21.2414534
            ],
            [
              52.2163929,
              21.2416229
            ],
            [
              52.2164954,
              21.2418427
            ],
            [
              52.2165978,
              21.2420226
            ],
            [
              52.2167074,
              21.2421906
            ],
            [
              52.2168555,
              21.2423859
            ]
          ],
          [
            [
              52.2192381,
              21.2430651
            ],
            [
              52.2195166,
              21.2430935
            ],
            [
              52.2197427,
              21.2431143
            ],
            [
              52.2198677,
              21.2431258
            ],
            [
              52.2199838,
              21.2431375
            ],
            [
              52.2200185,
              21.243141
            ],
            [
              52.220054,
              21.2431437
            ],
            [
              52.2200775,
              21.2431448
            ],
            [
              52.2206186,
              21.2431698
            ],
            [
              52.2206842,
              21.2431721
            ],
            [
              52.2208393,
              21.2431754
            ],
            [
              52.2208476,
              21.2431756
            ],
            [
              52.2210697,
              21.2431827
            ],
            [
              52.221358,
              21.2431907
            ],
            [
              52.2215482,
              21.243197
            ],
            [
              52.221627,
              21.2431996
            ]
          ],
          [
            [
              52.2194197,
              21.2227213
            ],
            [
              52.2194683,
              21.2227222
            ],
            [
              52.2195347,
              21.2227211
            ],
            [
              52.219924,
              21.2227244
            ],
            [
              52.2205288,
              21.222747
            ],
            [
              52.2209803,
              21.2227885
            ],
            [
              52.2213578,
              21.2228261
            ],
            [
              52.2215311,
              21.2228466
            ],
            [
              52.2215805,
              21.2228503
            ],
            [
              52.2217182,
              21.2228602
            ],
            [
              52.2217351,
              21.2228617
            ],
            [
              52.2219154,
              21.2228738
            ],
            [
              52.2220813,
              21.2228832
            ],
            [
              52.2223517,
              21.2228886
            ],
            [
              52.2224002,
              21.2228919
            ]
          ],
          [
            [
              52.2224002,
              21.2228919
            ],
            [
              52.2225473,
              21.2228709
            ],
            [
              52.2226196,
              21.2228725
            ],
            [
              52.2226907,
              21.2228757
            ],
            [
              52.2227402,
              21.2228595
            ]
          ],
          [
            [
              52.217228,
              21.2428322
            ],
            [
              52.2173258,
              21.2428575
            ],
            [
              52.2174113,
              21.2428828
            ],
            [
              52.217479,
              21.2428604
            ]
          ],
          [
            [
              52.2168555,
              21.2423859
            ],
            [
              52.2169322,
              21.2424289
            ],
            [
              52.2170105,
              21.242524
            ],
            [
              52.2170869,
              21.2426016
            ]
          ],
          [
            [
              52.2168555,
              21.2423859
            ],
            [
              52.2169027,
              21.2425013
            ],
            [
              52.2169706,
              21.2426011
            ],
            [
              52.2170194,
              21.2426786
            ],
            [
              52.2170343,
              21.2427043
            ]
          ],
          [
            [
              52.2177236,
              21.2429095
            ],
            [
              52.2178926,
              21.2429269
            ],
            [
              52.218108,
              21.2429501
            ],
            [
              52.218178,
              21.2429576
            ],
            [
              52.2184078,
              21.2429819
            ]
          ],
          [
            [
              52.217479,
              21.2428604
            ],
            [
              52.2176707,
              21.2429019
            ],
            [
              52.2177236,
              21.2429095
            ]
          ],
          [
            [
              52.217251,
              21.2252024
            ],
            [
              52.217327,
              21.224973
            ],
            [
              52.2174575,
              21.2245772
            ]
          ],
          [
            [
              52.216537,
              21.2300522
            ],
            [
              52.2165455,
              21.2298701
            ],
            [
              52.216573,
              21.2293395
            ],
            [
              52.2165991,
              21.2287448
            ]
          ],
          [
            [
              52.2217446,
              21.2432126
            ],
            [
              52.2218548,
              21.2431758
            ],
            [
              52.2219881,
              21.2431786
            ],
            [
              52.2220906,
              21.243176
            ],
            [
              52.2221272,
              21.2431729
            ]
          ],
          [
            [
              52.222319,
              21.2433293
            ],
            [
              52.2223619,
              21.2432886
            ],
            [
              52.2224025,
              21.2432665
            ],
            [
              52.2224799,
              21.2432397
            ],
            [
              52.2225593,
              21.2432292
            ]
          ],
          [
            [
              52.2228855,
              21.2230711
            ],
            [
              52.2229328,
              21.2230616
            ],
            [
              52.2229826,
              21.2230639
            ],
            [
              52.2235572,
              21.2230958
            ],
            [
              52.2236039,
              21.2230984
            ],
            [
              52.2236973,
              21.2231009
            ]
          ],
          [
            [
              52.2225593,
              21.2432292
            ],
            [
              52.2225996,
              21.2432277
            ],
            [
              52.2227675,
              21.2432421
            ],
            [
              52.222819,
              21.2432488
            ],
            [
              52.222947,
              21.2432634
            ]
          ],
          [
            [
              52.2162215,
              21.2365806
            ],
            [
              52.2162321,
              21.2363857
            ],
            [
              52.2162819,
              21.2355422
            ]
          ],
          [
            [
              52.2160999,
              21.2388302
            ],
            [
              52.2161151,
              21.2385041
            ],
            [
              52.216124,
              21.2383124
            ],
            [
              52.2161575,
              21.2375908
            ],
            [
              52.2161885,
              21.2371138
            ],
            [
              52.2162098,
              21.2367794
            ],
            [
              52.2162215,
              21.2365806
            ]
          ],
          [
            [
              52.2164886,
              21.2311148
            ],
            [
              52.2165023,
              21.230775
            ],
            [
              52.2165297,
              21.2301994
            ],
            [
              52.216537,
              21.2300522
            ]
          ],
          [
            [
              52.2165991,
              21.2287448
            ],
            [
              52.2166401,
              21.2277544
            ],
            [
              52.2166527,
              21.227534
            ]
          ],
          [
            [
              52.2166527,
              21.227534
            ],
            [
              52.2166673,
              21.2273717
            ],
            [
              52.2166882,
              21.2271875
            ],
            [
              52.2167157,
              21.2270156
            ],
            [
              52.2167632,
              21.2267975
            ]
          ],
          [
            [
              52.2167632,
              21.2267975
            ],
            [
              52.2168026,
              21.2266478
            ],
            [
              52.2169891,
              21.226041
            ]
          ],
          [
            [
              52.2169891,
              21.226041
            ],
            [
              52.2171763,
              21.2254319
            ],
            [
              52.217251,
              21.2252024
            ]
          ],
          [
            [
              52.221627,
              21.2431996
            ],
            [
              52.2216658,
              21.2432034
            ],
            [
              52.2217446,
              21.2432126
            ]
          ],
          [
            [
              52.2217446,
              21.2432126
            ],
            [
              52.2218299,
              21.243265
            ],
            [
              52.2219859,
              21.2432777
            ],
            [
              52.222039,
              21.2432838
            ],
            [
              52.222073,
              21.2432979
            ],
            [
              52.2220937,
              21.2433109
            ]
          ],
          [
            [
              52.2178921,
              21.2226529
            ],
            [
              52.217926,
              21.2226493
            ],
            [
              52.2179855,
              21.2226469
            ],
            [
              52.2180629,
              21.2226481
            ],
            [
              52.2181016,
              21.2226077
            ]
          ],
          [
            [
              52.217894,
              21.2225397
            ],
            [
              52.2179231,
              21.2225429
            ],
            [
              52.2179864,
              21.2225566
            ],
            [
              52.2180669,
              21.2225661
            ],
            [
              52.2181016,
              21.2226077
            ]
          ],
          [
            [
              52.2177489,
              21.2227496
            ],
            [
              52.2177479,
              21.2229193
            ],
            [
              52.217746,
              21.2231026
            ],
            [
              52.2177625,
              21.2232988
            ]
          ],
          [
            [
              52.2177625,
              21.2232988
            ],
            [
              52.2178012,
              21.2231062
            ],
            [
              52.217811,
              21.2229257
            ],
            [
              52.2178201,
              21.2228186
            ],
            [
              52.217829,
              21.2227512
            ]
          ]
        ]
      }
    },
    {
      "type": "Feature",
      "properties": {
        "name": "Trakt Brzeski",
        "highway": "primary"
      },
      "geometry": {
        "type": "MultiLineString",
        "coordinates": [
          [
            [
              52.2238365,
              21.2196414
            ],
            [
              52.2238611,
              21.2188506
            ],
            [
              52.223867,
              21.2186368
            ],
            [
              52.2238773,
              21.2182549
            ],
            [
              52.2238923,
              21.2176741
            ],
            [
              52.2239195,
              21.216492
            ],
            [
              52.2239415,
              21.2157687
            ],
            [
              52.2241095,
              21.2110166
            ]
          ],
          [
            [
              52.2232959,
              21.2364958
            ],
            [
              52.2233223,
              21.2357615
            ],
            [
              52.2233274,
              21.2356187
            ],
            [
              52.2233347,
              21.2354149
            ]
          ],
          [
            [
              52.2236347,
              21.2252217
            ],
            [
              52.223642,
              21.2247557
            ],
            [
              52.2236544,
              21.2243285
            ],
            [
              52.2236584,
              21.2241893
            ],
            [
              52.2236894,
              21.2233484
            ],
            [
              52.2236917,
              21.2232847
            ],
            [
              52.2236973,
              21.2231009
            ]
          ],
          [
            [
              52.2229327,
              21.2437799
            ],
            [
              52.2229441,
              21.2433717
            ],
            [
              52.222947,
              21.2432634
            ]
          ],
          [
            [
              52.2237068,
              21.2227858
            ],
            [
              52.2237107,
              21.222688
            ],
            [
              52.2237671,
              21.2212737
            ]
          ],
          [
            [
              52.2230081,
              21.2415678
            ],
            [
              52.2230192,
              21.2413935
            ],
            [
              52.2230664,
              21.2401048
            ],
            [
              52.2231457,
              21.2379377
            ],
            [
              52.2231608,
              21.2375353
            ],
            [
              52.2231632,
              21.2374713
            ],
            [
              52.2231711,
              21.2372585
            ],
            [
              52.223233,
              21.2354607
            ]
          ],
          [
            [
              52.2229459,
              21.2431206
            ],
            [
              52.2229441,
              21.2430119
            ],
            [
              52.2229511,
              21.2427923
            ],
            [
              52.2229542,
              21.242702
            ],
            [
              52.2229766,
              21.2420593
            ],
            [
              52.2229878,
              21.2418728
            ],
            [
              52.2230081,
              21.2415678
            ]
          ],
          [
            [
              52.2232906,
              21.2338671
            ],
            [
              52.2233552,
              21.2321543
            ]
          ],
          [
            [
              52.2237671,
              21.2212737
            ],
            [
              52.2237928,
              21.2205694
            ],
            [
              52.2238365,
              21.2196414
            ]
          ],
          [
            [
              52.2236944,
              21.2260676
            ],
            [
              52.223723,
              21.2253889
            ],
            [
              52.2237343,
              21.2251123
            ]
          ],
          [
            [
              52.222911,
              21.2472323
            ],
            [
              52.2229533,
              21.2462806
            ],
            [
              52.2229896,
              21.2456186
            ],
            [
              52.2230096,
              21.2451874
            ],
            [
              52.2230296,
              21.2445708
            ]
          ],
          [
            [
              52.2230296,
              21.2445708
            ],
            [
              52.2230466,
              21.2440294
            ],
            [
              52.223057,
              21.2436521
            ]
          ],
          [
            [
              52.2237343,
              21.2251123
            ],
            [
              52.2237973,
              21.2233808
            ],
            [
              52.2238007,
              21.2232866
            ],
            [
              52.2238061,
              21.223097
            ]
          ],
          [
            [
              52.2238095,
              21.2229764
            ],
            [
              52.2238147,
              21.222793
            ],
            [
              52.2238244,
              21.2224766
            ],
            [
              52.223833,
              21.2222611
            ]
          ],
          [
            [
              52.2241095,
              21.2110166
            ],
            [
              52.22413,
              21.2104476
            ]
          ],
          [
            [
              52.22413,
              21.2104476
            ],
            [
              52.2241351,
              21.2103222
            ],
            [
              52.2241378,
              21.2102451
            ],
            [
              52.2242137,
              21.2081146
            ],
            [
              52.2242407,
              21.2073128
            ]
          ],
          [
            [
              52.2234028,
              21.2307824
            ],
            [
              52.2234111,
              21.2305593
            ],
            [
              52.2234399,
              21.2297879
            ]
          ],
          [
            [
              52.2235091,
              21.2281727
            ],
            [
              52.2235743,
              21.2269369
            ]
          ],
          [
            [
              52.2234726,
              21.23158
            ],
            [
              52.2234848,
              21.2312367
            ],
            [
              52.2234889,
              21.2311187
            ],
            [
              52.2234917,
              21.2310399
            ],
            [
              52.2235041,
              21.2307037
            ]
          ],
          [
            [
              52.2233619,
              21.2319418
            ],
            [
              52.223372,
              21.2316536
            ],
            [
              52.2233943,
              21.2310313
            ],
            [
              52.2234028,
              21.2307824
            ]
          ],
          [
            [
              52.2240142,
              21.2165225
            ],
            [
              52.2240395,
              21.2157678
            ],
            [
              52.2240547,
              21.2153355
            ]
          ],
          [
            [
              52.2235743,
              21.2269369
            ],
            [
              52.2235882,
              21.2266161
            ],
            [
              52.2235912,
              21.2265472
            ],
            [
              52.223612,
              21.226061
            ],
            [
              52.2236347,
              21.2252217
            ]
          ],
          [
            [
              52.2234399,
              21.2297879
            ],
            [
              52.2234633,
              21.2291395
            ],
            [
              52.2234792,
              21.2287808
            ],
            [
              52.2235091,
              21.2281727
            ]
          ],
          [
            [
              52.223233,
              21.2354607
            ],
            [
              52.2232491,
              21.2350433
            ],
            [
              52.2232906,
              21.2338671
            ]
          ],
          [
            [
              52.2229459,
              21.2431206
            ],
            [
              52.222947,
              21.2432634
            ]
          ],
          [
            [
              52.2242276,
              21.2104497
            ],
            [
              52.2242297,
              21.2103897
            ],
            [
              52.2242318,
              21.2103292
            ],
            [
              52.2242494,
              21.209829
            ],
            [
              52.2243395,
              21.2073172
            ]
          ],
          [
            [
              52.2236973,
              21.2231009
            ],
            [
              52.2237008,
              21.2229836
            ]
          ],
          [
            [
              52.2238061,
              21.223097
            ],
            [
              52.2238095,
              21.2229764
            ]
          ],
          [
            [
              52.2235534,
              21.2293242
            ],
            [
              52.2236399,
              21.2273442
            ],
            [
              52.2236451,
              21.227225
            ]
          ],
          [
            [
              52.2235225,
              21.2301892
            ],
            [
              52.2235367,
              21.2297911
            ],
            [
              52.2235503,
              21.2294096
            ],
            [
              52.2235534,
              21.2293242
            ]
          ],
          [
            [
              52.2233552,
              21.2321543
            ],
            [
              52.2233619,
              21.2319418
            ]
          ],
          [
            [
              52.2234202,
              21.233065
            ],
            [
              52.2234355,
              21.2326315
            ],
            [
              52.2234477,
              21.2322851
            ],
            [
              52.2234542,
              21.2321002
            ],
            [
              52.2234726,
              21.23158
            ]
          ],
          [
            [
              52.2233805,
              21.2341423
            ],
            [
              52.223401,
              21.2335869
            ],
            [
              52.2234202,
              21.233065
            ]
          ],
          [
            [
              52.2232697,
              21.2372112
            ],
            [
              52.2232959,
              21.2364958
            ]
          ],
          [
            [
              52.2233347,
              21.2354149
            ],
            [
              52.2233805,
              21.2341423
            ]
          ],
          [
            [
              52.2232058,
              21.2389986
            ],
            [
              52.2232279,
              21.2383735
            ],
            [
              52.2232417,
              21.2379801
            ],
            [
              52.2232552,
              21.2376096
            ],
            [
              52.2232576,
              21.2375438
            ],
            [
              52.2232649,
              21.2373434
            ],
            [
              52.2232697,
              21.2372112
            ]
          ],
          [
            [
              52.2230651,
              21.2431093
            ],
            [
              52.223063,
              21.2429693
            ],
            [
              52.2230643,
              21.2428922
            ],
            [
              52.2230685,
              21.2428005
            ],
            [
              52.2231206,
              21.2413844
            ],
            [
              52.2231711,
              21.2399808
            ],
            [
              52.2232058,
              21.2389986
            ]
          ],
          [
            [
              52.2240547,
              21.2153355
            ],
            [
              52.2240978,
              21.2141384
            ]
          ],
          [
            [
              52.2240978,
              21.2141384
            ],
            [
              52.2242276,
              21.2104497
            ]
          ],
          [
            [
              52.2239175,
              21.2196001
            ],
            [
              52.2239545,
              21.2185226
            ],
            [
              52.2240142,
              21.2165225
            ]
          ],
          [
            [
              52.223833,
              21.2222611
            ],
            [
              52.223865,
              21.2212799
            ],
            [
              52.2239175,
              21.2196001
            ]
          ],
          [
            [
              52.2236451,
              21.227225
            ],
            [
              52.2236744,
              21.2265556
            ],
            [
              52.2236944,
              21.2260676
            ]
          ],
          [
            [
              52.2230651,
              21.2431093
            ],
            [
              52.2230652,
              21.2432444
            ]
          ],
          [
            [
              52.2227917,
              21.2471554
            ],
            [
              52.2228419,
              21.2459173
            ],
            [
              52.2228869,
              21.2451071
            ]
          ],
          [
            [
              52.2227917,
              21.2471554
            ],
            [
              52.2228028,
              21.2483076
            ]
          ],
          [
            [
              52.2228028,
              21.2483076
            ],
            [
              52.222847,
              21.2478692
            ],
            [
              52.222911,
              21.2472323
            ]
          ],
          [
            [
              52.2227299,
              21.2499574
            ],
            [
              52.2228028,
              21.2483076
            ]
          ],
          [
            [
              52.223057,
              21.2436521
            ],
            [
              52.2230652,
              21.2432444
            ]
          ],
          [
            [
              52.2228869,
              21.2451071
            ],
            [
              52.2229327,
              21.2437799
            ]
          ],
          [
            [
              52.2237008,
              21.2229836
            ],
            [
              52.2237068,
              21.2227858
            ]
          ],
          [
            [
              52.2235041,
              21.2307037
            ],
            [
              52.2235225,
              21.2301892
            ]
          ]
        ]
      }
    },
    {
      "type": "Feature",
      "properties": {
        "name": "Klimatyczna",
        "highway": "residential"
      },
      "geometry": {
        "type": "MultiLineString",
        "coordinates": [
          [
            [
              52.2176707,
              21.2429019
            ],
            [
              52.2176756,
              21.2428409
            ],
            [
              52.2176825,
              21.2427536
            ],
            [
              52.217721,
              21.2418045
            ],
            [
              52.217735,
              21.2415415
            ],
            [
              52.2177366,
              21.2415036
            ],
            [
              52.2177889,
              21.2402292
            ],
            [
              52.2178101,
              21.239713
            ],
            [
              52.2178169,
              21.2395557
            ]
          ]
        ]
      }
    },
    {
      "type": "Feature",
      "properties": {
        "name": "1 Praskiego Pułku WP",
        "highway": "tertiary"
      },
      "geometry": {
        "type": "MultiLineString",
        "coordinates": [
          [
            [
              52.2241451,
              21.2230642
            ],
            [
              52.2242712,
              21.223056
            ],
            [
              52.2243502,
              21.2230495
            ],
            [
              52.2244589,
              21.2230464
            ],
            [
              52.2245807,
              21.223053
            ],
            [
              52.2247257,
              21.2230793
            ],
            [
              52.224756,
              21.2230846
            ]
          ],
          [
            [
              52.224756,
              21.2230846
            ],
            [
              52.2249452,
              21.2231337
            ],
            [
              52.2251175,
              21.2231941
            ],
            [
              52.2254054,
              21.2233043
            ],
            [
              52.2258173,
              21.2234693
            ],
            [
              52.2261675,
              21.2236073
            ],
            [
              52.2265235,
              21.2237138
            ],
            [
              52.2267456,
              21.2237619
            ],
            [
              52.2269703,
              21.2237977
            ]
          ],
          [
            [
              52.2538219,
              21.2240587
            ],
            [
              52.2540688,
              21.2240935
            ],
            [
              52.254105,
              21.2240983
            ],
            [
              52.2541862,
              21.2241066
            ]
          ],
          [
            [
              52.2457018,
              21.22308
            ],
            [
              52.2458121,
              21.2230848
            ],
            [
              52.2460122,
              21.2230899
            ],
            [
              52.2461257,
              21.2230918
            ]
          ],
          [
            [
              52.2474407,
              21.2233054
            ],
            [
              52.2480238,
              21.2233745
            ],
            [
              52.2482957,
              21.2234067
            ],
            [
              52.248586,
              21.2234412
            ],
            [
              52.2486627,
              21.2234502
            ],
            [
              52.2493932,
              21.2235308
            ],
            [
              52.2499407,
              21.223599
            ],
            [
              52.2500429,
              21.2236117
            ]
          ],
          [
            [
              52.2463087,
              21.2231074
            ],
            [
              52.2463957,
              21.2231493
            ],
            [
              52.2465775,
              21.2231856
            ],
            [
              52.2467241,
              21.2232149
            ],
            [
              52.2467951,
              21.2232291
            ]
          ],
          [
            [
              52.2462922,
              21.223254
            ],
            [
              52.2463456,
              21.2232475
            ],
            [
              52.2463909,
              21.2232423
            ],
            [
              52.2464385,
              21.2232369
            ],
            [
              52.2465081,
              21.2232289
            ],
            [
              52.2466936,
              21.2232321
            ]
          ],
          [
            [
              52.2421505,
              21.2225703
            ],
            [
              52.2421916,
              21.2225756
            ],
            [
              52.2422758,
              21.2225894
            ],
            [
              52.2425911,
              21.2226339
            ],
            [
              52.2431317,
              21.2227153
            ],
            [
              52.2440848,
              21.2228454
            ],
            [
              52.2441929,
              21.2228611
            ],
            [
              52.2457018,
              21.22308
            ]
          ],
          [
            [
              52.2457018,
              21.22308
            ],
            [
              52.2460081,
              21.2231703
            ],
            [
              52.2460914,
              21.2231889
            ],
            [
              52.2461209,
              21.2232005
            ]
          ],
          [
            [
              52.2505108,
              21.2236693
            ],
            [
              52.2506082,
              21.2236822
            ],
            [
              52.2506488,
              21.2236861
            ],
            [
              52.2508618,
              21.2237062
            ],
            [
              52.2511148,
              21.22373
            ],
            [
              52.2512518,
              21.2237445
            ],
            [
              52.2514886,
              21.2237695
            ],
            [
              52.2515709,
              21.2237751
            ],
            [
              52.2516043,
              21.2237801
            ],
            [
              52.2525601,
              21.2238975
            ],
            [
              52.2526091,
              21.2239034
            ],
            [
              52.2526755,
              21.2239121
            ],
            [
              52.2528273,
              21.2239287
            ],
            [
              52.2532268,
              21.2239777
            ]
          ],
          [
            [
              52.2269703,
              21.2237977
            ],
            [
              52.2290924,
              21.2240296
            ],
            [
              52.2304126,
              21.2241513
            ],
            [
              52.2316748,
              21.2242566
            ],
            [
              52.2320172,
              21.2242855
            ],
            [
              52.2326022,
              21.2243349
            ],
            [
              52.2326484,
              21.2243388
            ],
            [
              52.232764,
              21.2243472
            ],
            [
              52.2327962,
              21.2243496
            ],
            [
              52.2330337,
              21.2243808
            ],
            [
              52.2331542,
              21.2243966
            ],
            [
              52.2336276,
              21.2244142
            ],
            [
              52.2337847,
              21.2243919
            ],
            [
              52.2338813,
              21.224363
            ],
            [
              52.2339946,
              21.2243135
            ],
            [
              52.2341312,
              21.2242298
            ],
            [
              52.2342821,
              21.2241026
            ],
            [
              52.2351507,
              21.2231104
            ],
            [
              52.2358745,
              21.2222796
            ],
            [
              52.2360135,
              21.2221293
            ],
            [
              52.2361338,
              21.2220306
            ],
            [
              52.2362134,
              21.2219716
            ],
            [
              52.2363,
              21.2219264
            ],
            [
              52.2364053,
              21.2218746
            ],
            [
              52.2364752,
              21.221856
            ],
            [
              52.2365622,
              21.2218407
            ],
            [
              52.2366519,
              21.2218382
            ],
            [
              52.2368,
              21.2218488
            ],
            [
              52.2369651,
              21.2218715
            ],
            [
              52.2373593,
              21.2219168
            ],
            [
              52.2375182,
              21.2219382
            ],
            [
              52.2382995,
              21.2220437
            ],
            [
              52.2386584,
              21.2220855
            ],
            [
              52.2392442,
              21.2221709
            ],
            [
              52.2396095,
              21.2222242
            ],
            [
              52.2402176,
              21.2223088
            ],
            [
              52.2418055,
              21.2225249
            ],
            [
              52.2421505,
              21.2225703
            ]
          ],
          [
            [
              52.2467951,
              21.2232291
            ],
            [
              52.2469301,
              21.2232465
            ],
            [
              52.2474407,
              21.2233054
            ]
          ],
          [
            [
              52.2466936,
              21.2232321
            ],
            [
              52.2467951,
              21.2232291
            ]
          ],
          [
            [
              52.2541862,
              21.2241066
            ],
            [
              52.2542759,
              21.2241534
            ],
            [
              52.2543172,
              21.2241682
            ],
            [
              52.2544212,
              21.2242209
            ]
          ],
          [
            [
              52.2541862,
              21.2241066
            ],
            [
              52.2543194,
              21.2240812
            ],
            [
              52.2544312,
              21.2240548
            ]
          ],
          [
            [
              52.2238095,
              21.2229764
            ],
            [
              52.2239162,
              21.2229832
            ],
            [
              52.2239561,
              21.2229862
            ],
            [
              52.2240941,
              21.2230432
            ],
            [
              52.2241451,
              21.2230642
            ]
          ],
          [
            [
              52.2238061,
              21.223097
            ],
            [
              52.2239116,
              21.2230924
            ],
            [
              52.2239629,
              21.2230943
            ],
            [
              52.2241451,
              21.2230642
            ]
          ],
          [
            [
              52.2500429,
              21.2236117
            ],
            [
              52.2503546,
              21.2236509
            ],
            [
              52.2504071,
              21.223657
            ],
            [
              52.2505108,
              21.2236693
            ]
          ],
          [
            [
              52.2532268,
              21.2239777
            ],
            [
              52.2534505,
              21.2240049
            ],
            [
              52.2536873,
              21.224036
            ],
            [
              52.2538219,
              21.2240587
            ]
          ]
        ]
      }
    },
    {
      "type": "Feature",
      "properties": {
        "name": "Torfowa",
        "highway": "residential"
      },
      "geometry": {
        "type": "MultiLineString",
        "coordinates": [
          [
            [
              52.217624,
              21.2226004
            ],
            [
              52.2176845,
              21.2226039
            ]
          ],
          [
            [
              52.2145023,
              21.2224043
            ],
            [
              52.217624,
              21.2226004
            ]
          ],
          [
            [
              52.2092204,
              21.2218962
            ],
            [
              52.2093326,
              21.2219508
            ],
            [
              52.2096516,
              21.2219632
            ],
            [
              52.21019,
              21.2219861
            ],
            [
              52.210268,
              21.2219854
            ],
            [
              52.2105044,
              21.222024
            ],
            [
              52.2108265,
              21.222083
            ],
            [
              52.2109317,
              21.2221017
            ],
            [
              52.2111503,
              21.2221715
            ],
            [
              52.2114083,
              21.2222305
            ],
            [
              52.2120789,
              21.2222573
            ],
            [
              52.2127594,
              21.2223023
            ],
            [
              52.2136777,
              21.2223427
            ],
            [
              52.2141105,
              21.2223745
            ],
            [
              52.2145023,
              21.2224043
            ]
          ]
        ]
      }
    },
    {
      "type": "Feature",
      "properties": {
        "name": "Malwy",
        "highway": "residential"
      },
      "geometry": {
        "type": "MultiLineString",
        "coordinates": [
          [
            [
              52.2118506,
              21.2383628
            ],
            [
              52.2118438,
              21.2385591
            ],
            [
              52.2118524,
              21.2386188
            ],
            [
              52.2118676,
              21.2386479
            ],
            [
              52.2119004,
              21.2386745
            ],
            [
              52.2119516,
              21.2386793
            ],
            [
              52.2129697,
              21.2387714
            ],
            [
              52.2130413,
              21.2387762
            ]
          ],
          [
            [
              52.2118506,
              21.2383628
            ],
            [
              52.211855,
              21.2382362
            ]
          ]
        ]
      }
    },
    {
      "type": "Feature",
      "properties": {
        "name": "Aleja Marszałka Józefa Piłsudskiego",
        "highway": "secondary"
      },
      "geometry": {
        "type": "MultiLineString",
        "coordinates": [
          [
            [
              52.2229459,
              21.2431206
            ],
            [
              52.2230651,
              21.2431093
            ]
          ],
          [
            [
              52.2238493,
              21.2432425
            ],
            [
              52.2240713,
              21.2432626
            ],
            [
              52.2243466,
              21.2432865
            ],
            [
              52.2244326,
              21.2432952
            ],
            [
              52.2245583,
              21.2433066
            ],
            [
              52.2249222,
              21.2433351
            ],
            [
              52.2250828,
              21.2433539
            ],
            [
              52.2252646,
              21.2433703
            ],
            [
              52.225494,
              21.2433991
            ],
            [
              52.225658,
              21.2434421
            ],
            [
              52.2257962,
              21.2435088
            ],
            [
              52.2259281,
              21.243593
            ],
            [
              52.2260651,
              21.2437071
            ],
            [
              52.2262275,
              21.2438808
            ],
            [
              52.2264325,
              21.2441159
            ],
            [
              52.2268886,
              21.2446507
            ],
            [
              52.2279293,
              21.2458783
            ],
            [
              52.2279625,
              21.2459174
            ],
            [
              52.2280613,
              21.2460339
            ],
            [
              52.228394,
              21.2464261
            ],
            [
              52.2284776,
              21.246524
            ],
            [
              52.2292319,
              21.2474073
            ],
            [
              52.2298552,
              21.2481389
            ],
            [
              52.2305135,
              21.2489161
            ],
            [
              52.2310761,
              21.2495781
            ],
            [
              52.2314792,
              21.2500452
            ],
            [
              52.2319277,
              21.2505649
            ]
          ],
          [
            [
              52.222947,
              21.2432634
            ],
            [
              52.2230652,
              21.2432444
            ]
          ],
          [
            [
              52.2230651,
              21.2431093
            ],
            [
              52.2232165,
              21.2431285
            ],
            [
              52.2232543,
              21.2431331
            ],
            [
              52.2238493,
              21.2432425
            ]
          ],
          [
            [
              52.2230652,
              21.2432444
            ],
            [
              52.2232146,
              21.243239
            ],
            [
              52.2238493,
              21.2432425
            ]
          ]
        ]
      }
    },
    {
      "type": "Feature",
      "properties": {
        "name": "Wspólna",
        "highway": "tertiary"
      },
      "geometry": {
        "type": "MultiLineString",
        "coordinates": [
          [
            [
              52.2471451,
              21.1888721
            ],
            [
              52.2471885,
              21.1889729
            ],
            [
              52.2472287,
              21.1891109
            ],
            [
              52.2472545,
              21.1892454
            ],
            [
              52.2472741,
              21.189384
            ],
            [
              52.2473433,
              21.1898131
            ],
            [
              52.2473865,
              21.1900214
            ],
            [
              52.2474904,
              21.1905491
            ],
            [
              52.2477304,
              21.1917769
            ],
            [
              52.2478622,
              21.1924336
            ],
            [
              52.2478944,
              21.1925944
            ],
            [
              52.2480043,
              21.1931241
            ]
          ],
          [
            [
              52.2480862,
              21.1944535
            ],
            [
              52.248145,
              21.194462
            ],
            [
              52.2481829,
              21.1944702
            ],
            [
              52.2482207,
              21.1944871
            ],
            [
              52.2482447,
              21.1945072
            ],
            [
              52.2482609,
              21.1945298
            ],
            [
              52.2482757,
              21.194556
            ],
            [
              52.2482838,
              21.1945804
            ],
            [
              52.2482919,
              21.1946089
            ],
            [
              52.248312,
              21.1946929
            ],
            [
              52.2483169,
              21.1947187
            ],
            [
              52.2483392,
              21.1948326
            ],
            [
              52.2483803,
              21.1950297
            ],
            [
              52.2487281,
              21.1968172
            ],
            [
              52.2488782,
              21.1975254
            ],
            [
              52.2488944,
              21.1976021
            ],
            [
              52.248984,
              21.1980514
            ],
            [
              52.248997,
              21.1981168
            ],
            [
              52.2491253,
              21.198761
            ],
            [
              52.2492223,
              21.199274
            ],
            [
              52.249559,
              21.2009355
            ],
            [
              52.2498107,
              21.2023524
            ],
            [
              52.2500577,
              21.2034366
            ]
          ],
          [
            [
              52.2465982,
              21.1859461
            ],
            [
              52.246662,
              21.1862741
            ],
            [
              52.2467921,
              21.1869573
            ],
            [
              52.2469151,
              21.1876138
            ],
            [
              52.2469569,
              21.1878371
            ],
            [
              52.2469846,
              21.1879914
            ],
            [
              52.2470036,
              21.1881013
            ],
            [
              52.2470101,
              21.1881403
            ],
            [
              52.2470611,
              21.1884596
            ],
            [
              52.2470856,
              21.1885808
            ]
          ],
          [
            [
              52.2451824,
              21.1769874
            ],
            [
              52.2451974,
              21.1770909
            ],
            [
              52.2452608,
              21.1776404
            ],
            [
              52.2452895,
              21.1778966
            ],
            [
              52.2452993,
              21.177986
            ],
            [
              52.2453121,
              21.1780841
            ],
            [
              52.2453451,
              21.1783791
            ],
            [
              52.2453639,
              21.1785394
            ],
            [
              52.2456483,
              21.1809657
            ],
            [
              52.2456729,
              21.1811095
            ],
            [
              52.2456853,
              21.1811748
            ],
            [
              52.2458863,
              21.1822241
            ],
            [
              52.2459191,
              21.1824066
            ],
            [
              52.2461303,
              21.1835091
            ],
            [
              52.2461997,
              21.1838788
            ],
            [
              52.2462472,
              21.1841238
            ],
            [
              52.2462698,
              21.1842226
            ],
            [
              52.2463992,
              21.1849017
            ],
            [
              52.2465399,
              21.1856398
            ],
            [
              52.2465982,
              21.1859461
            ]
          ],
          [
            [
              52.2451426,
              21.1767073
            ],
            [
              52.2451464,
              21.1767437
            ],
            [
              52.2451546,
              21.1768197
            ],
            [
              52.2451824,
              21.1769874
            ]
          ]
        ]
      }
    },
    {
      "type": "Feature",
      "properties": {
        "name": "Piastowska",
        "highway": "residential"
      },
      "geometry": {
        "type": "MultiLineString",
        "coordinates": [
          [
            [
              52.2445414,
              21.1831141
            ],
            [
              52.2451432,
              21.1828028
            ],
            [
              52.2454718,
              21.1826328
            ],
            [
              52.2458587,
              21.1824344
            ],
            [
              52.2459191,
              21.1824066
            ]
          ]
        ]
      }
    },
    {
      "type": "Feature",
      "properties": {
        "name": "Brata Alberta",
        "highway": "residential"
      },
      "geometry": {
        "type": "MultiLineString",
        "coordinates": [
          [
            [
              52.2388063,
              21.1917725
            ],
            [
              52.2391485,
              21.1916645
            ],
            [
              52.2397638,
              21.1914841
            ],
            [
              52.2398966,
              21.1914447
            ],
            [
              52.24,
              21.1914112
            ],
            [
              52.240483,
              21.1912578
            ],
            [
              52.2406165,
              21.1912214
            ],
            [
              52.2407593,
              21.1911784
            ],
            [
              52.2410131,
              21.1910958
            ],
            [
              52.2410936,
              21.1910698
            ],
            [
              52.2412375,
              21.191023
            ],
            [
              52.2413504,
              21.1909881
            ],
            [
              52.2417038,
              21.1908786
            ],
            [
              52.2418137,
              21.1908437
            ],
            [
              52.241844,
              21.1908336
            ],
            [
              52.2419585,
              21.1907967
            ],
            [
              52.2421388,
              21.1907304
            ],
            [
              52.2423148,
              21.1906733
            ],
            [
              52.2423546,
              21.1906583
            ],
            [
              52.2425294,
              21.1906004
            ],
            [
              52.2428338,
              21.1904982
            ],
            [
              52.2429451,
              21.1904596
            ],
            [
              52.2436157,
              21.1902337
            ],
            [
              52.2437126,
              21.1901986
            ],
            [
              52.2438047,
              21.1901664
            ],
            [
              52.2441781,
              21.1900372
            ],
            [
              52.2442712,
              21.1900077
            ],
            [
              52.244295,
              21.1899997
            ],
            [
              52.2443773,
              21.1899693
            ],
            [
              52.2448445,
              21.1898095
            ],
            [
              52.2449527,
              21.1897753
            ],
            [
              52.2450684,
              21.1897334
            ],
            [
              52.2455163,
              21.1895706
            ],
            [
              52.2458395,
              21.1894597
            ],
            [
              52.2460067,
              21.1893979
            ],
            [
              52.2462994,
              21.189301
            ],
            [
              52.2464058,
              21.1892487
            ],
            [
              52.2467226,
              21.1890976
            ],
            [
              52.2467444,
              21.1890814
            ],
            [
              52.2468688,
              21.1889889
            ],
            [
              52.2469468,
              21.1889188
            ],
            [
              52.2469816,
              21.1888735
            ],
            [
              52.247011,
              21.1888151
            ]
          ],
          [
            [
              52.2383776,
              21.1930482
            ],
            [
              52.2383847,
              21.1929607
            ],
            [
              52.2384354,
              21.1922147
            ],
            [
              52.2384486,
              21.1920954
            ]
          ],
          [
            [
              52.2385514,
              21.1918754
            ],
            [
              52.2385801,
              21.1918516
            ],
            [
              52.2386356,
              21.1918297
            ],
            [
              52.2387475,
              21.1917922
            ],
            [
              52.2388063,
              21.1917725
            ]
          ],
          [
            [
              52.2384486,
              21.1920954
            ],
            [
              52.2384768,
              21.1919902
            ],
            [
              52.2385138,
              21.1919237
            ],
            [
              52.2385514,
              21.1918754
            ]
          ],
          [
            [
              52.2405267,
              21.1923235
            ],
            [
              52.2405497,
              21.1920433
            ]
          ],
          [
            [
              52.2405497,
              21.1920433
            ],
            [
              52.2406097,
              21.1912936
            ],
            [
              52.2406165,
              21.1912214
            ]
          ],
          [
            [
              52.2383262,
              21.19392
            ],
            [
              52.2383161,
              21.193891
            ],
            [
              52.2383148,
              21.1938268
            ],
            [
              52.2383776,
              21.1930482
            ]
          ]
        ]
      }
    },
    {
      "type": "Feature",
      "properties": {
        "name": "Sosnowa",
        "highway": "residential"
      },
      "geometry": {
        "type": "MultiLineString",
        "coordinates": [
          [
            [
              52.2469402,
              21.1852921
            ],
            [
              52.246978,
              21.1853217
            ],
            [
              52.2470111,
              21.1853345
            ],
            [
              52.2470595,
              21.1853288
            ],
            [
              52.247615,
              21.1849948
            ],
            [
              52.2482812,
              21.1845957
            ],
            [
              52.2486733,
              21.1843656
            ],
            [
              52.2497058,
              21.1837687
            ]
          ]
        ]
      }
    },
    {
      "type": "Feature",
      "properties": {
        "name": "Zagajnikowa",
        "highway": "residential"
      },
      "geometry": {
        "type": "MultiLineString",
        "coordinates": [
          [
            [
              52.2493195,
              21.1891177
            ],
            [
              52.2503666,
              21.1884596
            ],
            [
              52.2509845,
              21.1880604
            ]
          ],
          [
            [
              52.2509702,
              21.1879969
            ],
            [
              52.2516671,
              21.1875958
            ]
          ]
        ]
      }
    },
    {
      "type": "Feature",
      "properties": {
        "name": "Gajowa",
        "highway": "living_street"
      },
      "geometry": {
        "type": "MultiLineString",
        "coordinates": [
          [
            [
              52.251137,
              21.1887559
            ],
            [
              52.2517429,
              21.1884077
            ]
          ]
        ]
      }
    },
    {
      "type": "Feature",
      "properties": {
        "name": "Borowa",
        "highway": "living_street"
      },
      "geometry": {
        "type": "MultiLineString",
        "coordinates": [
          [
            [
              52.2503666,
              21.1884596
            ],
            [
              52.2505858,
              21.1894546
            ]
          ]
        ]
      }
    },
    {
      "type": "Feature",
      "properties": {
        "name": "Wierzbowa",
        "highway": "residential"
      },
      "geometry": {
        "type": "MultiLineString",
        "coordinates": [
          [
            [
              52.2491013,
              21.1882043
            ],
            [
              52.2504275,
              21.1873523
            ]
          ]
        ]
      }
    },
    {
      "type": "Feature",
      "properties": {
        "name": "Piękna",
        "highway": "residential"
      },
      "geometry": {
        "type": "MultiLineString",
        "coordinates": [
          [
            [
              52.2470101,
              21.1881403
            ],
            [
              52.2471025,
              21.1880875
            ],
            [
              52.2488317,
              21.1870816
            ],
            [
              52.2502197,
              21.1862607
            ]
          ]
        ]
      }
    },
    {
      "type": "Feature",
      "properties": {
        "name": "Błękitna",
        "highway": "residential"
      },
      "geometry": {
        "type": "MultiLineString",
        "coordinates": [
          [
            [
              52.2467921,
              21.1869573
            ],
            [
              52.246832,
              21.1869334
            ],
            [
              52.2472985,
              21.1866555
            ],
            [
              52.2479055,
              21.1862938
            ],
            [
              52.2483019,
              21.1860558
            ]
          ],
          [
            [
              52.247615,
              21.1849948
            ],
            [
              52.2479055,
              21.1862938
            ]
          ]
        ]
      }
    },
    {
      "type": "Feature",
      "properties": {
        "name": "Szeroka",
        "highway": "residential"
      },
      "geometry": {
        "type": "MultiLineString",
        "coordinates": [
          [
            [
              52.2464058,
              21.1892487
            ],
            [
              52.2464291,
              21.1894224
            ],
            [
              52.246447,
              21.1895607
            ],
            [
              52.2464549,
              21.1896257
            ],
            [
              52.2464781,
              21.1898476
            ],
            [
              52.2465745,
              21.1907836
            ],
            [
              52.2466282,
              21.1913454
            ],
            [
              52.2466847,
              21.1920903
            ],
            [
              52.2466922,
              21.1922445
            ],
            [
              52.2467033,
              21.1924748
            ],
            [
              52.2467367,
              21.1931658
            ],
            [
              52.2467582,
              21.1938315
            ],
            [
              52.2467974,
              21.1946652
            ],
            [
              52.2468312,
              21.1957419
            ],
            [
              52.2468674,
              21.1977178
            ],
            [
              52.2468705,
              21.1978902
            ],
            [
              52.2468762,
              21.1981984
            ],
            [
              52.2468774,
              21.1982663
            ]
          ],
          [
            [
              52.2468774,
              21.1982663
            ],
            [
              52.2468755,
              21.199051
            ],
            [
              52.2469095,
              21.1998448
            ],
            [
              52.2469652,
              21.2005548
            ],
            [
              52.2470938,
              21.2013351
            ],
            [
              52.2471378,
              21.2018057
            ],
            [
              52.2471235,
              21.2022844
            ],
            [
              52.2471025,
              21.2026151
            ],
            [
              52.2471082,
              21.2039198
            ]
          ]
        ]
      }
    },
    {
      "type": "Feature",
      "properties": {
        "name": "Spacerowa",
        "highway": "living_street"
      },
      "geometry": {
        "type": "MultiLineString",
        "coordinates": [
          [
            [
              52.2484746,
              21.1854516
            ],
            [
              52.2495943,
              21.1847654
            ],
            [
              52.2498886,
              21.1845835
            ]
          ]
        ]
      }
    },
    {
      "type": "Feature",
      "properties": {
        "name": "Środkowa",
        "highway": "residential"
      },
      "geometry": {
        "type": "MultiLineString",
        "coordinates": [
          [
            [
              52.2486537,
              21.186253
            ],
            [
              52.2492638,
              21.1858861
            ],
            [
              52.2500655,
              21.185407
            ]
          ]
        ]
      }
    },
    {
      "type": "Feature",
      "properties": {
        "name": "Przejazdowa",
        "highway": "residential"
      },
      "geometry": {
        "type": "MultiLineString",
        "coordinates": [
          [
            [
              52.2478944,
              21.1925944
            ],
            [
              52.247988,
              21.1925448
            ],
            [
              52.248337,
              21.1923444
            ],
            [
              52.248465,
              21.192268
            ],
            [
              52.2486549,
              21.1921547
            ],
            [
              52.2487478,
              21.1920967
            ],
            [
              52.248914,
              21.1919928
            ],
            [
              52.2492612,
              21.1917831
            ],
            [
              52.2498724,
              21.1914033
            ]
          ]
        ]
      }
    },
    {
      "type": "Feature",
      "properties": {
        "name": "Sportowa",
        "highway": "residential"
      },
      "geometry": {
        "type": "MultiLineString",
        "coordinates": [
          [
            [
              52.2481204,
              21.1886411
            ],
            [
              52.2483159,
              21.1894869
            ],
            [
              52.2483972,
              21.1898422
            ],
            [
              52.2487593,
              21.1913491
            ],
            [
              52.248914,
              21.1919928
            ]
          ]
        ]
      }
    },
    {
      "type": "Feature",
      "properties": {
        "name": "Borowika",
        "highway": "residential"
      },
      "geometry": {
        "type": "MultiLineString",
        "coordinates": [
          [
            [
              52.2492612,
              21.1917831
            ],
            [
              52.2495739,
              21.1930281
            ],
            [
              52.2497372,
              21.1935794
            ],
            [
              52.2500044,
              21.1946472
            ],
            [
              52.2501169,
              21.1950178
            ],
            [
              52.2502109,
              21.1953726
            ],
            [
              52.2503102,
              21.195847
            ]
          ]
        ]
      }
    },
    {
      "type": "Feature",
      "properties": {
        "name": "Malinowa",
        "highway": "residential"
      },
      "geometry": {
        "type": "MultiLineString",
        "coordinates": [
          [
            [
              52.2486549,
              21.1921547
            ],
            [
              52.2489107,
              21.1932247
            ],
            [
              52.2489615,
              21.1934708
            ],
            [
              52.2491196,
              21.1943302
            ],
            [
              52.2492249,
              21.1947984
            ],
            [
              52.2494178,
              21.1955775
            ],
            [
              52.2495794,
              21.1962912
            ]
          ]
        ]
      }
    },
    {
      "type": "Feature",
      "properties": {
        "name": "Jagodowa",
        "highway": "residential"
      },
      "geometry": {
        "type": "MultiLineString",
        "coordinates": [
          [
            [
              52.2487281,
              21.1968172
            ],
            [
              52.2487661,
              21.196796
            ],
            [
              52.2488083,
              21.1967755
            ],
            [
              52.2495794,
              21.1962912
            ],
            [
              52.2503102,
              21.195847
            ],
            [
              52.251116,
              21.1953765
            ]
          ]
        ]
      }
    },
    {
      "type": "Feature",
      "properties": {
        "name": "Za Dębami",
        "highway": "living_street"
      },
      "geometry": {
        "type": "MultiLineString",
        "coordinates": [
          [
            [
              52.2491253,
              21.198761
            ],
            [
              52.2491451,
              21.1987491
            ],
            [
              52.2491862,
              21.198727
            ],
            [
              52.2495822,
              21.1986689
            ],
            [
              52.2501198,
              21.19859
            ],
            [
              52.2504362,
              21.1985435
            ]
          ],
          [
            [
              52.248997,
              21.1981168
            ],
            [
              52.2490466,
              21.1980974
            ],
            [
              52.2490644,
              21.1980939
            ],
            [
              52.2491484,
              21.1980439
            ],
            [
              52.2492315,
              21.1980109
            ],
            [
              52.249327,
              21.1979893
            ],
            [
              52.2495455,
              21.197963
            ],
            [
              52.2503529,
              21.1978373
            ],
            [
              52.2503799,
              21.1978346
            ],
            [
              52.250395,
              21.197838
            ],
            [
              52.2504087,
              21.1978484
            ],
            [
              52.250424,
              21.197878
            ],
            [
              52.2504686,
              21.1983928
            ],
            [
              52.2504697,
              21.1984736
            ],
            [
              52.2504578,
              21.1985172
            ],
            [
              52.2504362,
              21.1985435
            ]
          ]
        ]
      }
    },
    {
      "type": "Feature",
      "properties": {
        "name": "Śliska",
        "highway": "residential"
      },
      "geometry": {
        "type": "MultiLineString",
        "coordinates": [
          [
            [
              52.249559,
              21.2009355
            ],
            [
              52.2495957,
              21.2009272
            ],
            [
              52.2496173,
              21.2009213
            ],
            [
              52.2503897,
              21.2007649
            ],
            [
              52.2510197,
              21.2006454
            ],
            [
              52.2510401,
              21.2006415
            ],
            [
              52.2518486,
              21.200491
            ],
            [
              52.2523873,
              21.2004073
            ]
          ]
        ]
      }
    },
    {
      "type": "Feature",
      "properties": {
        "name": "Mokra",
        "highway": "residential"
      },
      "geometry": {
        "type": "MultiLineString",
        "coordinates": [
          [
            [
              52.2500577,
              21.2034366
            ],
            [
              52.250092,
              21.2034304
            ],
            [
              52.2517128,
              21.2031361
            ],
            [
              52.2529559,
              21.2029355
            ]
          ]
        ]
      }
    },
    {
      "type": "Feature",
      "properties": {
        "name": "Słowicza",
        "highway": "residential"
      },
      "geometry": {
        "type": "MultiLineString",
        "coordinates": [
          [
            [
              52.2510401,
              21.2006415
            ],
            [
              52.251056,
              21.2008682
            ],
            [
              52.2510662,
              21.2010159
            ],
            [
              52.2510796,
              21.2011468
            ],
            [
              52.2511046,
              21.201272
            ],
            [
              52.2511433,
              21.2014014
            ],
            [
              52.2513532,
              21.2019367
            ],
            [
              52.2515472,
              21.2024319
            ],
            [
              52.2516472,
              21.2028109
            ],
            [
              52.2517128,
              21.2031361
            ]
          ]
        ]
      }
    },
    {
      "type": "Feature",
      "properties": {
        "name": "Równa",
        "highway": "living_street"
      },
      "geometry": {
        "type": "MultiLineString",
        "coordinates": [
          [
            [
              52.2492223,
              21.199274
            ],
            [
              52.2492644,
              21.1992665
            ],
            [
              52.2492834,
              21.1992638
            ],
            [
              52.250629,
              21.1990674
            ],
            [
              52.2514283,
              21.1989527
            ],
            [
              52.2520385,
              21.1988709
            ]
          ]
        ]
      }
    },
    {
      "type": "Feature",
      "properties": {
        "name": "Podleśna",
        "highway": "residential"
      },
      "geometry": {
        "type": "MultiLineString",
        "coordinates": [
          [
            [
              52.2399177,
              21.1912122
            ],
            [
              52.2400038,
              21.1901605
            ],
            [
              52.2400718,
              21.1893872
            ],
            [
              52.2401641,
              21.1883383
            ],
            [
              52.240214,
              21.1877711
            ],
            [
              52.2402829,
              21.1869752
            ],
            [
              52.2403699,
              21.1860382
            ],
            [
              52.2404578,
              21.1850993
            ],
            [
              52.2405177,
              21.1844509
            ],
            [
              52.2406215,
              21.1833279
            ],
            [
              52.2406252,
              21.1832986
            ],
            [
              52.2406473,
              21.1831251
            ]
          ],
          [
            [
              52.2391361,
              21.2002411
            ],
            [
              52.2391508,
              21.2000686
            ],
            [
              52.2391949,
              21.1995527
            ],
            [
              52.2392858,
              21.1984769
            ],
            [
              52.2393441,
              21.1978044
            ],
            [
              52.2394113,
              21.1969926
            ],
            [
              52.2394234,
              21.1968499
            ],
            [
              52.2395303,
              21.1955869
            ],
            [
              52.2396359,
              21.1943872
            ],
            [
              52.2396922,
              21.1937064
            ],
            [
              52.2397873,
              21.1926483
            ],
            [
              52.239827,
              21.1921595
            ],
            [
              52.2398276,
              21.1920626
            ],
            [
              52.2398218,
              21.1919944
            ],
            [
              52.2397797,
              21.1916221
            ],
            [
              52.2397638,
              21.1914841
            ]
          ],
          [
            [
              52.2395303,
              21.1955869
            ],
            [
              52.2395703,
              21.1955944
            ],
            [
              52.2402839,
              21.1957639
            ]
          ],
          [
            [
              52.239008,
              21.2019251
            ],
            [
              52.2390592,
              21.2012742
            ],
            [
              52.2390889,
              21.2008984
            ],
            [
              52.2391361,
              21.2002411
            ]
          ],
          [
            [
              52.2398966,
              21.1914447
            ],
            [
              52.2399045,
              21.1913609
            ],
            [
              52.2399119,
              21.1912802
            ],
            [
              52.2399177,
              21.1912122
            ]
          ]
        ]
      }
    },
    {
      "type": "Feature",
      "properties": {
        "name": "Warszawska",
        "highway": "residential"
      },
      "geometry": {
        "type": "MultiLineString",
        "coordinates": [
          [
            [
              52.2446668,
              21.1851291
            ],
            [
              52.2446768,
              21.1852797
            ],
            [
              52.2447632,
              21.1867252
            ],
            [
              52.2447999,
              21.1873183
            ],
            [
              52.2448046,
              21.1873937
            ],
            [
              52.2448254,
              21.1877297
            ],
            [
              52.2448431,
              21.1880147
            ],
            [
              52.2449443,
              21.1895899
            ],
            [
              52.2449527,
              21.1897753
            ],
            [
              52.2449571,
              21.1898697
            ],
            [
              52.244958,
              21.1899528
            ],
            [
              52.2449727,
              21.1909731
            ],
            [
              52.2449782,
              21.1913592
            ],
            [
              52.2449812,
              21.19151
            ],
            [
              52.2450306,
              21.1939254
            ],
            [
              52.245067,
              21.1956578
            ],
            [
              52.2450876,
              21.1964446
            ],
            [
              52.2451121,
              21.1973773
            ],
            [
              52.2451375,
              21.1985331
            ],
            [
              52.2451387,
              21.1985863
            ],
            [
              52.2451574,
              21.1994349
            ],
            [
              52.2451864,
              21.2007536
            ],
            [
              52.2451897,
              21.2009281
            ]
          ],
          [
            [
              52.2448628,
              21.2074683
            ],
            [
              52.2448933,
              21.2069551
            ],
            [
              52.2450418,
              21.2044943
            ],
            [
              52.245111,
              21.2034311
            ],
            [
              52.2451658,
              21.2023662
            ],
            [
              52.2451887,
              21.2018499
            ],
            [
              52.2451937,
              21.2013899
            ],
            [
              52.2451897,
              21.2009281
            ]
          ],
          [
            [
              52.2441802,
              21.1781165
            ],
            [
              52.244213,
              21.1781839
            ],
            [
              52.2442313,
              21.1782215
            ],
            [
              52.2442451,
              21.1782658
            ],
            [
              52.2442832,
              21.1788643
            ],
            [
              52.2444408,
              21.1814559
            ],
            [
              52.2445283,
              21.1828948
            ],
            [
              52.2445414,
              21.1831141
            ],
            [
              52.2445859,
              21.1838633
            ],
            [
              52.2446438,
              21.1847688
            ],
            [
              52.2446668,
              21.1851291
            ]
          ]
        ]
      }
    },
    {
      "type": "Feature",
      "properties": {
        "name": "Rembertowska",
        "highway": "residential"
      },
      "geometry": {
        "type": "MultiLineString",
        "coordinates": [
          [
            [
              52.2437676,
              21.1787305
            ],
            [
              52.2437818,
              21.1787799
            ],
            [
              52.2437923,
              21.1788513
            ],
            [
              52.2438257,
              21.1798888
            ],
            [
              52.2438562,
              21.1810085
            ],
            [
              52.2439191,
              21.1833169
            ],
            [
              52.2439908,
              21.1858514
            ],
            [
              52.2439926,
              21.1859451
            ]
          ],
          [
            [
              52.2436653,
              21.1858578
            ],
            [
              52.2439908,
              21.1858514
            ]
          ]
        ]
      }
    },
    {
      "type": "Feature",
      "properties": {
        "name": "Nowa",
        "highway": "living_street"
      },
      "geometry": {
        "type": "MultiLineString",
        "coordinates": [
          [
            [
              52.2442617,
              21.1864864
            ],
            [
              52.2442108,
              21.1864917
            ],
            [
              52.2442297,
              21.1878313
            ],
            [
              52.2442664,
              21.1892132
            ],
            [
              52.2442908,
              21.1899241
            ],
            [
              52.244295,
              21.1899997
            ]
          ]
        ]
      }
    },
    {
      "type": "Feature",
      "properties": {
        "name": "Wilanowska",
        "highway": "residential"
      },
      "geometry": {
        "type": "MultiLineString",
        "coordinates": [
          [
            [
              52.2435028,
              21.1790556
            ],
            [
              52.2435403,
              21.1791456
            ],
            [
              52.2435478,
              21.1791726
            ],
            [
              52.2435546,
              21.1792086
            ],
            [
              52.2435765,
              21.1801068
            ],
            [
              52.2435845,
              21.1806805
            ],
            [
              52.2435976,
              21.1816153
            ],
            [
              52.2436289,
              21.1835839
            ],
            [
              52.2436653,
              21.1858578
            ],
            [
              52.2436657,
              21.1860175
            ],
            [
              52.2436874,
              21.187657
            ],
            [
              52.2436958,
              21.188354
            ],
            [
              52.2437147,
              21.1900431
            ],
            [
              52.2437126,
              21.1901986
            ]
          ]
        ]
      }
    },
    {
      "type": "Feature",
      "properties": {
        "name": "Urocza",
        "highway": "residential"
      },
      "geometry": {
        "type": "MultiLineString",
        "coordinates": [
          [
            [
              52.241844,
              21.1908336
            ],
            [
              52.2418502,
              21.1906709
            ],
            [
              52.2418824,
              21.1900957
            ],
            [
              52.2418976,
              21.1898231
            ],
            [
              52.2419312,
              21.1892778
            ],
            [
              52.2419577,
              21.1888451
            ],
            [
              52.241973,
              21.1885981
            ],
            [
              52.2420234,
              21.1877408
            ],
            [
              52.2420309,
              21.1875896
            ],
            [
              52.2420872,
              21.1866426
            ],
            [
              52.2421788,
              21.1850316
            ],
            [
              52.2422679,
              21.1834429
            ],
            [
              52.2422954,
              21.1829539
            ],
            [
              52.2423909,
              21.1812743
            ],
            [
              52.2424231,
              21.1806304
            ],
            [
              52.2424097,
              21.1805299
            ],
            [
              52.242374,
              21.1804082
            ]
          ],
          [
            [
              52.2402144,
              21.1932109
            ],
            [
              52.2405673,
              21.1932948
            ],
            [
              52.2405978,
              21.1932557
            ],
            [
              52.2406201,
              21.1931753
            ],
            [
              52.2406683,
              21.1926298
            ],
            [
              52.2406768,
              21.1922809
            ],
            [
              52.2406646,
              21.1922338
            ],
            [
              52.2406437,
              21.192183
            ],
            [
              52.2405895,
              21.1920953
            ],
            [
              52.2405497,
              21.1920433
            ]
          ],
          [
            [
              52.2406683,
              21.1926298
            ],
            [
              52.2409411,
              21.19269
            ],
            [
              52.2409584,
              21.1926992
            ],
            [
              52.2409682,
              21.1927081
            ],
            [
              52.2409775,
              21.1927302
            ],
            [
              52.2409804,
              21.1927702
            ],
            [
              52.2409359,
              21.1934403
            ],
            [
              52.2409242,
              21.1935761
            ]
          ],
          [
            [
              52.2413574,
              21.19352
            ],
            [
              52.2413747,
              21.1932238
            ],
            [
              52.2414148,
              21.1925382
            ]
          ],
          [
            [
              52.2409359,
              21.1934403
            ],
            [
              52.2413574,
              21.19352
            ],
            [
              52.241634,
              21.1935726
            ],
            [
              52.2416789,
              21.1935811
            ]
          ],
          [
            [
              52.2412988,
              21.2007345
            ],
            [
              52.2413174,
              21.2005911
            ],
            [
              52.2413494,
              21.1999412
            ],
            [
              52.2413837,
              21.1993088
            ],
            [
              52.2414059,
              21.1987995
            ],
            [
              52.2414453,
              21.1980442
            ],
            [
              52.2414847,
              21.1972948
            ],
            [
              52.2414869,
              21.1972605
            ],
            [
              52.2414947,
              21.1971128
            ],
            [
              52.2415223,
              21.1965884
            ],
            [
              52.2415534,
              21.1959398
            ],
            [
              52.2416139,
              21.1947767
            ],
            [
              52.241625,
              21.1945725
            ],
            [
              52.2416789,
              21.1935811
            ],
            [
              52.2417396,
              21.192373
            ],
            [
              52.2418116,
              21.1909377
            ],
            [
              52.2418137,
              21.1908437
            ]
          ],
          [
            [
              52.2411964,
              21.2023322
            ],
            [
              52.2412714,
              21.2008981
            ],
            [
              52.2412988,
              21.2007345
            ]
          ]
        ]
      }
    },
    {
      "type": "Feature",
      "properties": {
        "name": "Jana Kasprowicza",
        "highway": "residential"
      },
      "geometry": {
        "type": "MultiLineString",
        "coordinates": [
          [
            [
              52.2391361,
              21.2002411
            ],
            [
              52.2392176,
              21.2002589
            ],
            [
              52.2402739,
              21.2004962
            ],
            [
              52.2403514,
              21.2005136
            ],
            [
              52.240668,
              21.2005874
            ],
            [
              52.2408619,
              21.2006332
            ],
            [
              52.2411601,
              21.2007024
            ],
            [
              52.2412988,
              21.2007345
            ]
          ],
          [
            [
              52.2443037,
              21.2010275
            ],
            [
              52.2444042,
              21.2010176
            ],
            [
              52.2447027,
              21.2009882
            ],
            [
              52.2450899,
              21.2009404
            ],
            [
              52.2451897,
              21.2009281
            ]
          ],
          [
            [
              52.2412988,
              21.2007345
            ],
            [
              52.2414111,
              21.2007617
            ],
            [
              52.2417437,
              21.2008296
            ],
            [
              52.2418513,
              21.200849
            ],
            [
              52.2418893,
              21.2008573
            ],
            [
              52.2421648,
              21.200912
            ],
            [
              52.2426544,
              21.2009499
            ]
          ],
          [
            [
              52.2426544,
              21.2009499
            ],
            [
              52.2431262,
              21.2009836
            ],
            [
              52.2435827,
              21.2010163
            ],
            [
              52.2436804,
              21.2010217
            ],
            [
              52.24395,
              21.2010366
            ],
            [
              52.2443037,
              21.2010275
            ]
          ]
        ]
      }
    },
    {
      "type": "Feature",
      "properties": {
        "name": "Gazowa",
        "highway": "residential"
      },
      "geometry": {
        "type": "MultiLineString",
        "coordinates": [
          [
            [
              52.2416063,
              21.2040951
            ],
            [
              52.2417385,
              21.2009492
            ],
            [
              52.2417437,
              21.2008296
            ]
          ]
        ]
      }
    },
    {
      "type": "Feature",
      "properties": {
        "name": "Aleksandra Fredry",
        "highway": "living_street"
      },
      "geometry": {
        "type": "MultiLineString",
        "coordinates": [
          [
            [
              52.23983,
              21.19766
            ],
            [
              52.2405774,
              21.1978313
            ],
            [
              52.2411935,
              21.1979824
            ],
            [
              52.2414115,
              21.1980359
            ],
            [
              52.2414453,
              21.1980442
            ]
          ]
        ]
      }
    },
    {
      "type": "Feature",
      "properties": {
        "name": "Jana Kochanowskiego",
        "highway": "living_street"
      },
      "geometry": {
        "type": "MultiLineString",
        "coordinates": [
          [
            [
              52.2396192,
              21.1995591
            ],
            [
              52.2404198,
              21.1997264
            ],
            [
              52.2413198,
              21.1999344
            ],
            [
              52.2413494,
              21.1999412
            ]
          ]
        ]
      }
    },
    {
      "type": "Feature",
      "properties": {
        "name": "Mikołaja Reja",
        "highway": "living_street"
      },
      "geometry": {
        "type": "MultiLineString",
        "coordinates": [
          [
            [
              52.2397826,
              21.198303
            ],
            [
              52.2405237,
              21.1984654
            ],
            [
              52.240878,
              21.1985517
            ]
          ]
        ]
      }
    },
    {
      "type": "Feature",
      "properties": {
        "name": "Jana Andrzeja Morsztyna",
        "highway": "living_street"
      },
      "geometry": {
        "type": "MultiLineString",
        "coordinates": [
          [
            [
              52.2396192,
              21.1995591
            ],
            [
              52.2396565,
              21.1991345
            ],
            [
              52.2397099,
              21.1990244
            ],
            [
              52.2397671,
              21.1989731
            ],
            [
              52.2398098,
              21.1989546
            ],
            [
              52.2398397,
              21.1989579
            ],
            [
              52.2404734,
              21.1991038
            ],
            [
              52.2413506,
              21.1993013
            ],
            [
              52.2413837,
              21.1993088
            ]
          ]
        ]
      }
    },
    {
      "type": "Feature",
      "properties": {
        "name": "Dzielna",
        "highway": "residential"
      },
      "geometry": {
        "type": "MultiLineString",
        "coordinates": [
          [
            [
              52.2394234,
              21.1968499
            ],
            [
              52.2395129,
              21.1968679
            ],
            [
              52.2403123,
              21.1970559
            ],
            [
              52.2405191,
              21.1971038
            ],
            [
              52.2411332,
              21.1972461
            ],
            [
              52.2414435,
              21.1972891
            ],
            [
              52.2414847,
              21.1972948
            ]
          ]
        ]
      }
    },
    {
      "type": "Feature",
      "properties": {
        "name": "Wiśniowa",
        "highway": "residential"
      },
      "geometry": {
        "type": "MultiLineString",
        "coordinates": [
          [
            [
              52.2414869,
              21.1972605
            ],
            [
              52.2417625,
              21.1972941
            ],
            [
              52.242265,
              21.1973584
            ],
            [
              52.2427522,
              21.1974125
            ],
            [
              52.2428219,
              21.1974181
            ],
            [
              52.2435614,
              21.1974779
            ],
            [
              52.2436202,
              21.1974826
            ],
            [
              52.2436912,
              21.1974864
            ],
            [
              52.2442441,
              21.1975163
            ],
            [
              52.2442692,
              21.1975142
            ],
            [
              52.244291,
              21.1975083
            ],
            [
              52.2443105,
              21.1975029
            ],
            [
              52.2443708,
              21.1974857
            ],
            [
              52.2448365,
              21.1973832
            ],
            [
              52.2450444,
              21.1973792
            ],
            [
              52.2451121,
              21.1973773
            ]
          ],
          [
            [
              52.2421789,
              21.1998353
            ],
            [
              52.242265,
              21.1973584
            ]
          ]
        ]
      }
    },
    {
      "type": "Feature",
      "properties": {
        "name": "Dobra",
        "highway": "residential"
      },
      "geometry": {
        "type": "MultiLineString",
        "coordinates": [
          [
            [
              52.2442791,
              21.1913632
            ],
            [
              52.2442834,
              21.1921381
            ],
            [
              52.2442883,
              21.1930329
            ],
            [
              52.2442921,
              21.1937029
            ],
            [
              52.2442925,
              21.1937861
            ],
            [
              52.2442929,
              21.1938539
            ],
            [
              52.2442951,
              21.1940227
            ],
            [
              52.2443033,
              21.1946619
            ],
            [
              52.244304,
              21.1951343
            ],
            [
              52.2443054,
              21.1959531
            ],
            [
              52.2443063,
              21.1965712
            ],
            [
              52.2443105,
              21.1975029
            ],
            [
              52.2443093,
              21.1989615
            ],
            [
              52.2443074,
              21.1996705
            ],
            [
              52.2443019,
              21.2001939
            ],
            [
              52.2443034,
              21.2008796
            ],
            [
              52.2443037,
              21.2010275
            ]
          ],
          [
            [
              52.2442688,
              21.2044876
            ],
            [
              52.2442888,
              21.2027077
            ],
            [
              52.2443037,
              21.2010275
            ]
          ],
          [
            [
              52.2442657,
              21.2076633
            ],
            [
              52.2442624,
              21.2073171
            ],
            [
              52.2442673,
              21.2056327
            ],
            [
              52.2442678,
              21.2050323
            ],
            [
              52.2442695,
              21.2046417
            ],
            [
              52.2442688,
              21.2044876
            ]
          ],
          [
            [
              52.2442729,
              21.1902351
            ],
            [
              52.2442791,
              21.1913632
            ]
          ],
          [
            [
              52.2442712,
              21.1900077
            ],
            [
              52.2442721,
              21.1900877
            ],
            [
              52.2442729,
              21.1902351
            ]
          ]
        ]
      }
    },
    {
      "type": "Feature",
      "properties": {
        "name": "Wschodnia",
        "highway": "residential"
      },
      "geometry": {
        "type": "MultiLineString",
        "coordinates": [
          [
            [
              52.2426544,
              21.2009499
            ],
            [
              52.2426626,
              21.2007853
            ],
            [
              52.2426844,
              21.199865
            ],
            [
              52.242717,
              21.1986873
            ],
            [
              52.2427522,
              21.1974125
            ],
            [
              52.242755,
              21.1972918
            ],
            [
              52.2427845,
              21.1960436
            ],
            [
              52.2428281,
              21.1945435
            ],
            [
              52.2428485,
              21.1936604
            ],
            [
              52.2428668,
              21.1929309
            ],
            [
              52.2429062,
              21.1913561
            ],
            [
              52.2429245,
              21.1906272
            ],
            [
              52.2429451,
              21.1904596
            ]
          ],
          [
            [
              52.2425023,
              21.2065724
            ],
            [
              52.2425603,
              21.2042467
            ]
          ],
          [
            [
              52.2424648,
              21.2083495
            ],
            [
              52.2424875,
              21.2073209
            ],
            [
              52.2425023,
              21.2065724
            ]
          ],
          [
            [
              52.2425603,
              21.2042467
            ],
            [
              52.2426509,
              21.2010788
            ],
            [
              52.2426544,
              21.2009499
            ]
          ]
        ]
      }
    },
    {
      "type": "Feature",
      "properties": {
        "name": "Żytnia",
        "highway": "residential"
      },
      "geometry": {
        "type": "MultiLineString",
        "coordinates": [
          [
            [
              52.2424669,
              21.1935983
            ],
            [
              52.2428185,
              21.1936555
            ],
            [
              52.2428485,
              21.1936604
            ],
            [
              52.2428889,
              21.1936627
            ],
            [
              52.2436051,
              21.1936974
            ],
            [
              52.2436696,
              21.1937005
            ],
            [
              52.2440782,
              21.1937177
            ],
            [
              52.2442206,
              21.1938081
            ],
            [
              52.2442929,
              21.1938539
            ],
            [
              52.2444653,
              21.1939254
            ],
            [
              52.2445051,
              21.1939419
            ],
            [
              52.2445715,
              21.1939527
            ],
            [
              52.2446676,
              21.1939479
            ],
            [
              52.2450306,
              21.1939254
            ]
          ]
        ]
      }
    },
    {
      "type": "Feature",
      "properties": {
        "name": "Rysia",
        "highway": "residential"
      },
      "geometry": {
        "type": "MultiLineString",
        "coordinates": [
          [
            [
              52.2420309,
              21.1875896
            ],
            [
              52.2420951,
              21.1875928
            ],
            [
              52.2429014,
              21.1876307
            ],
            [
              52.2429891,
              21.1876349
            ],
            [
              52.2430237,
              21.1876353
            ],
            [
              52.2436137,
              21.1876523
            ],
            [
              52.2436874,
              21.187657
            ]
          ]
        ]
      }
    },
    {
      "type": "Feature",
      "properties": {
        "name": "Bohaterów z Kopalni „Wujek”",
        "highway": "residential"
      },
      "geometry": {
        "type": "MultiLineString",
        "coordinates": [
          [
            [
              52.2429451,
              21.1904596
            ],
            [
              52.2429475,
              21.1903063
            ],
            [
              52.2429561,
              21.1897571
            ],
            [
              52.2429571,
              21.189694
            ],
            [
              52.2429789,
              21.1882954
            ],
            [
              52.2429879,
              21.1877168
            ],
            [
              52.2429891,
              21.1876349
            ],
            [
              52.2429989,
              21.1870302
            ],
            [
              52.2430279,
              21.1852491
            ],
            [
              52.2430716,
              21.1822777
            ],
            [
              52.2430817,
              21.1815919
            ],
            [
              52.2430998,
              21.18038
            ],
            [
              52.2431118,
              21.1797032
            ],
            [
              52.2431104,
              21.1796525
            ],
            [
              52.2431049,
              21.1796126
            ],
            [
              52.2430757,
              21.1795193
            ]
          ]
        ]
      }
    },
    {
      "type": "Feature",
      "properties": {
        "name": "Polna",
        "highway": "residential"
      },
      "geometry": {
        "type": "MultiLineString",
        "coordinates": [
          [
            [
              52.2406165,
              21.1912214
            ],
            [
              52.240629,
              21.1910873
            ],
            [
              52.2406987,
              21.1903509
            ],
            [
              52.2408246,
              21.1890495
            ],
            [
              52.2409482,
              21.1876571
            ],
            [
              52.2409883,
              21.1872306
            ],
            [
              52.2410976,
              21.1860237
            ],
            [
              52.2412274,
              21.184608
            ],
            [
              52.2413902,
              21.1828316
            ],
            [
              52.2414715,
              21.181939
            ],
            [
              52.2414764,
              21.1818662
            ],
            [
              52.2414701,
              21.1818141
            ],
            [
              52.2414332,
              21.18173
            ]
          ]
        ]
      }
    },
    {
      "type": "Feature",
      "properties": {
        "name": "Zaułek",
        "highway": "living_street"
      },
      "geometry": {
        "type": "MultiLineString",
        "coordinates": [
          [
            [
              52.239032,
              21.1942482
            ],
            [
              52.2391339,
              21.1930443
            ]
          ],
          [
            [
              52.2383262,
              21.19392
            ],
            [
              52.2383355,
              21.1939407
            ],
            [
              52.2383689,
              21.1939829
            ],
            [
              52.2384355,
              21.1940126
            ],
            [
              52.238744,
              21.1941313
            ],
            [
              52.239032,
              21.1942482
            ],
            [
              52.2391233,
              21.1942824
            ],
            [
              52.2396043,
              21.1943807
            ],
            [
              52.2396359,
              21.1943872
            ]
          ]
        ]
      }
    },
    {
      "type": "Feature",
      "properties": {
        "name": "Jana Kilińskiego",
        "highway": "residential"
      },
      "geometry": {
        "type": "MultiLineString",
        "coordinates": [
          [
            [
              52.2526755,
              21.2239121
            ],
            [
              52.2526801,
              21.2238029
            ],
            [
              52.2526812,
              21.2237643
            ],
            [
              52.2527426,
              21.222419
            ],
            [
              52.2527845,
              21.221408
            ],
            [
              52.2528003,
              21.221093
            ],
            [
              52.2528642,
              21.2197539
            ],
            [
              52.2528986,
              21.2190071
            ],
            [
              52.2529584,
              21.2176418
            ],
            [
              52.2529601,
              21.2176028
            ],
            [
              52.2529619,
              21.217547
            ],
            [
              52.2529638,
              21.2174846
            ],
            [
              52.2529965,
              21.2165678
            ],
            [
              52.2529652,
              21.2154536
            ],
            [
              52.2529538,
              21.2149087
            ],
            [
              52.2529476,
              21.2143892
            ],
            [
              52.252965,
              21.2140768
            ],
            [
              52.2530474,
              21.2130428
            ],
            [
              52.2530535,
              21.2129667
            ],
            [
              52.2531545,
              21.2115821
            ],
            [
              52.2531915,
              21.2109138
            ],
            [
              52.2532074,
              21.2106276
            ]
          ]
        ]
      }
    },
    {
      "type": "Feature",
      "properties": {
        "name": "Bartosza Głowackiego",
        "highway": "residential"
      },
      "geometry": {
        "type": "MultiLineString",
        "coordinates": [
          [
            [
              52.2523465,
              21.2544525
            ],
            [
              52.2523447,
              21.254226
            ],
            [
              52.2523535,
              21.253933
            ],
            [
              52.25237,
              21.2537056
            ],
            [
              52.2523794,
              21.2536189
            ],
            [
              52.2524143,
              21.2533253
            ],
            [
              52.2524532,
              21.2529914
            ],
            [
              52.2524794,
              21.2527121
            ],
            [
              52.2524934,
              21.2524671
            ],
            [
              52.2525115,
              21.2518568
            ],
            [
              52.2525182,
              21.251706
            ],
            [
              52.2525376,
              21.2512726
            ],
            [
              52.2525413,
              21.2511895
            ],
            [
              52.2525455,
              21.2510952
            ],
            [
              52.2525549,
              21.2508818
            ],
            [
              52.2525571,
              21.250833
            ],
            [
              52.2525606,
              21.2507523
            ],
            [
              52.2525707,
              21.250519
            ],
            [
              52.25258,
              21.2503045
            ],
            [
              52.252583,
              21.2502333
            ],
            [
              52.2525997,
              21.2498487
            ],
            [
              52.2526077,
              21.2496645
            ],
            [
              52.2526099,
              21.2496126
            ],
            [
              52.2526149,
              21.249475
            ],
            [
              52.2526534,
              21.2487935
            ],
            [
              52.2526797,
              21.2483991
            ],
            [
              52.252691,
              21.2480747
            ],
            [
              52.2527165,
              21.2474435
            ],
            [
              52.2527452,
              21.2467538
            ],
            [
              52.2527565,
              21.2463544
            ],
            [
              52.2527554,
              21.2461109
            ],
            [
              52.2527416,
              21.2458215
            ],
            [
              52.2527308,
              21.2456264
            ],
            [
              52.2527311,
              21.2453584
            ],
            [
              52.2527421,
              21.2451093
            ],
            [
              52.2527711,
              21.2444805
            ],
            [
              52.2528016,
              21.2438758
            ],
            [
              52.2528494,
              21.2430664
            ],
            [
              52.2528607,
              21.2426599
            ],
            [
              52.2528595,
              21.2423897
            ],
            [
              52.2528715,
              21.2419741
            ],
            [
              52.2528894,
              21.2417057
            ],
            [
              52.2529018,
              21.2416186
            ],
            [
              52.2529205,
              21.2414878
            ],
            [
              52.2529654,
              21.24122
            ],
            [
              52.2529824,
              21.2409922
            ],
            [
              52.2529954,
              21.2406934
            ],
            [
              52.2529998,
              21.2404043
            ],
            [
              52.2529932,
              21.2402035
            ],
            [
              52.2529929,
              21.2400048
            ],
            [
              52.2529944,
              21.2398062
            ],
            [
              52.2530043,
              21.2395154
            ],
            [
              52.2530115,
              21.2393276
            ],
            [
              52.2530367,
              21.2387788
            ],
            [
              52.2530806,
              21.2378118
            ],
            [
              52.2530936,
              21.2375704
            ],
            [
              52.2531173,
              21.2373501
            ],
            [
              52.2531661,
              21.2370001
            ],
            [
              52.2531896,
              21.236785
            ],
            [
              52.2532211,
              21.2361538
            ],
            [
              52.253236,
              21.2358568
            ],
            [
              52.2532481,
              21.2355586
            ],
            [
              52.2533061,
              21.2343534
            ],
            [
              52.2533335,
              21.2338779
            ],
            [
              52.2533758,
              21.233146
            ]
          ],
          [
            [
              52.2541166,
              21.217678
            ],
            [
              52.2543102,
              21.2131253
            ],
            [
              52.2543935,
              21.2113037
            ]
          ],
          [
            [
              52.2538219,
              21.2240587
            ],
            [
              52.253826,
              21.2239329
            ],
            [
              52.2538263,
              21.2239276
            ],
            [
              52.2538538,
              21.2234868
            ]
          ],
          [
            [
              52.2538922,
              21.2225464
            ],
            [
              52.2539168,
              21.222026
            ],
            [
              52.2539404,
              21.2215426
            ],
            [
              52.2539701,
              21.2208695
            ],
            [
              52.2540037,
              21.220184
            ],
            [
              52.254053,
              21.2191375
            ],
            [
              52.2541166,
              21.217678
            ]
          ],
          [
            [
              52.2533758,
              21.233146
            ],
            [
              52.2533896,
              21.2328599
            ],
            [
              52.2534131,
              21.2324375
            ],
            [
              52.2534556,
              21.2316585
            ],
            [
              52.2534743,
              21.2312782
            ],
            [
              52.2534929,
              21.2311255
            ],
            [
              52.2535196,
              21.2309665
            ],
            [
              52.253561,
              21.2307543
            ],
            [
              52.2535848,
              21.2306062
            ],
            [
              52.2535971,
              21.2304893
            ],
            [
              52.2536072,
              21.2303437
            ],
            [
              52.2536136,
              21.2302046
            ],
            [
              52.2536573,
              21.2292442
            ],
            [
              52.253665,
              21.229085
            ],
            [
              52.2536654,
              21.2289095
            ],
            [
              52.2536526,
              21.2287783
            ],
            [
              52.2535973,
              21.2282803
            ],
            [
              52.2535963,
              21.2281086
            ],
            [
              52.2536518,
              21.2270254
            ],
            [
              52.2536649,
              21.2268595
            ]
          ],
          [
            [
              52.2536649,
              21.2268595
            ],
            [
              52.2536791,
              21.2266041
            ],
            [
              52.2538141,
              21.224208
            ],
            [
              52.2538219,
              21.2240587
            ]
          ],
          [
            [
              52.2538538,
              21.2234868
            ],
            [
              52.2538853,
              21.2226933
            ],
            [
              52.2538922,
              21.2225464
            ]
          ]
        ]
      }
    },
    {
      "type": "Feature",
      "properties": {
        "name": "Jana Karola Chodkiewicza",
        "highway": "residential"
      },
      "geometry": {
        "type": "MultiLineString",
        "coordinates": [
          [
            [
              52.2521625,
              21.2330008
            ],
            [
              52.2521855,
              21.2330036
            ],
            [
              52.252261,
              21.2330127
            ],
            [
              52.252334,
              21.2330215
            ],
            [
              52.2523503,
              21.2330234
            ]
          ],
          [
            [
              52.2523503,
              21.2330234
            ],
            [
              52.2532872,
              21.23314
            ],
            [
              52.2533758,
              21.233146
            ]
          ],
          [
            [
              52.2489798,
              21.2326189
            ],
            [
              52.249112,
              21.2326328
            ],
            [
              52.2500045,
              21.2327355
            ],
            [
              52.2500783,
              21.23274
            ],
            [
              52.250163,
              21.2327458
            ],
            [
              52.2512125,
              21.2328778
            ],
            [
              52.2521625,
              21.2330008
            ]
          ]
        ]
      }
    },
    {
      "type": "Feature",
      "properties": {
        "name": "Generała Władysława Sikorskiego",
        "highway": "residential"
      },
      "geometry": {
        "type": "MultiLineString",
        "coordinates": [
          [
            [
              52.252269,
              21.232838
            ],
            [
              52.2523211,
              21.2316577
            ],
            [
              52.2523265,
              21.231534
            ],
            [
              52.2523934,
              21.2301944
            ],
            [
              52.2524839,
              21.2281317
            ],
            [
              52.2524902,
              21.2280005
            ],
            [
              52.252578,
              21.226124
            ],
            [
              52.2526418,
              21.2246863
            ],
            [
              52.2526668,
              21.2240755
            ],
            [
              52.2526706,
              21.2240197
            ],
            [
              52.2526755,
              21.2239121
            ]
          ],
          [
            [
              52.2517293,
              21.2441986
            ],
            [
              52.2519521,
              21.2395262
            ]
          ],
          [
            [
              52.2513872,
              21.2515514
            ],
            [
              52.2513959,
              21.2513838
            ],
            [
              52.2513977,
              21.251341
            ],
            [
              52.2514094,
              21.2511056
            ],
            [
              52.2514119,
              21.2510511
            ],
            [
              52.2514146,
              21.250996
            ],
            [
              52.2514253,
              21.2507781
            ],
            [
              52.2514267,
              21.2507493
            ],
            [
              52.2514304,
              21.2506757
            ],
            [
              52.2514403,
              21.2504747
            ],
            [
              52.2514454,
              21.2503798
            ],
            [
              52.2514501,
              21.2502931
            ],
            [
              52.2514581,
              21.2501459
            ],
            [
              52.2514697,
              21.2499309
            ],
            [
              52.2514732,
              21.2498669
            ],
            [
              52.2514867,
              21.2496166
            ],
            [
              52.2515017,
              21.2493398
            ],
            [
              52.251506,
              21.2492436
            ],
            [
              52.2516101,
              21.2469246
            ],
            [
              52.2517158,
              21.2445063
            ]
          ],
          [
            [
              52.2517158,
              21.2445063
            ],
            [
              52.251717,
              21.2444776
            ],
            [
              52.2517224,
              21.2443552
            ],
            [
              52.2517281,
              21.2442261
            ],
            [
              52.2517293,
              21.2441986
            ]
          ],
          [
            [
              52.2519521,
              21.2395262
            ],
            [
              52.2519533,
              21.239501
            ],
            [
              52.2519587,
              21.2393851
            ],
            [
              52.2519652,
              21.2392386
            ]
          ],
          [
            [
              52.2519652,
              21.2392386
            ],
            [
              52.2520245,
              21.2379065
            ],
            [
              52.2522546,
              21.2331505
            ]
          ],
          [
            [
              52.2522546,
              21.2331505
            ],
            [
              52.2522558,
              21.2331255
            ],
            [
              52.252261,
              21.2330127
            ],
            [
              52.252267,
              21.2328816
            ],
            [
              52.252269,
              21.232838
            ]
          ]
        ]
      }
    },
    {
      "type": "Feature",
      "properties": {
        "name": "Miła",
        "highway": "living_street"
      },
      "geometry": {
        "type": "MultiLineString",
        "coordinates": [
          [
            [
              52.2530881,
              21.2267914
            ],
            [
              52.2531682,
              21.2251717
            ],
            [
              52.2531958,
              21.2246106
            ],
            [
              52.2532189,
              21.2241394
            ],
            [
              52.2532268,
              21.2239777
            ]
          ]
        ]
      }
    },
    {
      "type": "Feature",
      "properties": {
        "name": "Akacjowa",
        "highway": "residential"
      },
      "geometry": {
        "type": "MultiLineString",
        "coordinates": [
          [
            [
              52.2513974,
              21.227827
            ],
            [
              52.2514022,
              21.2278805
            ],
            [
              52.2514209,
              21.2279221
            ],
            [
              52.2514396,
              21.2279441
            ],
            [
              52.2515012,
              21.2279772
            ],
            [
              52.2523976,
              21.2281165
            ],
            [
              52.2524839,
              21.2281317
            ],
            [
              52.2525332,
              21.2281433
            ],
            [
              52.253511,
              21.2282832
            ],
            [
              52.2535502,
              21.2282849
            ],
            [
              52.2535724,
              21.2282835
            ],
            [
              52.2535973,
              21.2282803
            ]
          ]
        ]
      }
    },
    {
      "type": "Feature",
      "properties": {
        "name": "Stanisława Żółkiewskiego",
        "highway": "residential"
      },
      "geometry": {
        "type": "MultiLineString",
        "coordinates": [
          [
            [
              52.2452775,
              21.2436098
            ],
            [
              52.2453076,
              21.2436049
            ],
            [
              52.2453704,
              21.2436009
            ],
            [
              52.245865,
              21.2436371
            ],
            [
              52.2462619,
              21.2436888
            ],
            [
              52.2466129,
              21.2437304
            ],
            [
              52.2471979,
              21.2438005
            ],
            [
              52.2473241,
              21.243814
            ],
            [
              52.2477039,
              21.2438712
            ]
          ],
          [
            [
              52.2495814,
              21.2440844
            ],
            [
              52.2496411,
              21.2440905
            ],
            [
              52.2501777,
              21.2441546
            ],
            [
              52.2503012,
              21.2441705
            ],
            [
              52.2505895,
              21.244212
            ],
            [
              52.2506555,
              21.2442215
            ],
            [
              52.2509716,
              21.2442652
            ],
            [
              52.2516316,
              21.2443444
            ]
          ],
          [
            [
              52.2495309,
              21.2440792
            ],
            [
              52.2495814,
              21.2440844
            ]
          ],
          [
            [
              52.2483693,
              21.2439441
            ],
            [
              52.2487384,
              21.243981
            ]
          ],
          [
            [
              52.2477039,
              21.2438712
            ],
            [
              52.2483693,
              21.2439441
            ]
          ],
          [
            [
              52.2487384,
              21.243981
            ],
            [
              52.2494263,
              21.2440685
            ],
            [
              52.2495309,
              21.2440792
            ]
          ],
          [
            [
              52.251818,
              21.2443666
            ],
            [
              52.252073,
              21.2443969
            ],
            [
              52.2526558,
              21.2444629
            ],
            [
              52.2527711,
              21.2444805
            ]
          ],
          [
            [
              52.2516316,
              21.2443444
            ],
            [
              52.2516495,
              21.2443465
            ],
            [
              52.2517224,
              21.2443552
            ],
            [
              52.2517936,
              21.2443637
            ],
            [
              52.251818,
              21.2443666
            ]
          ]
        ]
      }
    },
    {
      "type": "Feature",
      "properties": {
        "name": "Mazowiecka",
        "highway": "residential"
      },
      "geometry": {
        "type": "MultiLineString",
        "coordinates": [
          [
            [
              52.2239379,
              21.2494622
            ],
            [
              52.2240096,
              21.2488811
            ],
            [
              52.2240498,
              21.2485015
            ],
            [
              52.2241408,
              21.2476428
            ],
            [
              52.2242109,
              21.2470601
            ],
            [
              52.2243514,
              21.2456139
            ],
            [
              52.2243853,
              21.2449729
            ],
            [
              52.2243873,
              21.2449147
            ],
            [
              52.2244097,
              21.2442696
            ],
            [
              52.22442,
              21.2439586
            ],
            [
              52.2244239,
              21.2437522
            ],
            [
              52.2244298,
              21.2434412
            ],
            [
              52.2244326,
              21.2432952
            ]
          ],
          [
            [
              52.2244326,
              21.2432952
            ],
            [
              52.2244493,
              21.2431398
            ],
            [
              52.2245173,
              21.2425086
            ],
            [
              52.2245313,
              21.2423785
            ],
            [
              52.2245443,
              21.2422135
            ],
            [
              52.2246074,
              21.2415164
            ],
            [
              52.2246192,
              21.2413826
            ],
            [
              52.2246556,
              21.2408835
            ],
            [
              52.2246626,
              21.2406897
            ],
            [
              52.2246953,
              21.2398028
            ],
            [
              52.2247044,
              21.2395323
            ],
            [
              52.2247176,
              21.2392124
            ],
            [
              52.2247523,
              21.238279
            ],
            [
              52.2247583,
              21.2381179
            ],
            [
              52.2247932,
              21.2369446
            ],
            [
              52.2248005,
              21.2367764
            ],
            [
              52.2248355,
              21.2359635
            ],
            [
              52.2248434,
              21.2357798
            ],
            [
              52.2248514,
              21.2355938
            ],
            [
              52.2248578,
              21.2354386
            ],
            [
              52.2248858,
              21.2348337
            ],
            [
              52.2248991,
              21.2345461
            ],
            [
              52.2249127,
              21.2342524
            ],
            [
              52.2249413,
              21.2337538
            ],
            [
              52.2249885,
              21.2328426
            ],
            [
              52.2249891,
              21.232832
            ],
            [
              52.2249969,
              21.2326823
            ],
            [
              52.2250021,
              21.2325405
            ],
            [
              52.225006,
              21.2324587
            ],
            [
              52.2250155,
              21.2322582
            ],
            [
              52.2250444,
              21.2316241
            ],
            [
              52.2250467,
              21.2315769
            ],
            [
              52.2250509,
              21.2314941
            ],
            [
              52.2250645,
              21.2312238
            ],
            [
              52.225072,
              21.2309635
            ],
            [
              52.2250732,
              21.2306301
            ],
            [
              52.2250553,
              21.2302529
            ],
            [
              52.2250448,
              21.2300655
            ],
            [
              52.2250164,
              21.2295577
            ],
            [
              52.2250062,
              21.2293752
            ],
            [
              52.2250043,
              21.2293403
            ],
            [
              52.2249988,
              21.2292427
            ],
            [
              52.2249766,
              21.2287594
            ],
            [
              52.2249729,
              21.2285009
            ],
            [
              52.224972,
              21.2284375
            ],
            [
              52.2249777,
              21.2282827
            ],
            [
              52.2249795,
              21.228233
            ],
            [
              52.2249897,
              21.2280226
            ],
            [
              52.2249961,
              21.2279537
            ],
            [
              52.2250029,
              21.22788
            ],
            [
              52.2250234,
              21.2276575
            ],
            [
              52.2250557,
              21.2273558
            ],
            [
              52.2250574,
              21.22734
            ],
            [
              52.2250713,
              21.2272445
            ],
            [
              52.2250882,
              21.2271284
            ],
            [
              52.2251081,
              21.2270061
            ],
            [
              52.2251584,
              21.2266977
            ],
            [
              52.2252601,
              21.2260734
            ],
            [
              52.2252844,
              21.2258829
            ],
            [
              52.2252918,
              21.2256935
            ],
            [
              52.2252845,
              21.2255008
            ],
            [
              52.2252633,
              21.2253136
            ],
            [
              52.225227,
              21.2251312
            ],
            [
              52.2251642,
              21.2249286
            ],
            [
              52.2250989,
              21.2247455
            ],
            [
              52.2248786,
              21.2242304
            ],
            [
              52.2248234,
              21.2240682
            ],
            [
              52.2247906,
              21.2239267
            ],
            [
              52.2247661,
              21.2237734
            ],
            [
              52.2247523,
              21.22363
            ],
            [
              52.2247456,
              21.2234787
            ],
            [
              52.2247467,
              21.223296
            ],
            [
              52.2247491,
              21.2231924
            ],
            [
              52.224756,
              21.2230846
            ]
          ]
        ]
      }
    },
    {
      "type": "Feature",
      "properties": {
        "name": "Pogodna",
        "highway": "residential"
      },
      "geometry": {
        "type": "MultiLineString",
        "coordinates": [
          [
            [
              52.2130338,
              21.2391359
            ],
            [
              52.2130411,
              21.23912
            ],
            [
              52.2130481,
              21.2391093
            ],
            [
              52.2130609,
              21.2390993
            ],
            [
              52.2132188,
              21.2391084
            ],
            [
              52.2134589,
              21.2391398
            ],
            [
              52.2136363,
              21.2391585
            ],
            [
              52.2137891,
              21.2391748
            ],
            [
              52.2141875,
              21.2392174
            ],
            [
              52.2142861,
              21.2392297
            ],
            [
              52.2143575,
              21.239237
            ],
            [
              52.2146711,
              21.2392692
            ],
            [
              52.2151478,
              21.2393182
            ],
            [
              52.215229,
              21.2393247
            ],
            [
              52.2156773,
              21.2393663
            ],
            [
              52.215885,
              21.2393768
            ],
            [
              52.2159274,
              21.2393796
            ],
            [
              52.2159656,
              21.2393812
            ]
          ],
          [
            [
              52.2161741,
              21.2394107
            ],
            [
              52.216203,
              21.2394135
            ],
            [
              52.2162554,
              21.2394212
            ],
            [
              52.2176262,
              21.2395422
            ],
            [
              52.2177188,
              21.2395488
            ],
            [
              52.2178169,
              21.2395557
            ],
            [
              52.2178776,
              21.2395587
            ],
            [
              52.2180663,
              21.2395791
            ],
            [
              52.218398,
              21.2396152
            ],
            [
              52.2184779,
              21.2396239
            ],
            [
              52.2188276,
              21.2396436
            ],
            [
              52.2192032,
              21.2396938
            ],
            [
              52.219323,
              21.2397099
            ],
            [
              52.2194364,
              21.2397193
            ]
          ],
          [
            [
              52.2195006,
              21.2397239
            ],
            [
              52.2195784,
              21.2397346
            ],
            [
              52.2197271,
              21.239755
            ],
            [
              52.2200383,
              21.2397942
            ],
            [
              52.2201291,
              21.2398056
            ],
            [
              52.2202017,
              21.2398083
            ],
            [
              52.2202709,
              21.2398142
            ],
            [
              52.2212368,
              21.2399061
            ],
            [
              52.2221933,
              21.2400259
            ],
            [
              52.2222298,
              21.2400192
            ],
            [
              52.2229811,
              21.2400879
            ],
            [
              52.2230664,
              21.2401048
            ]
          ],
          [
            [
              52.2194364,
              21.2397193
            ],
            [
              52.2195006,
              21.2397239
            ]
          ],
          [
            [
              52.2129352,
              21.2390891
            ],
            [
              52.2129795,
              21.2390992
            ],
            [
              52.2130066,
              21.239113
            ],
            [
              52.2130338,
              21.2391359
            ]
          ],
          [
            [
              52.2099532,
              21.2380305
            ],
            [
              52.2099075,
              21.2387836
            ],
            [
              52.2129352,
              21.2390891
            ]
          ]
        ]
      }
    },
    {
      "type": "Feature",
      "properties": {
        "name": "Paproci",
        "highway": "residential"
      },
      "geometry": {
        "type": "MultiLineString",
        "coordinates": [
          [
            [
              52.2128776,
              21.2457892
            ],
            [
              52.2131661,
              21.2458132
            ],
            [
              52.2134617,
              21.2458529
            ],
            [
              52.2135382,
              21.2458903
            ],
            [
              52.2136231,
              21.2459061
            ],
            [
              52.2139001,
              21.2459256
            ]
          ],
          [
            [
              52.2119586,
              21.2441461
            ],
            [
              52.2119697,
              21.2439752
            ],
            [
              52.2119627,
              21.2436956
            ]
          ],
          [
            [
              52.2127149,
              21.2457754
            ],
            [
              52.2128063,
              21.2457833
            ],
            [
              52.2128776,
              21.2457892
            ]
          ],
          [
            [
              52.2118433,
              21.2456998
            ],
            [
              52.2127149,
              21.2457754
            ]
          ]
        ]
      }
    },
    {
      "type": "Feature",
      "properties": {
        "name": "Cyklamenowa",
        "highway": "residential"
      },
      "geometry": {
        "type": "MultiLineString",
        "coordinates": [
          [
            [
              52.2128063,
              21.2457833
            ],
            [
              52.2128114,
              21.2456349
            ],
            [
              52.2128246,
              21.2452016
            ],
            [
              52.2128305,
              21.2450656
            ],
            [
              52.2128323,
              21.2449881
            ],
            [
              52.2128676,
              21.2439192
            ],
            [
              52.2128729,
              21.2437571
            ],
            [
              52.2128774,
              21.2436275
            ],
            [
              52.2128959,
              21.2430949
            ],
            [
              52.2129131,
              21.2426001
            ],
            [
              52.2129261,
              21.2422275
            ],
            [
              52.2129544,
              21.2414147
            ],
            [
              52.2129592,
              21.2412666
            ],
            [
              52.2130025,
              21.2399302
            ],
            [
              52.2130081,
              21.2397914
            ],
            [
              52.213011,
              21.2396739
            ],
            [
              52.2130338,
              21.2391359
            ]
          ],
          [
            [
              52.2130609,
              21.2381032
            ],
            [
              52.2130695,
              21.238022
            ],
            [
              52.2130809,
              21.2379627
            ]
          ],
          [
            [
              52.2130413,
              21.2387762
            ],
            [
              52.2130484,
              21.2388337
            ],
            [
              52.2130538,
              21.2388743
            ],
            [
              52.2130598,
              21.2389346
            ],
            [
              52.2130589,
              21.2390345
            ],
            [
              52.2130609,
              21.2390993
            ]
          ],
          [
            [
              52.2130413,
              21.2387762
            ],
            [
              52.2130609,
              21.2381032
            ]
          ]
        ]
      }
    },
    {
      "type": "Feature",
      "properties": {
        "name": "Forsycji",
        "highway": "residential"
      },
      "geometry": {
        "type": "MultiLineString",
        "coordinates": [
          [
            [
              52.2128305,
              21.2450656
            ],
            [
              52.2128935,
              21.2450709
            ],
            [
              52.2132309,
              21.2450967
            ],
            [
              52.2136112,
              21.2451311
            ],
            [
              52.2136343,
              21.2451088
            ],
            [
              52.2136493,
              21.2450717
            ],
            [
              52.2136545,
              21.24502
            ],
            [
              52.2136838,
              21.2438025
            ]
          ],
          [
            [
              52.2118063,
              21.2449021
            ],
            [
              52.2127737,
              21.2449832
            ],
            [
              52.2128323,
              21.2449881
            ]
          ],
          [
            [
              52.2132309,
              21.2450967
            ],
            [
              52.2132503,
              21.2445407
            ],
            [
              52.2132614,
              21.2444436
            ]
          ]
        ]
      }
    },
    {
      "type": "Feature",
      "properties": {
        "name": "Irysów",
        "highway": "residential"
      },
      "geometry": {
        "type": "MultiLineString",
        "coordinates": [
          [
            [
              52.2130025,
              21.2399302
            ],
            [
              52.2130683,
              21.2399372
            ],
            [
              52.2134176,
              21.2399748
            ],
            [
              52.213816,
              21.240024
            ],
            [
              52.2141878,
              21.2400586
            ],
            [
              52.2142617,
              21.2400655
            ],
            [
              52.2143451,
              21.240074
            ],
            [
              52.2146837,
              21.2401084
            ],
            [
              52.2150864,
              21.2401546
            ]
          ],
          [
            [
              52.2133756,
              21.2410385
            ],
            [
              52.2133766,
              21.2410187
            ],
            [
              52.2134158,
              21.2400217
            ],
            [
              52.2134176,
              21.2399748
            ]
          ],
          [
            [
              52.2137776,
              21.2410821
            ],
            [
              52.2137782,
              21.2410666
            ],
            [
              52.2138145,
              21.2400639
            ],
            [
              52.213816,
              21.240024
            ]
          ],
          [
            [
              52.2150864,
              21.2401546
            ],
            [
              52.2151217,
              21.2401587
            ],
            [
              52.2151584,
              21.2401619
            ]
          ],
          [
            [
              52.2151584,
              21.2401619
            ],
            [
              52.2156279,
              21.2402027
            ]
          ]
        ]
      }
    },
    {
      "type": "Feature",
      "properties": {
        "name": "Stokrotki",
        "highway": "residential"
      },
      "geometry": {
        "type": "MultiLineString",
        "coordinates": [
          [
            [
              52.2154359,
              21.2417093
            ],
            [
              52.2155152,
              21.2417247
            ],
            [
              52.2156801,
              21.24186
            ],
            [
              52.2156989,
              21.2418924
            ],
            [
              52.2157148,
              21.2419439
            ],
            [
              52.2157127,
              21.2420456
            ],
            [
              52.2156988,
              21.2421597
            ],
            [
              52.2156714,
              21.2422636
            ],
            [
              52.2156487,
              21.2423808
            ],
            [
              52.2156374,
              21.2424813
            ]
          ],
          [
            [
              52.2129544,
              21.2414147
            ],
            [
              52.2130168,
              21.2414212
            ],
            [
              52.2133436,
              21.2414552
            ],
            [
              52.2137507,
              21.2414875
            ],
            [
              52.2141681,
              21.2415262
            ],
            [
              52.21421,
              21.2415302
            ]
          ],
          [
            [
              52.2151579,
              21.2416764
            ],
            [
              52.2154359,
              21.2417093
            ]
          ],
          [
            [
              52.2150668,
              21.2416664
            ],
            [
              52.2151579,
              21.2416764
            ]
          ]
        ]
      }
    },
    {
      "type": "Feature",
      "properties": {
        "name": "Jeździecka",
        "highway": "residential"
      },
      "geometry": {
        "type": "MultiLineString",
        "coordinates": [
          [
            [
              52.2195931,
              21.2369254
            ],
            [
              52.2196372,
              21.2369293
            ],
            [
              52.21972,
              21.2369368
            ],
            [
              52.2198222,
              21.2369457
            ],
            [
              52.2204133,
              21.2370055
            ],
            [
              52.2205445,
              21.2370188
            ],
            [
              52.221239,
              21.2370848
            ],
            [
              52.2219064,
              21.2371485
            ],
            [
              52.2219968,
              21.2371571
            ],
            [
              52.2220962,
              21.2371657
            ],
            [
              52.2224941,
              21.2372003
            ],
            [
              52.2227022,
              21.2372183
            ],
            [
              52.2230926,
              21.2372522
            ],
            [
              52.2231711,
              21.2372585
            ]
          ],
          [
            [
              52.2194968,
              21.2369128
            ],
            [
              52.2195931,
              21.2369254
            ]
          ],
          [
            [
              52.2162215,
              21.2365806
            ],
            [
              52.2162843,
              21.2365959
            ],
            [
              52.2163512,
              21.23659
            ],
            [
              52.2165167,
              21.2365679
            ],
            [
              52.216605,
              21.2365624
            ],
            [
              52.216643,
              21.2365594
            ],
            [
              52.2166687,
              21.2365582
            ],
            [
              52.2167542,
              21.2365594
            ],
            [
              52.2168202,
              21.2365697
            ],
            [
              52.2170236,
              21.2366116
            ],
            [
              52.2170999,
              21.2366328
            ],
            [
              52.2173823,
              21.2367113
            ],
            [
              52.2181778,
              21.2367903
            ],
            [
              52.2182304,
              21.2367955
            ],
            [
              52.2183024,
              21.2368027
            ],
            [
              52.2183812,
              21.2368099
            ],
            [
              52.2185571,
              21.2368261
            ],
            [
              52.2189133,
              21.236859
            ],
            [
              52.2191812,
              21.236891
            ],
            [
              52.2194968,
              21.2369128
            ]
          ]
        ]
      }
    },
    {
      "type": "Feature",
      "properties": {
        "name": "Jodłowa",
        "highway": "residential"
      },
      "geometry": {
        "type": "MultiLineString",
        "coordinates": [
          [
            [
              52.2156106,
              21.2250378
            ],
            [
              52.2159204,
              21.2250667
            ],
            [
              52.2161353,
              21.2250869
            ],
            [
              52.2163461,
              21.2251089
            ],
            [
              52.2167365,
              21.2251495
            ],
            [
              52.2169287,
              21.225167
            ],
            [
              52.2170323,
              21.2251787
            ],
            [
              52.217098,
              21.2251821
            ],
            [
              52.217251,
              21.2252024
            ]
          ],
          [
            [
              52.217251,
              21.2252024
            ],
            [
              52.2173935,
              21.2252165
            ],
            [
              52.2179487,
              21.2252794
            ]
          ],
          [
            [
              52.2184518,
              21.2253328
            ],
            [
              52.2185749,
              21.2253431
            ],
            [
              52.2196171,
              21.2254324
            ]
          ],
          [
            [
              52.2152216,
              21.224989
            ],
            [
              52.2154589,
              21.2250205
            ]
          ],
          [
            [
              52.2154589,
              21.2250205
            ],
            [
              52.2155395,
              21.2250297
            ],
            [
              52.2156106,
              21.2250378
            ]
          ]
        ]
      }
    },
    {
      "type": "Feature",
      "properties": {
        "name": "Sezamkowa",
        "highway": "living_street"
      },
      "geometry": {
        "type": "MultiLineString",
        "coordinates": [
          [
            [
              52.2179487,
              21.2252794
            ],
            [
              52.2179905,
              21.2241733
            ],
            [
              52.218518,
              21.2242353
            ]
          ]
        ]
      }
    },
    {
      "type": "Feature",
      "properties": {
        "name": "Jesionowa",
        "highway": "residential"
      },
      "geometry": {
        "type": "MultiLineString",
        "coordinates": [
          [
            [
              52.2151338,
              21.2272823
            ],
            [
              52.2151409,
              21.2274029
            ],
            [
              52.2151411,
              21.2275206
            ]
          ],
          [
            [
              52.2152216,
              21.224989
            ],
            [
              52.215236,
              21.2245957
            ]
          ],
          [
            [
              52.2151049,
              21.2283358
            ],
            [
              52.2151122,
              21.2281892
            ],
            [
              52.2151411,
              21.2275206
            ]
          ],
          [
            [
              52.2151338,
              21.2272823
            ],
            [
              52.2151839,
              21.226063
            ]
          ],
          [
            [
              52.2151839,
              21.226063
            ],
            [
              52.2152216,
              21.224989
            ]
          ],
          [
            [
              52.215236,
              21.2245957
            ],
            [
              52.2152689,
              21.2241398
            ],
            [
              52.2152776,
              21.2238268
            ],
            [
              52.2152821,
              21.2236622
            ]
          ]
        ]
      }
    },
    {
      "type": "Feature",
      "properties": {
        "name": "Cyprysowa",
        "highway": "residential"
      },
      "geometry": {
        "type": "MultiLineString",
        "coordinates": [
          [
            [
              52.2137394,
              21.2255067
            ],
            [
              52.2142439,
              21.2255726
            ],
            [
              52.2148334,
              21.2256178
            ],
            [
              52.2148601,
              21.2256337
            ],
            [
              52.2148716,
              21.2256593
            ],
            [
              52.2148771,
              21.2256796
            ],
            [
              52.2148799,
              21.2257107
            ],
            [
              52.2148215,
              21.2273691
            ]
          ]
        ]
      }
    },
    {
      "type": "Feature",
      "properties": {
        "name": "Mahoniowa",
        "highway": "residential"
      },
      "geometry": {
        "type": "MultiLineString",
        "coordinates": [
          [
            [
              52.213602,
              21.2271752
            ],
            [
              52.2136342,
              21.2262924
            ],
            [
              52.2137394,
              21.2255067
            ]
          ]
        ]
      }
    },
    {
      "type": "Feature",
      "properties": {
        "name": "Diamentowa",
        "highway": "residential"
      },
      "geometry": {
        "type": "MultiLineString",
        "coordinates": [
          [
            [
              52.213602,
              21.2271752
            ],
            [
              52.2136163,
              21.2272794
            ],
            [
              52.213867,
              21.2273106
            ],
            [
              52.2138982,
              21.2273129
            ],
            [
              52.2141632,
              21.2273235
            ],
            [
              52.2141876,
              21.2273254
            ],
            [
              52.21466,
              21.2273566
            ],
            [
              52.2148215,
              21.2273691
            ],
            [
              52.2151409,
              21.2274029
            ],
            [
              52.2162132,
              21.2275002
            ],
            [
              52.2164688,
              21.2275187
            ],
            [
              52.2165315,
              21.227524
            ],
            [
              52.2166527,
              21.227534
            ],
            [
              52.2167777,
              21.2275467
            ],
            [
              52.2170283,
              21.2275686
            ],
            [
              52.217164,
              21.2275849
            ],
            [
              52.2175032,
              21.2276173
            ],
            [
              52.2180275,
              21.2276649
            ],
            [
              52.2183328,
              21.2276862
            ],
            [
              52.2184467,
              21.227697
            ],
            [
              52.218491,
              21.227701
            ],
            [
              52.2185398,
              21.227709
            ],
            [
              52.2192607,
              21.2277837
            ],
            [
              52.2196979,
              21.2278286
            ],
            [
              52.2197294,
              21.2278325
            ]
          ],
          [
            [
              52.2198366,
              21.2278436
            ],
            [
              52.2200878,
              21.2278661
            ],
            [
              52.220137,
              21.2278708
            ],
            [
              52.2202087,
              21.2278775
            ],
            [
              52.2207046,
              21.2279059
            ],
            [
              52.2211881,
              21.2279644
            ],
            [
              52.2212865,
              21.2279763
            ],
            [
              52.221618,
              21.2280064
            ],
            [
              52.2218637,
              21.2280324
            ],
            [
              52.2219577,
              21.2280423
            ],
            [
              52.2220546,
              21.2280468
            ],
            [
              52.2224753,
              21.2280854
            ],
            [
              52.2228513,
              21.2281275
            ],
            [
              52.2229557,
              21.2281351
            ],
            [
              52.2229826,
              21.2281379
            ]
          ],
          [
            [
              52.2197294,
              21.2278325
            ],
            [
              52.2198366,
              21.2278436
            ]
          ]
        ]
      }
    },
    {
      "type": "Feature",
      "properties": {
        "name": "Cedrowa",
        "highway": "residential"
      },
      "geometry": {
        "type": "MultiLineString",
        "coordinates": [
          [
            [
              52.2155333,
              21.2252111
            ],
            [
              52.21552,
              21.2256017
            ],
            [
              52.2154958,
              21.2263549
            ],
            [
              52.2155016,
              21.2263849
            ],
            [
              52.2155176,
              21.2264048
            ],
            [
              52.2155406,
              21.2264157
            ],
            [
              52.2163385,
              21.2264929
            ],
            [
              52.216362,
              21.2264833
            ],
            [
              52.2163864,
              21.2264497
            ],
            [
              52.2166052,
              21.225705
            ],
            [
              52.2167243,
              21.225308
            ],
            [
              52.2167304,
              21.2252657
            ],
            [
              52.2167365,
              21.2251495
            ]
          ],
          [
            [
              52.2155333,
              21.2252111
            ],
            [
              52.2155395,
              21.2250297
            ]
          ]
        ]
      }
    },
    {
      "type": "Feature",
      "properties": {
        "name": "Klonowa",
        "highway": "residential"
      },
      "geometry": {
        "type": "MultiLineString",
        "coordinates": [
          [
            [
              52.21552,
              21.2256017
            ],
            [
              52.2166052,
              21.225705
            ]
          ]
        ]
      }
    },
    {
      "type": "Feature",
      "properties": {
        "name": "Hebanowa",
        "highway": "residential"
      },
      "geometry": {
        "type": "MultiLineString",
        "coordinates": [
          [
            [
              52.2151122,
              21.2281892
            ],
            [
              52.2160927,
              21.2282613
            ],
            [
              52.2161248,
              21.228253
            ],
            [
              52.2161487,
              21.2282349
            ],
            [
              52.2161736,
              21.2281958
            ],
            [
              52.2161876,
              21.2281451
            ],
            [
              52.2162132,
              21.2275002
            ]
          ],
          [
            [
              52.2141376,
              21.2282521
            ],
            [
              52.2151049,
              21.2283358
            ]
          ]
        ]
      }
    },
    {
      "type": "Feature",
      "properties": {
        "name": "Piotrusia Pana",
        "highway": "residential"
      },
      "geometry": {
        "type": "MultiLineString",
        "coordinates": [
          [
            [
              52.2138968,
              21.2347896
            ],
            [
              52.2139147,
              21.2343856
            ],
            [
              52.2139299,
              21.2341724
            ]
          ],
          [
            [
              52.2140191,
              21.2313777
            ],
            [
              52.2140421,
              21.2307425
            ],
            [
              52.2140451,
              21.2306576
            ],
            [
              52.2140598,
              21.2303051
            ],
            [
              52.214079,
              21.229848
            ],
            [
              52.2140808,
              21.229803
            ],
            [
              52.2141113,
              21.2290202
            ],
            [
              52.2141376,
              21.2282521
            ],
            [
              52.2141632,
              21.2273235
            ]
          ],
          [
            [
              52.2140078,
              21.231694
            ],
            [
              52.2140095,
              21.2316468
            ],
            [
              52.2140135,
              21.2315345
            ],
            [
              52.214018,
              21.2314098
            ],
            [
              52.2140191,
              21.2313777
            ]
          ],
          [
            [
              52.2139299,
              21.2341724
            ],
            [
              52.2139309,
              21.234133
            ],
            [
              52.2139286,
              21.2339839
            ],
            [
              52.2139384,
              21.2336098
            ],
            [
              52.2139584,
              21.233094
            ],
            [
              52.2140078,
              21.231694
            ]
          ]
        ]
      }
    },
    {
      "type": "Feature",
      "properties": {
        "name": "Cisowa",
        "highway": "residential"
      },
      "geometry": {
        "type": "MultiLineString",
        "coordinates": [
          [
            [
              52.2155395,
              21.2250297
            ],
            [
              52.2155447,
              21.224896
            ]
          ],
          [
            [
              52.2155447,
              21.224896
            ],
            [
              52.2155906,
              21.2236897
            ]
          ]
        ]
      }
    },
    {
      "type": "Feature",
      "properties": {
        "name": "Bankowa",
        "highway": "residential"
      },
      "geometry": {
        "type": "MultiLineString",
        "coordinates": [
          [
            [
              52.2169287,
              21.225167
            ],
            [
              52.2169312,
              21.2251019
            ],
            [
              52.2169513,
              21.2246101
            ],
            [
              52.2169992,
              21.224452
            ],
            [
              52.2170134,
              21.2243934
            ],
            [
              52.2170208,
              21.2243374
            ]
          ],
          [
            [
              52.2170208,
              21.2243374
            ],
            [
              52.21704,
              21.2238339
            ]
          ]
        ]
      }
    },
    {
      "type": "Feature",
      "properties": {
        "name": "Jaworowa",
        "highway": "residential"
      },
      "geometry": {
        "type": "MultiLineString",
        "coordinates": [
          [
            [
              52.2167114,
              21.2246652
            ],
            [
              52.2167391,
              21.223805
            ]
          ]
        ]
      }
    },
    {
      "type": "Feature",
      "properties": {
        "name": "Limby",
        "highway": "residential"
      },
      "geometry": {
        "type": "MultiLineString",
        "coordinates": [
          [
            [
              52.2164283,
              21.2246267
            ],
            [
              52.2164608,
              21.2237747
            ]
          ]
        ]
      }
    },
    {
      "type": "Feature",
      "properties": {
        "name": "Platanów",
        "highway": "residential"
      },
      "geometry": {
        "type": "MultiLineString",
        "coordinates": [
          [
            [
              52.2161353,
              21.2250869
            ],
            [
              52.2161729,
              21.2241564
            ],
            [
              52.216187,
              21.2237435
            ]
          ]
        ]
      }
    },
    {
      "type": "Feature",
      "properties": {
        "name": "Sekwoi",
        "highway": "residential"
      },
      "geometry": {
        "type": "MultiLineString",
        "coordinates": [
          [
            [
              52.2158635,
              21.2245058
            ],
            [
              52.2158923,
              21.2237158
            ]
          ]
        ]
      }
    },
    {
      "type": "Feature",
      "properties": {
        "name": "Przyleśna",
        "highway": "residential"
      },
      "geometry": {
        "type": "MultiLineString",
        "coordinates": [
          [
            [
              52.2160334,
              21.2237281
            ],
            [
              52.216187,
              21.2237435
            ],
            [
              52.2164608,
              21.2237747
            ],
            [
              52.2167391,
              21.223805
            ],
            [
              52.21704,
              21.2238339
            ],
            [
              52.2171486,
              21.2238363
            ]
          ],
          [
            [
              52.2146803,
              21.2235345
            ],
            [
              52.2150418,
              21.2236146
            ],
            [
              52.2152821,
              21.2236622
            ]
          ],
          [
            [
              52.2152821,
              21.2236622
            ],
            [
              52.2155906,
              21.2236897
            ],
            [
              52.2158923,
              21.2237158
            ],
            [
              52.2160334,
              21.2237281
            ]
          ],
          [
            [
              52.21381,
              21.2234776
            ],
            [
              52.2138719,
              21.2234661
            ],
            [
              52.2145941,
              21.2235229
            ],
            [
              52.2146803,
              21.2235345
            ]
          ]
        ]
      }
    },
    {
      "type": "Feature",
      "properties": {
        "name": "Daglezji",
        "highway": "residential"
      },
      "geometry": {
        "type": "MultiLineString",
        "coordinates": [
          [
            [
              52.2138982,
              21.2273129
            ],
            [
              52.2139356,
              21.2261438
            ]
          ]
        ]
      }
    },
    {
      "type": "Feature",
      "properties": {
        "name": "Orzechowa",
        "highway": "residential"
      },
      "geometry": {
        "type": "MultiLineString",
        "coordinates": [
          [
            [
              52.2141113,
              21.2290202
            ],
            [
              52.2143368,
              21.2290294
            ],
            [
              52.2150911,
              21.2291067
            ],
            [
              52.216074,
              21.2292045
            ],
            [
              52.2160971,
              21.2292226
            ],
            [
              52.2161086,
              21.2292369
            ],
            [
              52.2161248,
              21.2292618
            ],
            [
              52.2161317,
              21.2292858
            ],
            [
              52.2161366,
              21.2293334
            ],
            [
              52.2161129,
              21.2300063
            ]
          ]
        ]
      }
    },
    {
      "type": "Feature",
      "properties": {
        "name": "Morelowa",
        "highway": "residential"
      },
      "geometry": {
        "type": "MultiLineString",
        "coordinates": [
          [
            [
              52.2151306,
              21.230021
            ],
            [
              52.2151377,
              21.2299061
            ]
          ],
          [
            [
              52.2150884,
              21.2307735
            ],
            [
              52.2151306,
              21.230021
            ]
          ],
          [
            [
              52.2150669,
              21.2314632
            ],
            [
              52.2150884,
              21.2307735
            ]
          ],
          [
            [
              52.2150621,
              21.2316166
            ],
            [
              52.2150639,
              21.2315585
            ],
            [
              52.2150669,
              21.2314632
            ]
          ]
        ]
      }
    },
    {
      "type": "Feature",
      "properties": {
        "name": "Kalinowa",
        "highway": "residential"
      },
      "geometry": {
        "type": "MultiLineString",
        "coordinates": [
          [
            [
              52.2157918,
              21.2343627
            ],
            [
              52.2158861,
              21.231871
            ]
          ],
          [
            [
              52.2158861,
              21.231871
            ],
            [
              52.2158902,
              21.2317639
            ],
            [
              52.2158933,
              21.2316934
            ]
          ]
        ]
      }
    },
    {
      "type": "Feature",
      "properties": {
        "name": "Łagodna",
        "highway": "residential"
      },
      "geometry": {
        "type": "MultiLineString",
        "coordinates": [
          [
            [
              52.2153898,
              21.2343196
            ],
            [
              52.2153623,
              21.2349336
            ],
            [
              52.2153439,
              21.2355649
            ],
            [
              52.2153464,
              21.2356006
            ],
            [
              52.2153546,
              21.2356456
            ],
            [
              52.2153668,
              21.2356973
            ],
            [
              52.2155724,
              21.2365305
            ],
            [
              52.2155672,
              21.2367256
            ]
          ],
          [
            [
              52.2153668,
              21.2356973
            ],
            [
              52.2154233,
              21.2356939
            ],
            [
              52.2156109,
              21.235705
            ],
            [
              52.2156471,
              21.23573
            ],
            [
              52.2156844,
              21.2357648
            ]
          ],
          [
            [
              52.2153623,
              21.2349336
            ],
            [
              52.2157415,
              21.2349647
            ]
          ]
        ]
      }
    },
    {
      "type": "Feature",
      "properties": {
        "name": "Promienna",
        "highway": "residential"
      },
      "geometry": {
        "type": "MultiLineString",
        "coordinates": [
          [
            [
              52.2106888,
              21.2432771
            ],
            [
              52.2106982,
              21.2431921
            ],
            [
              52.2107136,
              21.2431408
            ],
            [
              52.2112928,
              21.242181
            ],
            [
              52.2113893,
              21.2421192
            ],
            [
              52.2114242,
              21.2421102
            ],
            [
              52.2114936,
              21.2420922
            ],
            [
              52.2116304,
              21.2420452
            ],
            [
              52.2118092,
              21.2419426
            ],
            [
              52.2120853,
              21.2416608
            ],
            [
              52.2123684,
              21.2414079
            ],
            [
              52.2124327,
              21.2413711
            ],
            [
              52.2124777,
              21.2413684
            ],
            [
              52.2128959,
              21.241409
            ],
            [
              52.2129544,
              21.2414147
            ]
          ]
        ]
      }
    },
    {
      "type": "Feature",
      "properties": {
        "name": "Marmurowa",
        "highway": "residential"
      },
      "geometry": {
        "type": "MultiLineString",
        "coordinates": [
          [
            [
              52.2151542,
              21.2316257
            ],
            [
              52.2154874,
              21.2316585
            ],
            [
              52.2156939,
              21.2316765
            ],
            [
              52.2158933,
              21.2316934
            ],
            [
              52.2163302,
              21.2317393
            ],
            [
              52.2163861,
              21.2317431
            ],
            [
              52.2164609,
              21.2317495
            ]
          ],
          [
            [
              52.2135034,
              21.2314952
            ],
            [
              52.213734,
              21.2315138
            ],
            [
              52.2139249,
              21.2315327
            ]
          ],
          [
            [
              52.2140988,
              21.2315362
            ],
            [
              52.2144669,
              21.2315728
            ],
            [
              52.2149849,
              21.2316109
            ]
          ],
          [
            [
              52.2139249,
              21.2315327
            ],
            [
              52.2139466,
              21.2315331
            ],
            [
              52.2140135,
              21.2315345
            ],
            [
              52.214076,
              21.2315359
            ],
            [
              52.2140988,
              21.2315362
            ]
          ],
          [
            [
              52.2149849,
              21.2316109
            ],
            [
              52.2150038,
              21.2316123
            ],
            [
              52.2150621,
              21.2316166
            ],
            [
              52.2151332,
              21.2316236
            ],
            [
              52.2151542,
              21.2316257
            ]
          ]
        ]
      }
    },
    {
      "type": "Feature",
      "properties": {
        "name": "Dzikiej Róży",
        "highway": "residential"
      },
      "geometry": {
        "type": "MultiLineString",
        "coordinates": [
          [
            [
              52.2144619,
              21.2317189
            ],
            [
              52.2144648,
              21.231633
            ],
            [
              52.2144669,
              21.2315728
            ]
          ],
          [
            [
              52.2144127,
              21.2331239
            ],
            [
              52.2144395,
              21.2323747
            ],
            [
              52.2144619,
              21.2317189
            ]
          ]
        ]
      }
    },
    {
      "type": "Feature",
      "properties": {
        "name": "Czereśniowa",
        "highway": "residential"
      },
      "geometry": {
        "type": "MultiLineString",
        "coordinates": [
          [
            [
              52.2153898,
              21.2343196
            ],
            [
              52.2154397,
              21.232954
            ],
            [
              52.2154849,
              21.2317248
            ],
            [
              52.2154874,
              21.2316585
            ]
          ]
        ]
      }
    },
    {
      "type": "Feature",
      "properties": {
        "name": "Dąbrowy",
        "highway": "residential"
      },
      "geometry": {
        "type": "MultiLineString",
        "coordinates": [
          [
            [
              52.2100428,
              21.2396292
            ],
            [
              52.2105651,
              21.23969
            ],
            [
              52.2106448,
              21.239719
            ],
            [
              52.2107094,
              21.2397494
            ],
            [
              52.2107792,
              21.2398081
            ],
            [
              52.2111698,
              21.2398474
            ],
            [
              52.2125204,
              21.2399909
            ]
          ]
        ]
      }
    },
    {
      "type": "Feature",
      "properties": {
        "name": "Leszczynowa",
        "highway": "residential"
      },
      "geometry": {
        "type": "MultiLineString",
        "coordinates": [
          [
            [
              52.2096234,
              21.2307887
            ],
            [
              52.2100795,
              21.2305839
            ],
            [
              52.2101889,
              21.2305342
            ],
            [
              52.2103122,
              21.2304782
            ],
            [
              52.2104923,
              21.2304439
            ],
            [
              52.2106731,
              21.2304439
            ],
            [
              52.2123448,
              21.2306087
            ],
            [
              52.2133575,
              21.2307309
            ],
            [
              52.2135375,
              21.2307428
            ],
            [
              52.2136274,
              21.2307238
            ]
          ],
          [
            [
              52.2140451,
              21.2306576
            ],
            [
              52.2147138,
              21.2307319
            ],
            [
              52.2150884,
              21.2307735
            ]
          ],
          [
            [
              52.2136274,
              21.2307238
            ],
            [
              52.2137716,
              21.2307257
            ],
            [
              52.2140421,
              21.2307425
            ]
          ]
        ]
      }
    },
    {
      "type": "Feature",
      "properties": {
        "name": "Słonecznej Polany",
        "highway": "residential"
      },
      "geometry": {
        "type": "MultiLineString",
        "coordinates": [
          [
            [
              52.2111698,
              21.2398474
            ],
            [
              52.2111559,
              21.2403357
            ],
            [
              52.211023,
              21.2410548
            ],
            [
              52.2110187,
              21.241103
            ],
            [
              52.2110253,
              21.2411577
            ],
            [
              52.211044,
              21.2412028
            ],
            [
              52.2110868,
              21.2412511
            ],
            [
              52.2112774,
              21.2412928
            ],
            [
              52.2115033,
              21.2412871
            ],
            [
              52.2116294,
              21.2412336
            ],
            [
              52.2117611,
              21.2411582
            ],
            [
              52.21183,
              21.2411048
            ],
            [
              52.2118919,
              21.241032
            ],
            [
              52.2120572,
              21.2408628
            ],
            [
              52.2121425,
              21.2407653
            ],
            [
              52.2122063,
              21.240687
            ],
            [
              52.2122823,
              21.2405825
            ],
            [
              52.2123324,
              21.2405007
            ],
            [
              52.2123846,
              21.2403998
            ],
            [
              52.2124423,
              21.2402726
            ],
            [
              52.212489,
              21.2401371
            ],
            [
              52.2125204,
              21.2399909
            ],
            [
              52.2126517,
              21.2397103
            ],
            [
              52.2127094,
              21.2396402
            ],
            [
              52.2129566,
              21.2396678
            ],
            [
              52.213011,
              21.2396739
            ]
          ]
        ]
      }
    },
    {
      "type": "Feature",
      "properties": {
        "name": "Juliana Ursyna Niemcewicza",
        "highway": "residential"
      },
      "geometry": {
        "type": "MultiLineString",
        "coordinates": [
          [
            [
              52.245424,
              21.2303094
            ],
            [
              52.2454587,
              21.2301174
            ],
            [
              52.2454934,
              21.2298989
            ],
            [
              52.2456359,
              21.2292788
            ],
            [
              52.2457322,
              21.2288338
            ],
            [
              52.2457742,
              21.2285865
            ],
            [
              52.2458385,
              21.2282923
            ],
            [
              52.2458892,
              21.2280311
            ],
            [
              52.2459162,
              21.2276693
            ],
            [
              52.2459869,
              21.2263716
            ],
            [
              52.2460422,
              21.2252325
            ],
            [
              52.2460652,
              21.2248234
            ],
            [
              52.246105,
              21.2244549
            ],
            [
              52.2461104,
              21.2243802
            ],
            [
              52.246115,
              21.2243165
            ]
          ],
          [
            [
              52.2462147,
              21.222451
            ],
            [
              52.2462194,
              21.2227195
            ],
            [
              52.246224,
              21.2228548
            ],
            [
              52.2462327,
              21.2229972
            ]
          ],
          [
            [
              52.2467595,
              21.211766
            ],
            [
              52.2467761,
              21.2115795
            ],
            [
              52.2468247,
              21.2111515
            ],
            [
              52.2468646,
              21.2108606
            ],
            [
              52.2469073,
              21.2105817
            ],
            [
              52.2469517,
              21.2103161
            ],
            [
              52.2469771,
              21.2101726
            ],
            [
              52.247002,
              21.2100254
            ],
            [
              52.2470904,
              21.2095383
            ],
            [
              52.2471274,
              21.2092915
            ],
            [
              52.2471641,
              21.2090363
            ],
            [
              52.2471906,
              21.2088308
            ],
            [
              52.2472122,
              21.2086223
            ],
            [
              52.2472493,
              21.2082104
            ],
            [
              52.2472589,
              21.2080427
            ],
            [
              52.2472674,
              21.2079262
            ],
            [
              52.2472756,
              21.20777
            ],
            [
              52.2472846,
              21.2076127
            ],
            [
              52.2473042,
              21.2072576
            ],
            [
              52.2473098,
              21.2071483
            ],
            [
              52.2473315,
              21.2067184
            ],
            [
              52.2474057,
              21.2052856
            ],
            [
              52.2474443,
              21.2045681
            ],
            [
              52.247481,
              21.2038586
            ],
            [
              52.2475213,
              21.2030901
            ],
            [
              52.2476021,
              21.2016031
            ],
            [
              52.2476047,
              21.2015559
            ],
            [
              52.2476894,
              21.1999977
            ],
            [
              52.2476972,
              21.1998543
            ],
            [
              52.2477133,
              21.1995432
            ],
            [
              52.247737,
              21.1991234
            ],
            [
              52.2477439,
              21.1989596
            ],
            [
              52.2477867,
              21.1982758
            ],
            [
              52.2478024,
              21.1979984
            ],
            [
              52.2478192,
              21.1978017
            ],
            [
              52.2478287,
              21.1976912
            ],
            [
              52.2478416,
              21.1975402
            ],
            [
              52.2478548,
              21.1973953
            ],
            [
              52.2478557,
              21.1973843
            ],
            [
              52.2478612,
              21.1973135
            ],
            [
              52.2478638,
              21.1972805
            ],
            [
              52.2478847,
              21.1970156
            ],
            [
              52.2479117,
              21.196672
            ],
            [
              52.2479374,
              21.1963447
            ],
            [
              52.2480387,
              21.1950562
            ],
            [
              52.248052,
              21.1948775
            ],
            [
              52.2480722,
              21.1946309
            ],
            [
              52.2480862,
              21.1944535
            ],
            [
              52.2480968,
              21.1941431
            ],
            [
              52.2480938,
              21.1939721
            ],
            [
              52.2480951,
              21.1938973
            ],
            [
              52.2480931,
              21.1938187
            ],
            [
              52.2480889,
              21.1937562
            ],
            [
              52.2480854,
              21.1936968
            ],
            [
              52.2480809,
              21.1936388
            ],
            [
              52.2480743,
              21.1935817
            ],
            [
              52.24806,
              21.1934682
            ],
            [
              52.2480448,
              21.1933545
            ],
            [
              52.2480043,
              21.1931241
            ]
          ],
          [
            [
              52.246115,
              21.2243165
            ],
            [
              52.2461445,
              21.2242233
            ],
            [
              52.2461551,
              21.2240722
            ],
            [
              52.2462034,
              21.2234949
            ],
            [
              52.2462071,
              21.223451
            ],
            [
              52.2462265,
              21.2233168
            ]
          ],
          [
            [
              52.246115,
              21.2243165
            ],
            [
              52.2461001,
              21.2242307
            ],
            [
              52.2461437,
              21.2234834
            ],
            [
              52.2461466,
              21.2234333
            ],
            [
              52.2461573,
              21.2232881
            ]
          ],
          [
            [
              52.2461697,
              21.2230126
            ],
            [
              52.2461768,
              21.2228475
            ],
            [
              52.2462147,
              21.222451
            ]
          ],
          [
            [
              52.2462147,
              21.222451
            ],
            [
              52.2462163,
              21.2223794
            ],
            [
              52.246277,
              21.2212186
            ],
            [
              52.2463219,
              21.220306
            ],
            [
              52.2463693,
              21.219394
            ],
            [
              52.2464578,
              21.2176386
            ],
            [
              52.2465635,
              21.2155621
            ],
            [
              52.2466364,
              21.2141314
            ],
            [
              52.2466477,
              21.2139371
            ],
            [
              52.2466679,
              21.2135305
            ],
            [
              52.2467305,
              21.2122721
            ],
            [
              52.246741,
              21.2120543
            ],
            [
              52.2467595,
              21.211766
            ]
          ]
        ]
      }
    },
    {
      "type": "Feature",
      "properties": {
        "name": "Lotnicza",
        "highway": "residential"
      },
      "geometry": {
        "type": "MultiLineString",
        "coordinates": [
          [
            [
              52.2397766,
              21.2322323
            ],
            [
              52.2416137,
              21.2324632
            ]
          ]
        ]
      }
    },
    {
      "type": "Feature",
      "properties": {
        "name": "Żeglarska",
        "highway": "residential"
      },
      "geometry": {
        "type": "MultiLineString",
        "coordinates": [
          [
            [
              52.2391551,
              21.1871401
            ],
            [
              52.2396059,
              21.1869838
            ],
            [
              52.2398623,
              21.1868949
            ],
            [
              52.2398967,
              21.1868847
            ],
            [
              52.2399293,
              21.1868859
            ],
            [
              52.2399631,
              21.1868966
            ],
            [
              52.2402829,
              21.1869752
            ]
          ]
        ]
      }
    },
    {
      "type": "Feature",
      "properties": {
        "name": "Gabriela Narutowicza",
        "highway": "residential"
      },
      "geometry": {
        "type": "MultiLineString",
        "coordinates": [
          [
            [
              52.240818,
              21.2109566
            ],
            [
              52.2415449,
              21.2110655
            ],
            [
              52.2416487,
              21.2110822
            ]
          ],
          [
            [
              52.2368338,
              21.2104148
            ],
            [
              52.2375041,
              21.2105152
            ],
            [
              52.2377896,
              21.210558
            ],
            [
              52.2384517,
              21.210659
            ],
            [
              52.2388711,
              21.2107103
            ],
            [
              52.240818,
              21.2109566
            ]
          ],
          [
            [
              52.2426749,
              21.2112545
            ],
            [
              52.2427656,
              21.2112661
            ],
            [
              52.2430738,
              21.2112984
            ],
            [
              52.2431237,
              21.2113046
            ],
            [
              52.2432365,
              21.2113157
            ],
            [
              52.2436875,
              21.2113655
            ],
            [
              52.2446587,
              21.2114728
            ],
            [
              52.2452094,
              21.2115478
            ],
            [
              52.2457159,
              21.2116168
            ]
          ],
          [
            [
              52.2416487,
              21.2110822
            ],
            [
              52.2420848,
              21.2111407
            ],
            [
              52.2421301,
              21.2111497
            ],
            [
              52.2426749,
              21.2112545
            ]
          ],
          [
            [
              52.2457159,
              21.2116168
            ],
            [
              52.2464475,
              21.2117214
            ],
            [
              52.2465426,
              21.2117349
            ],
            [
              52.2466119,
              21.2117448
            ],
            [
              52.2467018,
              21.2117577
            ],
            [
              52.2467595,
              21.211766
            ]
          ]
        ]
      }
    },
    {
      "type": "Feature",
      "properties": {
        "name": "Władysława Broniewskiego",
        "highway": "residential"
      },
      "geometry": {
        "type": "MultiLineString",
        "coordinates": [
          [
            [
              52.2402176,
              21.2223088
            ],
            [
              52.2402225,
              21.2222165
            ],
            [
              52.2403027,
              21.2207137
            ],
            [
              52.2403826,
              21.2188576
            ],
            [
              52.2403965,
              21.218518
            ],
            [
              52.2404274,
              21.2179431
            ],
            [
              52.2405612,
              21.2154525
            ],
            [
              52.240594,
              21.2147804
            ],
            [
              52.240818,
              21.2109566
            ]
          ]
        ]
      }
    },
    {
      "type": "Feature",
      "properties": {
        "name": "Cyrkonii",
        "highway": "residential"
      },
      "geometry": {
        "type": "MultiLineString",
        "coordinates": [
          [
            [
              52.2174154,
              21.2301352
            ],
            [
              52.2174174,
              21.2300772
            ],
            [
              52.2174673,
              21.2286213
            ],
            [
              52.2175008,
              21.2277056
            ],
            [
              52.2175032,
              21.2276173
            ]
          ]
        ]
      }
    },
    {
      "type": "Feature",
      "properties": {
        "name": "Granitowa",
        "highway": "residential"
      },
      "geometry": {
        "type": "MultiLineString",
        "coordinates": [
          [
            [
              52.2174673,
              21.2286213
            ],
            [
              52.2178667,
              21.2286529
            ],
            [
              52.2178924,
              21.2286734
            ],
            [
              52.217911,
              21.2287101
            ],
            [
              52.2179136,
              21.2287507
            ],
            [
              52.2179131,
              21.2288071
            ],
            [
              52.2178649,
              21.2301247
            ],
            [
              52.2178626,
              21.2301878
            ]
          ]
        ]
      }
    },
    {
      "type": "Feature",
      "properties": {
        "name": "Kamienna",
        "highway": "residential"
      },
      "geometry": {
        "type": "MultiLineString",
        "coordinates": [
          [
            [
              52.217737,
              21.2333698
            ],
            [
              52.2177978,
              21.2319373
            ],
            [
              52.2178011,
              21.2318823
            ],
            [
              52.2178511,
              21.2308974
            ]
          ]
        ]
      }
    },
    {
      "type": "Feature",
      "properties": {
        "name": "Skalista",
        "highway": "residential"
      },
      "geometry": {
        "type": "MultiLineString",
        "coordinates": [
          [
            [
              52.2179791,
              21.2334096
            ],
            [
              52.2179984,
              21.2333905
            ],
            [
              52.2180105,
              21.2333679
            ],
            [
              52.2180211,
              21.2333232
            ],
            [
              52.2180394,
              21.2329237
            ],
            [
              52.2180614,
              21.232444
            ],
            [
              52.2180882,
              21.2319086
            ],
            [
              52.2180946,
              21.2317608
            ],
            [
              52.2180989,
              21.2316609
            ],
            [
              52.2181592,
              21.2302766
            ],
            [
              52.2181605,
              21.2302165
            ]
          ]
        ]
      }
    },
    {
      "type": "Feature",
      "properties": {
        "name": "Babiego Lata",
        "highway": "residential"
      },
      "geometry": {
        "type": "MultiLineString",
        "coordinates": [
          [
            [
              52.2183094,
              21.2331559
            ],
            [
              52.2190045,
              21.2332354
            ],
            [
              52.2190314,
              21.2325813
            ],
            [
              52.2190331,
              21.2325391
            ],
            [
              52.21906,
              21.2318576
            ]
          ],
          [
            [
              52.2190045,
              21.2332354
            ],
            [
              52.2193809,
              21.2332847
            ],
            [
              52.2193704,
              21.2335645
            ]
          ]
        ]
      }
    },
    {
      "type": "Feature",
      "properties": {
        "name": "Majowa",
        "highway": "residential"
      },
      "geometry": {
        "type": "MultiLineString",
        "coordinates": [
          [
            [
              52.2183238,
              21.2310779
            ],
            [
              52.2194559,
              21.231179
            ],
            [
              52.2194887,
              21.2311818
            ]
          ]
        ]
      }
    },
    {
      "type": "Feature",
      "properties": {
        "name": "Jutrzenki",
        "highway": "residential"
      },
      "geometry": {
        "type": "MultiLineString",
        "coordinates": [
          [
            [
              52.2164609,
              21.2317495
            ],
            [
              52.2165556,
              21.2317577
            ],
            [
              52.2168588,
              21.2317917
            ],
            [
              52.2173414,
              21.2318355
            ]
          ],
          [
            [
              52.2173414,
              21.2318355
            ],
            [
              52.2178011,
              21.2318823
            ],
            [
              52.2179857,
              21.2318992
            ],
            [
              52.2180882,
              21.2319086
            ]
          ]
        ]
      }
    },
    {
      "type": "Feature",
      "properties": {
        "name": "Śnieżna",
        "highway": "residential"
      },
      "geometry": {
        "type": "MultiLineString",
        "coordinates": [
          [
            [
              52.2180614,
              21.232444
            ],
            [
              52.2190331,
              21.2325391
            ]
          ]
        ]
      }
    },
    {
      "type": "Feature",
      "properties": {
        "name": "Irydowa",
        "highway": "residential"
      },
      "geometry": {
        "type": "MultiLineString",
        "coordinates": [
          [
            [
              52.2207316,
              21.2273488
            ],
            [
              52.2207421,
              21.2270633
            ],
            [
              52.2207599,
              21.2266265
            ]
          ],
          [
            [
              52.2207421,
              21.2270633
            ],
            [
              52.2210302,
              21.2270931
            ]
          ]
        ]
      }
    },
    {
      "type": "Feature",
      "properties": {
        "name": "Poświaty",
        "highway": "residential"
      },
      "geometry": {
        "type": "MultiLineString",
        "coordinates": [
          [
            [
              52.2145485,
              21.2437029
            ],
            [
              52.2146236,
              21.2416251
            ],
            [
              52.2146819,
              21.2401552
            ],
            [
              52.2146837,
              21.2401084
            ]
          ],
          [
            [
              52.2145412,
              21.243905
            ],
            [
              52.2145449,
              21.2438015
            ],
            [
              52.2145485,
              21.2437029
            ]
          ]
        ]
      }
    },
    {
      "type": "Feature",
      "properties": {
        "name": "Kryształowa",
        "highway": "residential"
      },
      "geometry": {
        "type": "MultiLineString",
        "coordinates": [
          [
            [
              52.2203406,
              21.2255761
            ],
            [
              52.2203425,
              21.2256958
            ],
            [
              52.22038,
              21.2261776
            ],
            [
              52.2204178,
              21.2265872
            ],
            [
              52.2204432,
              21.2272637
            ]
          ]
        ]
      }
    },
    {
      "type": "Feature",
      "properties": {
        "name": "Agatowa",
        "highway": "residential"
      },
      "geometry": {
        "type": "MultiLineString",
        "coordinates": [
          [
            [
              52.221618,
              21.2280064
            ],
            [
              52.2216211,
              21.2279223
            ],
            [
              52.221666,
              21.2267185
            ],
            [
              52.2216947,
              21.2258083
            ],
            [
              52.2216983,
              21.2256957
            ]
          ]
        ]
      }
    },
    {
      "type": "Feature",
      "properties": {
        "name": "Cieplarniana",
        "highway": "residential"
      },
      "geometry": {
        "type": "MultiLineString",
        "coordinates": [
          [
            [
              52.2194443,
              21.234666
            ],
            [
              52.2195562,
              21.2346777
            ],
            [
              52.2196005,
              21.2346832
            ],
            [
              52.2199963,
              21.2347322
            ],
            [
              52.2203444,
              21.234764
            ],
            [
              52.2205781,
              21.2347853
            ],
            [
              52.2206923,
              21.2347957
            ],
            [
              52.2208803,
              21.2348136
            ],
            [
              52.2211381,
              21.2348381
            ],
            [
              52.2212216,
              21.234846
            ],
            [
              52.2217009,
              21.2348858
            ]
          ],
          [
            [
              52.2194156,
              21.2346617
            ],
            [
              52.2194443,
              21.234666
            ]
          ],
          [
            [
              52.216335,
              21.2344063
            ],
            [
              52.2164223,
              21.234419
            ],
            [
              52.2166616,
              21.2344224
            ],
            [
              52.2171474,
              21.2344471
            ],
            [
              52.217524,
              21.2344816
            ],
            [
              52.2179272,
              21.2345169
            ],
            [
              52.2180262,
              21.2345256
            ],
            [
              52.2180891,
              21.234533
            ],
            [
              52.2182679,
              21.2345517
            ],
            [
              52.2189883,
              21.2346224
            ],
            [
              52.2193128,
              21.2346504
            ]
          ],
          [
            [
              52.2193128,
              21.2346504
            ],
            [
              52.2194156,
              21.2346617
            ]
          ],
          [
            [
              52.2139299,
              21.2341724
            ],
            [
              52.2149657,
              21.2342759
            ],
            [
              52.2153898,
              21.2343196
            ],
            [
              52.2157918,
              21.2343627
            ],
            [
              52.2161602,
              21.2343965
            ]
          ],
          [
            [
              52.2217009,
              21.2348858
            ],
            [
              52.2217285,
              21.2348889
            ],
            [
              52.2218184,
              21.2348956
            ],
            [
              52.2219025,
              21.2349088
            ],
            [
              52.221936,
              21.2349121
            ]
          ],
          [
            [
              52.221936,
              21.2349121
            ],
            [
              52.2227046,
              21.2349871
            ],
            [
              52.2230126,
              21.2350189
            ],
            [
              52.2231726,
              21.2350354
            ],
            [
              52.2232491,
              21.2350433
            ]
          ],
          [
            [
              52.2161602,
              21.2343965
            ],
            [
              52.2161972,
              21.2343999
            ],
            [
              52.216335,
              21.2344063
            ]
          ]
        ]
      }
    },
    {
      "type": "Feature",
      "properties": {
        "name": "Hiacyntowa",
        "highway": "residential"
      },
      "geometry": {
        "type": "MultiLineString",
        "coordinates": [
          [
            [
              52.2149423,
              21.2384483
            ],
            [
              52.2149372,
              21.2385711
            ],
            [
              52.2151999,
              21.2385999
            ]
          ],
          [
            [
              52.2148099,
              21.2436063
            ],
            [
              52.2148157,
              21.2435013
            ],
            [
              52.2149779,
              21.2429993
            ],
            [
              52.2150237,
              21.2428618
            ],
            [
              52.2150668,
              21.2416664
            ],
            [
              52.2150936,
              21.2409293
            ],
            [
              52.2151182,
              21.2402552
            ],
            [
              52.2151217,
              21.2401587
            ],
            [
              52.2151446,
              21.2394228
            ],
            [
              52.2151478,
              21.2393182
            ],
            [
              52.2151498,
              21.2392531
            ],
            [
              52.2151628,
              21.2388429
            ],
            [
              52.2151999,
              21.2385999
            ],
            [
              52.2152252,
              21.2384696
            ],
            [
              52.2152682,
              21.2382566
            ],
            [
              52.215312,
              21.2380399
            ],
            [
              52.2153188,
              21.2378598
            ]
          ],
          [
            [
              52.2153188,
              21.2378598
            ],
            [
              52.2153255,
              21.2376837
            ]
          ]
        ]
      }
    },
    {
      "type": "Feature",
      "properties": {
        "name": "Szlachecka",
        "highway": "residential"
      },
      "geometry": {
        "type": "MultiLineString",
        "coordinates": [
          [
            [
              52.2198658,
              21.2469276
            ],
            [
              52.2205508,
              21.246986
            ],
            [
              52.2206257,
              21.2469946
            ],
            [
              52.2207145,
              21.2470048
            ],
            [
              52.2209578,
              21.2470337
            ],
            [
              52.2210659,
              21.2470465
            ],
            [
              52.2213072,
              21.2470734
            ],
            [
              52.2213907,
              21.2470883
            ]
          ],
          [
            [
              52.2196328,
              21.2469075
            ],
            [
              52.2196705,
              21.2469108
            ],
            [
              52.2197261,
              21.2469157
            ],
            [
              52.2198154,
              21.2469233
            ],
            [
              52.2198658,
              21.2469276
            ]
          ],
          [
            [
              52.2183784,
              21.2467855
            ],
            [
              52.2188007,
              21.2468331
            ],
            [
              52.2189116,
              21.246844
            ],
            [
              52.2191312,
              21.2468638
            ],
            [
              52.2196328,
              21.2469075
            ]
          ]
        ]
      }
    },
    {
      "type": "Feature",
      "properties": {
        "name": "Azaliowa",
        "highway": "residential"
      },
      "geometry": {
        "type": "MultiLineString",
        "coordinates": [
          [
            [
              52.2153205,
              21.2420345
            ],
            [
              52.2154359,
              21.2417093
            ],
            [
              52.2158727,
              21.2403363
            ],
            [
              52.2158865,
              21.24031
            ],
            [
              52.2158998,
              21.2403022
            ],
            [
              52.2159234,
              21.2402943
            ],
            [
              52.2159853,
              21.2402876
            ],
            [
              52.2160674,
              21.2402944
            ]
          ]
        ]
      }
    },
    {
      "type": "Feature",
      "properties": {
        "name": "Szmaragdowa",
        "highway": "residential"
      },
      "geometry": {
        "type": "MultiLineString",
        "coordinates": [
          [
            [
              52.2199194,
              21.2233485
            ],
            [
              52.2208358,
              21.2234268
            ],
            [
              52.2213527,
              21.2234731
            ]
          ]
        ]
      }
    },
    {
      "type": "Feature",
      "properties": {
        "name": "Platynowa",
        "highway": "residential"
      },
      "geometry": {
        "type": "MultiLineString",
        "coordinates": [
          [
            [
              52.2212865,
              21.2279763
            ],
            [
              52.2212899,
              21.2278949
            ],
            [
              52.2213406,
              21.2266863
            ]
          ]
        ]
      }
    },
    {
      "type": "Feature",
      "properties": {
        "name": "Malachitowa",
        "highway": "residential"
      },
      "geometry": {
        "type": "MultiLineString",
        "coordinates": [
          [
            [
              52.2207907,
              21.2246425
            ],
            [
              52.2208036,
              21.2242644
            ],
            [
              52.2208358,
              21.2234268
            ]
          ]
        ]
      }
    },
    {
      "type": "Feature",
      "properties": {
        "name": "Ułańska",
        "highway": "residential"
      },
      "geometry": {
        "type": "MultiLineString",
        "coordinates": [
          [
            [
              52.2198222,
              21.2369457
            ],
            [
              52.219843,
              21.2370941
            ],
            [
              52.2199292,
              21.2377088
            ],
            [
              52.2200295,
              21.2384943
            ],
            [
              52.2200357,
              21.2385508
            ],
            [
              52.2200525,
              21.2386806
            ],
            [
              52.220116,
              21.2391721
            ],
            [
              52.2202017,
              21.2398083
            ],
            [
              52.2202272,
              21.2399782
            ],
            [
              52.2202734,
              21.2402931
            ],
            [
              52.2203268,
              21.2405887
            ],
            [
              52.2203811,
              21.2408398
            ],
            [
              52.2204349,
              21.2410771
            ],
            [
              52.2205583,
              21.241486
            ],
            [
              52.220685,
              21.2418738
            ],
            [
              52.220714,
              21.2419508
            ],
            [
              52.2208313,
              21.2422774
            ],
            [
              52.220847,
              21.2423218
            ],
            [
              52.2209525,
              21.2426408
            ],
            [
              52.221015,
              21.2428299
            ],
            [
              52.221027,
              21.2428681
            ],
            [
              52.2210366,
              21.2429018
            ],
            [
              52.2210454,
              21.2429356
            ],
            [
              52.2210532,
              21.2429691
            ],
            [
              52.2210604,
              21.2430026
            ],
            [
              52.2210632,
              21.2430183
            ],
            [
              52.2210655,
              21.2430342
            ],
            [
              52.2210672,
              21.2430501
            ],
            [
              52.2210684,
              21.2430657
            ],
            [
              52.221069,
              21.2430815
            ],
            [
              52.2210693,
              21.2431279
            ],
            [
              52.2210697,
              21.2431827
            ]
          ]
        ]
      }
    },
    {
      "type": "Feature",
      "properties": {
        "name": "Jaspisowa",
        "highway": "residential"
      },
      "geometry": {
        "type": "MultiLineString",
        "coordinates": [
          [
            [
              52.2197766,
              21.2254428
            ],
            [
              52.2199576,
              21.225475
            ],
            [
              52.2201565,
              21.2255183
            ],
            [
              52.2203406,
              21.2255761
            ],
            [
              52.2204823,
              21.2255993
            ],
            [
              52.2206398,
              21.225611
            ],
            [
              52.2208706,
              21.2256167
            ],
            [
              52.2216983,
              21.2256957
            ],
            [
              52.2221173,
              21.2257297
            ],
            [
              52.2224292,
              21.2257749
            ],
            [
              52.2224691,
              21.2257824
            ],
            [
              52.2225226,
              21.2258161
            ],
            [
              52.2226042,
              21.2258791
            ]
          ]
        ]
      }
    },
    {
      "type": "Feature",
      "properties": {
        "name": "Turkusowa",
        "highway": "residential"
      },
      "geometry": {
        "type": "MultiLineString",
        "coordinates": [
          [
            [
              52.2208036,
              21.2242644
            ],
            [
              52.2212603,
              21.224306
            ],
            [
              52.2213542,
              21.2242987
            ],
            [
              52.2216589,
              21.2242373
            ],
            [
              52.2217732,
              21.2242326
            ],
            [
              52.2218932,
              21.2242418
            ],
            [
              52.2221629,
              21.2242461
            ],
            [
              52.2224313,
              21.2242606
            ],
            [
              52.2227265,
              21.2242864
            ],
            [
              52.2227898,
              21.2242968
            ]
          ]
        ]
      }
    },
    {
      "type": "Feature",
      "properties": {
        "name": "Plac Wojska Polskiego",
        "highway": "residential"
      },
      "geometry": {
        "type": "MultiLineString",
        "coordinates": [
          [
            [
              52.2549332,
              21.2272644
            ],
            [
              52.2549528,
              21.2270818
            ],
            [
              52.2549864,
              21.2267604
            ],
            [
              52.2550043,
              21.2265896
            ],
            [
              52.2550093,
              21.2265226
            ],
            [
              52.2550139,
              21.2264418
            ],
            [
              52.2550208,
              21.226247
            ],
            [
              52.2550284,
              21.2260072
            ],
            [
              52.255061,
              21.2249911
            ],
            [
              52.2550668,
              21.224855
            ]
          ],
          [
            [
              52.254362,
              21.2272032
            ],
            [
              52.2544906,
              21.2272127
            ],
            [
              52.2548519,
              21.2272524
            ],
            [
              52.2549332,
              21.2272644
            ]
          ],
          [
            [
              52.2558455,
              21.2254089
            ],
            [
              52.2560377,
              21.2254328
            ],
            [
              52.2562325,
              21.2254544
            ],
            [
              52.2563187,
              21.2254677
            ],
            [
              52.2563556,
              21.2254699
            ],
            [
              52.2564748,
              21.2254771
            ],
            [
              52.2565854,
              21.2254837
            ],
            [
              52.2567104,
              21.2254898
            ],
            [
              52.2569221,
              21.2255013
            ],
            [
              52.2571411,
              21.2255103
            ],
            [
              52.2573584,
              21.2255233
            ],
            [
              52.2574702,
              21.2255303
            ],
            [
              52.2575812,
              21.2255345
            ],
            [
              52.2578017,
              21.2255441
            ],
            [
              52.2579744,
              21.2255516
            ],
            [
              52.2580051,
              21.2255636
            ]
          ],
          [
            [
              52.2550668,
              21.224855
            ],
            [
              52.2554299,
              21.2248856
            ],
            [
              52.2556655,
              21.2249004
            ],
            [
              52.2556933,
              21.2249035
            ],
            [
              52.2557138,
              21.224908
            ],
            [
              52.2557334,
              21.2249142
            ],
            [
              52.2557484,
              21.2249227
            ],
            [
              52.2557646,
              21.2249359
            ],
            [
              52.2557807,
              21.2249512
            ],
            [
              52.2557956,
              21.2249692
            ],
            [
              52.255809,
              21.2249901
            ],
            [
              52.2558223,
              21.2250173
            ],
            [
              52.2558324,
              21.2250445
            ],
            [
              52.2558397,
              21.2250716
            ],
            [
              52.2558444,
              21.2250968
            ],
            [
              52.2558479,
              21.2251257
            ],
            [
              52.2558489,
              21.2251564
            ],
            [
              52.2558458,
              21.225292
            ],
            [
              52.2558455,
              21.2254089
            ]
          ],
          [
            [
              52.2561622,
              21.2278195
            ],
            [
              52.2561929,
              21.2277814
            ],
            [
              52.2562336,
              21.227713
            ],
            [
              52.256244,
              21.2276668
            ],
            [
              52.2562507,
              21.2274694
            ],
            [
              52.2562783,
              21.2266127
            ],
            [
              52.2563187,
              21.2254677
            ]
          ],
          [
            [
              52.2561124,
              21.2297457
            ],
            [
              52.2561874,
              21.2297819
            ],
            [
              52.256498,
              21.2298334
            ],
            [
              52.2565743,
              21.2298461
            ],
            [
              52.2566387,
              21.2298568
            ],
            [
              52.2567461,
              21.2298725
            ],
            [
              52.2572804,
              21.2299542
            ],
            [
              52.2572491,
              21.2304262
            ],
            [
              52.2572853,
              21.2304588
            ],
            [
              52.2573315,
              21.2304802
            ],
            [
              52.2575714,
              21.2305078
            ],
            [
              52.25779,
              21.2305354
            ]
          ],
          [
            [
              52.2549332,
              21.2272644
            ],
            [
              52.2550326,
              21.2272783
            ],
            [
              52.2553728,
              21.2273173
            ],
            [
              52.2555599,
              21.227336
            ],
            [
              52.2556203,
              21.2273578
            ],
            [
              52.2556563,
              21.2273784
            ],
            [
              52.2558233,
              21.2274736
            ],
            [
              52.2558539,
              21.2274971
            ],
            [
              52.2559504,
              21.2275684
            ],
            [
              52.2560412,
              21.2276579
            ],
            [
              52.2560938,
              21.2277205
            ],
            [
              52.2561288,
              21.2277678
            ],
            [
              52.2561622,
              21.2278195
            ],
            [
              52.256184,
              21.2278838
            ],
            [
              52.2561977,
              21.2279349
            ],
            [
              52.2562063,
              21.2279969
            ],
            [
              52.256207,
              21.2280616
            ],
            [
              52.2562016,
              21.2282604
            ],
            [
              52.2561855,
              21.2284691
            ],
            [
              52.256171,
              21.2286559
            ],
            [
              52.2561046,
              21.229516
            ],
            [
              52.2561047,
              21.2295811
            ],
            [
              52.2561047,
              21.2296664
            ],
            [
              52.2561124,
              21.2297457
            ]
          ],
          [
            [
              52.2545985,
              21.224228
            ],
            [
              52.2546756,
              21.2242247
            ],
            [
              52.2547295,
              21.2242308
            ],
            [
              52.2547663,
              21.2242349
            ]
          ],
          [
            [
              52.2559918,
              21.2322417
            ],
            [
              52.2559999,
              21.2320384
            ],
            [
              52.2560121,
              21.2317799
            ],
            [
              52.2560276,
              21.2314527
            ],
            [
              52.2560474,
              21.2310351
            ],
            [
              52.2560636,
              21.230737
            ],
            [
              52.25607,
              21.2306357
            ],
            [
              52.2561023,
              21.2299576
            ],
            [
              52.2561124,
              21.2297457
            ]
          ],
          [
            [
              52.2545878,
              21.2240488
            ],
            [
              52.2546636,
              21.2240922
            ],
            [
              52.2546999,
              21.2241061
            ],
            [
              52.2547358,
              21.2241127
            ],
            [
              52.2547716,
              21.2241187
            ]
          ]
        ]
      }
    },
    {
      "type": "Feature",
      "properties": {
        "name": "Borkowska",
        "highway": "residential"
      },
      "geometry": {
        "type": "MultiLineString",
        "coordinates": [
          [
            [
              52.2189437,
              21.2199289
            ],
            [
              52.2195235,
              21.2199592
            ],
            [
              52.2202331,
              21.2200245
            ],
            [
              52.221473,
              21.2201614
            ],
            [
              52.2217244,
              21.2202117
            ]
          ],
          [
            [
              52.2228109,
              21.2203419
            ],
            [
              52.2229055,
              21.2203482
            ],
            [
              52.2234845,
              21.2203765
            ],
            [
              52.2235505,
              21.2203669
            ],
            [
              52.2236135,
              21.2203148
            ]
          ],
          [
            [
              52.2141206,
              21.2185219
            ],
            [
              52.2142745,
              21.2188954
            ],
            [
              52.2143555,
              21.2190867
            ],
            [
              52.2144852,
              21.2194104
            ],
            [
              52.2144997,
              21.2194395
            ],
            [
              52.2145174,
              21.2194636
            ],
            [
              52.2145378,
              21.2194817
            ],
            [
              52.2145646,
              21.2194978
            ],
            [
              52.2159039,
              21.2196569
            ],
            [
              52.2167583,
              21.2197332
            ],
            [
              52.2171335,
              21.2197635
            ],
            [
              52.2177111,
              21.2198122
            ],
            [
              52.2177987,
              21.2198377
            ]
          ],
          [
            [
              52.2141206,
              21.2185219
            ],
            [
              52.2141184,
              21.2184996
            ],
            [
              52.2141167,
              21.2184774
            ],
            [
              52.2141155,
              21.2184571
            ],
            [
              52.2141146,
              21.2184335
            ],
            [
              52.2141142,
              21.2184101
            ],
            [
              52.2141142,
              21.2183872
            ],
            [
              52.2141148,
              21.2183645
            ],
            [
              52.2141157,
              21.2183421
            ],
            [
              52.2141241,
              21.2181795
            ],
            [
              52.2141247,
              21.2181699
            ],
            [
              52.2141268,
              21.2181446
            ],
            [
              52.2141295,
              21.2181203
            ],
            [
              52.2141328,
              21.2180957
            ],
            [
              52.2141448,
              21.2180173
            ]
          ],
          [
            [
              52.2140652,
              21.2180063
            ],
            [
              52.2140689,
              21.2180816
            ],
            [
              52.2140696,
              21.2181094
            ],
            [
              52.2140695,
              21.2181367
            ],
            [
              52.2140687,
              21.2181619
            ],
            [
              52.2140683,
              21.21817
            ],
            [
              52.2140632,
              21.2182638
            ],
            [
              52.2140626,
              21.2182816
            ],
            [
              52.2140626,
              21.2182996
            ],
            [
              52.2140631,
              21.2183174
            ],
            [
              52.2140643,
              21.218335
            ],
            [
              52.214066,
              21.2183523
            ],
            [
              52.2140683,
              21.2183699
            ],
            [
              52.2140711,
              21.2183863
            ],
            [
              52.2140746,
              21.2184037
            ],
            [
              52.2140787,
              21.2184204
            ],
            [
              52.2140832,
              21.2184363
            ],
            [
              52.2140882,
              21.2184519
            ],
            [
              52.2140938,
              21.2184672
            ],
            [
              52.2140999,
              21.2184819
            ],
            [
              52.2141064,
              21.2184959
            ],
            [
              52.2141134,
              21.2185093
            ],
            [
              52.2141206,
              21.2185219
            ]
          ],
          [
            [
              52.2177987,
              21.2198377
            ],
            [
              52.2179092,
              21.2198459
            ],
            [
              52.2180122,
              21.2198537
            ]
          ],
          [
            [
              52.2183626,
              21.2198862
            ],
            [
              52.2184689,
              21.2198928
            ]
          ],
          [
            [
              52.2217244,
              21.2202117
            ],
            [
              52.2218038,
              21.2202255
            ],
            [
              52.2221947,
              21.2202766
            ],
            [
              52.2226966,
              21.2203313
            ],
            [
              52.2228109,
              21.2203419
            ]
          ],
          [
            [
              52.2180122,
              21.2198537
            ],
            [
              52.2183626,
              21.2198862
            ]
          ],
          [
            [
              52.2184689,
              21.2198928
            ],
            [
              52.218727,
              21.2199185
            ],
            [
              52.218871,
              21.2199328
            ],
            [
              52.2189437,
              21.2199289
            ]
          ]
        ]
      }
    },
    {
      "type": "Feature",
      "properties": {
        "name": "Tymiankowa",
        "highway": "residential"
      },
      "geometry": {
        "type": "MultiLineString",
        "coordinates": [
          [
            [
              52.2154327,
              21.2465721
            ],
            [
              52.2157518,
              21.2465868
            ],
            [
              52.2162097,
              21.246616
            ],
            [
              52.216915,
              21.2466971
            ]
          ]
        ]
      }
    },
    {
      "type": "Feature",
      "properties": {
        "name": "Kazita",
        "highway": "residential"
      },
      "geometry": {
        "type": "MultiLineString",
        "coordinates": [
          [
            [
              52.2218673,
              21.2154386
            ],
            [
              52.2219181,
              21.2156997
            ],
            [
              52.2220655,
              21.2165314
            ],
            [
              52.2221834,
              21.2169561
            ],
            [
              52.2223553,
              21.2174823
            ],
            [
              52.2225482,
              21.2179487
            ],
            [
              52.2225738,
              21.2180245
            ],
            [
              52.2226685,
              21.2183052
            ]
          ]
        ]
      }
    },
    {
      "type": "Feature",
      "properties": {
        "name": "Powstańców Warszawy",
        "highway": "living_street"
      },
      "geometry": {
        "type": "MultiLineString",
        "coordinates": [
          [
            [
              52.2500105,
              21.2162549
            ],
            [
              52.2508478,
              21.216339
            ]
          ],
          [
            [
              52.2508478,
              21.216339
            ],
            [
              52.2519939,
              21.2164633
            ]
          ]
        ]
      }
    },
    {
      "type": "Feature",
      "properties": {
        "name": "Armii Krajowej",
        "highway": "living_street"
      },
      "geometry": {
        "type": "MultiLineString",
        "coordinates": [
          [
            [
              52.2508478,
              21.216339
            ],
            [
              52.2508994,
              21.2151589
            ]
          ],
          [
            [
              52.2490797,
              21.2540449
            ],
            [
              52.2490895,
              21.25386
            ],
            [
              52.2491424,
              21.2528212
            ],
            [
              52.2492708,
              21.2503017
            ],
            [
              52.2493233,
              21.2490654
            ],
            [
              52.2493301,
              21.2489282
            ],
            [
              52.2493666,
              21.2482991
            ],
            [
              52.2495014,
              21.2454751
            ],
            [
              52.2495137,
              21.2451451
            ],
            [
              52.2495233,
              21.244934
            ]
          ],
          [
            [
              52.2505108,
              21.2236693
            ],
            [
              52.2505177,
              21.2234912
            ],
            [
              52.2505215,
              21.2234339
            ],
            [
              52.2505331,
              21.2231758
            ],
            [
              52.2505777,
              21.2222828
            ],
            [
              52.2505822,
              21.2221936
            ],
            [
              52.2506078,
              21.2216001
            ],
            [
              52.2506504,
              21.220781
            ],
            [
              52.2507104,
              21.219467
            ],
            [
              52.2507406,
              21.2187629
            ],
            [
              52.2507616,
              21.2183559
            ],
            [
              52.250811,
              21.2172851
            ]
          ],
          [
            [
              52.2497896,
              21.2391085
            ],
            [
              52.2497931,
              21.239057
            ],
            [
              52.2498323,
              21.2383438
            ],
            [
              52.2498492,
              21.2379354
            ],
            [
              52.2498803,
              21.2372722
            ],
            [
              52.2498886,
              21.2370564
            ],
            [
              52.2499244,
              21.2362901
            ],
            [
              52.2499714,
              21.2352608
            ],
            [
              52.2499727,
              21.2352319
            ],
            [
              52.2499826,
              21.2350151
            ],
            [
              52.2499943,
              21.234761
            ],
            [
              52.2500459,
              21.2334497
            ],
            [
              52.2500696,
              21.2329312
            ],
            [
              52.2500727,
              21.2328631
            ],
            [
              52.2500783,
              21.23274
            ],
            [
              52.2500875,
              21.2325359
            ],
            [
              52.250109,
              21.2320584
            ],
            [
              52.2501277,
              21.2316433
            ],
            [
              52.2501431,
              21.2312924
            ],
            [
              52.2501598,
              21.2310999
            ],
            [
              52.2502365,
              21.2295265
            ],
            [
              52.2502642,
              21.2288407
            ],
            [
              52.2503229,
              21.2276666
            ],
            [
              52.2503315,
              21.227507
            ]
          ],
          [
            [
              52.2495194,
              21.2447071
            ],
            [
              52.249515,
              21.2444554
            ],
            [
              52.2495149,
              21.2444333
            ],
            [
              52.2495152,
              21.2444113
            ],
            [
              52.2495158,
              21.2443893
            ],
            [
              52.2495168,
              21.2443674
            ],
            [
              52.2495204,
              21.2442926
            ],
            [
              52.2495309,
              21.2440792
            ]
          ],
          [
            [
              52.2495309,
              21.2440792
            ],
            [
              52.2495406,
              21.2438808
            ],
            [
              52.2495444,
              21.2438023
            ],
            [
              52.2495456,
              21.2437804
            ],
            [
              52.2495471,
              21.2437585
            ],
            [
              52.2495489,
              21.2437366
            ],
            [
              52.2495511,
              21.2437148
            ],
            [
              52.2495536,
              21.2436931
            ],
            [
              52.2495564,
              21.2436715
            ],
            [
              52.2495595,
              21.2436499
            ],
            [
              52.249563,
              21.2436285
            ],
            [
              52.2495939,
              21.2434505
            ]
          ],
          [
            [
              52.2495233,
              21.244934
            ],
            [
              52.2495656,
              21.2444149
            ],
            [
              52.2495671,
              21.244393
            ],
            [
              52.2495682,
              21.244371
            ],
            [
              52.2495715,
              21.2443002
            ],
            [
              52.2495814,
              21.2440844
            ]
          ],
          [
            [
              52.2495814,
              21.2440844
            ],
            [
              52.2495905,
              21.2438858
            ],
            [
              52.249594,
              21.2438079
            ],
            [
              52.2495949,
              21.243786
            ],
            [
              52.2495955,
              21.243764
            ],
            [
              52.2495957,
              21.2437419
            ],
            [
              52.2495939,
              21.2434505
            ]
          ],
          [
            [
              52.2495194,
              21.2447071
            ],
            [
              52.2495233,
              21.244934
            ]
          ],
          [
            [
              52.2495939,
              21.2434505
            ],
            [
              52.2496017,
              21.2432798
            ],
            [
              52.2496105,
              21.2430758
            ],
            [
              52.249668,
              21.2418188
            ],
            [
              52.2496778,
              21.2416154
            ],
            [
              52.2497081,
              21.2409558
            ],
            [
              52.2497573,
              21.2398819
            ],
            [
              52.2497769,
              21.2392921
            ],
            [
              52.2497896,
              21.2391085
            ]
          ],
          [
            [
              52.2503315,
              21.227507
            ],
            [
              52.2504048,
              21.2261388
            ],
            [
              52.2504112,
              21.2260175
            ],
            [
              52.2504166,
              21.2258808
            ],
            [
              52.2504567,
              21.2248511
            ],
            [
              52.2504716,
              21.2244766
            ],
            [
              52.2504814,
              21.2242677
            ],
            [
              52.2504958,
              21.2239184
            ],
            [
              52.2504996,
              21.2238259
            ],
            [
              52.2505108,
              21.2236693
            ]
          ],
          [
            [
              52.250811,
              21.2172851
            ],
            [
              52.2508478,
              21.216339
            ]
          ]
        ]
      }
    },
    {
      "type": "Feature",
      "properties": {
        "name": "Stanisława Moniuszki",
        "highway": "residential"
      },
      "geometry": {
        "type": "MultiLineString",
        "coordinates": [
          [
            [
              52.2497512,
              21.217175
            ],
            [
              52.2502512,
              21.2172244
            ],
            [
              52.250811,
              21.2172851
            ]
          ],
          [
            [
              52.250811,
              21.2172851
            ],
            [
              52.2511525,
              21.2173297
            ],
            [
              52.2519459,
              21.2174279
            ],
            [
              52.2529619,
              21.217547
            ]
          ],
          [
            [
              52.2529619,
              21.217547
            ],
            [
              52.2530761,
              21.2175575
            ],
            [
              52.2540348,
              21.2176687
            ],
            [
              52.2541166,
              21.217678
            ]
          ]
        ]
      }
    },
    {
      "type": "Feature",
      "properties": {
        "name": "Kościelna",
        "highway": "residential"
      },
      "geometry": {
        "type": "MultiLineString",
        "coordinates": [
          [
            [
              52.2530535,
              21.2129667
            ],
            [
              52.253164,
              21.2129802
            ],
            [
              52.2537392,
              21.2130507
            ],
            [
              52.2542305,
              21.2131149
            ],
            [
              52.2543102,
              21.2131253
            ]
          ]
        ]
      }
    },
    {
      "type": "Feature",
      "properties": {
        "name": "Spółdzielcza",
        "highway": "living_street"
      },
      "geometry": {
        "type": "MultiLineString",
        "coordinates": [
          [
            [
              52.2501325,
              21.2150701
            ],
            [
              52.2508994,
              21.2151589
            ],
            [
              52.2520526,
              21.2152804
            ]
          ]
        ]
      }
    },
    {
      "type": "Feature",
      "properties": {
        "name": "Księdza Piotra Skargi",
        "highway": "residential"
      },
      "geometry": {
        "type": "MultiLineString",
        "coordinates": [
          [
            [
              52.2519459,
              21.2174279
            ],
            [
              52.2519939,
              21.2164633
            ],
            [
              52.2520235,
              21.2155001
            ],
            [
              52.2520526,
              21.2152804
            ],
            [
              52.2520736,
              21.2151107
            ],
            [
              52.2521286,
              21.2134891
            ],
            [
              52.2521306,
              21.2134286
            ],
            [
              52.2521376,
              21.2132414
            ]
          ]
        ]
      }
    },
    {
      "type": "Feature",
      "properties": {
        "name": "Topolowa",
        "highway": "living_street"
      },
      "geometry": {
        "type": "MultiLineString",
        "coordinates": [
          [
            [
              52.2299641,
              21.2428704
            ],
            [
              52.2301313,
              21.2437853
            ],
            [
              52.2303378,
              21.2449086
            ],
            [
              52.2303595,
              21.2454281
            ],
            [
              52.2303947,
              21.2462706
            ],
            [
              52.2304309,
              21.2470889
            ],
            [
              52.2304543,
              21.2475932
            ],
            [
              52.2304581,
              21.2476744
            ],
            [
              52.2304837,
              21.2482278
            ],
            [
              52.2305087,
              21.2487672
            ],
            [
              52.2305135,
              21.2489161
            ]
          ],
          [
            [
              52.2299025,
              21.2425375
            ],
            [
              52.2299414,
              21.2427479
            ],
            [
              52.2299641,
              21.2428704
            ]
          ]
        ]
      }
    },
    {
      "type": "Feature",
      "properties": {
        "name": "Krokusów",
        "highway": "residential"
      },
      "geometry": {
        "type": "MultiLineString",
        "coordinates": [
          [
            [
              52.2169887,
              21.2452757
            ],
            [
              52.2170412,
              21.2452819
            ],
            [
              52.2173143,
              21.2453193
            ],
            [
              52.2174599,
              21.2453392
            ],
            [
              52.2181843,
              21.2454367
            ],
            [
              52.2182648,
              21.2454475
            ]
          ],
          [
            [
              52.2168797,
              21.2452622
            ],
            [
              52.2169073,
              21.2452656
            ],
            [
              52.2169887,
              21.2452757
            ]
          ],
          [
            [
              52.2159742,
              21.2451593
            ],
            [
              52.2161775,
              21.2451751
            ],
            [
              52.2168797,
              21.2452622
            ]
          ]
        ]
      }
    },
    {
      "type": "Feature",
      "properties": {
        "name": "Tramwajowa",
        "highway": "residential"
      },
      "geometry": {
        "type": "MultiLineString",
        "coordinates": [
          [
            [
              52.2169537,
              21.2096567
            ],
            [
              52.2170832,
              21.2097685
            ],
            [
              52.2172522,
              21.2099397
            ],
            [
              52.217404,
              21.210125
            ],
            [
              52.217554,
              21.2103172
            ],
            [
              52.2177713,
              21.2106343
            ],
            [
              52.2180099,
              21.2109931
            ],
            [
              52.2191964,
              21.2128937
            ]
          ],
          [
            [
              52.2228741,
              21.2186547
            ],
            [
              52.2228914,
              21.2186822
            ],
            [
              52.2235446,
              21.2201814
            ],
            [
              52.2236135,
              21.2203148
            ]
          ],
          [
            [
              52.2226685,
              21.2183052
            ],
            [
              52.2227958,
              21.2185268
            ],
            [
              52.2228214,
              21.2185713
            ]
          ],
          [
            [
              52.2206672,
              21.215243
            ],
            [
              52.2208098,
              21.2154642
            ],
            [
              52.2208834,
              21.2155882
            ],
            [
              52.2215995,
              21.2167499
            ],
            [
              52.222047,
              21.2174479
            ],
            [
              52.2226685,
              21.2183052
            ]
          ],
          [
            [
              52.2228214,
              21.2185713
            ],
            [
              52.2228741,
              21.2186547
            ]
          ],
          [
            [
              52.2191964,
              21.2128937
            ],
            [
              52.2194448,
              21.2133148
            ],
            [
              52.2197077,
              21.2136925
            ],
            [
              52.2201422,
              21.2143996
            ],
            [
              52.2206672,
              21.215243
            ]
          ]
        ]
      }
    },
    {
      "type": "Feature",
      "properties": {
        "name": "Perłowa",
        "highway": "living_street"
      },
      "geometry": {
        "type": "MultiLineString",
        "coordinates": [
          [
            [
              52.2218729,
              21.224743
            ],
            [
              52.2218932,
              21.2242418
            ]
          ]
        ]
      }
    },
    {
      "type": "Feature",
      "properties": {
        "name": "Chabrów",
        "highway": "residential"
      },
      "geometry": {
        "type": "MultiLineString",
        "coordinates": [
          [
            [
              52.2160111,
              21.2440762
            ],
            [
              52.2162404,
              21.2440898
            ],
            [
              52.2165543,
              21.2441194
            ],
            [
              52.2168877,
              21.2441535
            ],
            [
              52.2169554,
              21.244161
            ],
            [
              52.2169816,
              21.2441641
            ],
            [
              52.217041,
              21.2441711
            ]
          ]
        ]
      }
    },
    {
      "type": "Feature",
      "properties": {
        "name": "Sagalli",
        "highway": "living_street"
      },
      "geometry": {
        "type": "MultiLineString",
        "coordinates": [
          [
            [
              52.2215311,
              21.2228466
            ],
            [
              52.2215309,
              21.2227197
            ],
            [
              52.22153,
              21.2221515
            ],
            [
              52.2216137,
              21.2221514
            ],
            [
              52.2218525,
              21.222158
            ],
            [
              52.2219904,
              21.2221618
            ]
          ],
          [
            [
              52.2213956,
              21.2215556
            ],
            [
              52.221407,
              21.2219956
            ],
            [
              52.2214293,
              21.2220859
            ],
            [
              52.2214617,
              21.2221235
            ],
            [
              52.22153,
              21.2221515
            ]
          ],
          [
            [
              52.2218525,
              21.222158
            ],
            [
              52.2218664,
              21.2215675
            ]
          ]
        ]
      }
    },
    {
      "type": "Feature",
      "properties": {
        "name": "Topazowa",
        "highway": "living_street"
      },
      "geometry": {
        "type": "MultiLineString",
        "coordinates": [
          [
            [
              52.2221403,
              21.2247714
            ],
            [
              52.2221629,
              21.2242461
            ]
          ]
        ]
      }
    },
    {
      "type": "Feature",
      "properties": {
        "name": "Opalowa",
        "highway": "living_street"
      },
      "geometry": {
        "type": "MultiLineString",
        "coordinates": [
          [
            [
              52.2201731,
              21.2249766
            ],
            [
              52.2205951,
              21.2250282
            ]
          ]
        ]
      }
    },
    {
      "type": "Feature",
      "properties": {
        "name": "Sarenki",
        "highway": "residential"
      },
      "geometry": {
        "type": "MultiLineString",
        "coordinates": [
          [
            [
              52.2174894,
              21.2446451
            ],
            [
              52.2181308,
              21.244726
            ]
          ],
          [
            [
              52.2171957,
              21.2446026
            ],
            [
              52.2174894,
              21.2446451
            ]
          ],
          [
            [
              52.2174599,
              21.2453392
            ],
            [
              52.2174894,
              21.2446451
            ]
          ]
        ]
      }
    },
    {
      "type": "Feature",
      "properties": {
        "name": "Bursztynowa",
        "highway": "living_street"
      },
      "geometry": {
        "type": "MultiLineString",
        "coordinates": [
          [
            [
              52.2192607,
              21.2277837
            ],
            [
              52.219263,
              21.2277228
            ],
            [
              52.2192919,
              21.2269417
            ],
            [
              52.2193043,
              21.2266754
            ],
            [
              52.2193134,
              21.2266355
            ],
            [
              52.2193341,
              21.2266157
            ],
            [
              52.2195448,
              21.2266369
            ]
          ],
          [
            [
              52.2185534,
              21.226891
            ],
            [
              52.2192919,
              21.2269417
            ]
          ]
        ]
      }
    },
    {
      "type": "Feature",
      "properties": {
        "name": "Szafirowa",
        "highway": "living_street"
      },
      "geometry": {
        "type": "MultiLineString",
        "coordinates": [
          [
            [
              52.2200411,
              21.2241759
            ],
            [
              52.2205476,
              21.224227
            ]
          ]
        ]
      }
    },
    {
      "type": "Feature",
      "properties": {
        "name": "Agawy",
        "highway": "residential"
      },
      "geometry": {
        "type": "MultiLineString",
        "coordinates": [
          [
            [
              52.2123007,
              21.2203503
            ],
            [
              52.2145504,
              21.2204758
            ],
            [
              52.2145999,
              21.2204763
            ],
            [
              52.2161801,
              21.2207841
            ],
            [
              52.2164447,
              21.2208349
            ],
            [
              52.2169986,
              21.2209524
            ],
            [
              52.2174667,
              21.2210214
            ],
            [
              52.2176752,
              21.2210404
            ],
            [
              52.2177573,
              21.2210474
            ]
          ]
        ]
      }
    },
    {
      "type": "Feature",
      "properties": {
        "name": "Brylantowa",
        "highway": "living_street"
      },
      "geometry": {
        "type": "MultiLineString",
        "coordinates": [
          [
            [
              52.217164,
              21.2275849
            ],
            [
              52.2171667,
              21.227503
            ],
            [
              52.2171927,
              21.2270798
            ],
            [
              52.2172788,
              21.2268118
            ],
            [
              52.2174025,
              21.2264163
            ],
            [
              52.2174696,
              21.2262019
            ],
            [
              52.2178242,
              21.2262334
            ],
            [
              52.2180182,
              21.2262506
            ],
            [
              52.218405,
              21.226285
            ]
          ]
        ]
      }
    },
    {
      "type": "Feature",
      "properties": {
        "name": "Nefrytowa",
        "highway": "living_street"
      },
      "geometry": {
        "type": "MultiLineString",
        "coordinates": [
          [
            [
              52.2171927,
              21.2270798
            ],
            [
              52.2179978,
              21.2271573
            ],
            [
              52.2180235,
              21.2271703
            ],
            [
              52.218037,
              21.2271974
            ],
            [
              52.2180288,
              21.2275986
            ],
            [
              52.2180275,
              21.2276649
            ]
          ]
        ]
      }
    },
    {
      "type": "Feature",
      "properties": {
        "name": "Ptasia",
        "highway": "living_street"
      },
      "geometry": {
        "type": "MultiLineString",
        "coordinates": [
          [
            [
              52.2190028,
              21.2189329
            ],
            [
              52.2202882,
              21.2190673
            ],
            [
              52.2214266,
              21.2191842
            ],
            [
              52.2227838,
              21.2193199
            ],
            [
              52.222818,
              21.2193241
            ]
          ]
        ]
      }
    },
    {
      "type": "Feature",
      "properties": {
        "name": "Melisy",
        "highway": "residential"
      },
      "geometry": {
        "type": "MultiLineString",
        "coordinates": [
          [
            [
              52.2170741,
              21.243466
            ],
            [
              52.2171258,
              21.2434703
            ],
            [
              52.2174878,
              21.2435031
            ],
            [
              52.2183492,
              21.2435764
            ]
          ]
        ]
      }
    },
    {
      "type": "Feature",
      "properties": {
        "name": "Rolna",
        "highway": "residential"
      },
      "geometry": {
        "type": "MultiLineString",
        "coordinates": [
          [
            [
              52.2191054,
              21.2151639
            ],
            [
              52.219264,
              21.2151701
            ],
            [
              52.2194745,
              21.2151784
            ],
            [
              52.2198173,
              21.2151934
            ],
            [
              52.2200183,
              21.2151967
            ],
            [
              52.2201969,
              21.2152199
            ],
            [
              52.2205733,
              21.215242
            ],
            [
              52.2206672,
              21.215243
            ]
          ]
        ]
      }
    },
    {
      "type": "Feature",
      "properties": {
        "name": "Kruszyny",
        "highway": "residential"
      },
      "geometry": {
        "type": "MultiLineString",
        "coordinates": [
          [
            [
              52.2174333,
              21.2170532
            ],
            [
              52.2179597,
              21.2170888
            ],
            [
              52.2182403,
              21.2171078
            ],
            [
              52.2185512,
              21.2171288
            ],
            [
              52.2190273,
              21.2171663
            ],
            [
              52.219713,
              21.2172093
            ],
            [
              52.2199717,
              21.2172441
            ]
          ],
          [
            [
              52.2199717,
              21.2172441
            ],
            [
              52.2209701,
              21.2173422
            ],
            [
              52.222047,
              21.2174479
            ]
          ]
        ]
      }
    },
    {
      "type": "Feature",
      "properties": {
        "name": "Flory",
        "highway": "living_street"
      },
      "geometry": {
        "type": "MultiLineString",
        "coordinates": [
          [
            [
              52.217747,
              21.2215234
            ],
            [
              52.2178236,
              21.2215293
            ],
            [
              52.2185699,
              21.2215864
            ]
          ]
        ]
      }
    },
    {
      "type": "Feature",
      "properties": {
        "name": "Ametystowa",
        "highway": "living_street"
      },
      "geometry": {
        "type": "MultiLineString",
        "coordinates": [
          [
            [
              52.2224114,
              21.2247947
            ],
            [
              52.2224313,
              21.2242606
            ]
          ]
        ]
      }
    },
    {
      "type": "Feature",
      "properties": {
        "name": "Dolomitowa",
        "highway": "residential"
      },
      "geometry": {
        "type": "MultiLineString",
        "coordinates": [
          [
            [
              52.2169345,
              21.230089
            ],
            [
              52.2169383,
              21.2299859
            ],
            [
              52.2169645,
              21.2292779
            ],
            [
              52.2169998,
              21.2283242
            ],
            [
              52.2170246,
              21.2276536
            ],
            [
              52.2170283,
              21.2275686
            ]
          ]
        ]
      }
    },
    {
      "type": "Feature",
      "properties": {
        "name": "Rondo Starej Cegielni",
        "highway": "residential"
      },
      "geometry": {
        "type": "MultiLineString",
        "coordinates": [
          [
            [
              52.221386,
              21.2305
            ],
            [
              52.2213629,
              21.2305353
            ],
            [
              52.2213492,
              21.2305819
            ],
            [
              52.2213462,
              21.2306225
            ],
            [
              52.2213506,
              21.2306629
            ],
            [
              52.2213618,
              21.2306995
            ],
            [
              52.221379,
              21.2307293
            ],
            [
              52.2214007,
              21.2307498
            ],
            [
              52.2214251,
              21.2307592
            ],
            [
              52.2214501,
              21.2307568
            ],
            [
              52.2214774,
              21.2307393
            ],
            [
              52.2214995,
              21.2307079
            ],
            [
              52.221514,
              21.2306662
            ],
            [
              52.221519,
              21.2306191
            ],
            [
              52.2215141,
              21.2305719
            ],
            [
              52.2215027,
              21.2305362
            ],
            [
              52.2214855,
              21.2305072
            ],
            [
              52.221464,
              21.2304873
            ],
            [
              52.22144,
              21.2304782
            ],
            [
              52.2214153,
              21.2304805
            ],
            [
              52.221386,
              21.2305
            ]
          ]
        ]
      }
    },
    {
      "type": "Feature",
      "properties": {
        "name": "Rondo Józefa Maroszka",
        "highway": "tertiary"
      },
      "geometry": {
        "type": "MultiLineString",
        "coordinates": [
          [
            [
              52.2221272,
              21.2431729
            ],
            [
              52.2221501,
              21.2431456
            ],
            [
              52.2221765,
              21.2431284
            ],
            [
              52.222204,
              21.2431225
            ],
            [
              52.2222316,
              21.2431276
            ],
            [
              52.2222577,
              21.2431436
            ],
            [
              52.2222655,
              21.2431524
            ],
            [
              52.2222805,
              21.2431693
            ],
            [
              52.2222989,
              21.2432034
            ]
          ],
          [
            [
              52.2220937,
              21.2433109
            ],
            [
              52.2220968,
              21.2433633
            ],
            [
              52.2221122,
              21.2434144
            ],
            [
              52.2221219,
              21.2434308
            ],
            [
              52.2221365,
              21.2434554
            ],
            [
              52.2221665,
              21.2434769
            ],
            [
              52.2221975,
              21.2434927
            ],
            [
              52.2222294,
              21.2434887
            ],
            [
              52.222259,
              21.2434708
            ],
            [
              52.2222843,
              21.2434404
            ],
            [
              52.2223036,
              21.2433998
            ],
            [
              52.222319,
              21.2433293
            ]
          ],
          [
            [
              52.2222989,
              21.2432034
            ],
            [
              52.2223129,
              21.2432498
            ],
            [
              52.2223185,
              21.2433007
            ],
            [
              52.222319,
              21.2433293
            ]
          ],
          [
            [
              52.2220937,
              21.2433109
            ],
            [
              52.2220952,
              21.2432811
            ],
            [
              52.2221,
              21.2432526
            ],
            [
              52.2221047,
              21.2432288
            ],
            [
              52.2221137,
              21.2431993
            ],
            [
              52.2221272,
              21.2431729
            ]
          ]
        ]
      }
    },
    {
      "type": "Feature",
      "properties": {
        "name": "Rondo Macierowe Bagno",
        "highway": "tertiary"
      },
      "geometry": {
        "type": "MultiLineString",
        "coordinates": [
          [
            [
              52.217829,
              21.2227512
            ],
            [
              52.2178716,
              21.2227034
            ],
            [
              52.2178851,
              21.2226757
            ],
            [
              52.2178921,
              21.2226529
            ]
          ],
          [
            [
              52.2177476,
              21.2224249
            ],
            [
              52.2177276,
              21.2224449
            ],
            [
              52.2177082,
              21.2224774
            ],
            [
              52.217699,
              21.222496
            ],
            [
              52.2176887,
              21.2225368
            ],
            [
              52.2176845,
              21.2226039
            ],
            [
              52.2176937,
              21.2226608
            ],
            [
              52.2177141,
              21.2227094
            ],
            [
              52.2177489,
              21.2227496
            ]
          ],
          [
            [
              52.2178221,
              21.2224212
            ],
            [
              52.2178508,
              21.2224428
            ],
            [
              52.2178777,
              21.222485
            ],
            [
              52.217894,
              21.2225397
            ]
          ],
          [
            [
              52.2178921,
              21.2226529
            ],
            [
              52.2178964,
              21.2226234
            ],
            [
              52.2178979,
              21.2226003
            ],
            [
              52.2178966,
              21.2225685
            ],
            [
              52.217894,
              21.2225397
            ]
          ],
          [
            [
              52.2177489,
              21.2227496
            ],
            [
              52.2177683,
              21.222759
            ],
            [
              52.2177881,
              21.2227614
            ],
            [
              52.2178123,
              21.2227593
            ],
            [
              52.217829,
              21.2227512
            ]
          ],
          [
            [
              52.2177476,
              21.2224249
            ],
            [
              52.2177573,
              21.2224219
            ],
            [
              52.2177794,
              21.2224142
            ],
            [
              52.2178221,
              21.2224212
            ]
          ]
        ]
      }
    },
    {
      "type": "Feature",
      "properties": {
        "name": "Rondo Księdza Stanisława Witkowskiego",
        "highway": "tertiary"
      },
      "geometry": {
        "type": "MultiLineString",
        "coordinates": [
          [
            [
              52.2228084,
              21.2228251
            ],
            [
              52.2228417,
              21.2228386
            ],
            [
              52.2228702,
              21.2228699
            ],
            [
              52.2228829,
              21.2228944
            ],
            [
              52.2228974,
              21.2229466
            ]
          ],
          [
            [
              52.2227069,
              21.2230321
            ],
            [
              52.2227222,
              21.2230822
            ],
            [
              52.2227512,
              21.2231247
            ],
            [
              52.2227833,
              21.2231445
            ],
            [
              52.222798,
              21.2231452
            ],
            [
              52.2228144,
              21.2231459
            ],
            [
              52.2228471,
              21.2231291
            ],
            [
              52.2228626,
              21.2231128
            ],
            [
              52.2228855,
              21.2230711
            ]
          ],
          [
            [
              52.2227069,
              21.2230321
            ],
            [
              52.2227053,
              21.2229669
            ],
            [
              52.2227156,
              21.2229079
            ],
            [
              52.2227402,
              21.2228595
            ]
          ],
          [
            [
              52.2228855,
              21.2230711
            ],
            [
              52.2228965,
              21.2230308
            ],
            [
              52.2229,
              21.222993
            ],
            [
              52.2228974,
              21.2229466
            ]
          ],
          [
            [
              52.2227402,
              21.2228595
            ],
            [
              52.2227704,
              21.2228329
            ],
            [
              52.2228084,
              21.2228251
            ]
          ]
        ]
      }
    },
    {
      "type": "Feature",
      "properties": {
        "name": "Lawendowa",
        "highway": "residential"
      },
      "geometry": {
        "type": "MultiLineString",
        "coordinates": [
          [
            [
              52.2132637,
              21.2434775
            ],
            [
              52.2133436,
              21.2414552
            ]
          ]
        ]
      }
    },
    {
      "type": "Feature",
      "properties": {
        "name": "Dalii",
        "highway": "residential"
      },
      "geometry": {
        "type": "MultiLineString",
        "coordinates": [
          [
            [
              52.2120853,
              21.2416608
            ],
            [
              52.2122179,
              21.2419997
            ],
            [
              52.2122919,
              21.2422085
            ],
            [
              52.2123228,
              21.2423164
            ],
            [
              52.2123363,
              21.2424228
            ],
            [
              52.212286,
              21.2435038
            ]
          ]
        ]
      }
    },
    {
      "type": "Feature",
      "properties": {
        "name": "Cienista",
        "highway": "residential"
      },
      "geometry": {
        "type": "MultiLineString",
        "coordinates": [
          [
            [
              52.2099532,
              21.2380305
            ],
            [
              52.2103571,
              21.2380767
            ],
            [
              52.2111176,
              21.2381638
            ],
            [
              52.2117675,
              21.2382276
            ]
          ],
          [
            [
              52.2131223,
              21.2378919
            ],
            [
              52.2131601,
              21.237845
            ],
            [
              52.2132072,
              21.2377984
            ],
            [
              52.2132699,
              21.2377471
            ],
            [
              52.2133579,
              21.237689
            ],
            [
              52.2134462,
              21.2376449
            ],
            [
              52.2135687,
              21.2376021
            ],
            [
              52.2136217,
              21.2375895
            ],
            [
              52.2136713,
              21.2375859
            ],
            [
              52.2138814,
              21.237595
            ],
            [
              52.2142314,
              21.2376123
            ]
          ],
          [
            [
              52.2118686,
              21.2378483
            ],
            [
              52.2118866,
              21.2373579
            ]
          ],
          [
            [
              52.2129605,
              21.2379513
            ],
            [
              52.2130809,
              21.2379627
            ]
          ],
          [
            [
              52.2143728,
              21.2376217
            ],
            [
              52.2147914,
              21.2376489
            ],
            [
              52.2153255,
              21.2376837
            ],
            [
              52.2160499,
              21.2377384
            ]
          ],
          [
            [
              52.2142314,
              21.2376123
            ],
            [
              52.2143092,
              21.2376164
            ],
            [
              52.2143728,
              21.2376217
            ]
          ],
          [
            [
              52.2130809,
              21.2379627
            ],
            [
              52.2131019,
              21.2379214
            ],
            [
              52.2131223,
              21.2378919
            ]
          ],
          [
            [
              52.2118595,
              21.2381139
            ],
            [
              52.2118686,
              21.2378483
            ],
            [
              52.2129605,
              21.2379513
            ]
          ],
          [
            [
              52.2117675,
              21.2382276
            ],
            [
              52.211855,
              21.2382362
            ]
          ],
          [
            [
              52.211855,
              21.2382362
            ],
            [
              52.2118595,
              21.2381139
            ]
          ]
        ]
      }
    },
    {
      "type": "Feature",
      "properties": {
        "name": "Fiołków",
        "highway": "residential"
      },
      "geometry": {
        "type": "MultiLineString",
        "coordinates": [
          [
            [
              52.2167914,
              21.2490519
            ],
            [
              52.2168373,
              21.2490568
            ],
            [
              52.2171458,
              21.249071
            ],
            [
              52.2172133,
              21.2490127
            ],
            [
              52.2172405,
              21.2489659
            ],
            [
              52.21734,
              21.2487944
            ],
            [
              52.2175307,
              21.2483541
            ],
            [
              52.2176353,
              21.2480813
            ],
            [
              52.2176712,
              21.2478999
            ],
            [
              52.2177177,
              21.2467862
            ],
            [
              52.2169549,
              21.2467015
            ],
            [
              52.216915,
              21.2466971
            ]
          ],
          [
            [
              52.2177177,
              21.2467862
            ],
            [
              52.2181308,
              21.2468208
            ]
          ]
        ]
      }
    },
    {
      "type": "Feature",
      "properties": {
        "name": "Jagiellońska",
        "highway": "residential"
      },
      "geometry": {
        "type": "MultiLineString",
        "coordinates": [
          [
            [
              52.2390446,
              21.1860508
            ],
            [
              52.2391513,
              21.1857313
            ],
            [
              52.239215,
              21.1855757
            ],
            [
              52.2393808,
              21.1852229
            ],
            [
              52.2395824,
              21.184815
            ],
            [
              52.2398816,
              21.1842737
            ],
            [
              52.2400311,
              21.184019
            ],
            [
              52.2403584,
              21.1834094
            ],
            [
              52.2405064,
              21.1831408
            ],
            [
              52.2405309,
              21.1831198
            ],
            [
              52.2405577,
              21.1831139
            ],
            [
              52.2406105,
              21.1831174
            ],
            [
              52.2406473,
              21.1831251
            ]
          ],
          [
            [
              52.2406473,
              21.1831251
            ],
            [
              52.2406741,
              21.1829946
            ],
            [
              52.2407203,
              21.1828576
            ],
            [
              52.240771,
              21.182736
            ],
            [
              52.2408402,
              21.1826053
            ],
            [
              52.2410545,
              21.1822489
            ],
            [
              52.2411033,
              21.1821697
            ],
            [
              52.2411766,
              21.1820614
            ],
            [
              52.2412603,
              21.1819451
            ],
            [
              52.2413433,
              21.1818378
            ],
            [
              52.2414332,
              21.18173
            ],
            [
              52.2416624,
              21.1814541
            ],
            [
              52.241846,
              21.1812339
            ],
            [
              52.2419272,
              21.1811331
            ],
            [
              52.2420173,
              21.181007
            ],
            [
              52.2421937,
              21.1807134
            ],
            [
              52.242374,
              21.1804082
            ],
            [
              52.2424577,
              21.1802493
            ],
            [
              52.242481,
              21.180223
            ],
            [
              52.2426247,
              21.1800325
            ],
            [
              52.2430033,
              21.1795965
            ],
            [
              52.2430757,
              21.1795193
            ],
            [
              52.2431554,
              21.1794307
            ],
            [
              52.2434116,
              21.179157
            ],
            [
              52.2435028,
              21.1790556
            ],
            [
              52.2437676,
              21.1787305
            ],
            [
              52.244104,
              21.1782354
            ],
            [
              52.2441802,
              21.1781165
            ]
          ],
          [
            [
              52.2449514,
              21.1769256
            ],
            [
              52.2450426,
              21.1767748
            ],
            [
              52.2450683,
              21.1767346
            ],
            [
              52.2450894,
              21.1766892
            ]
          ],
          [
            [
              52.2449514,
              21.1769256
            ],
            [
              52.2450346,
              21.1768946
            ],
            [
              52.2450741,
              21.1768875
            ],
            [
              52.2450969,
              21.1768869
            ],
            [
              52.2451114,
              21.1768917
            ],
            [
              52.2451316,
              21.1769076
            ],
            [
              52.2451824,
              21.1769874
            ]
          ],
          [
            [
              52.2441802,
              21.1781165
            ],
            [
              52.2442579,
              21.1780098
            ]
          ],
          [
            [
              52.2442579,
              21.1780098
            ],
            [
              52.2445688,
              21.1775472
            ],
            [
              52.244843,
              21.1771114
            ],
            [
              52.2449064,
              21.177003
            ],
            [
              52.2449514,
              21.1769256
            ]
          ]
        ]
      }
    },
    {
      "type": "Feature",
      "properties": {
        "name": "Krótka",
        "highway": "residential"
      },
      "geometry": {
        "type": "MultiLineString",
        "coordinates": [
          [
            [
              52.2390446,
              21.1860508
            ],
            [
              52.2391551,
              21.1871401
            ],
            [
              52.2393249,
              21.1886409
            ],
            [
              52.239342,
              21.1888794
            ],
            [
              52.2393464,
              21.1890093
            ],
            [
              52.2393421,
              21.1891216
            ],
            [
              52.239329,
              21.1896606
            ],
            [
              52.2393008,
              21.1902187
            ],
            [
              52.2393001,
              21.1902316
            ],
            [
              52.2393006,
              21.1902451
            ],
            [
              52.2393029,
              21.1902585
            ],
            [
              52.2393055,
              21.1902712
            ],
            [
              52.2393095,
              21.1902824
            ],
            [
              52.2393142,
              21.1902937
            ],
            [
              52.2393198,
              21.1903012
            ],
            [
              52.2393264,
              21.1903064
            ],
            [
              52.239333,
              21.1903085
            ]
          ]
        ]
      }
    },
    {
      "type": "Feature",
      "properties": {
        "name": "Szosowa",
        "highway": "tertiary"
      },
      "geometry": {
        "type": "MultiLineString",
        "coordinates": [
          [
            [
              52.2469402,
              21.1852921
            ],
            [
              52.2470437,
              21.1849415
            ],
            [
              52.2470959,
              21.1847622
            ],
            [
              52.2472148,
              21.1843835
            ],
            [
              52.2472508,
              21.1842674
            ]
          ],
          [
            [
              52.2465982,
              21.1859461
            ],
            [
              52.2466699,
              21.1858959
            ],
            [
              52.2467053,
              21.1858701
            ],
            [
              52.2467469,
              21.1858185
            ],
            [
              52.2467792,
              21.1857685
            ],
            [
              52.2468232,
              21.1856715
            ],
            [
              52.2469402,
              21.1852921
            ]
          ]
        ]
      }
    },
    {
      "type": "Feature",
      "properties": {
        "name": "Bukowa",
        "highway": "residential"
      },
      "geometry": {
        "type": "MultiLineString",
        "coordinates": [
          [
            [
              52.2507525,
              21.1870307
            ],
            [
              52.2509702,
              21.1879969
            ],
            [
              52.2509845,
              21.1880604
            ],
            [
              52.251137,
              21.1887559
            ],
            [
              52.2512089,
              21.1891019
            ]
          ]
        ]
      }
    },
    {
      "type": "Feature",
      "properties": {
        "name": "Ignacego Krasickiego",
        "highway": "residential"
      },
      "geometry": {
        "type": "MultiLineString",
        "coordinates": [
          [
            [
              52.2411055,
              21.2039955
            ],
            [
              52.2416063,
              21.2040951
            ],
            [
              52.2417403,
              21.2041182
            ],
            [
              52.2425603,
              21.2042467
            ]
          ],
          [
            [
              52.2433132,
              21.2043379
            ],
            [
              52.2435294,
              21.2044026
            ],
            [
              52.2435894,
              21.2044256
            ],
            [
              52.2437851,
              21.2044575
            ],
            [
              52.2438584,
              21.2044597
            ],
            [
              52.2442688,
              21.2044876
            ]
          ],
          [
            [
              52.2442688,
              21.2044876
            ],
            [
              52.2450418,
              21.2044943
            ]
          ],
          [
            [
              52.2425603,
              21.2042467
            ],
            [
              52.242961,
              21.2042829
            ],
            [
              52.2430733,
              21.2042979
            ],
            [
              52.2433132,
              21.2043379
            ]
          ]
        ]
      }
    },
    {
      "type": "Feature",
      "properties": {
        "name": "Letnia",
        "highway": "living_street"
      },
      "geometry": {
        "type": "MultiLineString",
        "coordinates": [
          [
            [
              52.2440138,
              21.2241033
            ],
            [
              52.2440441,
              21.2241076
            ],
            [
              52.2444363,
              21.2241627
            ],
            [
              52.2451066,
              21.2242611
            ],
            [
              52.2456971,
              21.2243399
            ],
            [
              52.2460656,
              21.2243749
            ],
            [
              52.2461104,
              21.2243802
            ]
          ]
        ]
      }
    },
    {
      "type": "Feature",
      "properties": {
        "name": "Adama Mickiewicza",
        "highway": "residential"
      },
      "geometry": {
        "type": "MultiLineString",
        "coordinates": [
          [
            [
              52.2436765,
              21.2303541
            ],
            [
              52.2437054,
              21.2296491
            ],
            [
              52.2437109,
              21.2295137
            ],
            [
              52.2437475,
              21.2288243
            ],
            [
              52.2437638,
              21.2285349
            ],
            [
              52.2437975,
              21.2277662
            ],
            [
              52.2438636,
              21.22663
            ],
            [
              52.2439151,
              21.2257354
            ],
            [
              52.2440138,
              21.2241033
            ],
            [
              52.2440758,
              21.2230028
            ],
            [
              52.2440848,
              21.2228454
            ],
            [
              52.2440907,
              21.2227283
            ],
            [
              52.2441601,
              21.2213522
            ],
            [
              52.2442217,
              21.2202003
            ],
            [
              52.2442763,
              21.2190902
            ]
          ],
          [
            [
              52.2444644,
              21.2152657
            ],
            [
              52.2445315,
              21.2139797
            ],
            [
              52.244582,
              21.213013
            ],
            [
              52.2446587,
              21.2114728
            ],
            [
              52.2446602,
              21.2114425
            ],
            [
              52.24472,
              21.2102502
            ],
            [
              52.244811,
              21.2084351
            ],
            [
              52.2448333,
              21.2079899
            ],
            [
              52.2448628,
              21.2074683
            ]
          ],
          [
            [
              52.2442763,
              21.2190902
            ],
            [
              52.2443248,
              21.2181546
            ],
            [
              52.2444285,
              21.2161428
            ],
            [
              52.2444405,
              21.2159103
            ],
            [
              52.2444644,
              21.2152657
            ]
          ]
        ]
      }
    },
    {
      "type": "Feature",
      "properties": {
        "name": "Władysława Reymonta",
        "highway": "living_street"
      },
      "geometry": {
        "type": "MultiLineString",
        "coordinates": [
          [
            [
              52.2437638,
              21.2285349
            ],
            [
              52.2438008,
              21.2285404
            ],
            [
              52.2443958,
              21.2286287
            ],
            [
              52.2450746,
              21.228734
            ],
            [
              52.2457322,
              21.2288338
            ]
          ]
        ]
      }
    },
    {
      "type": "Feature",
      "properties": {
        "name": "Stefana Berenta",
        "highway": "residential"
      },
      "geometry": {
        "type": "MultiLineString",
        "coordinates": [
          [
            [
              52.2489798,
              21.2326189
            ],
            [
              52.2491063,
              21.2298547
            ],
            [
              52.249163,
              21.2291118
            ],
            [
              52.2491655,
              21.229079
            ],
            [
              52.2492367,
              21.2274573
            ],
            [
              52.2492235,
              21.2271823
            ],
            [
              52.2492264,
              21.2269899
            ],
            [
              52.2492425,
              21.2268276
            ],
            [
              52.2492686,
              21.2265847
            ],
            [
              52.2493276,
              21.2249976
            ],
            [
              52.2493549,
              21.2243398
            ],
            [
              52.249386,
              21.2236444
            ],
            [
              52.2493932,
              21.2235308
            ]
          ]
        ]
      }
    },
    {
      "type": "Feature",
      "properties": {
        "name": "Szklarniowa",
        "highway": "residential"
      },
      "geometry": {
        "type": "MultiLineString",
        "coordinates": [
          [
            [
              52.2245313,
              21.2423785
            ],
            [
              52.2246316,
              21.2423916
            ],
            [
              52.2249744,
              21.2424236
            ],
            [
              52.2254396,
              21.242467
            ],
            [
              52.2259339,
              21.2425086
            ],
            [
              52.2268713,
              21.2425905
            ],
            [
              52.2271372,
              21.2426138
            ],
            [
              52.2284267,
              21.2427267
            ],
            [
              52.2289158,
              21.2427736
            ],
            [
              52.2289926,
              21.2427803
            ],
            [
              52.2293773,
              21.242814
            ],
            [
              52.2295015,
              21.2428255
            ],
            [
              52.2299641,
              21.2428704
            ]
          ]
        ]
      }
    },
    {
      "type": "Feature",
      "properties": {
        "name": "Szkolna",
        "highway": "residential"
      },
      "geometry": {
        "type": "MultiLineString",
        "coordinates": [
          [
            [
              52.223757,
              21.2301201
            ],
            [
              52.2241203,
              21.2301574
            ],
            [
              52.2241719,
              21.2301626
            ],
            [
              52.2250101,
              21.2302486
            ],
            [
              52.2250553,
              21.2302529
            ],
            [
              52.2262189,
              21.2303654
            ],
            [
              52.2263197,
              21.230403
            ],
            [
              52.2263947,
              21.230466
            ],
            [
              52.2266798,
              21.2308167
            ],
            [
              52.2267017,
              21.2308437
            ],
            [
              52.2269219,
              21.2311146
            ],
            [
              52.2269981,
              21.2311778
            ],
            [
              52.2271121,
              21.231228
            ],
            [
              52.2273518,
              21.2312583
            ],
            [
              52.2273725,
              21.2312609
            ],
            [
              52.2274797,
              21.2312744
            ],
            [
              52.2279328,
              21.2313317
            ],
            [
              52.2282121,
              21.231367
            ]
          ]
        ]
      }
    },
    {
      "type": "Feature",
      "properties": {
        "name": "Kolendrowa",
        "highway": "residential"
      },
      "geometry": {
        "type": "MultiLineString",
        "coordinates": [
          [
            [
              52.2159986,
              21.2504444
            ],
            [
              52.2160195,
              21.2498131
            ],
            [
              52.2160449,
              21.2489741
            ]
          ],
          [
            [
              52.2160195,
              21.2498131
            ],
            [
              52.2164044,
              21.249843
            ]
          ],
          [
            [
              52.2161344,
              21.2481303
            ],
            [
              52.2165084,
              21.2481788
            ]
          ],
          [
            [
              52.2161782,
              21.2473701
            ],
            [
              52.2164813,
              21.2474051
            ]
          ],
          [
            [
              52.2160987,
              21.2489797
            ],
            [
              52.2161344,
              21.2481303
            ],
            [
              52.2161782,
              21.2473701
            ],
            [
              52.2162097,
              21.246616
            ]
          ]
        ]
      }
    },
    {
      "type": "Feature",
      "properties": {
        "name": "Dziewanny",
        "highway": "residential"
      },
      "geometry": {
        "type": "MultiLineString",
        "coordinates": [
          [
            [
              52.2156348,
              21.2489493
            ],
            [
              52.2156718,
              21.2481252
            ],
            [
              52.2157017,
              21.2474074
            ],
            [
              52.2157518,
              21.2465868
            ]
          ],
          [
            [
              52.2155429,
              21.2502077
            ],
            [
              52.2155905,
              21.2489505
            ]
          ]
        ]
      }
    },
    {
      "type": "Feature",
      "properties": {
        "name": "Macierzanki",
        "highway": "residential"
      },
      "geometry": {
        "type": "MultiLineString",
        "coordinates": [
          [
            [
              52.2150826,
              21.2490746
            ],
            [
              52.2150982,
              21.2489127
            ],
            [
              52.2151376,
              21.2485858
            ],
            [
              52.2152148,
              21.2479788
            ],
            [
              52.2152845,
              21.2474539
            ],
            [
              52.215316,
              21.2473948
            ],
            [
              52.2153491,
              21.2473768
            ],
            [
              52.2157017,
              21.2474074
            ]
          ]
        ]
      }
    },
    {
      "type": "Feature",
      "properties": {
        "name": "Leśnych Ziół",
        "highway": "residential"
      },
      "geometry": {
        "type": "MultiLineString",
        "coordinates": [
          [
            [
              52.2150982,
              21.2489127
            ],
            [
              52.2155905,
              21.2489505
            ],
            [
              52.2156348,
              21.2489493
            ],
            [
              52.2160449,
              21.2489741
            ],
            [
              52.2160987,
              21.2489797
            ],
            [
              52.2164082,
              21.2489999
            ],
            [
              52.2167914,
              21.2490519
            ]
          ]
        ]
      }
    },
    {
      "type": "Feature",
      "properties": {
        "name": "Poezji",
        "highway": "residential"
      },
      "geometry": {
        "type": "MultiLineString",
        "coordinates": [
          [
            [
              52.2190754,
              21.2474353
            ],
            [
              52.219074,
              21.2474757
            ],
            [
              52.2190492,
              21.2481988
            ],
            [
              52.219051,
              21.2482229
            ],
            [
              52.2190672,
              21.2482622
            ],
            [
              52.2190792,
              21.2482886
            ],
            [
              52.2190914,
              21.2483096
            ],
            [
              52.2191145,
              21.2483289
            ],
            [
              52.2191673,
              21.2483544
            ],
            [
              52.2201753,
              21.2484556
            ],
            [
              52.2201869,
              21.2484627
            ],
            [
              52.2202004,
              21.2484825
            ],
            [
              52.2202119,
              21.2485149
            ],
            [
              52.2202166,
              21.2485509
            ],
            [
              52.2202009,
              21.2489348
            ],
            [
              52.2202044,
              21.2489513
            ],
            [
              52.2202119,
              21.2489711
            ],
            [
              52.220225,
              21.2489918
            ],
            [
              52.2202476,
              21.2490118
            ],
            [
              52.2206649,
              21.2490433
            ],
            [
              52.221278,
              21.249094
            ],
            [
              52.2213657,
              21.2491009
            ]
          ]
        ]
      }
    },
    {
      "type": "Feature",
      "properties": {
        "name": "Szermiercza",
        "highway": "residential"
      },
      "geometry": {
        "type": "MultiLineString",
        "coordinates": [
          [
            [
              52.2205508,
              21.246986
            ],
            [
              52.220511,
              21.2480722
            ],
            [
              52.2205124,
              21.248154
            ],
            [
              52.2205313,
              21.2482001
            ],
            [
              52.2205582,
              21.2482216
            ],
            [
              52.220981,
              21.2482582
            ]
          ]
        ]
      }
    },
    {
      "type": "Feature",
      "properties": {
        "name": "Kameliowa",
        "highway": "residential"
      },
      "geometry": {
        "type": "MultiLineString",
        "coordinates": [
          [
            [
              52.2197335,
              21.2437719
            ],
            [
              52.2197704,
              21.2437756
            ],
            [
              52.2198409,
              21.2437826
            ],
            [
              52.2199112,
              21.2437892
            ],
            [
              52.2199623,
              21.243794
            ]
          ],
          [
            [
              52.2199623,
              21.243794
            ],
            [
              52.2211406,
              21.2439051
            ]
          ],
          [
            [
              52.2186485,
              21.2436639
            ],
            [
              52.2197335,
              21.2437719
            ]
          ]
        ]
      }
    },
    {
      "type": "Feature",
      "properties": {
        "name": "Apteczna",
        "highway": "residential"
      },
      "geometry": {
        "type": "MultiLineString",
        "coordinates": [
          [
            [
              52.2513974,
              21.227827
            ],
            [
              52.2514056,
              21.2276522
            ],
            [
              52.2514233,
              21.2272798
            ],
            [
              52.2514762,
              21.2259972
            ],
            [
              52.2515085,
              21.2252471
            ],
            [
              52.2515382,
              21.2245809
            ],
            [
              52.2515644,
              21.2239234
            ],
            [
              52.2515709,
              21.2237751
            ]
          ]
        ]
      }
    },
    {
      "type": "Feature",
      "properties": {
        "name": "Cicha",
        "highway": "living_street"
      },
      "geometry": {
        "type": "MultiLineString",
        "coordinates": [
          [
            [
              52.2506504,
              21.220781
            ],
            [
              52.2506808,
              21.220784
            ],
            [
              52.2517313,
              21.2208845
            ]
          ]
        ]
      }
    },
    {
      "type": "Feature",
      "properties": {
        "name": "Dowcip",
        "highway": "living_street"
      },
      "geometry": {
        "type": "MultiLineString",
        "coordinates": [
          [
            [
              52.2514233,
              21.2272798
            ],
            [
              52.2520877,
              21.2273514
            ]
          ]
        ]
      }
    },
    {
      "type": "Feature",
      "properties": {
        "name": "Fryderyka Chopina",
        "highway": "living_street"
      },
      "geometry": {
        "type": "MultiLineString",
        "coordinates": [
          [
            [
              52.2505822,
              21.2221936
            ],
            [
              52.250613,
              21.2221972
            ],
            [
              52.2516648,
              21.2223199
            ],
            [
              52.2526593,
              21.2224113
            ],
            [
              52.2527426,
              21.222419
            ]
          ]
        ]
      }
    },
    {
      "type": "Feature",
      "properties": {
        "name": "Jasna",
        "highway": "living_street"
      },
      "geometry": {
        "type": "MultiLineString",
        "coordinates": [
          [
            [
              52.2534136,
              21.2201136
            ],
            [
              52.2539284,
              21.220174
            ],
            [
              52.2540037,
              21.220184
            ]
          ]
        ]
      }
    },
    {
      "type": "Feature",
      "properties": {
        "name": "Kwiatowa",
        "highway": "living_street"
      },
      "geometry": {
        "type": "MultiLineString",
        "coordinates": [
          [
            [
              52.2516043,
              21.2237801
            ],
            [
              52.2516093,
              21.2236695
            ],
            [
              52.2516648,
              21.2223199
            ],
            [
              52.2517279,
              21.2209715
            ],
            [
              52.2517313,
              21.2208845
            ],
            [
              52.2517886,
              21.2197314
            ],
            [
              52.2517872,
              21.2196956
            ],
            [
              52.2517811,
              21.2196667
            ],
            [
              52.2517675,
              21.2196383
            ]
          ]
        ]
      }
    },
    {
      "type": "Feature",
      "properties": {
        "name": "Pawła Jana Sapiehy",
        "highway": "living_street"
      },
      "geometry": {
        "type": "MultiLineString",
        "coordinates": [
          [
            [
              52.2502512,
              21.2172244
            ],
            [
              52.2501491,
              21.2193209
            ],
            [
              52.2500509,
              21.2213967
            ],
            [
              52.2500514,
              21.2214838
            ],
            [
              52.2500703,
              21.2215374
            ],
            [
              52.2506078,
              21.2216001
            ]
          ]
        ]
      }
    },
    {
      "type": "Feature",
      "properties": {
        "name": "Prosta",
        "highway": "living_street"
      },
      "geometry": {
        "type": "MultiLineString",
        "coordinates": [
          [
            [
              52.2533596,
              21.2208019
            ],
            [
              52.2538952,
              21.2208613
            ],
            [
              52.2539701,
              21.2208695
            ]
          ]
        ]
      }
    },
    {
      "type": "Feature",
      "properties": {
        "name": "Przechodnia",
        "highway": "living_street"
      },
      "geometry": {
        "type": "MultiLineString",
        "coordinates": [
          [
            [
              52.2527845,
              21.221408
            ],
            [
              52.25386,
              21.2215317
            ],
            [
              52.2539404,
              21.2215426
            ]
          ]
        ]
      }
    },
    {
      "type": "Feature",
      "properties": {
        "name": "Różana",
        "highway": "living_street"
      },
      "geometry": {
        "type": "MultiLineString",
        "coordinates": [
          [
            [
              52.2514762,
              21.2259972
            ],
            [
              52.2521292,
              21.2260724
            ],
            [
              52.252537,
              21.2261193
            ],
            [
              52.252578,
              21.226124
            ]
          ]
        ]
      }
    },
    {
      "type": "Feature",
      "properties": {
        "name": "Słoneczna",
        "highway": "living_street"
      },
      "geometry": {
        "type": "MultiLineString",
        "coordinates": [
          [
            [
              52.2507104,
              21.219467
            ],
            [
              52.2507434,
              21.2194714
            ],
            [
              52.2517214,
              21.2195999
            ],
            [
              52.2517425,
              21.2196053
            ],
            [
              52.2517537,
              21.219614
            ],
            [
              52.2517612,
              21.2196255
            ],
            [
              52.2517675,
              21.2196383
            ]
          ]
        ]
      }
    },
    {
      "type": "Feature",
      "properties": {
        "name": "Tęczowa",
        "highway": "living_street"
      },
      "geometry": {
        "type": "MultiLineString",
        "coordinates": [
          [
            [
              52.2500105,
              21.2162549
            ],
            [
              52.2500382,
              21.2155501
            ],
            [
              52.2500613,
              21.2151668
            ],
            [
              52.2500795,
              21.2150947
            ],
            [
              52.2501013,
              21.2150718
            ],
            [
              52.2501325,
              21.2150701
            ]
          ]
        ]
      }
    },
    {
      "type": "Feature",
      "properties": {
        "name": "Współczesna",
        "highway": "living_street"
      },
      "geometry": {
        "type": "MultiLineString",
        "coordinates": [
          [
            [
              52.2528986,
              21.2190071
            ],
            [
              52.2533824,
              21.2190553
            ],
            [
              52.253495,
              21.2190665
            ],
            [
              52.2539794,
              21.2191281
            ],
            [
              52.254053,
              21.2191375
            ]
          ],
          [
            [
              52.2507406,
              21.2187629
            ],
            [
              52.2507783,
              21.2187672
            ],
            [
              52.2528611,
              21.2190029
            ],
            [
              52.2528986,
              21.2190071
            ]
          ]
        ]
      }
    },
    {
      "type": "Feature",
      "properties": {
        "name": "Wąska",
        "highway": "living_street"
      },
      "geometry": {
        "type": "MultiLineString",
        "coordinates": [
          [
            [
              52.2527426,
              21.222419
            ],
            [
              52.2533734,
              21.2224864
            ],
            [
              52.2538114,
              21.2225362
            ],
            [
              52.2538922,
              21.2225464
            ]
          ]
        ]
      }
    },
    {
      "type": "Feature",
      "properties": {
        "name": "Zakątek",
        "highway": "living_street"
      },
      "geometry": {
        "type": "MultiLineString",
        "coordinates": [
          [
            [
              52.2515382,
              21.2245809
            ],
            [
              52.2521135,
              21.2246373
            ],
            [
              52.2526042,
              21.224685
            ],
            [
              52.2526418,
              21.2246863
            ]
          ]
        ]
      }
    },
    {
      "type": "Feature",
      "properties": {
        "name": "Rubinowa",
        "highway": "residential"
      },
      "geometry": {
        "type": "MultiLineString",
        "coordinates": [
          [
            [
              52.219924,
              21.2227244
            ],
            [
              52.219921,
              21.2228534
            ],
            [
              52.2199194,
              21.2233485
            ],
            [
              52.2199493,
              21.2235952
            ],
            [
              52.2200411,
              21.2241759
            ],
            [
              52.2201731,
              21.2249766
            ],
            [
              52.2201782,
              21.2250266
            ],
            [
              52.2201789,
              21.2250953
            ],
            [
              52.2201683,
              21.225398
            ],
            [
              52.2201565,
              21.2255183
            ]
          ]
        ]
      }
    },
    {
      "type": "Feature",
      "properties": {
        "name": "Alabastrowa",
        "highway": "residential"
      },
      "geometry": {
        "type": "MultiLineString",
        "coordinates": [
          [
            [
              52.2199576,
              21.225475
            ],
            [
              52.2199532,
              21.2255503
            ],
            [
              52.2199512,
              21.2256419
            ],
            [
              52.2199692,
              21.225807
            ],
            [
              52.2200593,
              21.2264221
            ],
            [
              52.2200731,
              21.2265648
            ],
            [
              52.2200846,
              21.226821
            ],
            [
              52.2200962,
              21.2271061
            ],
            [
              52.2200889,
              21.2277708
            ],
            [
              52.2200878,
              21.2278661
            ]
          ]
        ]
      }
    },
    {
      "type": "Feature",
      "properties": {
        "name": "Biesiadna",
        "highway": "residential"
      },
      "geometry": {
        "type": "MultiLineString",
        "coordinates": [
          [
            [
              52.2226174,
              21.233882
            ],
            [
              52.2226008,
              21.233875
            ],
            [
              52.2225894,
              21.233853
            ],
            [
              52.2225835,
              21.2338332
            ],
            [
              52.2225764,
              21.2337942
            ],
            [
              52.222608,
              21.2328438
            ],
            [
              52.2226777,
              21.2308509
            ],
            [
              52.2226825,
              21.2307133
            ],
            [
              52.2226903,
              21.2305502
            ],
            [
              52.2227122,
              21.2299894
            ],
            [
              52.2227347,
              21.2293256
            ],
            [
              52.2227437,
              21.2291107
            ],
            [
              52.2227535,
              21.2289091
            ],
            [
              52.2227615,
              21.2288368
            ],
            [
              52.2227813,
              21.2287468
            ],
            [
              52.2228125,
              21.2286295
            ],
            [
              52.2228365,
              21.2285038
            ],
            [
              52.2228417,
              21.2284223
            ],
            [
              52.2228513,
              21.2281275
            ]
          ]
        ]
      }
    },
    {
      "type": "Feature",
      "properties": {
        "name": "Koralowa",
        "highway": "residential"
      },
      "geometry": {
        "type": "MultiLineString",
        "coordinates": [
          [
            [
              52.2204178,
              21.2265872
            ],
            [
              52.2207599,
              21.2266265
            ],
            [
              52.2210352,
              21.2266549
            ],
            [
              52.2213406,
              21.2266863
            ],
            [
              52.2214905,
              21.2267011
            ],
            [
              52.221666,
              21.2267185
            ],
            [
              52.2219565,
              21.2267433
            ]
          ]
        ]
      }
    },
    {
      "type": "Feature",
      "properties": {
        "name": "Grafitowa",
        "highway": "living_street"
      },
      "geometry": {
        "type": "MultiLineString",
        "coordinates": [
          [
            [
              52.2182625,
              21.2232134
            ],
            [
              52.218257,
              21.2234771
            ],
            [
              52.2185556,
              21.2234988
            ]
          ]
        ]
      }
    },
    {
      "type": "Feature",
      "properties": {
        "name": "Graniczna",
        "highway": "tertiary"
      },
      "geometry": {
        "type": "MultiLineString",
        "coordinates": [
          [
            [
              52.217746,
              21.2219159
            ],
            [
              52.2177437,
              21.2218062
            ],
            [
              52.217747,
              21.2215234
            ],
            [
              52.2177529,
              21.221258
            ],
            [
              52.2177557,
              21.2211168
            ],
            [
              52.2177573,
              21.2210474
            ],
            [
              52.2177704,
              21.2206689
            ]
          ],
          [
            [
              52.2173095,
              21.2184252
            ],
            [
              52.2173888,
              21.2184585
            ],
            [
              52.2174443,
              21.2184876
            ],
            [
              52.2174923,
              21.2185193
            ],
            [
              52.2175269,
              21.218552
            ],
            [
              52.2175441,
              21.2185682
            ],
            [
              52.2175915,
              21.2186203
            ],
            [
              52.2176318,
              21.2186781
            ],
            [
              52.2176821,
              21.2187615
            ],
            [
              52.2177253,
              21.2188612
            ],
            [
              52.2177537,
              21.2189476
            ],
            [
              52.217777,
              21.2190338
            ],
            [
              52.2177939,
              21.2191333
            ],
            [
              52.2178033,
              21.2192362
            ],
            [
              52.2178063,
              21.2193255
            ],
            [
              52.2178026,
              21.2195875
            ],
            [
              52.2177987,
              21.2198377
            ]
          ],
          [
            [
              52.2177704,
              21.2206689
            ],
            [
              52.2177987,
              21.2198377
            ]
          ],
          [
            [
              52.217746,
              21.2219159
            ],
            [
              52.2177255,
              21.2219921
            ],
            [
              52.2177255,
              21.2220628
            ],
            [
              52.2177287,
              21.2221436
            ],
            [
              52.2177441,
              21.2223256
            ],
            [
              52.2177473,
              21.222386
            ],
            [
              52.2177476,
              21.2224249
            ]
          ],
          [
            [
              52.2171314,
              21.2183432
            ],
            [
              52.2173095,
              21.2184252
            ]
          ],
          [
            [
              52.216802,
              21.2181867
            ],
            [
              52.2169017,
              21.2182341
            ],
            [
              52.2170738,
              21.2183158
            ],
            [
              52.2171314,
              21.2183432
            ]
          ],
          [
            [
              52.2154811,
              21.2179076
            ],
            [
              52.2156805,
              21.2179265
            ],
            [
              52.2161284,
              21.2179689
            ],
            [
              52.2161988,
              21.2179754
            ],
            [
              52.2162745,
              21.2179852
            ],
            [
              52.2163362,
              21.2179961
            ],
            [
              52.2164217,
              21.218018
            ],
            [
              52.2164957,
              21.2180415
            ],
            [
              52.2165775,
              21.2180775
            ],
            [
              52.2167295,
              21.2181464
            ],
            [
              52.216802,
              21.2181867
            ]
          ],
          [
            [
              52.213671,
              21.2172873
            ],
            [
              52.2136975,
              21.2173278
            ],
            [
              52.2137249,
              21.217367
            ],
            [
              52.2137532,
              21.2174049
            ],
            [
              52.213782,
              21.2174408
            ],
            [
              52.213812,
              21.2174757
            ],
            [
              52.2138424,
              21.2175085
            ],
            [
              52.2138732,
              21.2175395
            ],
            [
              52.2139047,
              21.2175688
            ],
            [
              52.2139229,
              21.2175845
            ],
            [
              52.2139396,
              21.2175976
            ],
            [
              52.2139454,
              21.2176024
            ],
            [
              52.2139555,
              21.2176093
            ],
            [
              52.2139716,
              21.2176202
            ],
            [
              52.2139876,
              21.2176301
            ],
            [
              52.2139945,
              21.2176341
            ],
            [
              52.2140016,
              21.2176377
            ],
            [
              52.2140537,
              21.217663
            ]
          ],
          [
            [
              52.213671,
              21.2172873
            ],
            [
              52.2136787,
              21.2173123
            ],
            [
              52.213687,
              21.2173373
            ],
            [
              52.2136957,
              21.2173613
            ],
            [
              52.2137049,
              21.2173851
            ],
            [
              52.2137144,
              21.2174079
            ],
            [
              52.2137244,
              21.2174302
            ],
            [
              52.2137347,
              21.2174518
            ],
            [
              52.2137458,
              21.2174734
            ],
            [
              52.2137576,
              21.2174951
            ],
            [
              52.2137697,
              21.2175156
            ],
            [
              52.2137823,
              21.2175358
            ],
            [
              52.2137955,
              21.2175554
            ],
            [
              52.2138085,
              21.2175735
            ],
            [
              52.2138218,
              21.2175908
            ],
            [
              52.2138353,
              21.2176073
            ],
            [
              52.2138491,
              21.217623
            ],
            [
              52.2138626,
              21.2176375
            ],
            [
              52.2138763,
              21.2176514
            ],
            [
              52.2138903,
              21.2176649
            ],
            [
              52.2139009,
              21.2176746
            ],
            [
              52.2139141,
              21.2176883
            ],
            [
              52.2139317,
              21.2177056
            ],
            [
              52.2139467,
              21.2177234
            ],
            [
              52.2139614,
              21.2177429
            ],
            [
              52.2139974,
              21.2177941
            ]
          ],
          [
            [
              52.2129935,
              21.2158286
            ],
            [
              52.213351,
              21.2165691
            ],
            [
              52.213671,
              21.2172873
            ]
          ],
          [
            [
              52.2153999,
              21.2179003
            ],
            [
              52.2154811,
              21.2179076
            ]
          ],
          [
            [
              52.2142268,
              21.2177653
            ],
            [
              52.2142755,
              21.2177814
            ],
            [
              52.2142915,
              21.217786
            ],
            [
              52.2143065,
              21.2177893
            ],
            [
              52.2143193,
              21.2177913
            ],
            [
              52.2143396,
              21.2177934
            ],
            [
              52.2145369,
              21.2178141
            ],
            [
              52.2147256,
              21.2178339
            ],
            [
              52.2147822,
              21.2178381
            ],
            [
              52.2148386,
              21.2178407
            ],
            [
              52.2148943,
              21.2178415
            ],
            [
              52.2149506,
              21.2178407
            ],
            [
              52.2151169,
              21.2178336
            ],
            [
              52.2151479,
              21.2178329
            ]
          ],
          [
            [
              52.2151273,
              21.2179339
            ],
            [
              52.2152738,
              21.2179272
            ],
            [
              52.21529,
              21.2179261
            ],
            [
              52.2153057,
              21.2179244
            ],
            [
              52.2153216,
              21.217922
            ],
            [
              52.2153373,
              21.217919
            ],
            [
              52.2153533,
              21.2179153
            ],
            [
              52.215369,
              21.2179109
            ],
            [
              52.2153848,
              21.2179058
            ],
            [
              52.2153999,
              21.2179003
            ]
          ],
          [
            [
              52.2151479,
              21.2178329
            ],
            [
              52.2151654,
              21.2178337
            ],
            [
              52.2151854,
              21.2178356
            ],
            [
              52.2152067,
              21.2178388
            ],
            [
              52.2152766,
              21.2178538
            ],
            [
              52.2152923,
              21.2178574
            ],
            [
              52.2153078,
              21.2178616
            ],
            [
              52.2153234,
              21.2178665
            ],
            [
              52.2153387,
              21.217872
            ],
            [
              52.2153542,
              21.2178781
            ],
            [
              52.2153695,
              21.2178849
            ],
            [
              52.2153848,
              21.2178923
            ],
            [
              52.2153999,
              21.2179003
            ]
          ],
          [
            [
              52.2147625,
              21.2179379
            ],
            [
              52.2148028,
              21.2179413
            ],
            [
              52.214843,
              21.2179434
            ],
            [
              52.2148825,
              21.2179441
            ],
            [
              52.2149218,
              21.2179435
            ],
            [
              52.2151273,
              21.2179339
            ]
          ],
          [
            [
              52.2142258,
              21.2178986
            ],
            [
              52.214274,
              21.2178919
            ],
            [
              52.2142884,
              21.2178908
            ],
            [
              52.2143025,
              21.2178907
            ],
            [
              52.2143162,
              21.2178916
            ],
            [
              52.214336,
              21.2178937
            ],
            [
              52.214527,
              21.2179135
            ],
            [
              52.2147625,
              21.2179379
            ]
          ],
          [
            [
              52.217746,
              21.2219159
            ],
            [
              52.2177739,
              21.2219867
            ],
            [
              52.2178014,
              21.2223092
            ],
            [
              52.2178092,
              21.2223599
            ],
            [
              52.2178221,
              21.2224212
            ]
          ]
        ]
      }
    },
    {
      "type": "Feature",
      "properties": {
        "name": "Radosna",
        "highway": "residential"
      },
      "geometry": {
        "type": "MultiLineString",
        "coordinates": [
          [
            [
              52.220847,
              21.2423218
            ],
            [
              52.2208781,
              21.2423198
            ],
            [
              52.2215335,
              21.2423672
            ],
            [
              52.2221962,
              21.2424435
            ],
            [
              52.2222277,
              21.2424464
            ]
          ]
        ]
      }
    },
    {
      "type": "Feature",
      "properties": {
        "name": "Szafranowa",
        "highway": "residential"
      },
      "geometry": {
        "type": "MultiLineString",
        "coordinates": [
          [
            [
              52.2204349,
              21.2410771
            ],
            [
              52.2204892,
              21.2410915
            ],
            [
              52.2222723,
              21.2412544
            ],
            [
              52.2223329,
              21.2412596
            ]
          ]
        ]
      }
    },
    {
      "type": "Feature",
      "properties": {
        "name": "Dworkowa",
        "highway": "residential"
      },
      "geometry": {
        "type": "MultiLineString",
        "coordinates": [
          [
            [
              52.2197302,
              21.2467741
            ],
            [
              52.2197436,
              21.2463132
            ],
            [
              52.2197451,
              21.2462622
            ],
            [
              52.21975,
              21.2461328
            ],
            [
              52.2197616,
              21.2458353
            ],
            [
              52.2197683,
              21.2456481
            ],
            [
              52.2197794,
              21.245346
            ],
            [
              52.2197838,
              21.2452267
            ],
            [
              52.2197927,
              21.2449737
            ],
            [
              52.2198342,
              21.2439492
            ]
          ],
          [
            [
              52.2197223,
              21.247087
            ],
            [
              52.2197232,
              21.2470475
            ],
            [
              52.2197261,
              21.2469157
            ],
            [
              52.2197294,
              21.2468009
            ],
            [
              52.2197302,
              21.2467741
            ]
          ],
          [
            [
              52.2197153,
              21.2474058
            ],
            [
              52.2197223,
              21.247087
            ]
          ],
          [
            [
              52.2198342,
              21.2439492
            ],
            [
              52.2198409,
              21.2437826
            ],
            [
              52.2198486,
              21.2435971
            ]
          ],
          [
            [
              52.2198486,
              21.2435971
            ],
            [
              52.2198599,
              21.2433261
            ],
            [
              52.2198608,
              21.2433043
            ],
            [
              52.2198654,
              21.2431846
            ],
            [
              52.2198677,
              21.2431258
            ]
          ]
        ]
      }
    },
    {
      "type": "Feature",
      "properties": {
        "name": "Golfowa",
        "highway": "residential"
      },
      "geometry": {
        "type": "MultiLineString",
        "coordinates": [
          [
            [
              52.220981,
              21.2482582
            ],
            [
              52.2210001,
              21.248237
            ],
            [
              52.2210208,
              21.2482047
            ],
            [
              52.2210278,
              21.2481533
            ],
            [
              52.2210659,
              21.2470465
            ]
          ]
        ]
      }
    },
    {
      "type": "Feature",
      "properties": {
        "name": "Literacka",
        "highway": "residential"
      },
      "geometry": {
        "type": "MultiLineString",
        "coordinates": [
          [
            [
              52.220652,
              21.2509917
            ],
            [
              52.2206197,
              21.2509102
            ],
            [
              52.2206042,
              21.250851
            ],
            [
              52.2205987,
              21.2507804
            ],
            [
              52.2206015,
              21.2506817
            ],
            [
              52.2206239,
              21.2500868
            ],
            [
              52.2206287,
              21.2499604
            ],
            [
              52.2206649,
              21.2490433
            ]
          ]
        ]
      }
    },
    {
      "type": "Feature",
      "properties": {
        "name": "Skoczna",
        "highway": "residential"
      },
      "geometry": {
        "type": "MultiLineString",
        "coordinates": [
          [
            [
              52.2213631,
              21.2487548
            ],
            [
              52.2214421,
              21.2487593
            ],
            [
              52.2217096,
              21.2487747
            ],
            [
              52.2223124,
              21.2488376
            ]
          ],
          [
            [
              52.2217096,
              21.2487747
            ],
            [
              52.2217355,
              21.2481234
            ]
          ]
        ]
      }
    },
    {
      "type": "Feature",
      "properties": {
        "name": "Zdrojowa",
        "highway": "residential"
      },
      "geometry": {
        "type": "MultiLineString",
        "coordinates": [
          [
            [
              52.2184309,
              21.2426429
            ],
            [
              52.2184412,
              21.2423275
            ],
            [
              52.2184785,
              21.2420055
            ],
            [
              52.2185677,
              21.2416554
            ],
            [
              52.2187203,
              21.2413251
            ],
            [
              52.2189638,
              21.2408577
            ],
            [
              52.2191222,
              21.2404462
            ],
            [
              52.2192959,
              21.2398424
            ],
            [
              52.219323,
              21.2397099
            ]
          ]
        ]
      }
    },
    {
      "type": "Feature",
      "properties": {
        "name": "Źródlana",
        "highway": "residential"
      },
      "geometry": {
        "type": "MultiLineString",
        "coordinates": [
          [
            [
              52.2184274,
              21.2410916
            ],
            [
              52.218474,
              21.2396918
            ],
            [
              52.2184779,
              21.2396239
            ]
          ]
        ]
      }
    },
    {
      "type": "Feature",
      "properties": {
        "name": "Brzoskwiniowa",
        "highway": "residential"
      },
      "geometry": {
        "type": "MultiLineString",
        "coordinates": [
          [
            [
              52.2149657,
              21.2342759
            ],
            [
              52.2149927,
              21.233772
            ],
            [
              52.2150017,
              21.233179
            ],
            [
              52.2150562,
              21.2317685
            ]
          ],
          [
            [
              52.2150562,
              21.2317685
            ],
            [
              52.2150592,
              21.2316908
            ],
            [
              52.2150621,
              21.2316166
            ]
          ]
        ]
      }
    },
    {
      "type": "Feature",
      "properties": {
        "name": "Jarzębinowa",
        "highway": "residential"
      },
      "geometry": {
        "type": "MultiLineString",
        "coordinates": [
          [
            [
              52.2137726,
              21.2298224
            ],
            [
              52.2138303,
              21.22842
            ],
            [
              52.213867,
              21.2273106
            ]
          ]
        ]
      }
    },
    {
      "type": "Feature",
      "properties": {
        "name": "Wiązów",
        "highway": "residential"
      },
      "geometry": {
        "type": "MultiLineString",
        "coordinates": [
          [
            [
              52.2141876,
              21.2273254
            ],
            [
              52.2142203,
              21.2263597
            ],
            [
              52.2142439,
              21.2255726
            ]
          ]
        ]
      }
    },
    {
      "type": "Feature",
      "properties": {
        "name": "Wczasowa",
        "highway": "residential"
      },
      "geometry": {
        "type": "MultiLineString",
        "coordinates": [
          [
            [
              52.2168588,
              21.2317917
            ],
            [
              52.2168566,
              21.2318476
            ],
            [
              52.2167975,
              21.2332965
            ],
            [
              52.217737,
              21.2333698
            ],
            [
              52.2178438,
              21.2333947
            ],
            [
              52.2179068,
              21.2334074
            ],
            [
              52.2179791,
              21.2334096
            ]
          ]
        ]
      }
    },
    {
      "type": "Feature",
      "properties": {
        "name": "Zachodu Słońca",
        "highway": "residential"
      },
      "geometry": {
        "type": "MultiLineString",
        "coordinates": [
          [
            [
              52.2168937,
              21.2309362
            ],
            [
              52.2169245,
              21.2301734
            ],
            [
              52.2169345,
              21.230089
            ]
          ]
        ]
      }
    },
    {
      "type": "Feature",
      "properties": {
        "name": "Złotej Jesieni",
        "highway": "residential"
      },
      "geometry": {
        "type": "MultiLineString",
        "coordinates": [
          [
            [
              52.2180946,
              21.2317608
            ],
            [
              52.2181368,
              21.2317644
            ],
            [
              52.2183429,
              21.2317837
            ],
            [
              52.21906,
              21.2318576
            ],
            [
              52.2194593,
              21.2318886
            ]
          ],
          [
            [
              52.2194387,
              21.2324041
            ],
            [
              52.2194593,
              21.2318886
            ],
            [
              52.2194887,
              21.2311818
            ],
            [
              52.2195077,
              21.2307312
            ],
            [
              52.2195236,
              21.23046
            ],
            [
              52.2195264,
              21.2303474
            ]
          ]
        ]
      }
    },
    {
      "type": "Feature",
      "properties": {
        "name": "Objazdowa",
        "highway": "residential"
      },
      "geometry": {
        "type": "MultiLineString",
        "coordinates": [
          [
            [
              52.22413,
              21.2104476
            ],
            [
              52.2242276,
              21.2104497
            ]
          ],
          [
            [
              52.2251214,
              21.2138794
            ],
            [
              52.225257,
              21.21052
            ],
            [
              52.2252824,
              21.2099445
            ],
            [
              52.2252853,
              21.2098798
            ]
          ],
          [
            [
              52.2242276,
              21.2104497
            ],
            [
              52.2243309,
              21.2104568
            ],
            [
              52.225257,
              21.21052
            ]
          ],
          [
            [
              52.2250987,
              21.2142982
            ],
            [
              52.2251214,
              21.2138794
            ]
          ]
        ]
      }
    },
    {
      "type": "Feature",
      "properties": {
        "name": "Rondo Mansweta Śmigielskiego",
        "highway": "tertiary"
      },
      "geometry": {
        "type": "MultiLineString",
        "coordinates": [
          [
            [
              52.247011,
              21.1888151
            ],
            [
              52.2470071,
              21.188803
            ],
            [
              52.2470039,
              21.1887904
            ],
            [
              52.2470013,
              21.1887774
            ],
            [
              52.2469995,
              21.188764
            ],
            [
              52.2469984,
              21.1887505
            ],
            [
              52.246998,
              21.1887368
            ],
            [
              52.2469983,
              21.1887231
            ],
            [
              52.2469994,
              21.1887096
            ],
            [
              52.2470012,
              21.1886962
            ],
            [
              52.2470037,
              21.1886831
            ],
            [
              52.2470069,
              21.1886705
            ],
            [
              52.2470108,
              21.1886584
            ],
            [
              52.2470153,
              21.1886468
            ],
            [
              52.2470204,
              21.188636
            ],
            [
              52.247026,
              21.1886259
            ],
            [
              52.2470322,
              21.1886167
            ],
            [
              52.2470389,
              21.1886083
            ],
            [
              52.2470459,
              21.188601
            ],
            [
              52.2470534,
              21.1885947
            ],
            [
              52.2470611,
              21.1885895
            ],
            [
              52.2470691,
              21.1885854
            ],
            [
              52.2470773,
              21.1885825
            ],
            [
              52.2470856,
              21.1885808
            ]
          ],
          [
            [
              52.2470856,
              21.1885808
            ],
            [
              52.2470946,
              21.18858
            ],
            [
              52.2471036,
              21.1885804
            ],
            [
              52.2471125,
              21.1885823
            ],
            [
              52.2471213,
              21.1885854
            ],
            [
              52.2471299,
              21.18859
            ],
            [
              52.2471381,
              21.1885958
            ],
            [
              52.247146,
              21.1886028
            ],
            [
              52.2471535,
              21.188611
            ],
            [
              52.2471605,
              21.1886204
            ],
            [
              52.2471669,
              21.1886307
            ],
            [
              52.2471726,
              21.188642
            ],
            [
              52.2471777,
              21.1886541
            ],
            [
              52.2471821,
              21.1886669
            ],
            [
              52.2471858,
              21.1886804
            ],
            [
              52.2471886,
              21.1886943
            ],
            [
              52.2471907,
              21.1887086
            ],
            [
              52.2471919,
              21.1887232
            ],
            [
              52.2471923,
              21.1887379
            ],
            [
              52.2471918,
              21.1887526
            ],
            [
              52.2471905,
              21.1887671
            ],
            [
              52.2471884,
              21.1887814
            ],
            [
              52.2471854,
              21.1887953
            ],
            [
              52.2471817,
              21.1888087
            ],
            [
              52.2471772,
              21.1888215
            ],
            [
              52.247172,
              21.1888335
            ],
            [
              52.2471662,
              21.1888447
            ],
            [
              52.2471597,
              21.1888549
            ],
            [
              52.2471527,
              21.1888641
            ],
            [
              52.2471451,
              21.1888721
            ]
          ],
          [
            [
              52.247011,
              21.1888151
            ],
            [
              52.2470139,
              21.1888237
            ],
            [
              52.2470172,
              21.1888319
            ],
            [
              52.2470208,
              21.1888396
            ],
            [
              52.2470247,
              21.188847
            ],
            [
              52.247029,
              21.188854
            ],
            [
              52.2470334,
              21.1888605
            ],
            [
              52.2470381,
              21.1888666
            ],
            [
              52.2470431,
              21.1888721
            ],
            [
              52.2470482,
              21.1888771
            ],
            [
              52.2470535,
              21.1888816
            ],
            [
              52.247059,
              21.1888855
            ],
            [
              52.2470646,
              21.1888889
            ],
            [
              52.2470704,
              21.1888916
            ],
            [
              52.2470762,
              21.1888938
            ],
            [
              52.2470821,
              21.1888953
            ],
            [
              52.2470881,
              21.1888962
            ],
            [
              52.2470941,
              21.1888966
            ],
            [
              52.2471001,
              21.1888962
            ],
            [
              52.247106,
              21.1888953
            ],
            [
              52.247112,
              21.1888938
            ],
            [
              52.2471178,
              21.1888916
            ],
            [
              52.2471236,
              21.1888888
            ],
            [
              52.2471292,
              21.1888855
            ],
            [
              52.2471347,
              21.1888816
            ],
            [
              52.24714,
              21.1888771
            ],
            [
              52.2471451,
              21.1888721
            ]
          ]
        ]
      }
    },
    {
      "type": "Feature",
      "properties": {
        "name": "Szymona Konarskiego",
        "highway": "residential"
      },
      "geometry": {
        "type": "MultiLineString",
        "coordinates": [
          [
            [
              52.2362776,
              21.2332028
            ],
            [
              52.2377755,
              21.2334107
            ]
          ]
        ]
      }
    },
    {
      "type": "Feature",
      "properties": {
        "name": "Juliusza Słowackiego",
        "highway": "residential"
      },
      "geometry": {
        "type": "MultiLineString",
        "coordinates": [
          [
            [
              52.2416137,
              21.2324632
            ],
            [
              52.241655,
              21.2316168
            ],
            [
              52.2417319,
              21.2301344
            ],
            [
              52.2417874,
              21.2293098
            ],
            [
              52.2418333,
              21.2285948
            ],
            [
              52.2419784,
              21.2263324
            ],
            [
              52.242046,
              21.2258849
            ],
            [
              52.2420718,
              21.2255963
            ],
            [
              52.2421239,
              21.2249946
            ],
            [
              52.242166,
              21.2243565
            ],
            [
              52.2421735,
              21.2239219
            ],
            [
              52.2421693,
              21.2235381
            ],
            [
              52.2421901,
              21.2226419
            ],
            [
              52.2421916,
              21.2225756
            ]
          ],
          [
            [
              52.2425218,
              21.2150137
            ],
            [
              52.2426253,
              21.2127793
            ],
            [
              52.242643,
              21.212153
            ],
            [
              52.242649,
              21.2120475
            ],
            [
              52.2426749,
              21.2112545
            ]
          ],
          [
            [
              52.2421505,
              21.2225703
            ],
            [
              52.2421572,
              21.2224631
            ],
            [
              52.2421689,
              21.2222328
            ],
            [
              52.2421712,
              21.222188
            ],
            [
              52.2422324,
              21.2210201
            ],
            [
              52.2423141,
              21.2193205
            ],
            [
              52.242337,
              21.2188166
            ],
            [
              52.2424019,
              21.2174961
            ],
            [
              52.2424052,
              21.2174227
            ],
            [
              52.2424112,
              21.21729
            ],
            [
              52.2425218,
              21.2150137
            ]
          ],
          [
            [
              52.2426749,
              21.2112545
            ],
            [
              52.2428209,
              21.2082351
            ]
          ]
        ]
      }
    },
    {
      "type": "Feature",
      "properties": {
        "name": "Henryka Sienkiewicza",
        "highway": "residential"
      },
      "geometry": {
        "type": "MultiLineString",
        "coordinates": [
          [
            [
              52.2417319,
              21.2301344
            ],
            [
              52.2434919,
              21.2304212
            ],
            [
              52.2435435,
              21.2304277
            ],
            [
              52.2435836,
              21.2304317
            ],
            [
              52.2436112,
              21.2304265
            ],
            [
              52.2436389,
              21.2304105
            ],
            [
              52.2436765,
              21.2303541
            ]
          ]
        ]
      }
    },
    {
      "type": "Feature",
      "properties": {
        "name": "Grabiny",
        "highway": "residential"
      },
      "geometry": {
        "type": "MultiLineString",
        "coordinates": [
          [
            [
              52.2428794,
              21.2276431
            ],
            [
              52.2437975,
              21.2277662
            ]
          ]
        ]
      }
    },
    {
      "type": "Feature",
      "properties": {
        "name": "Stefana Żeromskiego",
        "highway": "residential"
      },
      "geometry": {
        "type": "MultiLineString",
        "coordinates": [
          [
            [
              52.2432054,
              21.2212201
            ],
            [
              52.2432514,
              21.2202544
            ],
            [
              52.243317,
              21.2190122
            ],
            [
              52.2433199,
              21.2189581
            ],
            [
              52.2433645,
              21.2181282
            ],
            [
              52.2434594,
              21.216203
            ],
            [
              52.2435079,
              21.2152175
            ],
            [
              52.2435111,
              21.215153
            ]
          ],
          [
            [
              52.2431317,
              21.2227153
            ],
            [
              52.2431398,
              21.2225516
            ],
            [
              52.2432054,
              21.2212201
            ]
          ]
        ]
      }
    },
    {
      "type": "Feature",
      "properties": {
        "name": "Tadeusza Kościuszki",
        "highway": "residential"
      },
      "geometry": {
        "type": "MultiLineString",
        "coordinates": [
          [
            [
              52.2442763,
              21.2190902
            ],
            [
              52.2447286,
              21.2191468
            ],
            [
              52.244985,
              21.2191858
            ],
            [
              52.2453301,
              21.2192384
            ],
            [
              52.2457394,
              21.2192929
            ],
            [
              52.2463225,
              21.2193865
            ],
            [
              52.2463693,
              21.219394
            ]
          ],
          [
            [
              52.2364966,
              21.217981
            ],
            [
              52.2369451,
              21.2180259
            ],
            [
              52.237094,
              21.2180481
            ],
            [
              52.2384928,
              21.218257
            ]
          ],
          [
            [
              52.2397104,
              21.2184239
            ],
            [
              52.2403965,
              21.218518
            ]
          ],
          [
            [
              52.2384928,
              21.218257
            ],
            [
              52.2386699,
              21.2182592
            ]
          ],
          [
            [
              52.242337,
              21.2188166
            ],
            [
              52.2424045,
              21.2188259
            ],
            [
              52.2432755,
              21.2189517
            ],
            [
              52.2433199,
              21.2189581
            ],
            [
              52.2438717,
              21.2190322
            ],
            [
              52.2442462,
              21.2190859
            ],
            [
              52.2442763,
              21.2190902
            ]
          ],
          [
            [
              52.2449383,
              21.220265
            ],
            [
              52.244985,
              21.2191858
            ]
          ]
        ]
      }
    },
    {
      "type": "Feature",
      "properties": {
        "name": "Cypriana Kamila Norwida",
        "highway": "living_street"
      },
      "geometry": {
        "type": "MultiLineString",
        "coordinates": [
          [
            [
              52.2422324,
              21.2210201
            ],
            [
              52.2422873,
              21.2210715
            ],
            [
              52.2422992,
              21.2210878
            ],
            [
              52.2431628,
              21.2212139
            ],
            [
              52.2432054,
              21.2212201
            ]
          ],
          [
            [
              52.2403027,
              21.2207137
            ],
            [
              52.2422043,
              21.2209493
            ],
            [
              52.2422324,
              21.2210201
            ]
          ],
          [
            [
              52.2432054,
              21.2212201
            ],
            [
              52.2441321,
              21.2213483
            ],
            [
              52.2441601,
              21.2213522
            ]
          ]
        ]
      }
    },
    {
      "type": "Feature",
      "properties": {
        "name": "Cypriana Godebskiego",
        "highway": "living_street"
      },
      "geometry": {
        "type": "MultiLineString",
        "coordinates": [
          [
            [
              52.2439151,
              21.2257354
            ],
            [
              52.2439544,
              21.225741
            ],
            [
              52.2441125,
              21.2257636
            ],
            [
              52.2443519,
              21.2257767
            ],
            [
              52.2446571,
              21.2257502
            ],
            [
              52.2447984,
              21.2257256
            ],
            [
              52.2449148,
              21.2256703
            ],
            [
              52.2450673,
              21.2255677
            ],
            [
              52.2452368,
              21.2254285
            ],
            [
              52.2454377,
              21.2252492
            ],
            [
              52.2455041,
              21.2251969
            ],
            [
              52.245585,
              21.2251727
            ],
            [
              52.2456676,
              21.2251717
            ],
            [
              52.2457837,
              21.2251909
            ],
            [
              52.2460162,
              21.2252283
            ],
            [
              52.2460422,
              21.2252325
            ]
          ],
          [
            [
              52.2443519,
              21.2257767
            ],
            [
              52.244331,
              21.2260413
            ],
            [
              52.2443002,
              21.2264503
            ],
            [
              52.2442885,
              21.2266904
            ],
            [
              52.2443005,
              21.2268835
            ],
            [
              52.2443182,
              21.2269767
            ],
            [
              52.244383,
              21.2272058
            ],
            [
              52.2444606,
              21.2274383
            ],
            [
              52.2445205,
              21.2275855
            ],
            [
              52.244604,
              21.227735
            ],
            [
              52.2447113,
              21.2278621
            ],
            [
              52.2449579,
              21.2275886
            ],
            [
              52.2452269,
              21.2272426
            ],
            [
              52.2454975,
              21.2268605
            ],
            [
              52.2456516,
              21.2266349
            ],
            [
              52.2457793,
              21.2264114
            ],
            [
              52.2458216,
              21.2262445
            ],
            [
              52.2458428,
              21.2260831
            ],
            [
              52.2458556,
              21.2258436
            ],
            [
              52.245846,
              21.2256545
            ],
            [
              52.2458269,
              21.2254966
            ],
            [
              52.2457837,
              21.2251909
            ]
          ],
          [
            [
              52.2443182,
              21.2269767
            ],
            [
              52.2447039,
              21.226831
            ]
          ],
          [
            [
              52.2447113,
              21.2278621
            ],
            [
              52.244705,
              21.2281324
            ],
            [
              52.2447145,
              21.2282122
            ],
            [
              52.2447474,
              21.2282816
            ],
            [
              52.2451969,
              21.2283458
            ]
          ]
        ]
      }
    },
    {
      "type": "Feature",
      "properties": {
        "name": "Dębowa",
        "highway": "residential"
      },
      "geometry": {
        "type": "MultiLineString",
        "coordinates": [
          [
            [
              52.2429452,
              21.2264947
            ],
            [
              52.2431655,
              21.2265013
            ],
            [
              52.2438636,
              21.22663
            ]
          ]
        ]
      }
    },
    {
      "type": "Feature",
      "properties": {
        "name": "Kozia",
        "highway": "residential"
      },
      "geometry": {
        "type": "MultiLineString",
        "coordinates": [
          [
            [
              52.2428196,
              21.2288155
            ],
            [
              52.2431081,
              21.2288453
            ],
            [
              52.2432002,
              21.2287533
            ],
            [
              52.2437475,
              21.2288243
            ]
          ]
        ]
      }
    },
    {
      "type": "Feature",
      "properties": {
        "name": "Literatów",
        "highway": "residential"
      },
      "geometry": {
        "type": "MultiLineString",
        "coordinates": [
          [
            [
              52.2428196,
              21.2288155
            ],
            [
              52.2428794,
              21.2276431
            ],
            [
              52.2429452,
              21.2264947
            ]
          ]
        ]
      }
    },
    {
      "type": "Feature",
      "properties": {
        "name": "Okuniewska",
        "highway": "secondary"
      },
      "geometry": {
        "type": "MultiLineString",
        "coordinates": [
          [
            [
              52.2544502,
              21.2245054
            ],
            [
              52.2544577,
              21.2242882
            ]
          ],
          [
            [
              52.2546746,
              21.2206329
            ],
            [
              52.2550055,
              21.213736
            ],
            [
              52.255261,
              21.2083235
            ],
            [
              52.2556353,
              21.2009324
            ],
            [
              52.2557138,
              21.199215
            ],
            [
              52.2559507,
              21.1935628
            ],
            [
              52.2560332,
              21.1917928
            ],
            [
              52.2560884,
              21.1906078
            ],
            [
              52.2560925,
              21.1905233
            ]
          ],
          [
            [
              52.2544491,
              21.2240246
            ],
            [
              52.2544666,
              21.2239451
            ],
            [
              52.2544741,
              21.2238948
            ],
            [
              52.2544799,
              21.2238328
            ],
            [
              52.2544845,
              21.2237615
            ],
            [
              52.2544903,
              21.2236856
            ],
            [
              52.2545493,
              21.2232761
            ]
          ],
          [
            [
              52.254362,
              21.2272032
            ],
            [
              52.2543794,
              21.2268918
            ],
            [
              52.2544115,
              21.2262455
            ],
            [
              52.2544437,
              21.2255341
            ]
          ],
          [
            [
              52.2540066,
              21.2348078
            ],
            [
              52.2540251,
              21.2344219
            ],
            [
              52.2540292,
              21.2343198
            ],
            [
              52.2540448,
              21.2339566
            ],
            [
              52.2541061,
              21.2326843
            ],
            [
              52.2542122,
              21.2304826
            ],
            [
              52.2542139,
              21.2304464
            ],
            [
              52.2542734,
              21.2291853
            ],
            [
              52.2543539,
              21.2273853
            ],
            [
              52.254362,
              21.2272032
            ]
          ],
          [
            [
              52.2530713,
              21.2546321
            ],
            [
              52.253192,
              21.2521926
            ],
            [
              52.2532225,
              21.251459
            ],
            [
              52.2532734,
              21.2503758
            ],
            [
              52.2535395,
              21.2445839
            ],
            [
              52.2539183,
              21.236638
            ],
            [
              52.2540066,
              21.2348078
            ]
          ],
          [
            [
              52.2545335,
              21.2245144
            ],
            [
              52.2545406,
              21.2244056
            ],
            [
              52.2545466,
              21.224362
            ],
            [
              52.2545574,
              21.2243224
            ],
            [
              52.2545654,
              21.2242868
            ]
          ],
          [
            [
              52.2545493,
              21.2232761
            ],
            [
              52.2545562,
              21.2237034
            ],
            [
              52.2545554,
              21.2237692
            ],
            [
              52.2545537,
              21.2238341
            ],
            [
              52.2545598,
              21.2239185
            ],
            [
              52.2545676,
              21.2239799
            ],
            [
              52.2545725,
              21.2240243
            ]
          ],
          [
            [
              52.2544437,
              21.2255341
            ],
            [
              52.2544693,
              21.2249819
            ],
            [
              52.2544712,
              21.22494
            ]
          ],
          [
            [
              52.2545493,
              21.2232761
            ],
            [
              52.2545507,
              21.2232443
            ],
            [
              52.25458,
              21.2225749
            ]
          ],
          [
            [
              52.25458,
              21.2225749
            ],
            [
              52.2546243,
              21.2216568
            ],
            [
              52.2546746,
              21.2206329
            ]
          ],
          [
            [
              52.25445,
              21.2246507
            ],
            [
              52.2544712,
              21.22494
            ]
          ],
          [
            [
              52.2544712,
              21.22494
            ],
            [
              52.2545265,
              21.2246311
            ]
          ],
          [
            [
              52.2544502,
              21.2245054
            ],
            [
              52.25445,
              21.2246507
            ]
          ],
          [
            [
              52.2545265,
              21.2246311
            ],
            [
              52.2545335,
              21.2245144
            ]
          ]
        ]
      }
    },
    {
      "type": "Feature",
      "properties": {
        "name": "Rondo Pułkownika Józefa Kleibera",
        "highway": "secondary"
      },
      "geometry": {
        "type": "MultiLineString",
        "coordinates": [
          [
            [
              52.2545654,
              21.2242868
            ],
            [
              52.2545985,
              21.224228
            ],
            [
              52.2546084,
              21.2241832
            ],
            [
              52.2546098,
              21.2241358
            ],
            [
              52.2546028,
              21.2240896
            ],
            [
              52.2545878,
              21.2240488
            ],
            [
              52.2545725,
              21.2240243
            ]
          ],
          [
            [
              52.2544491,
              21.2240246
            ],
            [
              52.2544719,
              21.2240025
            ],
            [
              52.2544975,
              21.223991
            ],
            [
              52.254524,
              21.2239909
            ],
            [
              52.2545496,
              21.2240023
            ],
            [
              52.2545725,
              21.2240243
            ]
          ],
          [
            [
              52.2544577,
              21.2242882
            ],
            [
              52.2544836,
              21.2243071
            ],
            [
              52.2545117,
              21.2243134
            ],
            [
              52.2545397,
              21.2243064
            ],
            [
              52.2545654,
              21.2242868
            ]
          ],
          [
            [
              52.2544212,
              21.2242209
            ],
            [
              52.2544119,
              21.2241648
            ],
            [
              52.2544154,
              21.2241069
            ],
            [
              52.2544312,
              21.2240548
            ]
          ],
          [
            [
              52.2544212,
              21.2242209
            ],
            [
              52.2544365,
              21.2242587
            ],
            [
              52.2544577,
              21.2242882
            ]
          ],
          [
            [
              52.2544312,
              21.2240548
            ],
            [
              52.2544491,
              21.2240246
            ]
          ]
        ]
      }
    },
    {
      "type": "Feature",
      "properties": {
        "name": "Długa",
        "highway": "residential"
      },
      "geometry": {
        "type": "MultiLineString",
        "coordinates": [
          [
            [
              52.2498724,
              21.1914033
            ],
            [
              52.249982,
              21.1917379
            ],
            [
              52.2507501,
              21.1941953
            ],
            [
              52.251116,
              21.1953765
            ],
            [
              52.2512864,
              21.1959595
            ],
            [
              52.2515385,
              21.1968224
            ],
            [
              52.2516453,
              21.1971878
            ],
            [
              52.2519166,
              21.1983628
            ],
            [
              52.2520385,
              21.1988709
            ],
            [
              52.2522872,
              21.200002
            ]
          ],
          [
            [
              52.2522872,
              21.200002
            ],
            [
              52.2523873,
              21.2004073
            ],
            [
              52.2525239,
              21.2010145
            ],
            [
              52.2529559,
              21.2029355
            ]
          ],
          [
            [
              52.2488317,
              21.1870816
            ],
            [
              52.2491013,
              21.1882043
            ],
            [
              52.2493195,
              21.1891177
            ],
            [
              52.2497451,
              21.1909363
            ],
            [
              52.2498724,
              21.1914033
            ]
          ],
          [
            [
              52.2480906,
              21.183761
            ],
            [
              52.2482812,
              21.1845957
            ],
            [
              52.2484746,
              21.1854516
            ],
            [
              52.2486537,
              21.186253
            ],
            [
              52.2488317,
              21.1870816
            ]
          ]
        ]
      }
    },
    {
      "type": "Feature",
      "properties": {
        "name": "Stefana Czarnieckiego",
        "highway": "residential"
      },
      "geometry": {
        "type": "MultiLineString",
        "coordinates": [
          [
            [
              52.2497896,
              21.2391085
            ],
            [
              52.2498702,
              21.2391169
            ],
            [
              52.2500721,
              21.2391381
            ],
            [
              52.2503679,
              21.2391694
            ],
            [
              52.2505401,
              21.2391876
            ],
            [
              52.2512123,
              21.239277
            ],
            [
              52.2518588,
              21.2393689
            ]
          ],
          [
            [
              52.2520591,
              21.2393975
            ],
            [
              52.2528946,
              21.2394994
            ],
            [
              52.2530043,
              21.2395154
            ]
          ],
          [
            [
              52.2518588,
              21.2393689
            ],
            [
              52.2518801,
              21.2393719
            ],
            [
              52.2519587,
              21.2393851
            ],
            [
              52.2520591,
              21.2393975
            ]
          ]
        ]
      }
    },
    {
      "type": "Feature",
      "properties": {
        "name": "Marii Konopnickiej",
        "highway": "residential"
      },
      "geometry": {
        "type": "MultiLineString",
        "coordinates": [
          [
            [
              52.2501277,
              21.2316433
            ],
            [
              52.2501805,
              21.2316494
            ],
            [
              52.2507178,
              21.2317047
            ]
          ],
          [
            [
              52.2507015,
              21.2320393
            ],
            [
              52.2507178,
              21.2317047
            ],
            [
              52.2509028,
              21.2275888
            ]
          ]
        ]
      }
    },
    {
      "type": "Feature",
      "properties": {
        "name": "Lipowa",
        "highway": "residential"
      },
      "geometry": {
        "type": "MultiLineString",
        "coordinates": [
          [
            [
              52.2493233,
              21.2490654
            ],
            [
              52.2493783,
              21.2490815
            ],
            [
              52.2503869,
              21.2492058
            ],
            [
              52.2504185,
              21.2492097
            ],
            [
              52.25142,
              21.24933
            ],
            [
              52.2515017,
              21.2493398
            ]
          ],
          [
            [
              52.2454707,
              21.248141
            ],
            [
              52.2456474,
              21.2481319
            ],
            [
              52.2460362,
              21.248224
            ],
            [
              52.2471261,
              21.2484892
            ],
            [
              52.2474205,
              21.2485584
            ]
          ],
          [
            [
              52.2515987,
              21.2493516
            ],
            [
              52.2517116,
              21.2493653
            ],
            [
              52.2517891,
              21.2493747
            ],
            [
              52.2518945,
              21.2493875
            ],
            [
              52.2520009,
              21.2494004
            ],
            [
              52.2520873,
              21.2494109
            ],
            [
              52.2523373,
              21.2494412
            ],
            [
              52.2524816,
              21.2494587
            ],
            [
              52.2526149,
              21.249475
            ]
          ],
          [
            [
              52.2474205,
              21.2485584
            ],
            [
              52.2491904,
              21.249013
            ],
            [
              52.2492067,
              21.2490206
            ],
            [
              52.2493233,
              21.2490654
            ]
          ],
          [
            [
              52.2515017,
              21.2493398
            ],
            [
              52.2515987,
              21.2493516
            ]
          ]
        ]
      }
    },
    {
      "type": "Feature",
      "properties": {
        "name": "111 Eskadry Myśliwskiej",
        "highway": "service"
      },
      "geometry": {
        "type": "MultiLineString",
        "coordinates": [
          [
            [
              52.255261,
              21.2083235
            ],
            [
              52.2569516,
              21.208475
            ],
            [
              52.2582653,
              21.2085939
            ],
            [
              52.2588612,
              21.208663
            ],
            [
              52.2595373,
              21.2087468
            ],
            [
              52.2603033,
              21.2088127
            ]
          ]
        ]
      }
    },
    {
      "type": "Feature",
      "properties": {
        "name": "Wiejska",
        "highway": "service"
      },
      "geometry": {
        "type": "MultiLineString",
        "coordinates": [
          [
            [
              52.2230982,
              21.2475288
            ],
            [
              52.2230796,
              21.2474298
            ],
            [
              52.2230827,
              21.247158
            ],
            [
              52.2230852,
              21.2470647
            ],
            [
              52.2230998,
              21.2470287
            ],
            [
              52.2231331,
              21.246997
            ],
            [
              52.2231751,
              21.2470036
            ],
            [
              52.2233169,
              21.2469836
            ],
            [
              52.2242109,
              21.2470601
            ]
          ]
        ]
      }
    },
    {
      "type": "Feature",
      "properties": {
        "name": "Łąkowa",
        "highway": "residential"
      },
      "geometry": {
        "type": "MultiLineString",
        "coordinates": [
          [
            [
              52.2241408,
              21.2476428
            ],
            [
              52.2271085,
              21.2478741
            ],
            [
              52.2273145,
              21.2478866
            ],
            [
              52.2275255,
              21.2479358
            ],
            [
              52.2283913,
              21.2480067
            ],
            [
              52.2284944,
              21.2480357
            ],
            [
              52.2298552,
              21.2481389
            ]
          ],
          [
            [
              52.2230982,
              21.2475288
            ],
            [
              52.2241408,
              21.2476428
            ]
          ]
        ]
      }
    },
    {
      "type": "Feature",
      "properties": {
        "name": "Baśniowa",
        "highway": "residential"
      },
      "geometry": {
        "type": "MultiLineString",
        "coordinates": [
          [
            [
              52.2523934,
              21.2301944
            ],
            [
              52.2527206,
              21.2302271
            ],
            [
              52.2527897,
              21.230186
            ],
            [
              52.2531551,
              21.2302261
            ]
          ]
        ]
      }
    },
    {
      "type": "Feature",
      "properties": {
        "name": "Boczna",
        "highway": "residential"
      },
      "geometry": {
        "type": "MultiLineString",
        "coordinates": [
          [
            [
              52.2513291,
              21.2314244
            ],
            [
              52.251412,
              21.2314341
            ],
            [
              52.2522473,
              21.2315272
            ],
            [
              52.2523265,
              21.231534
            ]
          ]
        ]
      }
    },
    {
      "type": "Feature",
      "properties": {
        "name": "Jaśminowa",
        "highway": "residential"
      },
      "geometry": {
        "type": "MultiLineString",
        "coordinates": [
          [
            [
              52.2530437,
              21.2292658
            ],
            [
              52.2534521,
              21.2293175
            ],
            [
              52.253474,
              21.2293204
            ],
            [
              52.2534901,
              21.2293127
            ],
            [
              52.2535016,
              21.2292901
            ],
            [
              52.2535115,
              21.2292482
            ],
            [
              52.2535212,
              21.2289351
            ],
            [
              52.2535264,
              21.2289029
            ],
            [
              52.2535364,
              21.2288571
            ],
            [
              52.253549,
              21.2288291
            ],
            [
              52.2535885,
              21.2288016
            ],
            [
              52.2536526,
              21.2287783
            ]
          ]
        ]
      }
    },
    {
      "type": "Feature",
      "properties": {
        "name": "Modrzewiowa",
        "highway": "residential"
      },
      "geometry": {
        "type": "MultiLineString",
        "coordinates": [
          [
            [
              52.2509465,
              21.2384261
            ],
            [
              52.2509755,
              21.2377772
            ],
            [
              52.2510747,
              21.2360209
            ],
            [
              52.2510858,
              21.2357673
            ]
          ],
          [
            [
              52.2505999,
              21.2342755
            ],
            [
              52.2506018,
              21.2342593
            ],
            [
              52.2506053,
              21.2342473
            ],
            [
              52.2506119,
              21.2342353
            ],
            [
              52.2506209,
              21.2342252
            ],
            [
              52.2506305,
              21.2342196
            ],
            [
              52.2506386,
              21.2342189
            ],
            [
              52.2511192,
              21.2342793
            ],
            [
              52.2511346,
              21.2342755
            ],
            [
              52.2511445,
              21.2342654
            ],
            [
              52.2511574,
              21.2342442
            ],
            [
              52.251163,
              21.2342218
            ],
            [
              52.2511857,
              21.2336251
            ],
            [
              52.25121,
              21.2329424
            ],
            [
              52.2512125,
              21.2328778
            ]
          ]
        ]
      }
    },
    {
      "type": "Feature",
      "properties": {
        "name": "Władysława Syrokomli",
        "highway": "living_street"
      },
      "geometry": {
        "type": "MultiLineString",
        "coordinates": [
          [
            [
              52.2503679,
              21.2391694
            ],
            [
              52.2504031,
              21.2384696
            ],
            [
              52.2504585,
              21.2373403
            ],
            [
              52.2505094,
              21.2362089
            ],
            [
              52.2505521,
              21.2353396
            ],
            [
              52.2505999,
              21.2342755
            ]
          ]
        ]
      }
    },
    {
      "type": "Feature",
      "properties": {
        "name": "Wrzosowa",
        "highway": "residential"
      },
      "geometry": {
        "type": "MultiLineString",
        "coordinates": [
          [
            [
              52.2509755,
              21.2377772
            ],
            [
              52.2519861,
              21.237899
            ],
            [
              52.2520245,
              21.2379065
            ]
          ]
        ]
      }
    },
    {
      "type": "Feature",
      "properties": {
        "name": "Aleksandra Kostki Napierskiego",
        "highway": "residential"
      },
      "geometry": {
        "type": "MultiLineString",
        "coordinates": [
          [
            [
              52.2503131,
              21.2521285
            ],
            [
              52.2503365,
              21.2514372
            ],
            [
              52.2503389,
              21.2513586
            ],
            [
              52.2503692,
              21.2503494
            ],
            [
              52.2504185,
              21.2492097
            ],
            [
              52.2505674,
              21.2460862
            ],
            [
              52.2505859,
              21.2456799
            ],
            [
              52.2506113,
              21.2451454
            ],
            [
              52.2506519,
              21.244296
            ],
            [
              52.2506555,
              21.2442215
            ]
          ]
        ]
      }
    },
    {
      "type": "Feature",
      "properties": {
        "name": "Józefa Dwernickiego",
        "highway": "residential"
      },
      "geometry": {
        "type": "MultiLineString",
        "coordinates": [
          [
            [
              52.2509716,
              21.2442652
            ],
            [
              52.2509746,
              21.2442032
            ],
            [
              52.2510713,
              21.2421989
            ],
            [
              52.2511297,
              21.2409618
            ],
            [
              52.2512087,
              21.2393538
            ],
            [
              52.2512123,
              21.239277
            ]
          ]
        ]
      }
    },
    {
      "type": "Feature",
      "properties": {
        "name": "Kubusia Puchatka",
        "highway": "residential"
      },
      "geometry": {
        "type": "MultiLineString",
        "coordinates": [
          [
            [
              52.249335,
              21.2309885
            ],
            [
              52.2500756,
              21.2310885
            ],
            [
              52.2501598,
              21.2310999
            ]
          ]
        ]
      }
    },
    {
      "type": "Feature",
      "properties": {
        "name": "Stefana Starzyńskiego",
        "highway": "residential"
      },
      "geometry": {
        "type": "MultiLineString",
        "coordinates": [
          [
            [
              52.2503012,
              21.2441705
            ],
            [
              52.2503039,
              21.2441024
            ],
            [
              52.2503163,
              21.2437964
            ],
            [
              52.2503359,
              21.2433569
            ],
            [
              52.250413,
              21.2417096
            ],
            [
              52.2504499,
              21.240961
            ],
            [
              52.2505366,
              21.2392557
            ],
            [
              52.2505401,
              21.2391876
            ]
          ]
        ]
      }
    },
    {
      "type": "Feature",
      "properties": {
        "name": "Adama Asnyka",
        "highway": "residential"
      },
      "geometry": {
        "type": "MultiLineString",
        "coordinates": [
          [
            [
              52.245512,
              21.2154219
            ],
            [
              52.2455244,
              21.215281
            ],
            [
              52.2456914,
              21.2120849
            ]
          ],
          [
            [
              52.2453301,
              21.2192384
            ],
            [
              52.2453728,
              21.2183063
            ],
            [
              52.2454259,
              21.2174763
            ],
            [
              52.2454736,
              21.2165627
            ],
            [
              52.2454952,
              21.2160975
            ],
            [
              52.245487,
              21.2159892
            ],
            [
              52.2454598,
              21.2158598
            ],
            [
              52.2454474,
              21.2157599
            ],
            [
              52.2454408,
              21.2156603
            ],
            [
              52.2454643,
              21.2155677
            ],
            [
              52.2454858,
              21.2154752
            ],
            [
              52.245512,
              21.2154219
            ]
          ],
          [
            [
              52.2457159,
              21.2116168
            ],
            [
              52.2457182,
              21.2115744
            ],
            [
              52.2458325,
              21.2094836
            ]
          ],
          [
            [
              52.2456914,
              21.2120849
            ],
            [
              52.2457159,
              21.2116168
            ]
          ]
        ]
      }
    },
    {
      "type": "Feature",
      "properties": {
        "name": "Juliana Tuwima",
        "highway": "residential"
      },
      "geometry": {
        "type": "MultiLineString",
        "coordinates": [
          [
            [
              52.2426253,
              21.2127793
            ],
            [
              52.2426794,
              21.2127824
            ],
            [
              52.244582,
              21.213013
            ]
          ]
        ]
      }
    },
    {
      "type": "Feature",
      "properties": {
        "name": "Zaciszna",
        "highway": "living_street"
      },
      "geometry": {
        "type": "MultiLineString",
        "coordinates": [
          [
            [
              52.2432448,
              21.2080776
            ],
            [
              52.2433132,
              21.2043379
            ]
          ]
        ]
      }
    },
    {
      "type": "Feature",
      "properties": {
        "name": "1 Maja",
        "highway": "residential"
      },
      "geometry": {
        "type": "MultiLineString",
        "coordinates": [
          [
            [
              52.2444405,
              21.2159103
            ],
            [
              52.245246,
              21.2160533
            ],
            [
              52.2454952,
              21.2160975
            ],
            [
              52.2458282,
              21.2161344
            ],
            [
              52.245858,
              21.2154833
            ]
          ]
        ]
      }
    },
    {
      "type": "Feature",
      "properties": {
        "name": "Bolesława Prusa",
        "highway": "residential"
      },
      "geometry": {
        "type": "MultiLineString",
        "coordinates": [
          [
            [
              52.2364053,
              21.2218746
            ],
            [
              52.236354,
              21.2217687
            ],
            [
              52.2363316,
              21.2216902
            ],
            [
              52.236326,
              21.2216395
            ],
            [
              52.2363216,
              21.221599
            ],
            [
              52.2363211,
              21.221519
            ],
            [
              52.236364,
              21.2207741
            ],
            [
              52.2364966,
              21.217981
            ],
            [
              52.2365278,
              21.2170761
            ],
            [
              52.2365691,
              21.2160822
            ],
            [
              52.2365896,
              21.2155492
            ],
            [
              52.2366921,
              21.2134184
            ],
            [
              52.2367304,
              21.2126218
            ],
            [
              52.2367626,
              21.212341
            ],
            [
              52.2367927,
              21.211319
            ],
            [
              52.2368338,
              21.2104148
            ]
          ],
          [
            [
              52.2368338,
              21.2104148
            ],
            [
              52.2368595,
              21.2099562
            ],
            [
              52.2369103,
              21.2093323
            ],
            [
              52.2370066,
              21.2085081
            ],
            [
              52.2371951,
              21.2062381
            ],
            [
              52.2373038,
              21.2052107
            ],
            [
              52.2373268,
              21.2049186
            ],
            [
              52.237454,
              21.203185
            ],
            [
              52.2374714,
              21.2029567
            ],
            [
              52.237488,
              21.2027595
            ],
            [
              52.2374994,
              21.2025773
            ],
            [
              52.2375143,
              21.2022408
            ]
          ],
          [
            [
              52.2365209,
              21.2477548
            ],
            [
              52.2365095,
              21.2480526
            ],
            [
              52.2365346,
              21.2482902
            ],
            [
              52.2366603,
              21.2489928
            ],
            [
              52.236715,
              21.2491662
            ],
            [
              52.2368271,
              21.2493645
            ],
            [
              52.2371159,
              21.2499328
            ],
            [
              52.2375078,
              21.25069
            ],
            [
              52.2376793,
              21.2510213
            ],
            [
              52.2379332,
              21.2515119
            ],
            [
              52.2381965,
              21.2522324
            ]
          ]
        ]
      }
    },
    {
      "type": "Feature",
      "properties": {
        "name": "Leśna",
        "highway": "residential"
      },
      "geometry": {
        "type": "MultiLineString",
        "coordinates": [
          [
            [
              52.2277145,
              21.2114722
            ],
            [
              52.2277865,
              21.2098008
            ],
            [
              52.2278034,
              21.209358
            ],
            [
              52.2278094,
              21.2092012
            ],
            [
              52.2278305,
              21.2086493
            ],
            [
              52.2278642,
              21.2084001
            ],
            [
              52.2278779,
              21.2082461
            ],
            [
              52.2278898,
              21.2080027
            ],
            [
              52.2278734,
              21.2077698
            ]
          ]
        ]
      }
    },
    {
      "type": "Feature",
      "properties": {
        "name": "Konwaliowa",
        "highway": "residential"
      },
      "geometry": {
        "type": "MultiLineString",
        "coordinates": [
          [
            [
              52.2142018,
              21.2417559
            ],
            [
              52.214208,
              21.2415861
            ],
            [
              52.21421,
              21.2415302
            ],
            [
              52.214219,
              21.241286
            ]
          ],
          [
            [
              52.2143135,
              21.2385002
            ],
            [
              52.2143416,
              21.2385009
            ],
            [
              52.2143796,
              21.2385035
            ],
            [
              52.214635,
              21.238521
            ],
            [
              52.2146814,
              21.238467
            ],
            [
              52.2146884,
              21.2383154
            ]
          ],
          [
            [
              52.2142861,
              21.2392297
            ],
            [
              52.2142889,
              21.2391303
            ],
            [
              52.2142985,
              21.2388598
            ],
            [
              52.2143135,
              21.2385002
            ],
            [
              52.2143206,
              21.2383123
            ],
            [
              52.2143197,
              21.2382433
            ],
            [
              52.2143139,
              21.2381762
            ],
            [
              52.2143019,
              21.238025
            ],
            [
              52.2142996,
              21.2379663
            ],
            [
              52.2142996,
              21.2378979
            ],
            [
              52.2143047,
              21.2377526
            ]
          ],
          [
            [
              52.2139001,
              21.2459256
            ],
            [
              52.213905,
              21.2458083
            ],
            [
              52.2139115,
              21.2456509
            ],
            [
              52.2140632,
              21.2452026
            ],
            [
              52.2140728,
              21.245162
            ],
            [
              52.2140789,
              21.2451279
            ],
            [
              52.2140937,
              21.2447395
            ],
            [
              52.2141217,
              21.2440038
            ]
          ],
          [
            [
              52.2143047,
              21.2377526
            ],
            [
              52.2143092,
              21.2376164
            ]
          ],
          [
            [
              52.2141268,
              21.2438692
            ],
            [
              52.2141308,
              21.2437556
            ],
            [
              52.2141329,
              21.2436975
            ]
          ],
          [
            [
              52.2141217,
              21.2440038
            ],
            [
              52.2141268,
              21.2438692
            ]
          ],
          [
            [
              52.2142668,
              21.2398888
            ],
            [
              52.2142811,
              21.2393908
            ],
            [
              52.2142861,
              21.2392297
            ]
          ],
          [
            [
              52.214219,
              21.241286
            ],
            [
              52.2142551,
              21.2402523
            ]
          ],
          [
            [
              52.2142551,
              21.2402523
            ],
            [
              52.2142564,
              21.2402159
            ],
            [
              52.2142617,
              21.2400655
            ],
            [
              52.2142656,
              21.2399297
            ],
            [
              52.2142668,
              21.2398888
            ]
          ],
          [
            [
              52.2141329,
              21.2436975
            ],
            [
              52.2142018,
              21.2417559
            ]
          ]
        ]
      }
    },
    {
      "type": "Feature",
      "properties": {
        "name": "Dzwoneczka",
        "highway": "residential"
      },
      "geometry": {
        "type": "MultiLineString",
        "coordinates": [
          [
            [
              52.2139584,
              21.233094
            ],
            [
              52.2144127,
              21.2331239
            ],
            [
              52.2145023,
              21.2331321
            ]
          ],
          [
            [
              52.2145023,
              21.2331321
            ],
            [
              52.2150017,
              21.233179
            ]
          ]
        ]
      }
    },
    {
      "type": "Feature",
      "properties": {
        "name": "Marii Rodziewiczówny",
        "highway": "residential"
      },
      "geometry": {
        "type": "MultiLineString",
        "coordinates": [
          [
            [
              52.2181575,
              21.2523807
            ],
            [
              52.2200537,
              21.2506118
            ],
            [
              52.2201032,
              21.2504655
            ],
            [
              52.2201281,
              21.2499199
            ]
          ]
        ]
      }
    },
    {
      "type": "Feature",
      "properties": {
        "name": "Korzeniowa",
        "highway": "residential"
      },
      "geometry": {
        "type": "MultiLineString",
        "coordinates": [
          [
            [
              52.2282094,
              21.2435919
            ],
            [
              52.2281985,
              21.2441551
            ],
            [
              52.2281814,
              21.2446686
            ],
            [
              52.2283693,
              21.2446895
            ]
          ],
          [
            [
              52.2291467,
              21.244776
            ],
            [
              52.2303378,
              21.2449086
            ]
          ],
          [
            [
              52.2283693,
              21.2446895
            ],
            [
              52.2291467,
              21.244776
            ]
          ]
        ]
      }
    },
    {
      "type": "Feature",
      "properties": {
        "name": "Księdza Józefa Iwaniuka",
        "highway": "residential"
      },
      "geometry": {
        "type": "MultiLineString",
        "coordinates": [
          [
            [
              52.2282094,
              21.2435919
            ],
            [
              52.2301313,
              21.2437853
            ]
          ]
        ]
      }
    },
    {
      "type": "Feature",
      "properties": {
        "name": "Polanki",
        "highway": "residential"
      },
      "geometry": {
        "type": "MultiLineString",
        "coordinates": [
          [
            [
              52.2285728,
              21.2460839
            ],
            [
              52.2290312,
              21.2461552
            ],
            [
              52.2291455,
              21.2462479
            ],
            [
              52.2292026,
              21.2462545
            ],
            [
              52.2294048,
              21.2461695
            ],
            [
              52.2303947,
              21.2462706
            ]
          ]
        ]
      }
    },
    {
      "type": "Feature",
      "properties": {
        "name": "Wiślana",
        "highway": "residential"
      },
      "geometry": {
        "type": "MultiLineString",
        "coordinates": [
          [
            [
              52.2246074,
              21.2415164
            ],
            [
              52.2267605,
              21.2416834
            ]
          ]
        ]
      }
    },
    {
      "type": "Feature",
      "properties": {
        "name": "Fraszka",
        "highway": "residential"
      },
      "geometry": {
        "type": "MultiLineString",
        "coordinates": [
          [
            [
              52.2190892,
              21.250621
            ],
            [
              52.2193297,
              21.2504029
            ],
            [
              52.219528,
              21.250214
            ],
            [
              52.2195721,
              21.2501674
            ],
            [
              52.2196027,
              21.2501235
            ],
            [
              52.2196249,
              21.2500024
            ],
            [
              52.219631,
              21.2498629
            ]
          ]
        ]
      }
    },
    {
      "type": "Feature",
      "properties": {
        "name": "Franciszka Żwirki",
        "highway": "residential"
      },
      "geometry": {
        "type": "MultiLineString",
        "coordinates": [
          [
            [
              52.2376926,
              21.2351274
            ],
            [
              52.2377082,
              21.2351857
            ],
            [
              52.237739,
              21.2352294
            ],
            [
              52.2377714,
              21.2352599
            ],
            [
              52.2378072,
              21.2352696
            ],
            [
              52.2380309,
              21.2351798
            ],
            [
              52.2382452,
              21.2350938
            ],
            [
              52.2382916,
              21.2350752
            ]
          ],
          [
            [
              52.2382916,
              21.2350752
            ],
            [
              52.2386851,
              21.2349172
            ]
          ]
        ]
      }
    },
    {
      "type": "Feature",
      "properties": {
        "name": "Marii Skłodowskiej-Curie",
        "highway": "residential"
      },
      "geometry": {
        "type": "MultiLineString",
        "coordinates": [
          [
            [
              52.2454259,
              21.2174763
            ],
            [
              52.2464065,
              21.2176305
            ],
            [
              52.2464578,
              21.2176386
            ]
          ]
        ]
      }
    },
    {
      "type": "Feature",
      "properties": {
        "name": "Wawerska",
        "highway": "residential"
      },
      "geometry": {
        "type": "MultiLineString",
        "coordinates": [
          [
            [
              52.2243395,
              21.2073172
            ],
            [
              52.2244223,
              21.2073208
            ],
            [
              52.2244534,
              21.2073209
            ],
            [
              52.2246065,
              21.2073216
            ],
            [
              52.2252781,
              21.2073245
            ],
            [
              52.2258044,
              21.2073268
            ],
            [
              52.2261298,
              21.20734
            ]
          ],
          [
            [
              52.2329582,
              21.2175318
            ],
            [
              52.2330129,
              21.2176211
            ],
            [
              52.2330612,
              21.2176728
            ],
            [
              52.2331075,
              21.2177592
            ],
            [
              52.2332679,
              21.2180274
            ],
            [
              52.233595,
              21.2184078
            ],
            [
              52.2337931,
              21.2186693
            ],
            [
              52.2341257,
              21.2190634
            ],
            [
              52.2344007,
              21.2194397
            ],
            [
              52.2348311,
              21.221377
            ],
            [
              52.2348585,
              21.2215481
            ],
            [
              52.2348978,
              21.2217941
            ],
            [
              52.2351302,
              21.2229509
            ],
            [
              52.2351507,
              21.2231104
            ]
          ],
          [
            [
              52.2261298,
              21.20734
            ],
            [
              52.2267195,
              21.2074064
            ],
            [
              52.2275853,
              21.207583
            ],
            [
              52.2277148,
              21.2076158
            ],
            [
              52.2277958,
              21.2076605
            ],
            [
              52.2278734,
              21.2077698
            ],
            [
              52.2280195,
              21.2080243
            ],
            [
              52.22806,
              21.2080949
            ]
          ],
          [
            [
              52.2242407,
              21.2073128
            ],
            [
              52.2243395,
              21.2073172
            ]
          ]
        ]
      }
    },
    {
      "type": "Feature",
      "properties": {
        "name": "Brzozowa",
        "highway": "residential"
      },
      "geometry": {
        "type": "MultiLineString",
        "coordinates": [
          [
            [
              52.2249413,
              21.2337538
            ],
            [
              52.2263734,
              21.2338725
            ],
            [
              52.2281009,
              21.2340193
            ]
          ]
        ]
      }
    },
    {
      "type": "Feature",
      "properties": {
        "name": "Ciasna",
        "highway": "residential"
      },
      "geometry": {
        "type": "MultiLineString",
        "coordinates": [
          [
            [
              52.2491034,
              21.236192
            ],
            [
              52.2499244,
              21.2362901
            ]
          ]
        ]
      }
    },
    {
      "type": "Feature",
      "properties": {
        "name": "Mała",
        "highway": "residential"
      },
      "geometry": {
        "type": "MultiLineString",
        "coordinates": [
          [
            [
              52.2523265,
              21.231534
            ],
            [
              52.2533498,
              21.2316525
            ],
            [
              52.2534556,
              21.2316585
            ]
          ]
        ]
      }
    },
    {
      "type": "Feature",
      "properties": {
        "name": "Nizinna",
        "highway": "residential"
      },
      "geometry": {
        "type": "MultiLineString",
        "coordinates": [
          [
            [
              52.2247583,
              21.2381179
            ],
            [
              52.2253771,
              21.2381711
            ],
            [
              52.2258156,
              21.2382088
            ],
            [
              52.2261392,
              21.2382366
            ],
            [
              52.2262697,
              21.2382527
            ],
            [
              52.2266172,
              21.2382922
            ],
            [
              52.2270115,
              21.2383546
            ],
            [
              52.2271001,
              21.2383649
            ],
            [
              52.2272879,
              21.2383998
            ],
            [
              52.2279459,
              21.2384632
            ],
            [
              52.2279823,
              21.2385007
            ],
            [
              52.2280005,
              21.238565
            ],
            [
              52.2279891,
              21.2393148
            ],
            [
              52.2279877,
              21.2394045
            ],
            [
              52.2279785,
              21.2400093
            ]
          ],
          [
            [
              52.2232417,
              21.2379801
            ],
            [
              52.2232955,
              21.2379866
            ],
            [
              52.223335,
              21.237992
            ],
            [
              52.2233694,
              21.237995
            ]
          ],
          [
            [
              52.2233694,
              21.237995
            ],
            [
              52.224004,
              21.238051
            ],
            [
              52.2247179,
              21.238114
            ],
            [
              52.2247583,
              21.2381179
            ]
          ]
        ]
      }
    },
    {
      "type": "Feature",
      "properties": {
        "name": "Sadowa",
        "highway": "residential"
      },
      "geometry": {
        "type": "MultiLineString",
        "coordinates": [
          [
            [
              52.2246626,
              21.2406897
            ],
            [
              52.2254134,
              21.240748
            ]
          ]
        ]
      }
    },
    {
      "type": "Feature",
      "properties": {
        "name": "Wapienna",
        "highway": "residential"
      },
      "geometry": {
        "type": "MultiLineString",
        "coordinates": [
          [
            [
              52.2172851,
              21.2328815
            ],
            [
              52.2173182,
              21.2320424
            ],
            [
              52.2173335,
              21.231898
            ],
            [
              52.2173414,
              21.2318355
            ],
            [
              52.2173681,
              21.2316464
            ],
            [
              52.2173794,
              21.2314828
            ],
            [
              52.2174133,
              21.2302193
            ],
            [
              52.2174154,
              21.2301352
            ]
          ]
        ]
      }
    },
    {
      "type": "Feature",
      "properties": {
        "name": "Górna",
        "highway": "residential"
      },
      "geometry": {
        "type": "MultiLineString",
        "coordinates": [
          [
            [
              52.2498466,
              21.2260815
            ],
            [
              52.2503362,
              21.2261318
            ],
            [
              52.2504048,
              21.2261388
            ]
          ],
          [
            [
              52.2497946,
              21.2270407
            ],
            [
              52.2498466,
              21.2260815
            ],
            [
              52.2498756,
              21.2253941
            ]
          ]
        ]
      }
    },
    {
      "type": "Feature",
      "properties": {
        "name": "Rondo Emanuela Bułhaka",
        "highway": "tertiary"
      },
      "geometry": {
        "type": "MultiLineString",
        "coordinates": [
          [
            [
              52.2461257,
              21.2230918
            ],
            [
              52.2461279,
              21.2230814
            ],
            [
              52.2461312,
              21.2230718
            ],
            [
              52.2461348,
              21.2230627
            ],
            [
              52.2461388,
              21.2230539
            ],
            [
              52.2461432,
              21.2230456
            ],
            [
              52.2461479,
              21.2230379
            ],
            [
              52.2461529,
              21.2230307
            ],
            [
              52.2461582,
              21.223024
            ],
            [
              52.2461638,
              21.223018
            ],
            [
              52.2461697,
              21.2230126
            ]
          ],
          [
            [
              52.2461209,
              21.2232005
            ],
            [
              52.2461187,
              21.223187
            ],
            [
              52.2461173,
              21.2231733
            ],
            [
              52.2461168,
              21.2231594
            ],
            [
              52.246117,
              21.2231454
            ],
            [
              52.246118,
              21.2231316
            ],
            [
              52.2461198,
              21.2231179
            ],
            [
              52.2461224,
              21.2231046
            ],
            [
              52.2461257,
              21.2230918
            ]
          ],
          [
            [
              52.2461926,
              21.2233144
            ],
            [
              52.246201,
              21.2233168
            ],
            [
              52.2462095,
              21.223318
            ],
            [
              52.246218,
              21.223318
            ],
            [
              52.2462265,
              21.2233168
            ],
            [
              52.2462375,
              21.2233134
            ],
            [
              52.2462481,
              21.223308
            ],
            [
              52.2462584,
              21.2233007
            ],
            [
              52.2462585,
              21.2233006
            ],
            [
              52.246268,
              21.2232914
            ],
            [
              52.2462769,
              21.2232805
            ],
            [
              52.246285,
              21.223268
            ],
            [
              52.2462922,
              21.223254
            ]
          ],
          [
            [
              52.2462327,
              21.2229972
            ],
            [
              52.2462444,
              21.2230014
            ],
            [
              52.2462556,
              21.2230081
            ],
            [
              52.2462662,
              21.223017
            ],
            [
              52.246276,
              21.2230279
            ],
            [
              52.2462849,
              21.2230409
            ],
            [
              52.2462928,
              21.2230555
            ],
            [
              52.2462994,
              21.2230717
            ],
            [
              52.2463048,
              21.223089
            ],
            [
              52.2463087,
              21.2231074
            ]
          ],
          [
            [
              52.2461697,
              21.2230126
            ],
            [
              52.246178,
              21.223006
            ],
            [
              52.2461868,
              21.2230012
            ],
            [
              52.2461958,
              21.2229977
            ],
            [
              52.246205,
              21.2229955
            ],
            [
              52.2462143,
              21.2229947
            ],
            [
              52.2462235,
              21.2229952
            ],
            [
              52.2462327,
              21.2229972
            ]
          ],
          [
            [
              52.2461209,
              21.2232005
            ],
            [
              52.2461251,
              21.223221
            ],
            [
              52.2461309,
              21.2232403
            ],
            [
              52.246134,
              21.2232479
            ],
            [
              52.2461383,
              21.2232582
            ],
            [
              52.2461472,
              21.2232742
            ],
            [
              52.2461573,
              21.2232881
            ],
            [
              52.2461683,
              21.2232995
            ],
            [
              52.2461801,
              21.2233083
            ],
            [
              52.2461926,
              21.2233144
            ]
          ],
          [
            [
              52.2462922,
              21.223254
            ],
            [
              52.2462989,
              21.2232381
            ],
            [
              52.2463042,
              21.2232208
            ],
            [
              52.2463083,
              21.2232027
            ],
            [
              52.2463111,
              21.2231839
            ],
            [
              52.2463125,
              21.2231648
            ],
            [
              52.2463126,
              21.2231454
            ],
            [
              52.2463113,
              21.2231262
            ],
            [
              52.2463087,
              21.2231074
            ]
          ]
        ]
      }
    },
    {
      "type": "Feature",
      "properties": {
        "name": "Grzybowa",
        "highway": "tertiary"
      },
      "geometry": {
        "type": "MultiLineString",
        "coordinates": [
          [
            [
              52.2472508,
              21.1842674
            ],
            [
              52.2480193,
              21.181764
            ],
            [
              52.248227,
              21.1810949
            ],
            [
              52.2483401,
              21.1807154
            ],
            [
              52.2484459,
              21.1803604
            ],
            [
              52.2489148,
              21.1788775
            ],
            [
              52.2495271,
              21.1768658
            ],
            [
              52.2500634,
              21.1751228
            ],
            [
              52.2501308,
              21.1749036
            ],
            [
              52.2502325,
              21.1745805
            ],
            [
              52.250259,
              21.1744935
            ],
            [
              52.2503329,
              21.1742669
            ],
            [
              52.2504534,
              21.1739092
            ],
            [
              52.2506988,
              21.1733222
            ]
          ],
          [
            [
              52.2266125,
              21.2090075
            ],
            [
              52.2266226,
              21.2088492
            ],
            [
              52.226674,
              21.2085947
            ],
            [
              52.2267195,
              21.2074064
            ]
          ]
        ]
      }
    },
    {
      "type": "Feature",
      "properties": {
        "name": "Świętego Antoniego",
        "highway": "residential"
      },
      "geometry": {
        "type": "MultiLineString",
        "coordinates": [
          [
            [
              52.219514,
              21.220332
            ],
            [
              52.2195102,
              21.2204672
            ],
            [
              52.2194947,
              21.2212762
            ],
            [
              52.2194842,
              21.2216259
            ],
            [
              52.2194798,
              21.2220741
            ],
            [
              52.2194853,
              21.2221752
            ],
            [
              52.2195012,
              21.2222961
            ],
            [
              52.219524,
              21.2224665
            ]
          ],
          [
            [
              52.219514,
              21.220332
            ],
            [
              52.2195208,
              21.2200668
            ]
          ],
          [
            [
              52.219524,
              21.2224665
            ],
            [
              52.2195293,
              21.2225316
            ],
            [
              52.2195314,
              21.2225902
            ],
            [
              52.2195347,
              21.2227211
            ]
          ],
          [
            [
              52.2195208,
              21.2200668
            ],
            [
              52.2195235,
              21.2199592
            ]
          ]
        ]
      }
    },
    {
      "type": "Feature",
      "properties": {
        "name": "Hipoteczna",
        "highway": "service"
      },
      "geometry": {
        "type": "MultiLineString",
        "coordinates": [
          [
            [
              52.2218673,
              21.2154386
            ],
            [
              52.2223269,
              21.2154634
            ]
          ]
        ]
      }
    },
    {
      "type": "Feature",
      "properties": {
        "name": "Kasztanowa",
        "highway": "residential"
      },
      "geometry": {
        "type": "MultiLineString",
        "coordinates": [
          [
            [
              52.2515228,
              21.2300813
            ],
            [
              52.2523486,
              21.2301886
            ],
            [
              52.2523934,
              21.2301944
            ]
          ]
        ]
      }
    },
    {
      "type": "Feature",
      "properties": {
        "name": "Mikołaja Kopernika",
        "highway": "service"
      },
      "geometry": {
        "type": "MultiLineString",
        "coordinates": [
          [
            [
              52.2354526,
              21.2159291
            ],
            [
              52.235959,
              21.2157543
            ],
            [
              52.2365896,
              21.2155492
            ]
          ]
        ]
      }
    },
    {
      "type": "Feature",
      "properties": {
        "name": "Józefa Ignacego Kraszewskiego",
        "highway": "residential"
      },
      "geometry": {
        "type": "MultiLineString",
        "coordinates": [
          [
            [
              52.2416487,
              21.2110822
            ],
            [
              52.2417685,
              21.2085641
            ]
          ]
        ]
      }
    },
    {
      "type": "Feature",
      "properties": {
        "name": "Ogrodowa",
        "highway": "living_street"
      },
      "geometry": {
        "type": "MultiLineString",
        "coordinates": [
          [
            [
              52.2522709,
              21.2196763
            ],
            [
              52.2528268,
              21.219749
            ],
            [
              52.2528642,
              21.2197539
            ]
          ]
        ]
      }
    },
    {
      "type": "Feature",
      "properties": {
        "name": "Olchy",
        "highway": "residential"
      },
      "geometry": {
        "type": "MultiLineString",
        "coordinates": [
          [
            [
              52.2155152,
              21.2305482
            ],
            [
              52.2155379,
              21.2299519
            ]
          ]
        ]
      }
    },
    {
      "type": "Feature",
      "properties": {
        "name": "Sasanki",
        "highway": "residential"
      },
      "geometry": {
        "type": "MultiLineString",
        "coordinates": [
          [
            [
              52.2143762,
              21.2449376
            ],
            [
              52.2143803,
              21.2448319
            ],
            [
              52.2145249,
              21.2443594
            ],
            [
              52.2145355,
              21.2440651
            ]
          ],
          [
            [
              52.2145355,
              21.2440651
            ],
            [
              52.2145412,
              21.243905
            ]
          ]
        ]
      }
    },
    {
      "type": "Feature",
      "properties": {
        "name": "Spokojna",
        "highway": "residential"
      },
      "geometry": {
        "type": "MultiLineString",
        "coordinates": [
          [
            [
              52.2493549,
              21.2243398
            ],
            [
              52.2499564,
              21.2244103
            ],
            [
              52.250404,
              21.2244676
            ],
            [
              52.2504716,
              21.2244766
            ]
          ]
        ]
      }
    },
    {
      "type": "Feature",
      "properties": {
        "name": "Wydmowa",
        "highway": "residential"
      },
      "geometry": {
        "type": "MultiLineString",
        "coordinates": [
          [
            [
              52.2145023,
              21.2224043
            ],
            [
              52.2145504,
              21.2204758
            ],
            [
              52.2145646,
              21.2194978
            ]
          ]
        ]
      }
    },
    {
      "type": "Feature",
      "properties": {
        "name": "Aleja Dzieci Polskich",
        "highway": "tertiary"
      },
      "geometry": {
        "type": "MultiLineString",
        "coordinates": [
          [
            [
              52.2116516,
              21.2127268
            ],
            [
              52.211755,
              21.2129598
            ],
            [
              52.2121388,
              21.2138346
            ],
            [
              52.2123073,
              21.2142359
            ],
            [
              52.2125787,
              21.214912
            ],
            [
              52.2127279,
              21.2152817
            ],
            [
              52.2129152,
              21.2156834
            ],
            [
              52.2129935,
              21.2158286
            ]
          ]
        ]
      }
    },
    {
      "type": "Feature",
      "properties": {
        "name": "Stanisława Staszica",
        "highway": "residential"
      },
      "geometry": {
        "type": "MultiLineString",
        "coordinates": [
          [
            [
              52.2377109,
              21.2347924
            ],
            [
              52.2377755,
              21.2334107
            ],
            [
              52.2377943,
              21.2330338
            ],
            [
              52.2378522,
              21.231913
            ],
            [
              52.2379042,
              21.2306585
            ],
            [
              52.2379343,
              21.2299286
            ],
            [
              52.2379412,
              21.2296392
            ]
          ],
          [
            [
              52.2379994,
              21.2287008
            ],
            [
              52.2380402,
              21.2280428
            ],
            [
              52.2381125,
              21.226632
            ],
            [
              52.2381622,
              21.2255931
            ],
            [
              52.238168,
              21.2251273
            ],
            [
              52.2381716,
              21.2248349
            ],
            [
              52.2382232,
              21.2237041
            ],
            [
              52.2382963,
              21.2221012
            ],
            [
              52.2382995,
              21.2220437
            ],
            [
              52.2383026,
              21.2219787
            ],
            [
              52.2384086,
              21.2199053
            ],
            [
              52.2384928,
              21.218257
            ]
          ],
          [
            [
              52.2384928,
              21.218257
            ],
            [
              52.2386585,
              21.2151542
            ],
            [
              52.2386843,
              21.2146348
            ],
            [
              52.2387101,
              21.2141141
            ],
            [
              52.2387457,
              21.213397
            ],
            [
              52.2388015,
              21.2122211
            ],
            [
              52.238833,
              21.2116774
            ],
            [
              52.238869,
              21.2110389
            ],
            [
              52.2388711,
              21.2107103
            ]
          ],
          [
            [
              52.2376926,
              21.2351274
            ],
            [
              52.2377109,
              21.2347924
            ]
          ],
          [
            [
              52.2379412,
              21.2296392
            ],
            [
              52.2379994,
              21.2287008
            ]
          ]
        ]
      }
    },
    {
      "type": "Feature",
      "properties": {
        "name": "Rumiankowa",
        "highway": "residential"
      },
      "geometry": {
        "type": "MultiLineString",
        "coordinates": [
          [
            [
              52.2166794,
              21.2503864
            ],
            [
              52.2167173,
              21.2501828
            ],
            [
              52.2167369,
              21.2499812
            ],
            [
              52.2167441,
              21.2498542
            ],
            [
              52.2167771,
              21.249269
            ],
            [
              52.2167914,
              21.2490519
            ],
            [
              52.216915,
              21.2466971
            ],
            [
              52.2169887,
              21.2452757
            ],
            [
              52.2170301,
              21.2444151
            ],
            [
              52.217041,
              21.2441711
            ],
            [
              52.2170631,
              21.2436594
            ],
            [
              52.2170741,
              21.243466
            ],
            [
              52.2170951,
              21.2430692
            ],
            [
              52.2171011,
              21.2429513
            ],
            [
              52.2171035,
              21.2429166
            ]
          ]
        ]
      }
    },
    {
      "type": "Feature",
      "properties": {
        "name": "Rondo Miłosna",
        "highway": "tertiary"
      },
      "geometry": {
        "type": "MultiLineString",
        "coordinates": [
          [
            [
              52.2170343,
              21.2427043
            ],
            [
              52.2170299,
              21.2427569
            ],
            [
              52.2170356,
              21.2428092
            ],
            [
              52.2170509,
              21.2428561
            ],
            [
              52.2170743,
              21.2428931
            ],
            [
              52.2171035,
              21.2429166
            ],
            [
              52.2171396,
              21.2429242
            ],
            [
              52.2171752,
              21.2429113
            ],
            [
              52.2172058,
              21.2428793
            ],
            [
              52.217228,
              21.2428322
            ]
          ],
          [
            [
              52.2170869,
              21.2426016
            ],
            [
              52.2171183,
              21.2425849
            ],
            [
              52.2171514,
              21.2425849
            ],
            [
              52.2171828,
              21.2426017
            ],
            [
              52.2172094,
              21.2426335
            ],
            [
              52.2172286,
              21.2426772
            ],
            [
              52.2172386,
              21.2427285
            ]
          ],
          [
            [
              52.2170343,
              21.2427043
            ],
            [
              52.2170459,
              21.2426628
            ],
            [
              52.2170639,
              21.2426277
            ],
            [
              52.2170869,
              21.2426016
            ]
          ],
          [
            [
              52.217228,
              21.2428322
            ],
            [
              52.2172383,
              21.2427817
            ],
            [
              52.2172386,
              21.2427285
            ]
          ]
        ]
      }
    },
    {
      "type": "Feature",
      "properties": {
        "name": "Antoniego Pankracego Łaguny",
        "highway": "residential"
      },
      "geometry": {
        "type": "MultiLineString",
        "coordinates": [
          [
            [
              52.2449812,
              21.19151
            ],
            [
              52.2452064,
              21.1915011
            ],
            [
              52.2453004,
              21.1915045
            ],
            [
              52.2453922,
              21.1915276
            ],
            [
              52.245493,
              21.1916659
            ],
            [
              52.2457674,
              21.1920911
            ],
            [
              52.2458945,
              21.1921277
            ],
            [
              52.2464902,
              21.1921023
            ],
            [
              52.2465934,
              21.1920959
            ],
            [
              52.2466847,
              21.1920903
            ]
          ]
        ]
      }
    },
    {
      "type": "Feature",
      "properties": {
        "name": "Bronisława Czecha",
        "highway": "primary"
      },
      "geometry": {
        "type": "MultiLineString",
        "coordinates": [
          [
            [
              52.2242407,
              21.2073128
            ],
            [
              52.2242548,
              21.2069059
            ],
            [
              52.2242745,
              21.206358
            ],
            [
              52.2242764,
              21.2062963
            ],
            [
              52.2242982,
              21.2056746
            ]
          ],
          [
            [
              52.2243395,
              21.2073172
            ],
            [
              52.2243711,
              21.206439
            ],
            [
              52.2243735,
              21.2063727
            ],
            [
              52.2243758,
              21.2063049
            ],
            [
              52.2243831,
              21.2060913
            ],
            [
              52.2243883,
              21.2059388
            ]
          ]
        ]
      }
    },
    {
      "type": "Feature",
      "properties": {
        "name": "Kamyk",
        "highway": "living_street"
      },
      "geometry": {
        "type": "MultiLineString",
        "coordinates": [
          [
            [
              52.2184518,
              21.2253328
            ],
            [
              52.218518,
              21.2242353
            ],
            [
              52.2185556,
              21.2234988
            ],
            [
              52.2185667,
              21.2232719
            ]
          ],
          [
            [
              52.2183328,
              21.2276862
            ],
            [
              52.2183373,
              21.2275992
            ],
            [
              52.218405,
              21.226285
            ],
            [
              52.2184518,
              21.2253328
            ]
          ],
          [
            [
              52.2185667,
              21.2232719
            ],
            [
              52.2185959,
              21.2227741
            ],
            [
              52.218603,
              21.2226409
            ]
          ]
        ]
      }
    },
    {
      "type": "Feature",
      "properties": {
        "name": "Piaskowa",
        "highway": "residential"
      },
      "geometry": {
        "type": "MultiLineString",
        "coordinates": [
          [
            [
              52.2435294,
              21.2044026
            ],
            [
              52.2435342,
              21.203588
            ],
            [
              52.2435303,
              21.2034981
            ],
            [
              52.2435225,
              21.2034334
            ],
            [
              52.2435023,
              21.2033097
            ],
            [
              52.2435043,
              21.2031564
            ],
            [
              52.2435102,
              21.2030328
            ],
            [
              52.2435231,
              21.2029612
            ],
            [
              52.2435437,
              21.2028933
            ],
            [
              52.2435575,
              21.2028195
            ]
          ],
          [
            [
              52.2437321,
              21.2078712
            ],
            [
              52.2437446,
              21.2067497
            ],
            [
              52.2437509,
              21.2063428
            ],
            [
              52.2437548,
              21.2061264
            ],
            [
              52.2437744,
              21.2050154
            ],
            [
              52.2437829,
              21.2045636
            ],
            [
              52.2437851,
              21.2044575
            ]
          ],
          [
            [
              52.2435575,
              21.2028195
            ],
            [
              52.2435779,
              21.2020533
            ],
            [
              52.2435844,
              21.2011918
            ],
            [
              52.2435827,
              21.2010163
            ],
            [
              52.2435852,
              21.2008368
            ],
            [
              52.2435931,
              21.2002551
            ],
            [
              52.2436091,
              21.1981821
            ],
            [
              52.2436202,
              21.1974826
            ],
            [
              52.243633,
              21.19645
            ],
            [
              52.2436609,
              21.1943397
            ],
            [
              52.2436655,
              21.193868
            ],
            [
              52.2436696,
              21.1937005
            ],
            [
              52.2436709,
              21.1935593
            ],
            [
              52.2436789,
              21.1926701
            ],
            [
              52.2436964,
              21.19125
            ],
            [
              52.2437007,
              21.1909793
            ],
            [
              52.2437119,
              21.1902797
            ],
            [
              52.2437126,
              21.1901986
            ]
          ]
        ]
      }
    },
    {
      "type": "Feature",
      "properties": {
        "name": "Tadeusza Rejtana",
        "highway": "residential"
      },
      "geometry": {
        "type": "MultiLineString",
        "coordinates": [
          [
            [
              52.245512,
              21.2154219
            ],
            [
              52.245858,
              21.2154833
            ],
            [
              52.246495,
              21.2155544
            ],
            [
              52.2465635,
              21.2155621
            ]
          ],
          [
            [
              52.240594,
              21.2147804
            ],
            [
              52.2425218,
              21.2150137
            ]
          ],
          [
            [
              52.2425218,
              21.2150137
            ],
            [
              52.242575,
              21.2150185
            ],
            [
              52.2430679,
              21.2150889
            ],
            [
              52.2435111,
              21.215153
            ],
            [
              52.2444644,
              21.2152657
            ]
          ],
          [
            [
              52.2444644,
              21.2152657
            ],
            [
              52.245512,
              21.2154219
            ]
          ]
        ]
      }
    },
    {
      "type": "Feature",
      "properties": {
        "name": "Jana Matejki",
        "highway": "residential"
      },
      "geometry": {
        "type": "MultiLineString",
        "coordinates": [
          [
            [
              52.2424648,
              21.2083495
            ],
            [
              52.2428209,
              21.2082351
            ],
            [
              52.242847,
              21.2082256
            ]
          ],
          [
            [
              52.242847,
              21.2082256
            ],
            [
              52.2429272,
              21.2081937
            ],
            [
              52.2432448,
              21.2080776
            ],
            [
              52.2437321,
              21.2078712
            ],
            [
              52.2440349,
              21.2077567
            ],
            [
              52.2442657,
              21.2076633
            ],
            [
              52.2448293,
              21.2074793
            ],
            [
              52.2448628,
              21.2074683
            ]
          ],
          [
            [
              52.2417685,
              21.2085641
            ],
            [
              52.2417784,
              21.2085379
            ],
            [
              52.2417918,
              21.2085268
            ],
            [
              52.2418135,
              21.2085185
            ],
            [
              52.2424648,
              21.2083495
            ]
          ]
        ]
      }
    },
    {
      "type": "Feature",
      "properties": {
        "name": "Szarych Szeregów",
        "highway": "residential"
      },
      "geometry": {
        "type": "MultiLineString",
        "coordinates": [
          [
            [
              52.2503315,
              21.227507
            ],
            [
              52.250419,
              21.2275189
            ],
            [
              52.2509028,
              21.2275888
            ],
            [
              52.2513498,
              21.2276446
            ],
            [
              52.2514056,
              21.2276522
            ]
          ]
        ]
      }
    },
    {
      "type": "Feature",
      "properties": {
        "name": "Zapiecek",
        "highway": "residential"
      },
      "geometry": {
        "type": "MultiLineString",
        "coordinates": [
          [
            [
              52.2183014,
              21.2532307
            ],
            [
              52.2182514,
              21.2530894
            ],
            [
              52.2181453,
              21.2527759
            ],
            [
              52.218138,
              21.2527285
            ],
            [
              52.2181327,
              21.2526655
            ],
            [
              52.2181331,
              21.2525928
            ],
            [
              52.2181575,
              21.2523807
            ],
            [
              52.218316,
              21.2511154
            ],
            [
              52.2183467,
              21.2508701
            ],
            [
              52.2183609,
              21.2507573
            ],
            [
              52.2183957,
              21.2504788
            ],
            [
              52.2184083,
              21.2503787
            ],
            [
              52.2184467,
              21.250072
            ],
            [
              52.2184731,
              21.2497633
            ],
            [
              52.2184827,
              21.2495742
            ]
          ]
        ]
      }
    },
    {
      "type": "Feature",
      "properties": {
        "name": "Irgi",
        "highway": "residential"
      },
      "geometry": {
        "type": "MultiLineString",
        "coordinates": [
          [
            [
              52.2144519,
              21.2438973
            ],
            [
              52.2145412,
              21.243905
            ]
          ],
          [
            [
              52.2142256,
              21.2438777
            ],
            [
              52.2144519,
              21.2438973
            ]
          ],
          [
            [
              52.2141268,
              21.2438692
            ],
            [
              52.2142256,
              21.2438777
            ]
          ]
        ]
      }
    },
    {
      "type": "Feature",
      "properties": {
        "name": "Bazaltowa",
        "highway": "residential"
      },
      "geometry": {
        "type": "MultiLineString",
        "coordinates": [
          [
            [
              52.2196766,
              21.2357821
            ],
            [
              52.2198283,
              21.2368324
            ],
            [
              52.2198239,
              21.2368836
            ],
            [
              52.2198222,
              21.2369457
            ]
          ]
        ]
      }
    },
    {
      "type": "Feature",
      "properties": {
        "name": "Rondo Jerzego Jelińskiego",
        "highway": "tertiary"
      },
      "geometry": {
        "type": "MultiLineString",
        "coordinates": [
          [
            [
              52.2139974,
              21.2177941
            ],
            [
              52.2140028,
              21.2177624
            ],
            [
              52.2140114,
              21.2177326
            ],
            [
              52.214023,
              21.2177055
            ],
            [
              52.2140372,
              21.2176821
            ],
            [
              52.2140537,
              21.217663
            ]
          ],
          [
            [
              52.2141562,
              21.2176481
            ],
            [
              52.2141749,
              21.2176627
            ],
            [
              52.2141919,
              21.2176824
            ],
            [
              52.2142064,
              21.2177066
            ],
            [
              52.2142182,
              21.2177345
            ],
            [
              52.2142268,
              21.2177653
            ]
          ],
          [
            [
              52.2142258,
              21.2178986
            ],
            [
              52.2142315,
              21.2178659
            ],
            [
              52.2142336,
              21.2178321
            ],
            [
              52.214232,
              21.2177982
            ],
            [
              52.2142268,
              21.2177653
            ]
          ],
          [
            [
              52.2139974,
              21.2177941
            ],
            [
              52.2139954,
              21.2178261
            ],
            [
              52.2139966,
              21.2178583
            ],
            [
              52.2140012,
              21.2178896
            ],
            [
              52.2140088,
              21.2179193
            ],
            [
              52.2140194,
              21.2179465
            ],
            [
              52.2140325,
              21.2179705
            ],
            [
              52.2140479,
              21.2179906
            ],
            [
              52.2140652,
              21.2180063
            ],
            [
              52.2140844,
              21.2180174
            ],
            [
              52.2141044,
              21.218023
            ],
            [
              52.2141247,
              21.2180229
            ],
            [
              52.2141448,
              21.2180173
            ],
            [
              52.2141626,
              21.2180071
            ],
            [
              52.2141791,
              21.2179926
            ],
            [
              52.2141941,
              21.2179739
            ],
            [
              52.2142071,
              21.2179517
            ],
            [
              52.2142177,
              21.2179264
            ],
            [
              52.2142258,
              21.2178986
            ]
          ],
          [
            [
              52.2140537,
              21.217663
            ],
            [
              52.2140729,
              21.2176481
            ],
            [
              52.2140934,
              21.2176389
            ],
            [
              52.2141145,
              21.2176359
            ],
            [
              52.2141357,
              21.217639
            ],
            [
              52.2141562,
              21.2176481
            ]
          ]
        ]
      }
    },
    {
      "type": "Feature",
      "properties": {
        "name": "Krzywa",
        "highway": "residential"
      },
      "geometry": {
        "type": "MultiLineString",
        "coordinates": [
          [
            [
              52.2190741,
              21.2161647
            ],
            [
              52.2190824,
              21.2159163
            ],
            [
              52.2191054,
              21.2151639
            ],
            [
              52.2191088,
              21.2149517
            ],
            [
              52.2191232,
              21.2144123
            ],
            [
              52.2191551,
              21.2140288
            ],
            [
              52.2191677,
              21.213878
            ],
            [
              52.2191641,
              21.2132594
            ],
            [
              52.2191964,
              21.2128937
            ]
          ]
        ]
      }
    },
    {
      "type": "Feature",
      "properties": {
        "name": "Zachodnia",
        "highway": "living_street"
      },
      "geometry": {
        "type": "MultiLineString",
        "coordinates": [
          [
            [
              52.2412375,
              21.191023
            ],
            [
              52.2412457,
              21.190941
            ],
            [
              52.2415222,
              21.1875957
            ],
            [
              52.2415195,
              21.1873123
            ]
          ],
          [
            [
              52.2415195,
              21.1873123
            ],
            [
              52.2415374,
              21.1870959
            ],
            [
              52.2418323,
              21.1834391
            ],
            [
              52.2418888,
              21.1827226
            ],
            [
              52.2419873,
              21.1814203
            ],
            [
              52.2419906,
              21.1813685
            ],
            [
              52.2419885,
              21.1813379
            ],
            [
              52.2419821,
              21.1813016
            ],
            [
              52.2419749,
              21.1812711
            ],
            [
              52.2419272,
              21.1811331
            ]
          ]
        ]
      }
    },
    {
      "type": "Feature",
      "properties": {
        "name": "Teodozji",
        "highway": "residential"
      },
      "geometry": {
        "type": "MultiLineString",
        "coordinates": [
          [
            [
              52.2258942,
              21.2139637
            ],
            [
              52.2260092,
              21.2107439
            ],
            [
              52.2260499,
              21.2096046
            ],
            [
              52.2261298,
              21.20734
            ]
          ],
          [
            [
              52.2240547,
              21.2153355
            ],
            [
              52.2244023,
              21.2153631
            ],
            [
              52.2244789,
              21.2153692
            ]
          ]
        ]
      }
    },
    {
      "type": "Feature",
      "properties": {
        "name": "Husarska",
        "highway": "residential"
      },
      "geometry": {
        "type": "MultiLineString",
        "coordinates": [
          [
            [
              52.2200357,
              21.2385508
            ],
            [
              52.2200828,
              21.2385506
            ],
            [
              52.2220934,
              21.238774
            ],
            [
              52.2221312,
              21.2387773
            ],
            [
              52.222163,
              21.2387798
            ],
            [
              52.2230349,
              21.2388491
            ]
          ]
        ]
      }
    },
    {
      "type": "Feature",
      "properties": {
        "name": "Magnolii",
        "highway": "residential"
      },
      "geometry": {
        "type": "MultiLineString",
        "coordinates": [
          [
            [
              52.2119586,
              21.2441461
            ],
            [
              52.2125616,
              21.2441959
            ]
          ]
        ]
      }
    },
    {
      "type": "Feature",
      "properties": {
        "name": "Astrów",
        "highway": "residential"
      },
      "geometry": {
        "type": "MultiLineString",
        "coordinates": [
          [
            [
              52.2136754,
              21.2435293
            ],
            [
              52.2137139,
              21.2426132
            ],
            [
              52.2137273,
              21.2419297
            ],
            [
              52.213744,
              21.2417461
            ],
            [
              52.2137507,
              21.2414875
            ]
          ]
        ]
      }
    },
    {
      "type": "Feature",
      "properties": {
        "name": "Liryczna",
        "highway": "residential"
      },
      "geometry": {
        "type": "MultiLineString",
        "coordinates": [
          [
            [
              52.2193247,
              21.249834
            ],
            [
              52.219631,
              21.2498629
            ],
            [
              52.2201281,
              21.2499199
            ],
            [
              52.2206287,
              21.2499604
            ]
          ]
        ]
      }
    },
    {
      "type": "Feature",
      "properties": {
        "name": "Brzozowy Lasek",
        "highway": "residential"
      },
      "geometry": {
        "type": "MultiLineString",
        "coordinates": [
          [
            [
              52.2138968,
              21.2347896
            ],
            [
              52.2153623,
              21.2349336
            ]
          ]
        ]
      }
    },
    {
      "type": "Feature",
      "properties": {
        "name": "Ciekawa",
        "highway": "living_street"
      },
      "geometry": {
        "type": "MultiLineString",
        "coordinates": [
          [
            [
              52.216643,
              21.2365594
            ],
            [
              52.2166443,
              21.2364902
            ],
            [
              52.2166458,
              21.2364128
            ],
            [
              52.2166698,
              21.2358194
            ],
            [
              52.2166626,
              21.2355341
            ],
            [
              52.2166905,
              21.2345975
            ]
          ]
        ]
      }
    },
    {
      "type": "Feature",
      "properties": {
        "name": "Stanisława Wrońskiego",
        "highway": "residential"
      },
      "geometry": {
        "type": "MultiLineString",
        "coordinates": [
          [
            [
              52.23795,
              21.2120783
            ],
            [
              52.2388015,
              21.2122211
            ]
          ]
        ]
      }
    },
    {
      "type": "Feature",
      "properties": {
        "name": "Wiosenna",
        "highway": "living_street"
      },
      "geometry": {
        "type": "MultiLineString",
        "coordinates": [
          [
            [
              52.2494804,
              21.2378756
            ],
            [
              52.2498492,
              21.2379354
            ]
          ]
        ]
      }
    },
    {
      "type": "Feature",
      "properties": {
        "name": "Cyrulików",
        "highway": "secondary"
      },
      "geometry": {
        "type": "MultiLineString",
        "coordinates": [
          [
            [
              52.2560925,
              21.1905233
            ],
            [
              52.2563564,
              21.1850656
            ],
            [
              52.2563803,
              21.1845538
            ],
            [
              52.2564024,
              21.1840501
            ],
            [
              52.2565286,
              21.1811511
            ]
          ]
        ]
      }
    },
    {
      "type": "Feature",
      "properties": {
        "name": "Ludwika Idzikowskiego",
        "highway": "residential"
      },
      "geometry": {
        "type": "MultiLineString",
        "coordinates": [
          [
            [
              52.2433183,
              21.2382802
            ],
            [
              52.2433239,
              21.2382343
            ],
            [
              52.2433285,
              21.2382101
            ],
            [
              52.2433643,
              21.2380801
            ],
            [
              52.2433872,
              21.2379909
            ],
            [
              52.243436,
              21.2378017
            ]
          ]
        ]
      }
    }
  ]
}