{
  "type": "FeatureCollection",
  "features": [
    {
      "type": "Feature",
      "properties": {
        "name": "Łukasza Drewny",
        "highway": "secondary"
      },
      "geometry": {
        "type": "MultiLineString",
        "coordinates": [
          [
            [
              52.1130392,
              21.1098034
            ],
            [
              52.1130953,
              21.10975
            ],
            [
              52.1131927,
              21.1096486
            ],
            [
              52.1134875,
              21.1093417
            ],
            [
              52.1138984,
              21.1089223
            ],
            [
              52.1147093,
              21.1081584
            ],
            [
              52.1158699,
              21.1070654
            ],
            [
              52.116356,
              21.1065997
            ],
            [
              52.1167377,
              21.1061725
            ],
            [
              52.1170318,
              21.1057757
            ]
          ],
          [
            [
              52.1176952,
              21.1049584
            ],
            [
              52.118611,
              21.10314
            ]
          ],
          [
            [
              52.1308307,
              21.0982369
            ],
            [
              52.1309432,
              21.0982951
            ],
            [
              52.1309724,
              21.0983085
            ],
            [
              52.1310148,
              21.0983293
            ],
            [
              52.132098,
              21.0988621
            ],
            [
              52.132529,
              21.0990742
            ],
            [
              52.133127,
              21.0993527
            ],
            [
              52.1334525,
              21.0994759
            ],
            [
              52.1337435,
              21.0995722
            ],
            [
              52.1340056,
              21.0996406
            ],
            [
              52.1342096,
              21.0996811
            ],
            [
              52.1342852,
              21.099696
            ],
            [
              52.1344242,
              21.0997235
            ]
          ],
          [
            [
              52.1186684,
              21.1026454
            ],
            [
              52.11875,
              21.1024801
            ]
          ],
          [
            [
              52.1173178,
              21.1056728
            ],
            [
              52.1174802,
              21.1053782
            ],
            [
              52.1176952,
              21.1049584
            ]
          ],
          [
            [
              52.1187599,
              21.102842
            ],
            [
              52.1188635,
              21.1026337
            ],
            [
              52.1189369,
              21.1024936
            ],
            [
              52.1190263,
              21.1023222
            ],
            [
              52.1194417,
              21.1015254
            ],
            [
              52.1197123,
              21.101057
            ],
            [
              52.1199904,
              21.1006354
            ],
            [
              52.1202224,
              21.1003173
            ],
            [
              52.1203241,
              21.1001931
            ]
          ],
          [
            [
              52.1202334,
              21.0999979
            ],
            [
              52.120453,
              21.0997278
            ],
            [
              52.1207851,
              21.0993476
            ],
            [
              52.1221578,
              21.0978642
            ],
            [
              52.1224129,
              21.0976047
            ],
            [
              52.1225082,
              21.0975052
            ],
            [
              52.1226523,
              21.0973507
            ]
          ],
          [
            [
              52.1170318,
              21.1057757
            ],
            [
              52.1172247,
              21.1054659
            ],
            [
              52.1174316,
              21.1051075
            ],
            [
              52.1176498,
              21.1046809
            ],
            [
              52.1180178,
              21.1039073
            ],
            [
              52.1182862,
              21.1033797
            ],
            [
              52.1186684,
              21.1026454
            ]
          ],
          [
            [
              52.122742,
              21.0975589
            ],
            [
              52.1228846,
              21.0974108
            ],
            [
              52.1231558,
              21.0971626
            ],
            [
              52.1233694,
              21.0969791
            ],
            [
              52.123578,
              21.0968103
            ],
            [
              52.1237481,
              21.0966998
            ],
            [
              52.1239095,
              21.0966038
            ],
            [
              52.1243135,
              21.096399
            ],
            [
              52.1249452,
              21.0962284
            ],
            [
              52.1251431,
              21.0962172
            ],
            [
              52.1254475,
              21.0962001
            ],
            [
              52.1257895,
              21.0962197
            ],
            [
              52.1261059,
              21.0962874
            ],
            [
              52.1264564,
              21.0963932
            ],
            [
              52.126926,
              21.096592
            ],
            [
              52.1276831,
              21.096962
            ],
            [
              52.1277442,
              21.0969927
            ],
            [
              52.127795,
              21.0970183
            ],
            [
              52.1281534,
              21.0971893
            ],
            [
              52.1289551,
              21.0975849
            ],
            [
              52.1295901,
              21.0978901
            ],
            [
              52.1299194,
              21.0980378
            ]
          ],
          [
            [
              52.1307766,
              21.0984617
            ],
            [
              52.1308998,
              21.0985245
            ],
            [
              52.1309289,
              21.0985401
            ],
            [
              52.1312618,
              21.0987037
            ],
            [
              52.1314385,
              21.09879
            ]
          ],
          [
            [
              52.1234034,
              21.0966806
            ],
            [
              52.1234998,
              21.0966049
            ],
            [
              52.1235955,
              21.0965356
            ],
            [
              52.1240823,
              21.0962499
            ],
            [
              52.1245311,
              21.0960694
            ],
            [
              52.1248265,
              21.0959915
            ],
            [
              52.1251076,
              21.0959496
            ],
            [
              52.1253795,
              21.0959345
            ],
            [
              52.1256141,
              21.0959505
            ],
            [
              52.125845,
              21.0959796
            ],
            [
              52.1260478,
              21.0960198
            ],
            [
              52.1261769,
              21.0960606
            ],
            [
              52.1263717,
              21.0961222
            ],
            [
              52.1266515,
              21.0962361
            ],
            [
              52.1269996,
              21.0963905
            ],
            [
              52.1271312,
              21.0964488
            ],
            [
              52.1276225,
              21.0966713
            ],
            [
              52.1277365,
              21.0967273
            ],
            [
              52.1277897,
              21.0967521
            ],
            [
              52.1302049,
              21.097933
            ],
            [
              52.1307424,
              21.0981942
            ]
          ],
          [
            [
              52.1307424,
              21.0981942
            ],
            [
              52.1308307,
              21.0982369
            ]
          ],
          [
            [
              52.1131099,
              21.109964
            ],
            [
              52.1134024,
              21.1096991
            ],
            [
              52.1161117,
              21.1071201
            ],
            [
              52.116346,
              21.106894
            ],
            [
              52.1165643,
              21.1066742
            ],
            [
              52.1169158,
              21.1063007
            ]
          ],
          [
            [
              52.118611,
              21.10314
            ],
            [
              52.1187599,
              21.102842
            ]
          ],
          [
            [
              52.1332557,
              21.0996773
            ],
            [
              52.1333531,
              21.0997269
            ],
            [
              52.1337118,
              21.0998976
            ],
            [
              52.134049,
              21.1000136
            ]
          ],
          [
            [
              52.134049,
              21.1000136
            ],
            [
              52.1341034,
              21.1000269
            ],
            [
              52.1341544,
              21.1000393
            ],
            [
              52.1343446,
              21.1000876
            ]
          ],
          [
            [
              52.1344242,
              21.0997235
            ],
            [
              52.1346047,
              21.0997577
            ],
            [
              52.1346369,
              21.0997637
            ],
            [
              52.1346845,
              21.0997726
            ]
          ],
          [
            [
              52.1299194,
              21.0980378
            ],
            [
              52.1305681,
              21.0983662
            ],
            [
              52.1307766,
              21.0984617
            ]
          ],
          [
            [
              52.1169158,
              21.1063007
            ],
            [
              52.116978,
              21.1062275
            ],
            [
              52.1170402,
              21.1061477
            ],
            [
              52.1171051,
              21.1060455
            ],
            [
              52.1173178,
              21.1056728
            ]
          ],
          [
            [
              52.1217776,
              21.0985854
            ],
            [
              52.1221164,
              21.0982248
            ],
            [
              52.1223428,
              21.0979838
            ],
            [
              52.1225512,
              21.097762
            ],
            [
              52.1225924,
              21.0977181
            ],
            [
              52.122742,
              21.0975589
            ]
          ],
          [
            [
              52.1226523,
              21.0973507
            ],
            [
              52.1228126,
              21.0971915
            ],
            [
              52.1228624,
              21.0971494
            ],
            [
              52.1234034,
              21.0966806
            ]
          ],
          [
            [
              52.1344073,
              21.100104
            ],
            [
              52.1345122,
              21.1001315
            ]
          ],
          [
            [
              52.1343446,
              21.1000876
            ],
            [
              52.1344073,
              21.100104
            ]
          ],
          [
            [
              52.1314385,
              21.09879
            ],
            [
              52.1332557,
              21.0996773
            ]
          ],
          [
            [
              52.11875,
              21.1024801
            ],
            [
              52.1191745,
              21.1016744
            ],
            [
              52.119547,
              21.1009979
            ],
            [
              52.1196926,
              21.100757
            ],
            [
              52.1198386,
              21.1005407
            ],
            [
              52.1200626,
              21.1002211
            ],
            [
              52.1202334,
              21.0999979
            ]
          ],
          [
            [
              52.1203241,
              21.1001931
            ],
            [
              52.1203545,
              21.100156
            ],
            [
              52.120499,
              21.0999795
            ],
            [
              52.1209024,
              21.0995171
            ],
            [
              52.1213346,
              21.0990571
            ],
            [
              52.1216099,
              21.0987639
            ],
            [
              52.1217776,
              21.0985854
            ]
          ]
        ]
      }
    },
    {
      "type": "Feature",
      "properties": {
        "name": "Przyczółkowa",
        "highway": "tertiary"
      },
      "geometry": {
        "type": "MultiLineString",
        "coordinates": [
          [
            [
              52.1287758,
              21.1039154
            ],
            [
              52.1289351,
              21.1039287
            ],
            [
              52.1290454,
              21.1039288
            ],
            [
              52.129152,
              21.1039133
            ],
            [
              52.1292632,
              21.1038852
            ],
            [
              52.1293753,
              21.1038437
            ],
            [
              52.1294779,
              21.1037934
            ],
            [
              52.1295892,
              21.1037263
            ],
            [
              52.1296553,
              21.1036817
            ],
            [
              52.1297904,
              21.1035636
            ],
            [
              52.1298627,
              21.1034932
            ],
            [
              52.1300436,
              21.1032893
            ],
            [
              52.1308601,
              21.1023437
            ],
            [
              52.1311316,
              21.1020302
            ],
            [
              52.1312018,
              21.1019488
            ],
            [
              52.131371,
              21.1017526
            ],
            [
              52.131588,
              21.1015009
            ],
            [
              52.1316162,
              21.1014682
            ],
            [
              52.1316785,
              21.1013957
            ],
            [
              52.1317916,
              21.1012747
            ],
            [
              52.1318779,
              21.1011968
            ],
            [
              52.1319438,
              21.1011575
            ],
            [
              52.1319975,
              21.1011365
            ],
            [
              52.1320993,
              21.1011052
            ],
            [
              52.1321659,
              21.1010919
            ],
            [
              52.1322539,
              21.1010756
            ],
            [
              52.1324189,
              21.1010375
            ],
            [
              52.1325424,
              21.1010079
            ],
            [
              52.1326092,
              21.1009959
            ],
            [
              52.1327775,
              21.100964
            ],
            [
              52.1329609,
              21.1009293
            ],
            [
              52.1329877,
              21.1009242
            ],
            [
              52.133176,
              21.1008936
            ],
            [
              52.1334392,
              21.1008367
            ],
            [
              52.1334664,
              21.1008317
            ],
            [
              52.1334948,
              21.1008265
            ],
            [
              52.1335194,
              21.1008221
            ],
            [
              52.1336811,
              21.1007935
            ],
            [
              52.133737,
              21.1007836
            ],
            [
              52.1337893,
              21.1007744
            ],
            [
              52.1338566,
              21.1007625
            ],
            [
              52.1339253,
              21.1007503
            ],
            [
              52.133956,
              21.1007432
            ]
          ],
          [
            [
              52.1658576,
              21.0846687
            ],
            [
              52.166224,
              21.0846776
            ]
          ],
          [
            [
              52.1655045,
              21.0842163
            ],
            [
              52.1657329,
              21.0842327
            ],
            [
              52.1657577,
              21.0842351
            ],
            [
              52.1657954,
              21.0842412
            ],
            [
              52.1659274,
              21.0842608
            ]
          ],
          [
            [
              52.1353859,
              21.1002273
            ],
            [
              52.1356197,
              21.1002234
            ],
            [
              52.1358951,
              21.1002057
            ],
            [
              52.1362565,
              21.1001533
            ],
            [
              52.1365466,
              21.1000961
            ],
            [
              52.1367047,
              21.1000528
            ],
            [
              52.1368415,
              21.1000154
            ],
            [
              52.1371247,
              21.0999183
            ],
            [
              52.1373652,
              21.0998182
            ],
            [
              52.1375899,
              21.099709
            ],
            [
              52.1379184,
              21.0995361
            ],
            [
              52.13831,
              21.0992956
            ],
            [
              52.1402456,
              21.0980382
            ],
            [
              52.1420114,
              21.0968732
            ],
            [
              52.1439338,
              21.0956316
            ],
            [
              52.1445917,
              21.0951909
            ],
            [
              52.1457505,
              21.0944414
            ],
            [
              52.1469678,
              21.0936389
            ]
          ],
          [
            [
              52.1173178,
              21.1056728
            ],
            [
              52.1174256,
              21.1055989
            ],
            [
              52.1175104,
              21.1055728
            ],
            [
              52.1176121,
              21.1055836
            ],
            [
              52.1177619,
              21.1056127
            ],
            [
              52.1178402,
              21.1055943
            ],
            [
              52.11791,
              21.1055429
            ]
          ],
          [
            [
              52.1194227,
              21.1042573
            ],
            [
              52.1195907,
              21.1041179
            ],
            [
              52.1196517,
              21.1040755
            ],
            [
              52.1197332,
              21.1040193
            ],
            [
              52.1198236,
              21.1039642
            ],
            [
              52.119901,
              21.10392
            ],
            [
              52.1199864,
              21.1038803
            ],
            [
              52.1200825,
              21.1038394
            ],
            [
              52.1201642,
              21.1038061
            ],
            [
              52.1202412,
              21.1037808
            ],
            [
              52.1207074,
              21.1036411
            ],
            [
              52.1208447,
              21.1036
            ],
            [
              52.1208782,
              21.1035904
            ],
            [
              52.1209788,
              21.1035607
            ]
          ],
          [
            [
              52.1212302,
              21.1034838
            ],
            [
              52.1213118,
              21.1034602
            ],
            [
              52.1213822,
              21.1034402
            ],
            [
              52.1214631,
              21.1034142
            ],
            [
              52.1232529,
              21.1028735
            ],
            [
              52.123367,
              21.1028416
            ],
            [
              52.1234997,
              21.1028101
            ],
            [
              52.1235313,
              21.1028061
            ],
            [
              52.123645,
              21.1027918
            ],
            [
              52.123859,
              21.1027815
            ],
            [
              52.1239951,
              21.1027879
            ]
          ],
          [
            [
              52.166224,
              21.0846776
            ],
            [
              52.1662461,
              21.084678
            ],
            [
              52.1666988,
              21.0846923
            ],
            [
              52.1667468,
              21.0846938
            ],
            [
              52.1667971,
              21.0846971
            ],
            [
              52.1672255,
              21.0847143
            ]
          ],
          [
            [
              52.1660511,
              21.0842819
            ],
            [
              52.1662096,
              21.0843084
            ],
            [
              52.16635,
              21.084331
            ],
            [
              52.1665157,
              21.0843556
            ],
            [
              52.1668085,
              21.084369
            ]
          ],
          [
            [
              52.1671824,
              21.0844029
            ],
            [
              52.1673322,
              21.0844355
            ],
            [
              52.1674978,
              21.0844514
            ]
          ],
          [
            [
              52.1674514,
              21.0847205
            ],
            [
              52.1675977,
              21.0847273
            ],
            [
              52.1677914,
              21.0847055
            ]
          ],
          [
            [
              52.1239951,
              21.1027879
            ],
            [
              52.1240439,
              21.1027929
            ],
            [
              52.1242323,
              21.1028235
            ],
            [
              52.1242596,
              21.1028277
            ],
            [
              52.1244676,
              21.1028598
            ],
            [
              52.1246416,
              21.1028866
            ],
            [
              52.1248354,
              21.1029164
            ]
          ],
          [
            [
              52.1249572,
              21.1029364
            ],
            [
              52.1250866,
              21.1029573
            ],
            [
              52.1255033,
              21.1030245
            ],
            [
              52.1257239,
              21.1030696
            ],
            [
              52.1258794,
              21.1031121
            ],
            [
              52.126541,
              21.1033082
            ],
            [
              52.1270171,
              21.1034495
            ],
            [
              52.1273418,
              21.1035455
            ],
            [
              52.127764,
              21.1036703
            ],
            [
              52.1278568,
              21.1036988
            ]
          ],
          [
            [
              52.1668085,
              21.084369
            ],
            [
              52.166839,
              21.0843727
            ],
            [
              52.1668872,
              21.0843785
            ],
            [
              52.166954,
              21.084384
            ],
            [
              52.1671824,
              21.0844029
            ]
          ],
          [
            [
              52.1628229,
              21.0847919
            ],
            [
              52.1630062,
              21.0847277
            ],
            [
              52.1631786,
              21.0846782
            ],
            [
              52.1634033,
              21.0846322
            ],
            [
              52.1637183,
              21.0846045
            ]
          ],
          [
            [
              52.1611983,
              21.0855693
            ],
            [
              52.1616909,
              21.0852554
            ],
            [
              52.1621379,
              21.0849207
            ],
            [
              52.1623399,
              21.0847906
            ],
            [
              52.1626391,
              21.0846251
            ],
            [
              52.1628746,
              21.0845239
            ],
            [
              52.163062,
              21.084463
            ],
            [
              52.1632883,
              21.0844083
            ],
            [
              52.1635451,
              21.0843682
            ],
            [
              52.163942,
              21.084331
            ],
            [
              52.1639682,
              21.084328
            ],
            [
              52.1642517,
              21.0843084
            ],
            [
              52.1644428,
              21.0842863
            ]
          ],
          [
            [
              52.11791,
              21.1055429
            ],
            [
              52.1186095,
              21.104947
            ]
          ],
          [
            [
              52.1656634,
              21.0846609
            ],
            [
              52.1656909,
              21.0846619
            ],
            [
              52.165734,
              21.0846651
            ],
            [
              52.1658576,
              21.0846687
            ]
          ],
          [
            [
              52.1520843,
              21.0912682
            ],
            [
              52.1521627,
              21.0912544
            ],
            [
              52.1525312,
              21.0912043
            ]
          ],
          [
            [
              52.1537839,
              21.091256
            ],
            [
              52.1539991,
              21.09115
            ],
            [
              52.1540622,
              21.0911211
            ],
            [
              52.1542317,
              21.0910264
            ],
            [
              52.1543855,
              21.0909432
            ],
            [
              52.1545589,
              21.0908382
            ],
            [
              52.154832,
              21.0906548
            ],
            [
              52.1551139,
              21.0904655
            ],
            [
              52.1553673,
              21.0902677
            ],
            [
              52.1556501,
              21.0900513
            ],
            [
              52.1557904,
              21.0899435
            ],
            [
              52.1559335,
              21.0898407
            ]
          ],
          [
            [
              52.1559338,
              21.0902644
            ],
            [
              52.1559999,
              21.0902271
            ],
            [
              52.1560079,
              21.090215
            ],
            [
              52.1560153,
              21.090204
            ],
            [
              52.1560273,
              21.0901778
            ],
            [
              52.1560453,
              21.0901178
            ],
            [
              52.1560577,
              21.090091
            ],
            [
              52.156073,
              21.0900687
            ],
            [
              52.1560896,
              21.0900522
            ],
            [
              52.15616,
              21.0899998
            ],
            [
              52.1563447,
              21.0898622
            ],
            [
              52.1563874,
              21.0898304
            ],
            [
              52.1567201,
              21.0895826
            ],
            [
              52.1568562,
              21.0894786
            ],
            [
              52.1569387,
              21.0894205
            ],
            [
              52.1569782,
              21.0893904
            ],
            [
              52.1570196,
              21.0893596
            ],
            [
              52.1570645,
              21.0893259
            ],
            [
              52.1573213,
              21.0891331
            ],
            [
              52.157357,
              21.089106
            ],
            [
              52.15754,
              21.0889682
            ],
            [
              52.1575674,
              21.0889476
            ],
            [
              52.1576173,
              21.08891
            ],
            [
              52.157686,
              21.0888583
            ],
            [
              52.1578064,
              21.0887677
            ],
            [
              52.1579441,
              21.0886664
            ],
            [
              52.1580273,
              21.0886026
            ],
            [
              52.1581048,
              21.0885452
            ],
            [
              52.1583064,
              21.0883914
            ],
            [
              52.1584307,
              21.0882979
            ],
            [
              52.1584978,
              21.0882473
            ],
            [
              52.1585894,
              21.0881784
            ],
            [
              52.158787,
              21.0880296
            ],
            [
              52.1589885,
              21.0878789
            ],
            [
              52.1590612,
              21.0878252
            ],
            [
              52.1591369,
              21.0877693
            ],
            [
              52.1592221,
              21.0877101
            ],
            [
              52.159352,
              21.0876197
            ]
          ],
          [
            [
              52.1283151,
              21.103833
            ],
            [
              52.1284441,
              21.1038641
            ],
            [
              52.1286349,
              21.103899
            ],
            [
              52.1287758,
              21.1039154
            ]
          ],
          [
            [
              52.1648114,
              21.084242
            ],
            [
              52.1651816,
              21.0842185
            ],
            [
              52.1655045,
              21.0842163
            ]
          ],
          [
            [
              52.1674978,
              21.0844514
            ],
            [
              52.167759,
              21.084455
            ],
            [
              52.1678354,
              21.0844534
            ],
            [
              52.167947,
              21.084445
            ],
            [
              52.1680691,
              21.0844266
            ]
          ],
          [
            [
              52.1341406,
              21.1007229
            ],
            [
              52.1341853,
              21.1006996
            ],
            [
              52.1342215,
              21.1006701
            ],
            [
              52.13426,
              21.1006253
            ],
            [
              52.1343019,
              21.1005712
            ],
            [
              52.1343287,
              21.1005233
            ],
            [
              52.1343664,
              21.100428
            ],
            [
              52.1343746,
              21.1004019
            ]
          ],
          [
            [
              52.133956,
              21.1007432
            ],
            [
              52.1340536,
              21.1006862
            ],
            [
              52.1341342,
              21.1006159
            ],
            [
              52.1342264,
              21.1005051
            ],
            [
              52.1342557,
              21.1004528
            ],
            [
              52.1342814,
              21.1003877
            ]
          ],
          [
            [
              52.1645548,
              21.0845908
            ],
            [
              52.1649996,
              21.08459
            ]
          ],
          [
            [
              52.1637183,
              21.0846045
            ],
            [
              52.1642764,
              21.0845926
            ],
            [
              52.1645548,
              21.0845908
            ]
          ],
          [
            [
              52.165301,
              21.0846491
            ],
            [
              52.1654526,
              21.0846526
            ]
          ],
          [
            [
              52.1654526,
              21.0846526
            ],
            [
              52.1656204,
              21.0846592
            ],
            [
              52.1656634,
              21.0846609
            ]
          ],
          [
            [
              52.1649996,
              21.08459
            ],
            [
              52.165301,
              21.0846491
            ]
          ],
          [
            [
              52.1492512,
              21.0924408
            ],
            [
              52.1497854,
              21.0923194
            ],
            [
              52.1502014,
              21.0922166
            ],
            [
              52.1504497,
              21.0921607
            ]
          ],
          [
            [
              52.1539521,
              21.090864
            ],
            [
              52.1542069,
              21.0907507
            ],
            [
              52.1544641,
              21.0906164
            ],
            [
              52.1547457,
              21.0904453
            ],
            [
              52.1550586,
              21.090232
            ]
          ],
          [
            [
              52.158347,
              21.0877492
            ],
            [
              52.1588357,
              21.0873817
            ],
            [
              52.1593183,
              21.0870224
            ],
            [
              52.1593527,
              21.0869966
            ],
            [
              52.1594572,
              21.0869084
            ]
          ],
          [
            [
              52.1354101,
              21.0998908
            ],
            [
              52.1356772,
              21.0998679
            ],
            [
              52.1359808,
              21.0998359
            ],
            [
              52.136296,
              21.0997905
            ],
            [
              52.1365082,
              21.0997481
            ],
            [
              52.1368841,
              21.0996603
            ],
            [
              52.1370487,
              21.0996096
            ],
            [
              52.137608,
              21.0994126
            ],
            [
              52.1378014,
              21.0993285
            ],
            [
              52.1379261,
              21.0992679
            ],
            [
              52.1380383,
              21.0992051
            ],
            [
              52.1382628,
              21.099063
            ],
            [
              52.1400961,
              21.0978613
            ],
            [
              52.1420012,
              21.0966118
            ],
            [
              52.1438161,
              21.0954441
            ],
            [
              52.1446532,
              21.0949001
            ]
          ],
          [
            [
              52.1559335,
              21.0898407
            ],
            [
              52.1568168,
              21.0891818
            ],
            [
              52.1573118,
              21.0888122
            ]
          ],
          [
            [
              52.1550586,
              21.090232
            ],
            [
              52.1552353,
              21.0901089
            ],
            [
              52.1563083,
              21.0892934
            ]
          ],
          [
            [
              52.1520339,
              21.0919422
            ],
            [
              52.1521728,
              21.0919045
            ],
            [
              52.1525797,
              21.0917682
            ],
            [
              52.1527516,
              21.0917005
            ],
            [
              52.1531214,
              21.091536
            ],
            [
              52.1535047,
              21.0913817
            ],
            [
              52.1536752,
              21.0913126
            ],
            [
              52.1537839,
              21.091256
            ]
          ],
          [
            [
              52.1492052,
              21.0922023
            ],
            [
              52.1492904,
              21.0921774
            ],
            [
              52.1493849,
              21.0921532
            ],
            [
              52.1498396,
              21.0920503
            ],
            [
              52.15005,
              21.0919948
            ],
            [
              52.1502424,
              21.091929
            ],
            [
              52.1505793,
              21.0917929
            ],
            [
              52.1507147,
              21.0917331
            ],
            [
              52.1508939,
              21.0916533
            ],
            [
              52.151099,
              21.0915601
            ],
            [
              52.1511918,
              21.0915179
            ],
            [
              52.1513133,
              21.0914659
            ],
            [
              52.1513477,
              21.0914512
            ],
            [
              52.1514736,
              21.0914128
            ]
          ],
          [
            [
              52.1248354,
              21.1029164
            ],
            [
              52.1249572,
              21.1029364
            ]
          ],
          [
            [
              52.1508566,
              21.0914104
            ],
            [
              52.151185,
              21.0913231
            ]
          ],
          [
            [
              52.1494968,
              21.0918085
            ],
            [
              52.1498961,
              21.0917093
            ],
            [
              52.1504357,
              21.0915733
            ],
            [
              52.150509,
              21.0915487
            ],
            [
              52.1506947,
              21.0914633
            ]
          ],
          [
            [
              52.1514736,
              21.0914128
            ],
            [
              52.1515685,
              21.0913921
            ],
            [
              52.1520843,
              21.0912682
            ]
          ],
          [
            [
              52.1531066,
              21.0911025
            ],
            [
              52.1532648,
              21.0910668
            ],
            [
              52.1534966,
              21.0910027
            ]
          ],
          [
            [
              52.1534966,
              21.0910027
            ],
            [
              52.1536863,
              21.0909481
            ],
            [
              52.1539521,
              21.090864
            ]
          ],
          [
            [
              52.1659274,
              21.0842608
            ],
            [
              52.1660511,
              21.0842819
            ]
          ],
          [
            [
              52.1644428,
              21.0842863
            ],
            [
              52.164597,
              21.0842709
            ],
            [
              52.1648114,
              21.084242
            ]
          ],
          [
            [
              52.1677914,
              21.0847055
            ],
            [
              52.1680208,
              21.0846886
            ]
          ],
          [
            [
              52.1596673,
              21.0871157
            ],
            [
              52.1599815,
              21.0869189
            ],
            [
              52.1603204,
              21.0866891
            ]
          ],
          [
            [
              52.133956,
              21.1007432
            ],
            [
              52.1340289,
              21.1007499
            ],
            [
              52.1340979,
              21.1007388
            ],
            [
              52.1341406,
              21.1007229
            ]
          ],
          [
            [
              52.1346845,
              21.0997726
            ],
            [
              52.1349616,
              21.0998423
            ],
            [
              52.1351033,
              21.0998676
            ],
            [
              52.1353048,
              21.0998896
            ],
            [
              52.1354101,
              21.0998908
            ]
          ],
          [
            [
              52.1514122,
              21.0920463
            ],
            [
              52.1519441,
              21.0919626
            ],
            [
              52.1520339,
              21.0919422
            ]
          ],
          [
            [
              52.1587911,
              21.0877555
            ],
            [
              52.1589233,
              21.0876566
            ],
            [
              52.1593542,
              21.0873345
            ],
            [
              52.1593972,
              21.0873033
            ],
            [
              52.1594317,
              21.0872781
            ],
            [
              52.1595526,
              21.0871905
            ]
          ],
          [
            [
              52.1603196,
              21.0861711
            ],
            [
              52.1606207,
              21.0859443
            ],
            [
              52.1611983,
              21.0855693
            ]
          ],
          [
            [
              52.1209788,
              21.1035607
            ],
            [
              52.1212302,
              21.1034838
            ]
          ],
          [
            [
              52.1504497,
              21.0921607
            ],
            [
              52.150762,
              21.0920912
            ],
            [
              52.1509251,
              21.092068
            ]
          ],
          [
            [
              52.1509251,
              21.092068
            ],
            [
              52.1512264,
              21.0920567
            ],
            [
              52.1512808,
              21.0920526
            ],
            [
              52.1513183,
              21.0920498
            ],
            [
              52.1514122,
              21.0920463
            ]
          ],
          [
            [
              52.1672255,
              21.0847143
            ],
            [
              52.1674514,
              21.0847205
            ]
          ],
          [
            [
              52.1345122,
              21.1001315
            ],
            [
              52.1345296,
              21.1001357
            ],
            [
              52.1345632,
              21.1001436
            ],
            [
              52.1346147,
              21.1001538
            ],
            [
              52.1348786,
              21.1001901
            ],
            [
              52.1350448,
              21.1002059
            ],
            [
              52.1351326,
              21.1002142
            ],
            [
              52.1353025,
              21.100223
            ],
            [
              52.1353859,
              21.1002273
            ]
          ],
          [
            [
              52.1469678,
              21.0936389
            ],
            [
              52.14707,
              21.0935725
            ],
            [
              52.1471566,
              21.0935161
            ],
            [
              52.1475366,
              21.0932687
            ]
          ],
          [
            [
              52.1485329,
              21.0926644
            ],
            [
              52.1486818,
              21.0926041
            ],
            [
              52.1488675,
              21.0925392
            ],
            [
              52.1492512,
              21.0924408
            ]
          ],
          [
            [
              52.1475366,
              21.0932687
            ],
            [
              52.1477863,
              21.0931043
            ],
            [
              52.1482042,
              21.0928368
            ],
            [
              52.1483793,
              21.0927377
            ],
            [
              52.1485329,
              21.0926644
            ]
          ],
          [
            [
              52.1446532,
              21.0949001
            ],
            [
              52.1455856,
              21.0942933
            ]
          ],
          [
            [
              52.1455856,
              21.0942933
            ],
            [
              52.1459327,
              21.0940656
            ]
          ],
          [
            [
              52.1459327,
              21.0940656
            ],
            [
              52.1469143,
              21.0934217
            ],
            [
              52.1469586,
              21.0933937
            ]
          ],
          [
            [
              52.1469586,
              21.0933937
            ],
            [
              52.1471051,
              21.0932981
            ],
            [
              52.1473146,
              21.0931614
            ]
          ],
          [
            [
              52.1473146,
              21.0931614
            ],
            [
              52.1476604,
              21.092937
            ],
            [
              52.1480632,
              21.0926759
            ],
            [
              52.1482101,
              21.092588
            ]
          ],
          [
            [
              52.1482101,
              21.092588
            ],
            [
              52.1484142,
              21.0924796
            ],
            [
              52.1486223,
              21.0923884
            ],
            [
              52.148809,
              21.0923183
            ],
            [
              52.1491056,
              21.0922298
            ],
            [
              52.1492052,
              21.0922023
            ]
          ],
          [
            [
              52.1506947,
              21.0914633
            ],
            [
              52.1507596,
              21.0914359
            ]
          ],
          [
            [
              52.1507596,
              21.0914359
            ],
            [
              52.1508566,
              21.0914104
            ]
          ],
          [
            [
              52.1525312,
              21.0912043
            ],
            [
              52.1529455,
              21.0911333
            ],
            [
              52.1531066,
              21.0911025
            ]
          ],
          [
            [
              52.1192567,
              21.1043983
            ],
            [
              52.1194227,
              21.1042573
            ]
          ],
          [
            [
              52.1186095,
              21.104947
            ],
            [
              52.1189875,
              21.1046269
            ],
            [
              52.1192567,
              21.1043983
            ]
          ],
          [
            [
              52.1613672,
              21.0858251
            ],
            [
              52.1615455,
              21.0856731
            ],
            [
              52.1616838,
              21.0855562
            ]
          ],
          [
            [
              52.1573118,
              21.0888122
            ],
            [
              52.1579078,
              21.08836
            ],
            [
              52.1581291,
              21.08819
            ]
          ],
          [
            [
              52.1594572,
              21.0869084
            ],
            [
              52.1595507,
              21.0868238
            ]
          ],
          [
            [
              52.1595526,
              21.0871905
            ],
            [
              52.1596673,
              21.0871157
            ]
          ],
          [
            [
              52.159352,
              21.0876197
            ],
            [
              52.1594207,
              21.0875886
            ],
            [
              52.1594664,
              21.087574
            ],
            [
              52.159503,
              21.0875715
            ],
            [
              52.1595859,
              21.0875732
            ],
            [
              52.1596386,
              21.0875925
            ],
            [
              52.1596668,
              21.0876038
            ]
          ],
          [
            [
              52.1584067,
              21.0879994
            ],
            [
              52.1585344,
              21.0879163
            ]
          ],
          [
            [
              52.1563083,
              21.0892934
            ],
            [
              52.1582437,
              21.087834
            ],
            [
              52.158347,
              21.0877492
            ]
          ],
          [
            [
              52.1595507,
              21.0868238
            ],
            [
              52.1596085,
              21.0867707
            ]
          ],
          [
            [
              52.1603204,
              21.0866891
            ],
            [
              52.1605961,
              21.0864738
            ]
          ],
          [
            [
              52.1616838,
              21.0855562
            ],
            [
              52.1622295,
              21.0851526
            ],
            [
              52.1624064,
              21.0850346
            ],
            [
              52.1625305,
              21.0849563
            ],
            [
              52.1626695,
              21.0848742
            ],
            [
              52.1628229,
              21.0847919
            ]
          ],
          [
            [
              52.1605961,
              21.0864738
            ],
            [
              52.1607811,
              21.0863352
            ],
            [
              52.1613672,
              21.0858251
            ]
          ],
          [
            [
              52.1596085,
              21.0867707
            ],
            [
              52.1597156,
              21.0866758
            ]
          ],
          [
            [
              52.1597156,
              21.0866758
            ],
            [
              52.1597555,
              21.0866358
            ],
            [
              52.1600555,
              21.086371
            ]
          ],
          [
            [
              52.1585344,
              21.0879163
            ],
            [
              52.1587911,
              21.0877555
            ]
          ],
          [
            [
              52.1581291,
              21.08819
            ],
            [
              52.1584067,
              21.0879994
            ]
          ],
          [
            [
              52.1579078,
              21.08836
            ],
            [
              52.1580115,
              21.0885487
            ],
            [
              52.1580273,
              21.0886026
            ]
          ],
          [
            [
              52.1280988,
              21.1037707
            ],
            [
              52.1282553,
              21.1038186
            ],
            [
              52.1283151,
              21.103833
            ]
          ],
          [
            [
              52.1278568,
              21.1036988
            ],
            [
              52.1280116,
              21.1037441
            ],
            [
              52.1280988,
              21.1037707
            ]
          ],
          [
            [
              52.1600555,
              21.086371
            ],
            [
              52.1603196,
              21.0861711
            ]
          ]
        ]
      }
    },
    {
      "type": "Feature",
      "properties": {
        "name": "Wiertnicza",
        "highway": "secondary"
      },
      "geometry": {
        "type": "MultiLineString",
        "coordinates": [
          [
            [
              52.1694046,
              21.0835471
            ],
            [
              52.1695075,
              21.0834408
            ],
            [
              52.1709265,
              21.0819724
            ],
            [
              52.1714312,
              21.0814523
            ],
            [
              52.1715742,
              21.0813047
            ],
            [
              52.1716017,
              21.0812766
            ],
            [
              52.1716441,
              21.0812332
            ],
            [
              52.1727065,
              21.0801373
            ],
            [
              52.1737705,
              21.0790346
            ],
            [
              52.1737861,
              21.0790185
            ],
            [
              52.1738162,
              21.0789875
            ],
            [
              52.1739195,
              21.0788812
            ]
          ],
          [
            [
              52.1677642,
              21.0854534
            ],
            [
              52.1678432,
              21.0853705
            ],
            [
              52.1678967,
              21.0852905
            ],
            [
              52.16794,
              21.0851917
            ],
            [
              52.167968,
              21.0851042
            ],
            [
              52.1679938,
              21.0849753
            ],
            [
              52.1680087,
              21.0848787
            ],
            [
              52.1680187,
              21.0847789
            ],
            [
              52.1680208,
              21.0846886
            ]
          ],
          [
            [
              52.1694901,
              21.0837232
            ],
            [
              52.1695734,
              21.0836385
            ],
            [
              52.1714246,
              21.0817303
            ],
            [
              52.1715028,
              21.0816494
            ],
            [
              52.1716087,
              21.0815389
            ],
            [
              52.171649,
              21.0814967
            ],
            [
              52.1716762,
              21.0814684
            ],
            [
              52.1718172,
              21.0813222
            ],
            [
              52.1720047,
              21.0811278
            ],
            [
              52.1721569,
              21.0809699
            ],
            [
              52.1723491,
              21.0807707
            ],
            [
              52.1724166,
              21.0807006
            ],
            [
              52.172469,
              21.0806464
            ],
            [
              52.1726342,
              21.0804751
            ],
            [
              52.1727353,
              21.0803703
            ],
            [
              52.1727881,
              21.0803156
            ],
            [
              52.1728832,
              21.080217
            ],
            [
              52.1730225,
              21.0800743
            ],
            [
              52.1730495,
              21.0800465
            ],
            [
              52.1732813,
              21.079809
            ],
            [
              52.1733084,
              21.0797812
            ],
            [
              52.1733641,
              21.0797241
            ],
            [
              52.1735378,
              21.0795438
            ],
            [
              52.173565,
              21.0795157
            ],
            [
              52.1738224,
              21.0792485
            ],
            [
              52.1738587,
              21.0792114
            ],
            [
              52.1738867,
              21.0791827
            ],
            [
              52.1739926,
              21.0790742
            ]
          ],
          [
            [
              52.1684015,
              21.0843251
            ],
            [
              52.1684507,
              21.0843035
            ],
            [
              52.1685307,
              21.0842615
            ],
            [
              52.1685972,
              21.084218
            ]
          ],
          [
            [
              52.1680208,
              21.0846886
            ],
            [
              52.1681207,
              21.0846718
            ],
            [
              52.1682103,
              21.084651
            ]
          ],
          [
            [
              52.1680691,
              21.0844266
            ],
            [
              52.1681559,
              21.0844081
            ],
            [
              52.1682521,
              21.0843822
            ]
          ],
          [
            [
              52.1684933,
              21.0845503
            ],
            [
              52.1686646,
              21.0844599
            ],
            [
              52.1687805,
              21.0843868
            ],
            [
              52.1688943,
              21.0843005
            ]
          ],
          [
            [
              52.1682103,
              21.084651
            ],
            [
              52.1683209,
              21.0846198
            ],
            [
              52.168391,
              21.0845924
            ],
            [
              52.1684424,
              21.0845727
            ],
            [
              52.1684933,
              21.0845503
            ]
          ],
          [
            [
              52.1739926,
              21.0790742
            ],
            [
              52.1740884,
              21.078977
            ],
            [
              52.1741196,
              21.0789443
            ],
            [
              52.1741388,
              21.0789242
            ],
            [
              52.1745606,
              21.0784881
            ],
            [
              52.1752568,
              21.0777705
            ],
            [
              52.1754779,
              21.0775299
            ],
            [
              52.1756542,
              21.0773218
            ],
            [
              52.1758095,
              21.0771228
            ],
            [
              52.1758377,
              21.0770835
            ],
            [
              52.1758724,
              21.0770351
            ],
            [
              52.1758985,
              21.0769987
            ],
            [
              52.175969,
              21.0768995
            ],
            [
              52.1760195,
              21.0768255
            ],
            [
              52.1761846,
              21.0765838
            ],
            [
              52.1771106,
              21.0752281
            ],
            [
              52.1771785,
              21.0751285
            ],
            [
              52.177707,
              21.0743549
            ],
            [
              52.1784293,
              21.0733029
            ],
            [
              52.1785648,
              21.0731056
            ],
            [
              52.1786582,
              21.0729689
            ],
            [
              52.1789069,
              21.0726205
            ],
            [
              52.1791279,
              21.0723272
            ],
            [
              52.1791618,
              21.0722822
            ],
            [
              52.1791911,
              21.0722449
            ],
            [
              52.1793311,
              21.0720672
            ]
          ],
          [
            [
              52.1739195,
              21.0788812
            ],
            [
              52.1740136,
              21.0787853
            ],
            [
              52.1740385,
              21.0787593
            ],
            [
              52.1740735,
              21.0787228
            ],
            [
              52.174388,
              21.0783989
            ]
          ],
          [
            [
              52.1785274,
              21.0728628
            ],
            [
              52.1790572,
              21.0720926
            ],
            [
              52.179085,
              21.0720541
            ],
            [
              52.1792021,
              21.0718898
            ]
          ],
          [
            [
              52.1688943,
              21.0843005
            ],
            [
              52.1689699,
              21.0842412
            ],
            [
              52.1692802,
              21.0839408
            ],
            [
              52.1693199,
              21.0838998
            ],
            [
              52.1693493,
              21.0838695
            ],
            [
              52.1694901,
              21.0837232
            ]
          ],
          [
            [
              52.1685972,
              21.084218
            ],
            [
              52.168729,
              21.0841272
            ],
            [
              52.1688778,
              21.0840231
            ],
            [
              52.1690637,
              21.0838758
            ],
            [
              52.1692318,
              21.0837249
            ],
            [
              52.169248,
              21.0837082
            ],
            [
              52.1692764,
              21.0836791
            ],
            [
              52.1694046,
              21.0835471
            ]
          ],
          [
            [
              52.174388,
              21.0783989
            ],
            [
              52.1746278,
              21.0781535
            ],
            [
              52.1753534,
              21.0773862
            ],
            [
              52.1753616,
              21.0773775
            ],
            [
              52.1756708,
              21.0770203
            ],
            [
              52.1757832,
              21.0768673
            ],
            [
              52.1758111,
              21.0768294
            ],
            [
              52.175841,
              21.0767886
            ],
            [
              52.1758938,
              21.0767115
            ]
          ],
          [
            [
              52.1758938,
              21.0767115
            ],
            [
              52.1785274,
              21.0728628
            ]
          ],
          [
            [
              52.1682521,
              21.0843822
            ],
            [
              52.1684015,
              21.0843251
            ]
          ],
          [
            [
              52.1674665,
              21.0857143
            ],
            [
              52.1677642,
              21.0854534
            ]
          ]
        ]
      }
    },
    {
      "type": "Feature",
      "properties": {
        "name": "Aleja Wilanowska",
        "highway": "secondary"
      },
      "geometry": {
        "type": "MultiLineString",
        "coordinates": [
          [
            [
              52.1659274,
              21.0842608
            ],
            [
              52.1659652,
              21.0843586
            ],
            [
              52.1660016,
              21.0844439
            ],
            [
              52.1660549,
              21.0845416
            ],
            [
              52.1660975,
              21.0845946
            ],
            [
              52.166224,
              21.0846776
            ]
          ],
          [
            [
              52.1649996,
              21.08459
            ],
            [
              52.1653001,
              21.0845064
            ]
          ],
          [
            [
              52.1694488,
              21.069757
            ],
            [
              52.1694701,
              21.069657
            ],
            [
              52.169491,
              21.0695702
            ],
            [
              52.1695193,
              21.0694723
            ],
            [
              52.1695428,
              21.0693875
            ],
            [
              52.169569,
              21.0692759
            ],
            [
              52.1697071,
              21.0686636
            ]
          ],
          [
            [
              52.1677976,
              21.0771268
            ],
            [
              52.167854,
              21.0768756
            ],
            [
              52.1680531,
              21.0759807
            ],
            [
              52.1680846,
              21.0758411
            ],
            [
              52.1681205,
              21.0756866
            ]
          ],
          [
            [
              52.1696379,
              21.0683108
            ],
            [
              52.169668,
              21.0681775
            ],
            [
              52.1696878,
              21.0680896
            ],
            [
              52.1697025,
              21.0680245
            ],
            [
              52.1697389,
              21.0678631
            ]
          ],
          [
            [
              52.1659274,
              21.0842608
            ],
            [
              52.1659448,
              21.0841776
            ],
            [
              52.1659575,
              21.0841179
            ],
            [
              52.1659712,
              21.084052
            ],
            [
              52.1659874,
              21.0839746
            ],
            [
              52.1660474,
              21.0837375
            ],
            [
              52.1660872,
              21.0835641
            ],
            [
              52.1661229,
              21.083371
            ]
          ],
          [
            [
              52.1695197,
              21.0688347
            ],
            [
              52.1695843,
              21.0685484
            ],
            [
              52.1696014,
              21.0684727
            ],
            [
              52.1696379,
              21.0683108
            ]
          ],
          [
            [
              52.1680054,
              21.0755093
            ],
            [
              52.1680371,
              21.0753545
            ],
            [
              52.1680494,
              21.0753038
            ],
            [
              52.1680733,
              21.0752037
            ],
            [
              52.1682915,
              21.0742426
            ]
          ],
          [
            [
              52.1681427,
              21.0755892
            ],
            [
              52.1681797,
              21.075437
            ],
            [
              52.1681917,
              21.0753833
            ],
            [
              52.1682045,
              21.0753171
            ],
            [
              52.1683235,
              21.0747897
            ],
            [
              52.1692137,
              21.0708533
            ],
            [
              52.1692918,
              21.0705179
            ],
            [
              52.1694488,
              21.069757
            ]
          ],
          [
            [
              52.1674916,
              21.0778083
            ],
            [
              52.1678045,
              21.076416
            ],
            [
              52.1679496,
              21.0757613
            ],
            [
              52.1679668,
              21.075683
            ],
            [
              52.167984,
              21.0756046
            ]
          ],
          [
            [
              52.1666949,
              21.0813368
            ],
            [
              52.1670328,
              21.0798562
            ]
          ],
          [
            [
              52.1670328,
              21.0798562
            ],
            [
              52.167184,
              21.0791881
            ]
          ],
          [
            [
              52.1665164,
              21.0820888
            ],
            [
              52.1666305,
              21.0816141
            ],
            [
              52.1666949,
              21.0813368
            ]
          ],
          [
            [
              52.1662248,
              21.0830711
            ],
            [
              52.1663027,
              21.0828384
            ]
          ],
          [
            [
              52.1663027,
              21.0828384
            ],
            [
              52.1663644,
              21.0826437
            ],
            [
              52.1664509,
              21.0823519
            ],
            [
              52.1665164,
              21.0820888
            ]
          ],
          [
            [
              52.1661229,
              21.083371
            ],
            [
              52.1662248,
              21.0830711
            ]
          ],
          [
            [
              52.1653001,
              21.0845064
            ],
            [
              52.1654745,
              21.0844969
            ]
          ],
          [
            [
              52.1656949,
              21.0844715
            ],
            [
              52.1657219,
              21.0844637
            ],
            [
              52.165765,
              21.0844512
            ],
            [
              52.1658361,
              21.0844254
            ],
            [
              52.1658996,
              21.0843939
            ]
          ],
          [
            [
              52.1654745,
              21.0844969
            ],
            [
              52.1656141,
              21.0844845
            ],
            [
              52.1656502,
              21.0844787
            ],
            [
              52.1656949,
              21.0844715
            ]
          ],
          [
            [
              52.1659652,
              21.0843586
            ],
            [
              52.1660171,
              21.0843175
            ],
            [
              52.1660511,
              21.0842819
            ]
          ],
          [
            [
              52.1658996,
              21.0843939
            ],
            [
              52.1659652,
              21.0843586
            ]
          ],
          [
            [
              52.1660511,
              21.0842819
            ],
            [
              52.1660886,
              21.0842237
            ],
            [
              52.1661207,
              21.0841567
            ],
            [
              52.1661508,
              21.0840968
            ],
            [
              52.1661721,
              21.0840538
            ],
            [
              52.1662184,
              21.083952
            ],
            [
              52.1662546,
              21.0838494
            ],
            [
              52.1662887,
              21.0837249
            ],
            [
              52.1663368,
              21.0835221
            ]
          ],
          [
            [
              52.167184,
              21.0791881
            ],
            [
              52.1673407,
              21.0785005
            ],
            [
              52.1674916,
              21.0778083
            ]
          ],
          [
            [
              52.1663368,
              21.0835221
            ],
            [
              52.1664125,
              21.0832095
            ]
          ],
          [
            [
              52.1693045,
              21.0697913
            ],
            [
              52.1693394,
              21.0696363
            ],
            [
              52.1695197,
              21.0688347
            ]
          ],
          [
            [
              52.1664125,
              21.0832095
            ],
            [
              52.1672181,
              21.0796643
            ],
            [
              52.1677976,
              21.0771268
            ]
          ],
          [
            [
              52.167984,
              21.0756046
            ],
            [
              52.1680054,
              21.0755093
            ]
          ],
          [
            [
              52.1681205,
              21.0756866
            ],
            [
              52.1681427,
              21.0755892
            ]
          ],
          [
            [
              52.1682915,
              21.0742426
            ],
            [
              52.1690794,
              21.0707719
            ],
            [
              52.1693045,
              21.0697913
            ]
          ],
          [
            [
              52.1698008,
              21.0682397
            ],
            [
              52.1698101,
              21.0681883
            ],
            [
              52.1698207,
              21.0681232
            ],
            [
              52.1698337,
              21.0680374
            ]
          ],
          [
            [
              52.1697071,
              21.0686636
            ],
            [
              52.1697305,
              21.0685593
            ],
            [
              52.1697486,
              21.068479
            ],
            [
              52.1697873,
              21.068307
            ],
            [
              52.1698008,
              21.0682397
            ]
          ]
        ]
      }
    },
    {
      "type": "Feature",
      "properties": {
        "name": "Stefana Cendrowskiego",
        "highway": "residential"
      },
      "geometry": {
        "type": "MultiLineString",
        "coordinates": [
          [
            [
              52.1658111,
              21.0864392
            ],
            [
              52.1658079,
              21.0863207
            ],
            [
              52.1657882,
              21.0855828
            ],
            [
              52.1657957,
              21.085412
            ],
            [
              52.1658132,
              21.0852404
            ],
            [
              52.1658376,
              21.0849066
            ]
          ],
          [
            [
              52.1658376,
              21.0849066
            ],
            [
              52.1658446,
              21.0848229
            ],
            [
              52.1658576,
              21.0846687
            ]
          ]
        ]
      }
    },
    {
      "type": "Feature",
      "properties": {
        "name": "Zygmunta Vogla",
        "highway": "tertiary"
      },
      "geometry": {
        "type": "MultiLineString",
        "coordinates": [
          [
            [
              52.1609892,
              21.0937252
            ],
            [
              52.1610022,
              21.0938159
            ],
            [
              52.1610161,
              21.0939267
            ],
            [
              52.1610228,
              21.0939895
            ],
            [
              52.1612243,
              21.0959243
            ],
            [
              52.1613299,
              21.0969305
            ],
            [
              52.1613396,
              21.097026
            ],
            [
              52.1613464,
              21.0971077
            ],
            [
              52.1613533,
              21.0972147
            ],
            [
              52.1613575,
              21.0973125
            ],
            [
              52.1613603,
              21.0975097
            ],
            [
              52.1613155,
              21.0992334
            ],
            [
              52.1612673,
              21.1009315
            ],
            [
              52.1612633,
              21.1010883
            ],
            [
              52.1612586,
              21.1012095
            ],
            [
              52.1612545,
              21.1013401
            ],
            [
              52.1612084,
              21.1030378
            ],
            [
              52.1611905,
              21.1037839
            ],
            [
              52.1611898,
              21.1039125
            ],
            [
              52.1611928,
              21.104038
            ],
            [
              52.1611991,
              21.1041621
            ],
            [
              52.1612089,
              21.1042844
            ],
            [
              52.1612228,
              21.1044125
            ]
          ],
          [
            [
              52.1608276,
              21.0930827
            ],
            [
              52.160906,
              21.0933574
            ]
          ],
          [
            [
              52.1617762,
              21.1062744
            ],
            [
              52.1618044,
              21.1063241
            ],
            [
              52.1618338,
              21.1063734
            ],
            [
              52.1618876,
              21.1064577
            ],
            [
              52.1619427,
              21.1065368
            ],
            [
              52.1620011,
              21.1066143
            ],
            [
              52.1620593,
              21.1066885
            ],
            [
              52.1621201,
              21.1067621
            ],
            [
              52.1621864,
              21.1068381
            ],
            [
              52.1622589,
              21.1069164
            ],
            [
              52.1623184,
              21.1069774
            ],
            [
              52.1623785,
              21.1070362
            ],
            [
              52.1627747,
              21.1074104
            ],
            [
              52.1629016,
              21.1075276
            ],
            [
              52.1630533,
              21.1076677
            ],
            [
              52.1631658,
              21.107775
            ],
            [
              52.1635058,
              21.1080991
            ],
            [
              52.1635814,
              21.1081677
            ],
            [
              52.1642286,
              21.108755
            ],
            [
              52.1642754,
              21.1087936
            ]
          ],
          [
            [
              52.1615776,
              21.1058375
            ],
            [
              52.1616061,
              21.1059124
            ],
            [
              52.1616361,
              21.1059857
            ],
            [
              52.1616699,
              21.1060626
            ]
          ],
          [
            [
              52.1616699,
              21.1060626
            ],
            [
              52.1617221,
              21.1061698
            ],
            [
              52.1617762,
              21.1062744
            ]
          ],
          [
            [
              52.1595526,
              21.0871905
            ],
            [
              52.1596044,
              21.0873431
            ],
            [
              52.1596197,
              21.0873988
            ],
            [
              52.1596492,
              21.0875242
            ],
            [
              52.1596668,
              21.0876038
            ],
            [
              52.1596952,
              21.0877351
            ],
            [
              52.1597229,
              21.0878967
            ],
            [
              52.1597496,
              21.0879751
            ]
          ],
          [
            [
              52.1605886,
              21.0924253
            ],
            [
              52.160667,
              21.0926292
            ],
            [
              52.160731,
              21.0927974
            ],
            [
              52.1607565,
              21.0928744
            ],
            [
              52.1608276,
              21.0930827
            ]
          ],
          [
            [
              52.160003,
              21.0894431
            ],
            [
              52.1600279,
              21.089587
            ],
            [
              52.1600928,
              21.0899707
            ],
            [
              52.1601296,
              21.0901855
            ],
            [
              52.1601519,
              21.0903179
            ],
            [
              52.1601811,
              21.0904895
            ],
            [
              52.1602786,
              21.0910671
            ],
            [
              52.160336,
              21.0913927
            ],
            [
              52.160353,
              21.091495
            ],
            [
              52.1603796,
              21.0916524
            ],
            [
              52.1604036,
              21.0917945
            ],
            [
              52.1604269,
              21.0919319
            ],
            [
              52.1604486,
              21.0920183
            ],
            [
              52.1604614,
              21.092069
            ],
            [
              52.1605044,
              21.0922031
            ],
            [
              52.1605886,
              21.0924253
            ]
          ],
          [
            [
              52.1651174,
              21.1094969
            ],
            [
              52.1651737,
              21.1095052
            ],
            [
              52.1652219,
              21.109521
            ],
            [
              52.1652417,
              21.1095305
            ],
            [
              52.165463,
              21.1096113
            ]
          ],
          [
            [
              52.160906,
              21.0933574
            ],
            [
              52.1609581,
              21.0935826
            ]
          ],
          [
            [
              52.166566,
              21.1103462
            ],
            [
              52.1666289,
              21.1103871
            ],
            [
              52.1667506,
              21.1104839
            ],
            [
              52.1669427,
              21.1106438
            ]
          ],
          [
            [
              52.165827,
              21.1098663
            ],
            [
              52.1660102,
              21.1099807
            ]
          ],
          [
            [
              52.1662793,
              21.1101326
            ],
            [
              52.1663052,
              21.1101812
            ],
            [
              52.1663437,
              21.1102487
            ],
            [
              52.1664018,
              21.1102879
            ],
            [
              52.1664303,
              21.1103078
            ],
            [
              52.1664979,
              21.1103592
            ],
            [
              52.166566,
              21.1103462
            ]
          ],
          [
            [
              52.1651608,
              21.1093243
            ],
            [
              52.165184,
              21.1093733
            ],
            [
              52.1652451,
              21.1094389
            ],
            [
              52.1652786,
              21.1094668
            ],
            [
              52.1652856,
              21.109473
            ],
            [
              52.1653639,
              21.1095249
            ],
            [
              52.165463,
              21.1096113
            ]
          ],
          [
            [
              52.1669427,
              21.1106438
            ],
            [
              52.1670637,
              21.1107793
            ],
            [
              52.1671737,
              21.1109239
            ],
            [
              52.1672021,
              21.1109669
            ],
            [
              52.1673071,
              21.1111674
            ],
            [
              52.1673485,
              21.111275
            ],
            [
              52.1673723,
              21.1113283
            ],
            [
              52.1673932,
              21.1113749
            ]
          ],
          [
            [
              52.1646976,
              21.109108
            ],
            [
              52.1647845,
              21.1091403
            ],
            [
              52.1648629,
              21.1091764
            ],
            [
              52.1648803,
              21.1091845
            ],
            [
              52.1649425,
              21.1092056
            ],
            [
              52.1649952,
              21.1091994
            ]
          ],
          [
            [
              52.1646976,
              21.109108
            ],
            [
              52.1647737,
              21.1091916
            ],
            [
              52.1647802,
              21.1091986
            ],
            [
              52.1648267,
              21.1092369
            ],
            [
              52.1648577,
              21.1092649
            ],
            [
              52.1649098,
              21.1093221
            ],
            [
              52.1649451,
              21.1093927
            ]
          ],
          [
            [
              52.1612228,
              21.1044125
            ],
            [
              52.161292,
              21.1047214
            ],
            [
              52.1613061,
              21.104797
            ],
            [
              52.1613298,
              21.1049108
            ],
            [
              52.1613559,
              21.1050225
            ],
            [
              52.1613873,
              21.1051429
            ],
            [
              52.1614216,
              21.1052582
            ],
            [
              52.1614997,
              21.1055087
            ],
            [
              52.1615204,
              21.1055832
            ],
            [
              52.1615388,
              21.1056587
            ],
            [
              52.1615776,
              21.1058375
            ]
          ],
          [
            [
              52.1646531,
              21.1090792
            ],
            [
              52.1646896,
              21.1091028
            ],
            [
              52.1646976,
              21.109108
            ]
          ],
          [
            [
              52.165463,
              21.1096113
            ],
            [
              52.165827,
              21.1098663
            ]
          ],
          [
            [
              52.1660102,
              21.1099807
            ],
            [
              52.1662246,
              21.1100987
            ],
            [
              52.1662793,
              21.1101326
            ]
          ],
          [
            [
              52.1642754,
              21.1087936
            ],
            [
              52.1644346,
              21.1089195
            ],
            [
              52.1646531,
              21.1090792
            ]
          ],
          [
            [
              52.1597496,
              21.0879751
            ],
            [
              52.1598007,
              21.0882684
            ],
            [
              52.1598184,
              21.0883711
            ],
            [
              52.1598336,
              21.0884629
            ]
          ],
          [
            [
              52.1596673,
              21.0871157
            ],
            [
              52.1596977,
              21.0872942
            ],
            [
              52.159708,
              21.0873539
            ],
            [
              52.1597191,
              21.0874195
            ],
            [
              52.1597359,
              21.0875176
            ],
            [
              52.1597391,
              21.0877386
            ],
            [
              52.1597499,
              21.0878838
            ],
            [
              52.1597496,
              21.0879751
            ]
          ],
          [
            [
              52.1598336,
              21.0884629
            ],
            [
              52.1599173,
              21.0889506
            ],
            [
              52.1599675,
              21.0892375
            ],
            [
              52.1599878,
              21.0893548
            ],
            [
              52.160003,
              21.0894431
            ]
          ],
          [
            [
              52.1609581,
              21.0935826
            ],
            [
              52.1609892,
              21.0937252
            ]
          ]
        ]
      }
    },
    {
      "type": "Feature",
      "properties": {
        "name": "Opieńki",
        "highway": "unclassified"
      },
      "geometry": {
        "type": "MultiLineString",
        "coordinates": [
          [
            [
              52.1182689,
              21.0922744
            ],
            [
              52.1186855,
              21.0921599
            ],
            [
              52.1193126,
              21.0919847
            ],
            [
              52.1195094,
              21.091933
            ],
            [
              52.1196372,
              21.0919248
            ],
            [
              52.1197493,
              21.0919409
            ],
            [
              52.1199163,
              21.0919905
            ],
            [
              52.1200333,
              21.0920336
            ],
            [
              52.1201562,
              21.0921065
            ],
            [
              52.1202853,
              21.0922159
            ],
            [
              52.1203545,
              21.0922893
            ]
          ],
          [
            [
              52.1083624,
              21.1001173
            ],
            [
              52.1084045,
              21.09996
            ],
            [
              52.1084286,
              21.0999057
            ],
            [
              52.1084518,
              21.0998664
            ],
            [
              52.1088297,
              21.0992753
            ],
            [
              52.1088731,
              21.0992075
            ]
          ],
          [
            [
              52.1174372,
              21.0925466
            ],
            [
              52.1176052,
              21.0924906
            ],
            [
              52.1181364,
              21.0923135
            ]
          ],
          [
            [
              52.1169757,
              21.0928354
            ],
            [
              52.1170037,
              21.0927951
            ],
            [
              52.1170512,
              21.0927226
            ]
          ],
          [
            [
              52.1168969,
              21.0927939
            ],
            [
              52.1170512,
              21.0927226
            ]
          ],
          [
            [
              52.1168969,
              21.0927939
            ],
            [
              52.1167937,
              21.0928474
            ],
            [
              52.1167657,
              21.0928823
            ],
            [
              52.1167451,
              21.0929266
            ],
            [
              52.116741,
              21.0929681
            ],
            [
              52.1167451,
              21.0930137
            ],
            [
              52.1167624,
              21.0930419
            ],
            [
              52.1167928,
              21.0930647
            ],
            [
              52.1168324,
              21.0930701
            ],
            [
              52.1168637,
              21.0930526
            ],
            [
              52.1168917,
              21.0930285
            ],
            [
              52.116923,
              21.0929614
            ],
            [
              52.1169484,
              21.0929007
            ],
            [
              52.1169757,
              21.0928354
            ]
          ],
          [
            [
              52.1181364,
              21.0923135
            ],
            [
              52.1182689,
              21.0922744
            ]
          ],
          [
            [
              52.1170512,
              21.0927226
            ],
            [
              52.1174372,
              21.0925466
            ]
          ]
        ]
      }
    },
    {
      "type": "Feature",
      "properties": {
        "name": "Przekorna",
        "highway": "unclassified"
      },
      "geometry": {
        "type": "MultiLineString",
        "coordinates": [
          [
            [
              52.1205901,
              21.092604
            ],
            [
              52.1206098,
              21.0926359
            ],
            [
              52.1207085,
              21.0928397
            ],
            [
              52.1207506,
              21.0929379
            ],
            [
              52.1209289,
              21.0933539
            ],
            [
              52.121138,
              21.0938351
            ],
            [
              52.1212561,
              21.0941069
            ]
          ],
          [
            [
              52.124727,
              21.1021678
            ],
            [
              52.1247905,
              21.1022615
            ],
            [
              52.1248459,
              21.1023788
            ],
            [
              52.1248927,
              21.1024778
            ],
            [
              52.1249408,
              21.1026014
            ],
            [
              52.1249576,
              21.1026715
            ],
            [
              52.124963,
              21.1027435
            ],
            [
              52.1249627,
              21.1028432
            ],
            [
              52.1249572,
              21.1029364
            ]
          ],
          [
            [
              52.1226523,
              21.0973507
            ],
            [
              52.122742,
              21.0975589
            ]
          ],
          [
            [
              52.122742,
              21.0975589
            ],
            [
              52.1228425,
              21.0977923
            ],
            [
              52.1228751,
              21.0978676
            ],
            [
              52.123094,
              21.0983738
            ],
            [
              52.1231996,
              21.0986179
            ],
            [
              52.1232801,
              21.098804
            ],
            [
              52.1234366,
              21.0991659
            ],
            [
              52.1236844,
              21.0997431
            ],
            [
              52.124119,
              21.1007583
            ],
            [
              52.1241911,
              21.1009265
            ],
            [
              52.1242633,
              21.1010949
            ]
          ],
          [
            [
              52.1247027,
              21.1021146
            ],
            [
              52.124727,
              21.1021678
            ]
          ],
          [
            [
              52.124727,
              21.1021678
            ],
            [
              52.1247796,
              21.1023495
            ],
            [
              52.1248044,
              21.1024826
            ],
            [
              52.1248259,
              21.1026685
            ],
            [
              52.1248322,
              21.1027358
            ],
            [
              52.1248344,
              21.1028601
            ],
            [
              52.1248354,
              21.1029164
            ]
          ],
          [
            [
              52.1225489,
              21.0971087
            ],
            [
              52.1225699,
              21.0971552
            ],
            [
              52.1226523,
              21.0973507
            ]
          ],
          [
            [
              52.1213576,
              21.0943428
            ],
            [
              52.1220454,
              21.0959411
            ],
            [
              52.1223,
              21.0965333
            ],
            [
              52.1225079,
              21.0970172
            ],
            [
              52.1225235,
              21.097052
            ],
            [
              52.1225489,
              21.0971087
            ]
          ],
          [
            [
              52.1212561,
              21.0941069
            ],
            [
              52.1213576,
              21.0943428
            ]
          ],
          [
            [
              52.1242633,
              21.1010949
            ],
            [
              52.1244704,
              21.1015799
            ],
            [
              52.1245033,
              21.1016546
            ],
            [
              52.1246595,
              21.1020142
            ],
            [
              52.1247027,
              21.1021146
            ]
          ],
          [
            [
              52.1203545,
              21.0922893
            ],
            [
              52.120462,
              21.09241
            ],
            [
              52.120514,
              21.0924806
            ],
            [
              52.1205901,
              21.092604
            ]
          ]
        ]
      }
    },
    {
      "type": "Feature",
      "properties": {
        "name": "Adama Branickiego",
        "highway": "secondary"
      },
      "geometry": {
        "type": "MultiLineString",
        "coordinates": [
          [
            [
              52.1594572,
              21.0869084
            ],
            [
              52.1595526,
              21.0871905
            ]
          ],
          [
            [
              52.1584434,
              21.0830387
            ],
            [
              52.1585305,
              21.0834652
            ],
            [
              52.1587768,
              21.0843741
            ]
          ],
          [
            [
              52.1567727,
              21.0771434
            ],
            [
              52.1568062,
              21.0772507
            ],
            [
              52.1568264,
              21.0773154
            ],
            [
              52.1569072,
              21.0775743
            ],
            [
              52.157062,
              21.0780695
            ]
          ],
          [
            [
              52.1502787,
              21.0614121
            ],
            [
              52.1503676,
              21.0615566
            ],
            [
              52.1504557,
              21.0616981
            ],
            [
              52.1505601,
              21.0618616
            ],
            [
              52.150664,
              21.062023
            ],
            [
              52.1507565,
              21.0621704
            ],
            [
              52.1508489,
              21.0623207
            ],
            [
              52.1509553,
              21.0624992
            ],
            [
              52.1510541,
              21.062669
            ],
            [
              52.1511505,
              21.0628389
            ],
            [
              52.1512506,
              21.0630213
            ],
            [
              52.1513521,
              21.0632104
            ],
            [
              52.1514475,
              21.0633948
            ]
          ],
          [
            [
              52.1577957,
              21.0808314
            ],
            [
              52.1578154,
              21.0809275
            ],
            [
              52.1578381,
              21.0810216
            ],
            [
              52.1578709,
              21.0811137
            ]
          ],
          [
            [
              52.1568463,
              21.0769767
            ],
            [
              52.1569228,
              21.0772368
            ],
            [
              52.1569434,
              21.077304
            ],
            [
              52.1573558,
              21.0786465
            ],
            [
              52.1574508,
              21.0789705
            ],
            [
              52.1576379,
              21.0796084
            ],
            [
              52.1578306,
              21.0801728
            ]
          ],
          [
            [
              52.1580719,
              21.080923
            ],
            [
              52.1580836,
              21.0809881
            ],
            [
              52.1581096,
              21.0811275
            ],
            [
              52.1581197,
              21.0811814
            ],
            [
              52.1581271,
              21.0812244
            ],
            [
              52.1581487,
              21.0813508
            ],
            [
              52.1581939,
              21.0815836
            ],
            [
              52.1582721,
              21.0818795
            ],
            [
              52.1584412,
              21.0824353
            ]
          ],
          [
            [
              52.1578709,
              21.0811137
            ],
            [
              52.1579202,
              21.0812496
            ],
            [
              52.1579363,
              21.0812979
            ],
            [
              52.1580151,
              21.0815359
            ],
            [
              52.158141,
              21.0819531
            ]
          ],
          [
            [
              52.1567474,
              21.0766721
            ],
            [
              52.1568463,
              21.0769767
            ]
          ],
          [
            [
              52.1574017,
              21.0792225
            ],
            [
              52.1576427,
              21.0800748
            ],
            [
              52.1577029,
              21.0803274
            ],
            [
              52.1577374,
              21.0805231
            ],
            [
              52.157752,
              21.0806057
            ],
            [
              52.1577626,
              21.080666
            ],
            [
              52.1577849,
              21.0807775
            ],
            [
              52.1577957,
              21.0808314
            ]
          ],
          [
            [
              52.1578306,
              21.0801728
            ],
            [
              52.1579315,
              21.0804701
            ],
            [
              52.1579482,
              21.0805192
            ],
            [
              52.1579939,
              21.0806562
            ]
          ],
          [
            [
              52.1579939,
              21.0806562
            ],
            [
              52.1580164,
              21.080715
            ],
            [
              52.1580359,
              21.0807652
            ],
            [
              52.1580719,
              21.080923
            ]
          ],
          [
            [
              52.1551425,
              21.0720935
            ],
            [
              52.1555081,
              21.0730641
            ],
            [
              52.1555258,
              21.0731137
            ],
            [
              52.1555975,
              21.0733138
            ],
            [
              52.1560361,
              21.0745707
            ],
            [
              52.1560774,
              21.0746889
            ],
            [
              52.1564685,
              21.075851
            ],
            [
              52.156659,
              21.0764213
            ],
            [
              52.1566785,
              21.0764753
            ],
            [
              52.1567474,
              21.0766721
            ]
          ],
          [
            [
              52.1553122,
              21.0728818
            ],
            [
              52.1554112,
              21.0731588
            ],
            [
              52.1554289,
              21.0732083
            ],
            [
              52.155989,
              21.0747761
            ],
            [
              52.1565365,
              21.0764456
            ],
            [
              52.1565604,
              21.0765222
            ],
            [
              52.1565785,
              21.0765794
            ],
            [
              52.1566658,
              21.0768258
            ]
          ],
          [
            [
              52.1519686,
              21.0648238
            ],
            [
              52.1524536,
              21.0659559
            ],
            [
              52.1529138,
              21.0670023
            ],
            [
              52.153039,
              21.067291
            ],
            [
              52.1538143,
              21.0691051
            ]
          ],
          [
            [
              52.1509346,
              21.0627391
            ],
            [
              52.1510359,
              21.0629181
            ],
            [
              52.1511279,
              21.0630828
            ],
            [
              52.151205,
              21.0632257
            ],
            [
              52.1512843,
              21.0633739
            ],
            [
              52.1513576,
              21.0635162
            ]
          ],
          [
            [
              52.1538143,
              21.0691051
            ],
            [
              52.1538947,
              21.0692955
            ]
          ],
          [
            [
              52.1514475,
              21.0633948
            ],
            [
              52.1515997,
              21.0636971
            ],
            [
              52.1517614,
              21.0640355
            ],
            [
              52.1519302,
              21.0644084
            ],
            [
              52.1520644,
              21.0647145
            ]
          ],
          [
            [
              52.1520644,
              21.0647145
            ],
            [
              52.1523731,
              21.065505
            ],
            [
              52.1531377,
              21.067249
            ],
            [
              52.153982,
              21.0691908
            ]
          ],
          [
            [
              52.1513576,
              21.0635162
            ],
            [
              52.1515081,
              21.0638156
            ],
            [
              52.1516738,
              21.0641615
            ],
            [
              52.151834,
              21.0645157
            ],
            [
              52.1519686,
              21.0648238
            ]
          ],
          [
            [
              52.1546766,
              21.070884
            ],
            [
              52.1547225,
              21.0709977
            ]
          ],
          [
            [
              52.1544703,
              21.0707004
            ],
            [
              52.1544955,
              21.0707632
            ],
            [
              52.1545193,
              21.0708196
            ],
            [
              52.1545704,
              21.0709492
            ]
          ],
          [
            [
              52.1582771,
              21.0824202
            ],
            [
              52.1584434,
              21.0830387
            ]
          ],
          [
            [
              52.158141,
              21.0819531
            ],
            [
              52.1582771,
              21.0824202
            ]
          ],
          [
            [
              52.157062,
              21.0780695
            ],
            [
              52.1571847,
              21.0784754
            ],
            [
              52.1573316,
              21.0789745
            ],
            [
              52.1574017,
              21.0792225
            ]
          ],
          [
            [
              52.1538947,
              21.0692955
            ],
            [
              52.1544703,
              21.0707004
            ]
          ],
          [
            [
              52.153982,
              21.0691908
            ],
            [
              52.1543634,
              21.0701101
            ],
            [
              52.1545878,
              21.070667
            ],
            [
              52.1546109,
              21.0707235
            ],
            [
              52.1546766,
              21.070884
            ]
          ],
          [
            [
              52.1547022,
              21.0712775
            ],
            [
              52.1549233,
              21.0718497
            ],
            [
              52.1553122,
              21.0728818
            ]
          ],
          [
            [
              52.1546155,
              21.071059
            ],
            [
              52.1546789,
              21.0712161
            ],
            [
              52.1547022,
              21.0712775
            ]
          ],
          [
            [
              52.1547225,
              21.0709977
            ],
            [
              52.1547725,
              21.0711225
            ],
            [
              52.1547963,
              21.0711827
            ],
            [
              52.154822,
              21.0712506
            ],
            [
              52.1551425,
              21.0720935
            ]
          ],
          [
            [
              52.1545704,
              21.0709492
            ],
            [
              52.1546155,
              21.071059
            ]
          ],
          [
            [
              52.1566658,
              21.0768258
            ],
            [
              52.1567727,
              21.0771434
            ]
          ],
          [
            [
              52.1595503,
              21.0865148
            ],
            [
              52.1595588,
              21.0865466
            ],
            [
              52.159596,
              21.0866977
            ],
            [
              52.1596085,
              21.0867707
            ]
          ],
          [
            [
              52.1584412,
              21.0824353
            ],
            [
              52.1585862,
              21.0829307
            ],
            [
              52.1586805,
              21.083282
            ],
            [
              52.1589528,
              21.0842967
            ],
            [
              52.1590074,
              21.084504
            ],
            [
              52.1590716,
              21.0847353
            ],
            [
              52.1590862,
              21.0847893
            ],
            [
              52.1593522,
              21.0857783
            ]
          ],
          [
            [
              52.159091,
              21.0855833
            ],
            [
              52.1593425,
              21.086515
            ],
            [
              52.1593644,
              21.0865899
            ],
            [
              52.1593879,
              21.0866709
            ]
          ],
          [
            [
              52.1596085,
              21.0867707
            ],
            [
              52.1596673,
              21.0871157
            ]
          ],
          [
            [
              52.1593522,
              21.0857783
            ],
            [
              52.1595374,
              21.0864666
            ],
            [
              52.1595503,
              21.0865148
            ]
          ],
          [
            [
              52.1593879,
              21.0866709
            ],
            [
              52.1594572,
              21.0869084
            ]
          ],
          [
            [
              52.1587768,
              21.0843741
            ],
            [
              52.1588583,
              21.0846976
            ],
            [
              52.1589002,
              21.0848572
            ],
            [
              52.158914,
              21.0849096
            ],
            [
              52.159091,
              21.0855833
            ]
          ]
        ]
      }
    },
    {
      "type": "Feature",
      "properties": {
        "name": "Syta",
        "highway": "tertiary"
      },
      "geometry": {
        "type": "MultiLineString",
        "coordinates": [
          [
            [
              52.165317,
              21.1090154
            ],
            [
              52.1653395,
              21.1090025
            ],
            [
              52.1655529,
              21.1088799
            ],
            [
              52.1656998,
              21.1087956
            ],
            [
              52.1657985,
              21.1087407
            ],
            [
              52.1659431,
              21.1086673
            ],
            [
              52.1660257,
              21.108619
            ],
            [
              52.1661046,
              21.1085683
            ],
            [
              52.1662212,
              21.1084933
            ],
            [
              52.1662571,
              21.1084722
            ],
            [
              52.1663968,
              21.1083883
            ],
            [
              52.1665143,
              21.108323
            ],
            [
              52.1668248,
              21.1081589
            ],
            [
              52.1669453,
              21.108098
            ],
            [
              52.1670005,
              21.1080686
            ],
            [
              52.1670793,
              21.1080288
            ],
            [
              52.1671473,
              21.1079934
            ],
            [
              52.1673095,
              21.1079086
            ],
            [
              52.1674162,
              21.1078533
            ],
            [
              52.1676784,
              21.1077144
            ],
            [
              52.1678331,
              21.1076336
            ],
            [
              52.1679367,
              21.1075788
            ],
            [
              52.1682066,
              21.1074387
            ],
            [
              52.1683532,
              21.107361
            ],
            [
              52.1684657,
              21.1073028
            ],
            [
              52.1688505,
              21.1070958
            ],
            [
              52.1690384,
              21.1069929
            ],
            [
              52.1692252,
              21.1068909
            ],
            [
              52.1693228,
              21.106839
            ],
            [
              52.1694966,
              21.1067467
            ],
            [
              52.1695252,
              21.1067315
            ],
            [
              52.1696227,
              21.1066806
            ],
            [
              52.1697249,
              21.1066216
            ],
            [
              52.1700423,
              21.1064331
            ],
            [
              52.1700899,
              21.1064083
            ],
            [
              52.1701306,
              21.106393
            ],
            [
              52.1701883,
              21.1063773
            ],
            [
              52.1702853,
              21.1063578
            ],
            [
              52.170458,
              21.1063345
            ],
            [
              52.1706738,
              21.1063059
            ],
            [
              52.1707341,
              21.1063001
            ],
            [
              52.1707701,
              21.1062997
            ],
            [
              52.170809,
              21.1063032
            ],
            [
              52.1708423,
              21.1063131
            ],
            [
              52.1708897,
              21.1063346
            ],
            [
              52.1709328,
              21.1063617
            ],
            [
              52.1709901,
              21.1064057
            ],
            [
              52.1710454,
              21.106458
            ],
            [
              52.1710985,
              21.1065186
            ],
            [
              52.1711828,
              21.10663
            ],
            [
              52.1713904,
              21.1069165
            ]
          ],
          [
            [
              52.175186,
              21.1071787
            ],
            [
              52.175247,
              21.1071569
            ],
            [
              52.1753195,
              21.1071357
            ],
            [
              52.1754668,
              21.1071019
            ],
            [
              52.1757319,
              21.1070487
            ],
            [
              52.1758667,
              21.1070356
            ],
            [
              52.175956,
              21.1070392
            ],
            [
              52.1760528,
              21.1070602
            ],
            [
              52.1761809,
              21.1071133
            ],
            [
              52.1762617,
              21.1071477
            ],
            [
              52.1763582,
              21.1071909
            ],
            [
              52.1764367,
              21.1072196
            ],
            [
              52.1765018,
              21.1072355
            ],
            [
              52.1765809,
              21.1072369
            ],
            [
              52.1766833,
              21.1072081
            ],
            [
              52.176756,
              21.1071528
            ],
            [
              52.1768431,
              21.1070629
            ],
            [
              52.1769156,
              21.1069541
            ],
            [
              52.1769707,
              21.1068074
            ],
            [
              52.1769892,
              21.1067262
            ],
            [
              52.1770022,
              21.1066268
            ],
            [
              52.1770096,
              21.1063497
            ],
            [
              52.1770418,
              21.1057798
            ],
            [
              52.1770695,
              21.1054268
            ],
            [
              52.1770827,
              21.1052581
            ],
            [
              52.1771028,
              21.1050868
            ],
            [
              52.1771273,
              21.1049605
            ],
            [
              52.1771707,
              21.1048306
            ],
            [
              52.1772126,
              21.1047416
            ],
            [
              52.1775294,
              21.1041798
            ],
            [
              52.1775656,
              21.1041277
            ],
            [
              52.177613,
              21.1040774
            ],
            [
              52.1776598,
              21.10404
            ],
            [
              52.1778177,
              21.1039079
            ],
            [
              52.1780644,
              21.1037016
            ],
            [
              52.1782907,
              21.103506
            ],
            [
              52.1783937,
              21.103417
            ],
            [
              52.1784591,
              21.1033604
            ],
            [
              52.1785965,
              21.1032417
            ],
            [
              52.1788322,
              21.1030372
            ],
            [
              52.1789368,
              21.1029509
            ],
            [
              52.1790379,
              21.1028251
            ],
            [
              52.1791106,
              21.1026703
            ],
            [
              52.179202,
              21.1024255
            ]
          ],
          [
            [
              52.1850384,
              21.0988807
            ],
            [
              52.1851684,
              21.0990041
            ],
            [
              52.1856344,
              21.0994675
            ],
            [
              52.18648,
              21.1003045
            ],
            [
              52.1868016,
              21.100582
            ],
            [
              52.1872396,
              21.1009254
            ],
            [
              52.1873827,
              21.1010145
            ],
            [
              52.1875272,
              21.1010873
            ],
            [
              52.1876602,
              21.1011343
            ],
            [
              52.1881054,
              21.1012489
            ],
            [
              52.1882684,
              21.1013142
            ],
            [
              52.1886141,
              21.1014353
            ],
            [
              52.1887245,
              21.1014877
            ],
            [
              52.1888452,
              21.1015622
            ],
            [
              52.1889961,
              21.1016656
            ],
            [
              52.1891203,
              21.1017624
            ],
            [
              52.1892673,
              21.1018827
            ],
            [
              52.1893356,
              21.1019478
            ],
            [
              52.1894108,
              21.1020355
            ],
            [
              52.1894725,
              21.1021355
            ],
            [
              52.1895336,
              21.1022702
            ],
            [
              52.1896467,
              21.1025365
            ],
            [
              52.1897874,
              21.1028633
            ],
            [
              52.18981,
              21.1029269
            ],
            [
              52.1898209,
              21.1029809
            ],
            [
              52.1898194,
              21.1030365
            ]
          ],
          [
            [
              52.152506,
              21.1306461
            ],
            [
              52.1525303,
              21.1306042
            ],
            [
              52.1525515,
              21.1305473
            ],
            [
              52.1525657,
              21.130477
            ],
            [
              52.1525905,
              21.1302817
            ],
            [
              52.1526008,
              21.130147
            ],
            [
              52.1526054,
              21.1300822
            ],
            [
              52.1526042,
              21.1300149
            ],
            [
              52.1526012,
              21.1299528
            ],
            [
              52.1525931,
              21.1298872
            ],
            [
              52.1525824,
              21.1298417
            ],
            [
              52.1525677,
              21.1298017
            ],
            [
              52.1525155,
              21.1296969
            ],
            [
              52.1521007,
              21.1288631
            ],
            [
              52.1519494,
              21.1285588
            ],
            [
              52.1519006,
              21.1284675
            ],
            [
              52.1518508,
              21.1283913
            ],
            [
              52.1514899,
              21.1279681
            ],
            [
              52.1512752,
              21.1277024
            ],
            [
              52.1512278,
              21.1276239
            ],
            [
              52.1511725,
              21.1275076
            ],
            [
              52.1511302,
              21.1273912
            ],
            [
              52.1510029,
              21.1269739
            ],
            [
              52.1509914,
              21.1269235
            ],
            [
              52.1509922,
              21.1268636
            ],
            [
              52.1510035,
              21.1268195
            ],
            [
              52.151024,
              21.1267853
            ],
            [
              52.1510574,
              21.1267551
            ],
            [
              52.1512127,
              21.1266631
            ],
            [
              52.1513384,
              21.1265886
            ],
            [
              52.1516653,
              21.126407
            ],
            [
              52.1519449,
              21.1262435
            ],
            [
              52.1521099,
              21.12616
            ],
            [
              52.1522587,
              21.1261008
            ],
            [
              52.152455,
              21.1260676
            ],
            [
              52.152651,
              21.1260528
            ],
            [
              52.1529635,
              21.1260384
            ],
            [
              52.1530956,
              21.1260236
            ],
            [
              52.1533336,
              21.1259779
            ],
            [
              52.1534272,
              21.125951
            ],
            [
              52.1535186,
              21.1259106
            ],
            [
              52.1537013,
              21.1258055
            ],
            [
              52.1539409,
              21.1256315
            ],
            [
              52.1551936,
              21.1247222
            ],
            [
              52.1552779,
              21.1246515
            ],
            [
              52.1553623,
              21.1245691
            ],
            [
              52.1554656,
              21.1244524
            ]
          ],
          [
            [
              52.1570731,
              21.1217747
            ],
            [
              52.1573001,
              21.1214643
            ],
            [
              52.1578372,
              21.1207697
            ],
            [
              52.1579984,
              21.120588
            ],
            [
              52.1580447,
              21.1205359
            ],
            [
              52.1580946,
              21.1204849
            ],
            [
              52.1584625,
              21.1200806
            ],
            [
              52.1587664,
              21.1197009
            ],
            [
              52.1589812,
              21.119421
            ],
            [
              52.1590923,
              21.1192746
            ],
            [
              52.1593577,
              21.1189156
            ],
            [
              52.1594018,
              21.1188535
            ],
            [
              52.159482,
              21.1187405
            ],
            [
              52.1595177,
              21.118693
            ],
            [
              52.1595587,
              21.1186348
            ],
            [
              52.1598527,
              21.1182476
            ],
            [
              52.1600171,
              21.1180292
            ],
            [
              52.1602216,
              21.1177573
            ],
            [
              52.1603941,
              21.1175065
            ],
            [
              52.1604413,
              21.1174435
            ],
            [
              52.1605356,
              21.117312
            ],
            [
              52.1606498,
              21.1171481
            ],
            [
              52.1607956,
              21.1169486
            ],
            [
              52.1609376,
              21.1167189
            ],
            [
              52.1609523,
              21.1166969
            ],
            [
              52.1612293,
              21.1162491
            ],
            [
              52.1614691,
              21.1158176
            ],
            [
              52.1618719,
              21.1150151
            ],
            [
              52.1619754,
              21.1148115
            ],
            [
              52.1621223,
              21.1145181
            ],
            [
              52.1621678,
              21.1144365
            ],
            [
              52.162312,
              21.1141926
            ],
            [
              52.1626673,
              21.1136207
            ],
            [
              52.1628289,
              21.1133874
            ],
            [
              52.163261,
              21.1127676
            ],
            [
              52.16334,
              21.1126532
            ],
            [
              52.1634716,
              21.1124599
            ],
            [
              52.1636815,
              21.112157
            ],
            [
              52.1639135,
              21.1118222
            ],
            [
              52.1639683,
              21.1117431
            ],
            [
              52.1640429,
              21.111612
            ],
            [
              52.1642248,
              21.1112168
            ],
            [
              52.1642912,
              21.111067
            ],
            [
              52.164447,
              21.1107067
            ],
            [
              52.1644706,
              21.1106552
            ],
            [
              52.164756,
              21.1100333
            ],
            [
              52.1647635,
              21.1100201
            ],
            [
              52.1647729,
              21.1100035
            ]
          ],
          [
            [
              52.1557916,
              21.1240872
            ],
            [
              52.155805,
              21.1238606
            ],
            [
              52.1558044,
              21.1237264
            ]
          ],
          [
            [
              52.1647729,
              21.1100035
            ],
            [
              52.1647867,
              21.1099379
            ],
            [
              52.1648073,
              21.1098755
            ],
            [
              52.1648319,
              21.1098168
            ],
            [
              52.1648762,
              21.1096856
            ],
            [
              52.1648861,
              21.1096589
            ],
            [
              52.1649075,
              21.1096008
            ],
            [
              52.1649261,
              21.1095431
            ],
            [
              52.1649386,
              21.1094898
            ],
            [
              52.1649451,
              21.1093927
            ]
          ],
          [
            [
              52.1647729,
              21.1100035
            ],
            [
              52.1648114,
              21.1099562
            ],
            [
              52.1648373,
              21.109907
            ],
            [
              52.1649177,
              21.1097272
            ],
            [
              52.164954,
              21.1096489
            ],
            [
              52.1649752,
              21.109607
            ],
            [
              52.1650023,
              21.1095649
            ],
            [
              52.1650347,
              21.1095373
            ],
            [
              52.165042,
              21.1095311
            ]
          ],
          [
            [
              52.1650607,
              21.1091739
            ],
            [
              52.1650958,
              21.1091607
            ],
            [
              52.1651259,
              21.1091368
            ],
            [
              52.1651552,
              21.1091003
            ],
            [
              52.1651672,
              21.1090863
            ],
            [
              52.1651879,
              21.1090631
            ],
            [
              52.1652053,
              21.1090503
            ],
            [
              52.1652215,
              21.1090385
            ],
            [
              52.1652692,
              21.1090189
            ],
            [
              52.165317,
              21.1090154
            ]
          ],
          [
            [
              52.1651539,
              21.1092843
            ],
            [
              52.1651775,
              21.1092133
            ],
            [
              52.1652053,
              21.1091505
            ],
            [
              52.16522,
              21.1091273
            ],
            [
              52.1652258,
              21.1091164
            ],
            [
              52.1652606,
              21.109075
            ],
            [
              52.165317,
              21.1090154
            ]
          ],
          [
            [
              52.1554656,
              21.1244524
            ],
            [
              52.155503,
              21.1243752
            ],
            [
              52.1555654,
              21.1242954
            ],
            [
              52.155664,
              21.1241759
            ]
          ],
          [
            [
              52.1558044,
              21.1237264
            ],
            [
              52.1558394,
              21.123608
            ],
            [
              52.1558725,
              21.123526
            ],
            [
              52.1559055,
              21.1234507
            ],
            [
              52.1559406,
              21.1233824
            ],
            [
              52.1559747,
              21.123323
            ],
            [
              52.1560317,
              21.1232371
            ],
            [
              52.1561736,
              21.1230368
            ],
            [
              52.156409,
              21.1227067
            ]
          ],
          [
            [
              52.156409,
              21.1227067
            ],
            [
              52.1570731,
              21.1217747
            ]
          ],
          [
            [
              52.1795704,
              21.1015897
            ],
            [
              52.1797004,
              21.1013871
            ],
            [
              52.1797771,
              21.1012848
            ],
            [
              52.1798389,
              21.1012129
            ],
            [
              52.1803349,
              21.1007023
            ],
            [
              52.1804481,
              21.1005876
            ],
            [
              52.1805057,
              21.1005223
            ],
            [
              52.1805673,
              21.100445
            ],
            [
              52.1806467,
              21.1003287
            ]
          ],
          [
            [
              52.179202,
              21.1024255
            ],
            [
              52.1792569,
              21.1022554
            ],
            [
              52.1793095,
              21.1021101
            ],
            [
              52.1793465,
              21.1020215
            ],
            [
              52.1793585,
              21.1019927
            ],
            [
              52.1793653,
              21.101979
            ],
            [
              52.1794306,
              21.1018462
            ],
            [
              52.1794716,
              21.1017708
            ],
            [
              52.1795301,
              21.1016633
            ],
            [
              52.1795704,
              21.1015897
            ]
          ],
          [
            [
              52.1740892,
              21.1081418
            ],
            [
              52.1741248,
              21.1081223
            ],
            [
              52.1741793,
              21.1080814
            ],
            [
              52.1742143,
              21.1080523
            ],
            [
              52.1742515,
              21.1080213
            ],
            [
              52.1743835,
              21.1078919
            ],
            [
              52.1745504,
              21.1077272
            ],
            [
              52.1746149,
              21.1076656
            ]
          ],
          [
            [
              52.1713904,
              21.1069165
            ],
            [
              52.1714314,
              21.1069688
            ],
            [
              52.1714754,
              21.1070172
            ],
            [
              52.1715348,
              21.1070685
            ],
            [
              52.1715848,
              21.1071013
            ],
            [
              52.1718175,
              21.1072165
            ],
            [
              52.1722578,
              21.1074344
            ],
            [
              52.1725674,
              21.1075879
            ],
            [
              52.1729047,
              21.1077549
            ],
            [
              52.1729801,
              21.1077922
            ],
            [
              52.1731796,
              21.107891
            ]
          ],
          [
            [
              52.1734741,
              21.1080369
            ],
            [
              52.1735881,
              21.1080652
            ],
            [
              52.1736659,
              21.1081125
            ],
            [
              52.1737359,
              21.1081599
            ],
            [
              52.1737638,
              21.108171
            ]
          ],
          [
            [
              52.1734741,
              21.1080369
            ],
            [
              52.1735718,
              21.1081406
            ],
            [
              52.1736364,
              21.1082012
            ],
            [
              52.1736938,
              21.1082734
            ],
            [
              52.1737137,
              21.1082999
            ]
          ],
          [
            [
              52.1738384,
              21.1081897
            ],
            [
              52.1738712,
              21.1081917
            ],
            [
              52.1739395,
              21.1081734
            ],
            [
              52.1740189,
              21.1081456
            ],
            [
              52.1740892,
              21.1081418
            ]
          ],
          [
            [
              52.1738653,
              21.1083408
            ],
            [
              52.1738922,
              21.1083126
            ],
            [
              52.1739588,
              21.1082714
            ],
            [
              52.1740337,
              21.1082178
            ],
            [
              52.1740892,
              21.1081418
            ]
          ],
          [
            [
              52.1731796,
              21.107891
            ],
            [
              52.1732702,
              21.1079359
            ],
            [
              52.1733889,
              21.1079947
            ],
            [
              52.1734741,
              21.1080369
            ]
          ],
          [
            [
              52.1554656,
              21.1244524
            ],
            [
              52.1555128,
              21.1244375
            ],
            [
              52.1555541,
              21.1244122
            ],
            [
              52.1555914,
              21.1243874
            ],
            [
              52.1556556,
              21.1243448
            ],
            [
              52.1556891,
              21.1243226
            ]
          ],
          [
            [
              52.1557065,
              21.1240886
            ],
            [
              52.1557195,
              21.12403
            ],
            [
              52.155754,
              21.1238455
            ],
            [
              52.1558044,
              21.1237264
            ]
          ],
          [
            [
              52.1824359,
              21.0985582
            ],
            [
              52.1825464,
              21.0985205
            ],
            [
              52.182661,
              21.0984946
            ],
            [
              52.1833446,
              21.0984324
            ],
            [
              52.1834146,
              21.0984295
            ],
            [
              52.1834787,
              21.0984307
            ]
          ],
          [
            [
              52.1834787,
              21.0984307
            ],
            [
              52.1836206,
              21.0984471
            ],
            [
              52.1840813,
              21.0985499
            ],
            [
              52.18427,
              21.0985894
            ],
            [
              52.1843891,
              21.0986167
            ],
            [
              52.1844872,
              21.0986452
            ],
            [
              52.1846701,
              21.0987179
            ],
            [
              52.1847367,
              21.0987444
            ],
            [
              52.1850384,
              21.0988807
            ]
          ],
          [
            [
              52.1746149,
              21.1076656
            ],
            [
              52.1749186,
              21.1073599
            ],
            [
              52.1750219,
              21.1072634
            ],
            [
              52.1750502,
              21.1072415
            ],
            [
              52.1750799,
              21.1072242
            ],
            [
              52.1751327,
              21.1071999
            ],
            [
              52.175186,
              21.1071787
            ]
          ],
          [
            [
              52.1806467,
              21.1003287
            ],
            [
              52.1808966,
              21.0999311
            ],
            [
              52.1812474,
              21.0993732
            ],
            [
              52.1812756,
              21.0993304
            ],
            [
              52.1814042,
              21.0991351
            ],
            [
              52.1814676,
              21.0990522
            ],
            [
              52.1815339,
              21.0989815
            ],
            [
              52.1816071,
              21.0989257
            ],
            [
              52.1816837,
              21.098874
            ],
            [
              52.1817673,
              21.0988294
            ],
            [
              52.1820996,
              21.0986887
            ],
            [
              52.1824359,
              21.0985582
            ]
          ],
          [
            [
              52.152506,
              21.1306461
            ],
            [
              52.1524812,
              21.1306842
            ],
            [
              52.1524012,
              21.1307824
            ],
            [
              52.1523737,
              21.1308352
            ],
            [
              52.1523605,
              21.1308857
            ],
            [
              52.1523641,
              21.1309383
            ],
            [
              52.1523787,
              21.1309911
            ],
            [
              52.1527142,
              21.1317452
            ]
          ]
        ]
      }
    },
    {
      "type": "Feature",
      "properties": {
        "name": "Krzysztofa Kieślowskiego",
        "highway": "residential"
      },
      "geometry": {
        "type": "MultiLineString",
        "coordinates": [
          [
            [
              52.1667947,
              21.0793647
            ],
            [
              52.1668997,
              21.0794259
            ]
          ],
          [
            [
              52.1665961,
              21.0792437
            ],
            [
              52.1666248,
              21.0792612
            ],
            [
              52.1667776,
              21.0793542
            ],
            [
              52.1667947,
              21.0793647
            ]
          ],
          [
            [
              52.1615578,
              21.080808
            ],
            [
              52.1616595,
              21.0807199
            ],
            [
              52.1617178,
              21.0806596
            ],
            [
              52.1617781,
              21.0805977
            ],
            [
              52.1620626,
              21.0803283
            ],
            [
              52.1621462,
              21.0802452
            ],
            [
              52.1623096,
              21.0800773
            ],
            [
              52.1625782,
              21.0798013
            ]
          ],
          [
            [
              52.1635885,
              21.0789938
            ],
            [
              52.1640148,
              21.0789591
            ],
            [
              52.1641442,
              21.078951
            ],
            [
              52.1645278,
              21.0789184
            ],
            [
              52.1645699,
              21.0789163
            ],
            [
              52.1646882,
              21.0789104
            ],
            [
              52.1648009,
              21.0789024
            ],
            [
              52.1648309,
              21.0789006
            ],
            [
              52.1650003,
              21.0788923
            ],
            [
              52.1650914,
              21.0788888
            ],
            [
              52.1651746,
              21.0788857
            ],
            [
              52.1653799,
              21.0788827
            ],
            [
              52.1655952,
              21.0788756
            ],
            [
              52.1658547,
              21.078867
            ],
            [
              52.1659504,
              21.0788757
            ],
            [
              52.1660119,
              21.0789
            ],
            [
              52.1660656,
              21.0789253
            ],
            [
              52.1665961,
              21.0792437
            ]
          ],
          [
            [
              52.1633064,
              21.0790144
            ],
            [
              52.1633603,
              21.0789906
            ],
            [
              52.1635024,
              21.0789715
            ],
            [
              52.1635885,
              21.0789938
            ]
          ],
          [
            [
              52.1630508,
              21.0793925
            ],
            [
              52.1631136,
              21.079331
            ],
            [
              52.1631431,
              21.0793007
            ],
            [
              52.1631772,
              21.0792658
            ],
            [
              52.1633037,
              21.0791401
            ],
            [
              52.1633608,
              21.0790918
            ],
            [
              52.1634168,
              21.0790599
            ],
            [
              52.163463,
              21.0790427
            ],
            [
              52.1635257,
              21.0790194
            ],
            [
              52.1635885,
              21.0789938
            ]
          ],
          [
            [
              52.1629915,
              21.0792691
            ],
            [
              52.1630721,
              21.0792284
            ],
            [
              52.1631031,
              21.079198
            ],
            [
              52.163224,
              21.0790799
            ],
            [
              52.1633064,
              21.0790144
            ]
          ],
          [
            [
              52.1625782,
              21.0798013
            ],
            [
              52.1626667,
              21.0797339
            ],
            [
              52.1627154,
              21.0796968
            ],
            [
              52.1627623,
              21.0796648
            ],
            [
              52.1627926,
              21.0796427
            ],
            [
              52.1628256,
              21.0796107
            ],
            [
              52.1628772,
              21.0795649
            ],
            [
              52.1629132,
              21.0795515
            ]
          ],
          [
            [
              52.1625782,
              21.0798013
            ],
            [
              52.1626989,
              21.0796368
            ],
            [
              52.1627523,
              21.0795631
            ],
            [
              52.1627912,
              21.0795223
            ],
            [
              52.1628342,
              21.0794714
            ],
            [
              52.1628611,
              21.0794041
            ]
          ],
          [
            [
              52.1668997,
              21.0794259
            ],
            [
              52.1669286,
              21.0794428
            ]
          ]
        ]
      }
    },
    {
      "type": "Feature",
      "properties": {
        "name": "Oś Królewska",
        "highway": "residential"
      },
      "geometry": {
        "type": "MultiLineString",
        "coordinates": [
          [
            [
              52.1646532,
              21.0745628
            ],
            [
              52.1646549,
              21.0747252
            ],
            [
              52.1646593,
              21.0752882
            ],
            [
              52.1646666,
              21.0762333
            ],
            [
              52.1646709,
              21.0767816
            ],
            [
              52.164673,
              21.077053
            ],
            [
              52.1646814,
              21.0780024
            ],
            [
              52.1646883,
              21.0787429
            ],
            [
              52.1646882,
              21.0789104
            ]
          ],
          [
            [
              52.1647314,
              21.0696766
            ],
            [
              52.1647332,
              21.0698304
            ],
            [
              52.1647337,
              21.0698767
            ],
            [
              52.1647359,
              21.0700616
            ]
          ],
          [
            [
              52.1648398,
              21.0712888
            ],
            [
              52.1648685,
              21.0713922
            ],
            [
              52.1649052,
              21.0714978
            ],
            [
              52.1649227,
              21.07155
            ],
            [
              52.1649415,
              21.0716371
            ],
            [
              52.1649491,
              21.0717219
            ],
            [
              52.1649516,
              21.0720333
            ],
            [
              52.1649538,
              21.0722056
            ],
            [
              52.1649625,
              21.0732869
            ],
            [
              52.1649712,
              21.0743689
            ],
            [
              52.1649716,
              21.0744238
            ],
            [
              52.1649742,
              21.0745545
            ],
            [
              52.1649747,
              21.0747066
            ],
            [
              52.1649765,
              21.0752797
            ],
            [
              52.1649769,
              21.0754156
            ],
            [
              52.1649796,
              21.076231
            ],
            [
              52.1649802,
              21.0764342
            ],
            [
              52.1649822,
              21.0767726
            ],
            [
              52.1649837,
              21.0770354
            ],
            [
              52.1649851,
              21.0771994
            ],
            [
              52.1649923,
              21.0779979
            ],
            [
              52.1649998,
              21.0787418
            ],
            [
              52.1650003,
              21.0788923
            ]
          ],
          [
            [
              52.1646532,
              21.0745628
            ],
            [
              52.1646538,
              21.0744318
            ],
            [
              52.1646534,
              21.0743696
            ],
            [
              52.1646475,
              21.073414
            ],
            [
              52.1646468,
              21.0733083
            ],
            [
              52.1646421,
              21.0725491
            ],
            [
              52.1646397,
              21.0722081
            ],
            [
              52.1646376,
              21.0720368
            ],
            [
              52.1646381,
              21.0717664
            ],
            [
              52.1646484,
              21.0716338
            ],
            [
              52.1646732,
              21.0715073
            ],
            [
              52.1647074,
              21.0713704
            ],
            [
              52.1647316,
              21.0712704
            ],
            [
              52.1647392,
              21.0712085
            ],
            [
              52.1647417,
              21.071138
            ],
            [
              52.1647397,
              21.0708894
            ],
            [
              52.1647415,
              21.0707685
            ],
            [
              52.164738,
              21.0702739
            ],
            [
              52.1647374,
              21.0702219
            ],
            [
              52.1647359,
              21.0700616
            ]
          ],
          [
            [
              52.1648018,
              21.0696326
            ],
            [
              52.1648073,
              21.0698021
            ],
            [
              52.1648088,
              21.0698482
            ],
            [
              52.1648146,
              21.0700313
            ]
          ],
          [
            [
              52.1646376,
              21.0720368
            ],
            [
              52.1647909,
              21.0720351
            ],
            [
              52.1649516,
              21.0720333
            ]
          ],
          [
            [
              52.1647734,
              21.0689482
            ],
            [
              52.1647817,
              21.0690487
            ],
            [
              52.1647935,
              21.0693895
            ],
            [
              52.1647954,
              21.0694446
            ],
            [
              52.1648018,
              21.0696326
            ]
          ],
          [
            [
              52.1647097,
              21.0690478
            ],
            [
              52.1647187,
              21.0693156
            ],
            [
              52.1647215,
              21.0693961
            ],
            [
              52.1647235,
              21.0694516
            ],
            [
              52.1647314,
              21.0696766
            ]
          ],
          [
            [
              52.1647281,
              21.0686039
            ],
            [
              52.1647734,
              21.0689482
            ]
          ],
          [
            [
              52.1647097,
              21.0690478
            ],
            [
              52.1647281,
              21.0686039
            ]
          ],
          [
            [
              52.1646191,
              21.0670579
            ],
            [
              52.1646402,
              21.0672395
            ],
            [
              52.1646462,
              21.067305
            ],
            [
              52.1647015,
              21.0679167
            ],
            [
              52.1647262,
              21.0685535
            ],
            [
              52.1647281,
              21.0686039
            ]
          ],
          [
            [
              52.1648146,
              21.0700313
            ],
            [
              52.1648153,
              21.0702206
            ],
            [
              52.1648156,
              21.0702739
            ],
            [
              52.1648158,
              21.0703568
            ],
            [
              52.1648198,
              21.0709088
            ]
          ],
          [
            [
              52.1648198,
              21.0709088
            ],
            [
              52.1648206,
              21.0711002
            ],
            [
              52.1648218,
              21.0711443
            ],
            [
              52.1648263,
              21.0712006
            ],
            [
              52.1648317,
              21.071244
            ],
            [
              52.1648398,
              21.0712888
            ]
          ]
        ]
      }
    },
    {
      "type": "Feature",
      "properties": {
        "name": "Prymasa Augusta Hlonda",
        "highway": "residential"
      },
      "geometry": {
        "type": "MultiLineString",
        "coordinates": [
          [
            [
              52.155574,
              21.0605523
            ],
            [
              52.1556406,
              21.0605942
            ],
            [
              52.1556989,
              21.0606416
            ],
            [
              52.1557328,
              21.0606803
            ],
            [
              52.1557604,
              21.0607166
            ],
            [
              52.155803,
              21.060797
            ],
            [
              52.1558462,
              21.0609009
            ],
            [
              52.1559475,
              21.0611458
            ],
            [
              52.1560155,
              21.0613303
            ],
            [
              52.1562452,
              21.0619167
            ],
            [
              52.1563651,
              21.0622229
            ],
            [
              52.1563806,
              21.0622616
            ]
          ],
          [
            [
              52.1585158,
              21.0677635
            ],
            [
              52.1586532,
              21.0680162
            ],
            [
              52.1589784,
              21.0688697
            ],
            [
              52.1595548,
              21.0703181
            ],
            [
              52.1599105,
              21.0712522
            ],
            [
              52.1599524,
              21.0713681
            ],
            [
              52.1599907,
              21.0714845
            ]
          ],
          [
            [
              52.158355,
              21.0673362
            ],
            [
              52.1585158,
              21.0677635
            ]
          ],
          [
            [
              52.1582328,
              21.0673065
            ],
            [
              52.158277,
              21.0673748
            ],
            [
              52.1583024,
              21.0674141
            ],
            [
              52.1584793,
              21.0677038
            ],
            [
              52.1585158,
              21.0677635
            ]
          ],
          [
            [
              52.1564799,
              21.0625094
            ],
            [
              52.156496,
              21.0625483
            ],
            [
              52.156525,
              21.0626184
            ],
            [
              52.1565794,
              21.0627461
            ],
            [
              52.1567701,
              21.0632197
            ],
            [
              52.1570642,
              21.0639502
            ],
            [
              52.1572467,
              21.0644035
            ],
            [
              52.1574499,
              21.0649083
            ],
            [
              52.157865,
              21.065966
            ],
            [
              52.1579639,
              21.0662111
            ],
            [
              52.1580058,
              21.0663151
            ],
            [
              52.1580553,
              21.0664961
            ],
            [
              52.1580917,
              21.0667607
            ],
            [
              52.1581132,
              21.0668637
            ],
            [
              52.1581353,
              21.0669404
            ]
          ],
          [
            [
              52.1563806,
              21.0622616
            ],
            [
              52.1564799,
              21.0625094
            ]
          ],
          [
            [
              52.1599907,
              21.0714845
            ],
            [
              52.1600857,
              21.0717203
            ],
            [
              52.1601397,
              21.0718695
            ]
          ],
          [
            [
              52.1599907,
              21.0714845
            ],
            [
              52.1600145,
              21.0717378
            ],
            [
              52.160023,
              21.0717744
            ],
            [
              52.16005,
              21.0718798
            ],
            [
              52.160068,
              21.0719486
            ],
            [
              52.1600862,
              21.0720152
            ],
            [
              52.1600942,
              21.0720442
            ],
            [
              52.160137,
              21.0721961
            ]
          ],
          [
            [
              52.1601397,
              21.0718695
            ],
            [
              52.1601615,
              21.0719301
            ],
            [
              52.1602186,
              21.0720878
            ]
          ],
          [
            [
              52.158306,
              21.0672008
            ],
            [
              52.1583377,
              21.0672885
            ],
            [
              52.158355,
              21.0673362
            ]
          ],
          [
            [
              52.1581353,
              21.0669404
            ],
            [
              52.158176,
              21.0670625
            ]
          ]
        ]
      }
    },
    {
      "type": "Feature",
      "properties": {
        "name": "Herbu Leliwa",
        "highway": "residential"
      },
      "geometry": {
        "type": "MultiLineString",
        "coordinates": [
          [
            [
              52.1628645,
              21.0778614
            ],
            [
              52.1629356,
              21.0777927
            ],
            [
              52.1632746,
              21.077465
            ],
            [
              52.1635633,
              21.0771828
            ],
            [
              52.1636332,
              21.0771191
            ],
            [
              52.1637238,
              21.0770842
            ],
            [
              52.1639521,
              21.0770766
            ],
            [
              52.1641536,
              21.0770698
            ],
            [
              52.1645201,
              21.0770574
            ],
            [
              52.1645561,
              21.0770578
            ],
            [
              52.164673,
              21.077053
            ]
          ]
        ]
      }
    },
    {
      "type": "Feature",
      "properties": {
        "name": "Sarmacka",
        "highway": "residential"
      },
      "geometry": {
        "type": "MultiLineString",
        "coordinates": [
          [
            [
              52.162313,
              21.0765232
            ],
            [
              52.1623406,
              21.0764929
            ],
            [
              52.1624299,
              21.0764045
            ],
            [
              52.1625408,
              21.0762927
            ],
            [
              52.1626033,
              21.0762296
            ],
            [
              52.1629749,
              21.0758546
            ],
            [
              52.1631459,
              21.0756816
            ],
            [
              52.1632782,
              21.0755543
            ],
            [
              52.1633766,
              21.0754513
            ],
            [
              52.1636088,
              21.0752107
            ],
            [
              52.1636524,
              21.0751653
            ],
            [
              52.1638777,
              21.0749362
            ],
            [
              52.1639319,
              21.0748813
            ],
            [
              52.1639632,
              21.0748496
            ],
            [
              52.1640431,
              21.0747737
            ],
            [
              52.1641034,
              21.0747164
            ],
            [
              52.1641938,
              21.0746535
            ],
            [
              52.1642544,
              21.0746215
            ],
            [
              52.164306,
              21.0746026
            ],
            [
              52.1643917,
              21.0745823
            ],
            [
              52.1644999,
              21.0745694
            ],
            [
              52.1645355,
              21.0745667
            ],
            [
              52.1646532,
              21.0745628
            ],
            [
              52.1649742,
              21.0745545
            ],
            [
              52.1650588,
              21.0745527
            ]
          ],
          [
            [
              52.158434,
              21.0804289
            ],
            [
              52.1587142,
              21.0801421
            ],
            [
              52.1588094,
              21.080044
            ],
            [
              52.1588716,
              21.0799798
            ],
            [
              52.1593687,
              21.0794801
            ],
            [
              52.1594643,
              21.079386
            ],
            [
              52.1596498,
              21.0791996
            ],
            [
              52.1599014,
              21.0789468
            ],
            [
              52.1602394,
              21.0786064
            ],
            [
              52.160319,
              21.0785385
            ]
          ],
          [
            [
              52.1614978,
              21.0773397
            ],
            [
              52.1615626,
              21.0772414
            ],
            [
              52.1616357,
              21.0771541
            ],
            [
              52.1617192,
              21.0770537
            ],
            [
              52.1618314,
              21.0769466
            ],
            [
              52.1618666,
              21.0769074
            ],
            [
              52.1619035,
              21.076848
            ]
          ],
          [
            [
              52.1575347,
              21.0812806
            ],
            [
              52.1576938,
              21.0810335
            ],
            [
              52.1577138,
              21.0809937
            ],
            [
              52.1577957,
              21.0808314
            ]
          ],
          [
            [
              52.1581359,
              21.0808361
            ],
            [
              52.1581688,
              21.080786
            ],
            [
              52.1582113,
              21.0807224
            ],
            [
              52.1582544,
              21.0806667
            ],
            [
              52.158434,
              21.0804289
            ]
          ],
          [
            [
              52.1579939,
              21.0806562
            ],
            [
              52.158033,
              21.0806449
            ],
            [
              52.1580793,
              21.080629
            ],
            [
              52.1581254,
              21.0806128
            ],
            [
              52.1581556,
              21.0806001
            ],
            [
              52.1581821,
              21.080589
            ],
            [
              52.1582411,
              21.0805584
            ],
            [
              52.158434,
              21.0804289
            ]
          ],
          [
            [
              52.1575347,
              21.0812806
            ],
            [
              52.1577001,
              21.0812005
            ],
            [
              52.1577425,
              21.08118
            ],
            [
              52.1577702,
              21.0811666
            ],
            [
              52.1578127,
              21.0811456
            ],
            [
              52.1578368,
              21.0811324
            ],
            [
              52.1578709,
              21.0811137
            ]
          ],
          [
            [
              52.1539139,
              21.0839348
            ],
            [
              52.1539318,
              21.0839428
            ],
            [
              52.1539488,
              21.0839504
            ],
            [
              52.1539974,
              21.0839156
            ],
            [
              52.1541372,
              21.0838155
            ],
            [
              52.1550431,
              21.083142
            ],
            [
              52.1550918,
              21.0831058
            ],
            [
              52.1558784,
              21.082521
            ],
            [
              52.1559178,
              21.0824917
            ],
            [
              52.1560139,
              21.0824191
            ],
            [
              52.1567629,
              21.0818791
            ],
            [
              52.1568422,
              21.0818219
            ],
            [
              52.1571938,
              21.0815626
            ],
            [
              52.1574221,
              21.0813776
            ],
            [
              52.1575347,
              21.0812806
            ]
          ],
          [
            [
              52.1578709,
              21.0811137
            ],
            [
              52.1579721,
              21.0810623
            ],
            [
              52.1580245,
              21.0810109
            ],
            [
              52.1580719,
              21.080923
            ]
          ],
          [
            [
              52.1577957,
              21.0808314
            ],
            [
              52.1578265,
              21.0807697
            ],
            [
              52.1578459,
              21.0807364
            ],
            [
              52.157869,
              21.0807072
            ],
            [
              52.1579004,
              21.0806859
            ],
            [
              52.1579401,
              21.0806758
            ],
            [
              52.1579939,
              21.0806562
            ]
          ],
          [
            [
              52.1650588,
              21.0745527
            ],
            [
              52.1654926,
              21.0745405
            ],
            [
              52.1656109,
              21.0745372
            ],
            [
              52.1656318,
              21.0745366
            ],
            [
              52.1660911,
              21.0745251
            ],
            [
              52.1661784,
              21.074533
            ],
            [
              52.1662765,
              21.0745502
            ],
            [
              52.1663354,
              21.0745633
            ],
            [
              52.1663784,
              21.0745771
            ],
            [
              52.1664315,
              21.074595
            ],
            [
              52.1664844,
              21.0746177
            ],
            [
              52.1665296,
              21.0746356
            ],
            [
              52.1665858,
              21.0746623
            ],
            [
              52.1666127,
              21.0746772
            ],
            [
              52.1666612,
              21.0747053
            ],
            [
              52.1667097,
              21.074737
            ],
            [
              52.1668772,
              21.0748447
            ],
            [
              52.1669187,
              21.0748713
            ],
            [
              52.1670297,
              21.0749408
            ],
            [
              52.1670959,
              21.0749827
            ],
            [
              52.1671896,
              21.0750432
            ],
            [
              52.1673086,
              21.0751298
            ]
          ],
          [
            [
              52.1620503,
              21.0767278
            ],
            [
              52.1621029,
              21.0766753
            ],
            [
              52.1621362,
              21.0766446
            ],
            [
              52.1621636,
              21.0766205
            ],
            [
              52.1622442,
              21.0765538
            ],
            [
              52.162313,
              21.0765232
            ]
          ],
          [
            [
              52.1620819,
              21.0768192
            ],
            [
              52.1621373,
              21.0767613
            ],
            [
              52.1621693,
              21.0767268
            ],
            [
              52.1622611,
              21.0766149
            ],
            [
              52.162313,
              21.0765232
            ]
          ],
          [
            [
              52.1614978,
              21.0773397
            ],
            [
              52.1616362,
              21.0772384
            ],
            [
              52.1617482,
              21.077139
            ],
            [
              52.1617902,
              21.0771015
            ],
            [
              52.1618625,
              21.0770299
            ],
            [
              52.1618951,
              21.0769975
            ],
            [
              52.1619117,
              21.0769834
            ],
            [
              52.1619386,
              21.0769561
            ]
          ],
          [
            [
              52.1604374,
              21.0784065
            ],
            [
              52.1605391,
              21.0783
            ],
            [
              52.1609137,
              21.0779212
            ],
            [
              52.1612706,
              21.0775603
            ],
            [
              52.1614281,
              21.0774074
            ],
            [
              52.1614978,
              21.0773397
            ]
          ],
          [
            [
              52.1673086,
              21.0751298
            ],
            [
              52.1673367,
              21.0751989
            ],
            [
              52.167475,
              21.0752873
            ],
            [
              52.1676007,
              21.0753613
            ],
            [
              52.1676618,
              21.0753975
            ],
            [
              52.1678376,
              21.0755033
            ],
            [
              52.1678816,
              21.0755316
            ],
            [
              52.167984,
              21.0756046
            ]
          ],
          [
            [
              52.1673086,
              21.0751298
            ],
            [
              52.1673614,
              21.0751214
            ],
            [
              52.1675087,
              21.0752072
            ],
            [
              52.1676802,
              21.0753139
            ],
            [
              52.167735,
              21.0753466
            ],
            [
              52.1679014,
              21.0754455
            ],
            [
              52.1680054,
              21.0755093
            ]
          ],
          [
            [
              52.1580719,
              21.080923
            ],
            [
              52.1581359,
              21.0808361
            ]
          ]
        ]
      }
    },
    {
      "type": "Feature",
      "properties": {
        "name": "Rycerstwa Polskiego",
        "highway": "living_street"
      },
      "geometry": {
        "type": "MultiLineString",
        "coordinates": [
          [
            [
              52.1649837,
              21.0770354
            ],
            [
              52.1650826,
              21.0770344
            ],
            [
              52.1658413,
              21.0769926
            ],
            [
              52.165959,
              21.0769861
            ],
            [
              52.1660692,
              21.0770077
            ],
            [
              52.1661424,
              21.0770502
            ]
          ],
          [
            [
              52.1661424,
              21.0770502
            ],
            [
              52.1663326,
              21.0771697
            ],
            [
              52.1664001,
              21.07721
            ],
            [
              52.1664605,
              21.0772461
            ],
            [
              52.1665117,
              21.0772767
            ],
            [
              52.166816,
              21.0774585
            ],
            [
              52.1668382,
              21.0774718
            ],
            [
              52.166873,
              21.0774926
            ],
            [
              52.1669036,
              21.0775109
            ]
          ]
        ]
      }
    },
    {
      "type": "Feature",
      "properties": {
        "name": "Rzodkiewki",
        "highway": "service"
      },
      "geometry": {
        "type": "MultiLineString",
        "coordinates": [
          [
            [
              52.1518436,
              21.063297
            ],
            [
              52.1523816,
              21.0645582
            ],
            [
              52.1524902,
              21.0647794
            ],
            [
              52.1525388,
              21.0648621
            ],
            [
              52.1525949,
              21.0649122
            ],
            [
              52.1526603,
              21.0649553
            ],
            [
              52.1527253,
              21.0649654
            ],
            [
              52.1527983,
              21.0649402
            ],
            [
              52.1528631,
              21.06491
            ],
            [
              52.1529426,
              21.0648544
            ],
            [
              52.1531272,
              21.0647167
            ],
            [
              52.1535695,
              21.0643801
            ],
            [
              52.154337,
              21.0638063
            ],
            [
              52.1556946,
              21.0627947
            ],
            [
              52.1563441,
              21.0622403
            ],
            [
              52.1563651,
              21.0622229
            ],
            [
              52.1576932,
              21.0610791
            ],
            [
              52.1580541,
              21.0607785
            ],
            [
              52.1582671,
              21.0606011
            ],
            [
              52.1606479,
              21.0585678
            ],
            [
              52.1607271,
              21.0585237
            ]
          ],
          [
            [
              52.1693228,
              21.0534524
            ],
            [
              52.1693774,
              21.053434
            ]
          ],
          [
            [
              52.1649697,
              21.0547506
            ],
            [
              52.1650971,
              21.0546149
            ],
            [
              52.1653257,
              21.0543716
            ],
            [
              52.1654501,
              21.0542391
            ],
            [
              52.1655084,
              21.0541901
            ],
            [
              52.1655487,
              21.054175
            ],
            [
              52.1656068,
              21.0541601
            ],
            [
              52.1657174,
              21.0541382
            ],
            [
              52.1657386,
              21.0541341
            ],
            [
              52.1659337,
              21.0540906
            ],
            [
              52.1660294,
              21.0540692
            ],
            [
              52.1660487,
              21.0540649
            ],
            [
              52.1661,
              21.0540557
            ],
            [
              52.1661716,
              21.0540429
            ],
            [
              52.1662122,
              21.0540356
            ],
            [
              52.1663536,
              21.0540103
            ],
            [
              52.1664922,
              21.0539854
            ],
            [
              52.1666175,
              21.053963
            ],
            [
              52.1667362,
              21.0539391
            ],
            [
              52.1667971,
              21.0539268
            ],
            [
              52.1669338,
              21.053899
            ],
            [
              52.1669739,
              21.0538913
            ],
            [
              52.1670648,
              21.0538739
            ],
            [
              52.1673325,
              21.0538214
            ],
            [
              52.167351,
              21.0538188
            ],
            [
              52.1676914,
              21.0537501
            ],
            [
              52.1677483,
              21.0537395
            ],
            [
              52.1677608,
              21.053736
            ],
            [
              52.1677871,
              21.0537314
            ],
            [
              52.1679656,
              21.0537002
            ],
            [
              52.1680453,
              21.0536862
            ],
            [
              52.1680791,
              21.0536799
            ],
            [
              52.1682809,
              21.053644
            ],
            [
              52.1683792,
              21.0536266
            ],
            [
              52.1684681,
              21.0536105
            ],
            [
              52.168722,
              21.0535655
            ],
            [
              52.1688421,
              21.0535442
            ],
            [
              52.168992,
              21.0535176
            ],
            [
              52.1690991,
              21.053498
            ],
            [
              52.1692818,
              21.0534662
            ]
          ],
          [
            [
              52.1639024,
              21.0558616
            ],
            [
              52.1643046,
              21.0554429
            ],
            [
              52.16452,
              21.0552187
            ],
            [
              52.1649697,
              21.0547506
            ]
          ],
          [
            [
              52.1692818,
              21.0534662
            ],
            [
              52.1693228,
              21.0534524
            ]
          ]
        ]
      }
    },
    {
      "type": "Feature",
      "properties": {
        "name": "Jakuba Kubickiego",
        "highway": "residential"
      },
      "geometry": {
        "type": "MultiLineString",
        "coordinates": [
          [
            [
              52.1709176,
              21.0700664
            ],
            [
              52.1708527,
              21.0701266
            ],
            [
              52.1707565,
              21.0702097
            ],
            [
              52.1706803,
              21.0702875
            ],
            [
              52.1706182,
              21.0704112
            ],
            [
              52.1705867,
              21.0705746
            ],
            [
              52.1705819,
              21.0705998
            ],
            [
              52.1705911,
              21.0708711
            ],
            [
              52.1705919,
              21.0708925
            ],
            [
              52.1706034,
              21.0711639
            ],
            [
              52.1706136,
              21.0712847
            ],
            [
              52.1706245,
              21.0713811
            ],
            [
              52.170726,
              21.0716839
            ],
            [
              52.1707683,
              21.0718095
            ],
            [
              52.1707961,
              21.0718922
            ],
            [
              52.1708767,
              21.0720935
            ],
            [
              52.1709489,
              21.0722736
            ],
            [
              52.1709725,
              21.0723211
            ],
            [
              52.1710437,
              21.0724053
            ],
            [
              52.1710703,
              21.0724254
            ],
            [
              52.171089,
              21.0724395
            ],
            [
              52.1711067,
              21.0724542
            ],
            [
              52.1711316,
              21.0724667
            ],
            [
              52.1711719,
              21.0724774
            ],
            [
              52.1712237,
              21.0724783
            ],
            [
              52.1713497,
              21.0724551
            ],
            [
              52.1714248,
              21.0724362
            ],
            [
              52.1715068,
              21.0724177
            ]
          ]
        ]
      }
    },
    {
      "type": "Feature",
      "properties": {
        "name": "Gubinowska",
        "highway": "residential"
      },
      "geometry": {
        "type": "MultiLineString",
        "coordinates": [
          [
            [
              52.1711572,
              21.0709907
            ],
            [
              52.1712301,
              21.0709201
            ],
            [
              52.1713005,
              21.070852
            ],
            [
              52.1713452,
              21.0708077
            ]
          ],
          [
            [
              52.17149,
              21.0706611
            ],
            [
              52.1715137,
              21.070707
            ],
            [
              52.1715249,
              21.0707288
            ],
            [
              52.1715391,
              21.0707549
            ],
            [
              52.1715493,
              21.0707618
            ],
            [
              52.1715645,
              21.070757
            ],
            [
              52.171583,
              21.0707471
            ],
            [
              52.1718393,
              21.0705186
            ],
            [
              52.1719062,
              21.0705186
            ],
            [
              52.1720677,
              21.0705185
            ],
            [
              52.1722734,
              21.0705185
            ],
            [
              52.1725158,
              21.0705313
            ],
            [
              52.1726827,
              21.0704901
            ]
          ],
          [
            [
              52.1714475,
              21.0691754
            ],
            [
              52.1714985,
              21.0691789
            ],
            [
              52.1716343,
              21.0691844
            ],
            [
              52.1717646,
              21.069194
            ],
            [
              52.17185,
              21.0692
            ],
            [
              52.1720836,
              21.0692163
            ],
            [
              52.1721791,
              21.069223
            ],
            [
              52.1722118,
              21.0692212
            ],
            [
              52.1722648,
              21.0691856
            ],
            [
              52.1725348,
              21.0689024
            ],
            [
              52.172772,
              21.0686562
            ],
            [
              52.172794,
              21.0686328
            ]
          ],
          [
            [
              52.1713452,
              21.0708077
            ],
            [
              52.1714028,
              21.0707506
            ],
            [
              52.17149,
              21.0706611
            ],
            [
              52.1716233,
              21.0705228
            ],
            [
              52.1720139,
              21.0701177
            ],
            [
              52.1722912,
              21.0698291
            ],
            [
              52.1724386,
              21.0696757
            ],
            [
              52.1729524,
              21.0691427
            ],
            [
              52.1729715,
              21.0691169
            ],
            [
              52.1729701,
              21.0690879
            ]
          ],
          [
            [
              52.1719738,
              21.068471
            ],
            [
              52.1724855,
              21.0679134
            ],
            [
              52.172517,
              21.0678798
            ]
          ]
        ]
      }
    },
    {
      "type": "Feature",
      "properties": {
        "name": "Resorowa",
        "highway": "residential"
      },
      "geometry": {
        "type": "MultiLineString",
        "coordinates": [
          [
            [
              52.17075,
              21.0693881
            ],
            [
              52.1707328,
              21.0692959
            ],
            [
              52.1707284,
              21.0692573
            ],
            [
              52.1707303,
              21.0692152
            ],
            [
              52.1707375,
              21.0691807
            ],
            [
              52.1707485,
              21.0691506
            ],
            [
              52.1707669,
              21.0691287
            ],
            [
              52.1708181,
              21.0690718
            ],
            [
              52.1709062,
              21.0689741
            ],
            [
              52.1709914,
              21.0688848
            ],
            [
              52.1718952,
              21.067938
            ],
            [
              52.1721529,
              21.0676662
            ],
            [
              52.1722903,
              21.0675218
            ],
            [
              52.1723544,
              21.0674542
            ],
            [
              52.1724301,
              21.067372
            ],
            [
              52.1732766,
              21.0664744
            ],
            [
              52.1733872,
              21.0663571
            ],
            [
              52.1734091,
              21.0663336
            ],
            [
              52.1735316,
              21.0662022
            ],
            [
              52.1736731,
              21.066052
            ],
            [
              52.1739343,
              21.065775
            ],
            [
              52.1740031,
              21.0657019
            ]
          ],
          [
            [
              52.1740031,
              21.0657019
            ],
            [
              52.1742877,
              21.0654018
            ],
            [
              52.1743656,
              21.0653193
            ],
            [
              52.1744559,
              21.0652228
            ]
          ]
        ]
      }
    },
    {
      "type": "Feature",
      "properties": {
        "name": "Stanisława Jana Jabłonowskiego",
        "highway": "residential"
      },
      "geometry": {
        "type": "MultiLineString",
        "coordinates": [
          [
            [
              52.1719633,
              21.0723777
            ],
            [
              52.1720005,
              21.0723391
            ],
            [
              52.1720598,
              21.0722778
            ],
            [
              52.1723512,
              21.071976
            ],
            [
              52.1724077,
              21.0719175
            ],
            [
              52.1725499,
              21.0717655
            ],
            [
              52.1725767,
              21.0717369
            ],
            [
              52.1727625,
              21.0715384
            ],
            [
              52.1727933,
              21.0715076
            ],
            [
              52.1728722,
              21.0714269
            ],
            [
              52.1735156,
              21.0707691
            ],
            [
              52.1735937,
              21.0706892
            ],
            [
              52.1738104,
              21.0704651
            ]
          ],
          [
            [
              52.1753335,
              21.0688944
            ],
            [
              52.1757451,
              21.0684709
            ],
            [
              52.1758586,
              21.0683565
            ],
            [
              52.1761554,
              21.0680574
            ],
            [
              52.176227,
              21.0680027
            ]
          ],
          [
            [
              52.1718727,
              21.0724716
            ],
            [
              52.171934,
              21.072408
            ],
            [
              52.1719633,
              21.0723777
            ]
          ],
          [
            [
              52.1715982,
              21.0727549
            ],
            [
              52.1716726,
              21.0726789
            ],
            [
              52.1718727,
              21.0724716
            ]
          ]
        ]
      }
    },
    {
      "type": "Feature",
      "properties": {
        "name": "Pastewna",
        "highway": "residential"
      },
      "geometry": {
        "type": "MultiLineString",
        "coordinates": [
          [
            [
              52.1746469,
              21.0673936
            ],
            [
              52.1746831,
              21.0674874
            ],
            [
              52.1749265,
              21.0681193
            ],
            [
              52.1749984,
              21.0683061
            ],
            [
              52.1751962,
              21.0688196
            ]
          ],
          [
            [
              52.1751962,
              21.0688196
            ],
            [
              52.1752069,
              21.0688485
            ],
            [
              52.1752279,
              21.0688961
            ],
            [
              52.1752444,
              21.0689169
            ],
            [
              52.1752659,
              21.0689303
            ],
            [
              52.1752893,
              21.0689293
            ],
            [
              52.1753094,
              21.0689156
            ],
            [
              52.1753335,
              21.0688944
            ]
          ],
          [
            [
              52.1740031,
              21.0657019
            ],
            [
              52.1740403,
              21.0658023
            ],
            [
              52.1741199,
              21.0660125
            ],
            [
              52.1742763,
              21.0664167
            ],
            [
              52.1743307,
              21.0665601
            ],
            [
              52.1744153,
              21.0667832
            ],
            [
              52.1745812,
              21.0672204
            ],
            [
              52.1746194,
              21.0673212
            ],
            [
              52.1746469,
              21.0673936
            ]
          ]
        ]
      }
    },
    {
      "type": "Feature",
      "properties": {
        "name": "Radosna",
        "highway": "residential"
      },
      "geometry": {
        "type": "MultiLineString",
        "coordinates": [
          [
            [
              52.1740514,
              21.0679943
            ],
            [
              52.1740784,
              21.0679838
            ],
            [
              52.1741035,
              21.0679673
            ],
            [
              52.1746,
              21.0674432
            ],
            [
              52.1746469,
              21.0673936
            ]
          ],
          [
            [
              52.1733872,
              21.0663571
            ],
            [
              52.1734292,
              21.0664666
            ],
            [
              52.173697,
              21.0671563
            ],
            [
              52.1737349,
              21.0672544
            ],
            [
              52.1739871,
              21.0679072
            ],
            [
              52.173995,
              21.0679267
            ],
            [
              52.1740193,
              21.0679871
            ],
            [
              52.1740351,
              21.0679926
            ],
            [
              52.1740514,
              21.0679943
            ]
          ]
        ]
      }
    },
    {
      "type": "Feature",
      "properties": {
        "name": "Wał Zawadowski",
        "highway": "service"
      },
      "geometry": {
        "type": "MultiLineString",
        "coordinates": [
          [
            [
              52.1904791,
              21.1026501
            ],
            [
              52.190695,
              21.1025386
            ]
          ],
          [
            [
              52.1898194,
              21.1030365
            ],
            [
              52.1899071,
              21.1029686
            ],
            [
              52.190074,
              21.1028029
            ],
            [
              52.1902199,
              21.1027005
            ]
          ],
          [
            [
              52.1874209,
              21.1060987
            ],
            [
              52.1878094,
              21.1056557
            ],
            [
              52.1883899,
              21.104939
            ],
            [
              52.1886124,
              21.104673
            ],
            [
              52.1894392,
              21.1035951
            ]
          ],
          [
            [
              52.1807142,
              21.1127409
            ],
            [
              52.1807599,
              21.11269
            ],
            [
              52.1808354,
              21.1125868
            ],
            [
              52.1809528,
              21.1123977
            ],
            [
              52.1810405,
              21.1122824
            ],
            [
              52.1811056,
              21.1122232
            ],
            [
              52.1811548,
              21.1121862
            ],
            [
              52.1812103,
              21.1121579
            ],
            [
              52.181302,
              21.1121286
            ],
            [
              52.1814716,
              21.1120589
            ],
            [
              52.1815586,
              21.112003
            ],
            [
              52.1816309,
              21.1119426
            ],
            [
              52.1817176,
              21.1118501
            ],
            [
              52.1818123,
              21.1117413
            ],
            [
              52.1818536,
              21.1116956
            ],
            [
              52.1819829,
              21.1115525
            ]
          ],
          [
            [
              52.1671948,
              21.1251014
            ],
            [
              52.1675816,
              21.1245088
            ],
            [
              52.1676284,
              21.1244365
            ],
            [
              52.1676711,
              21.1243808
            ],
            [
              52.1677193,
              21.1243211
            ],
            [
              52.16776,
              21.1242741
            ],
            [
              52.1678689,
              21.1241554
            ],
            [
              52.1679263,
              21.1241002
            ],
            [
              52.1679766,
              21.1240563
            ],
            [
              52.1680758,
              21.1239806
            ],
            [
              52.1681675,
              21.1239254
            ],
            [
              52.1683967,
              21.1238196
            ],
            [
              52.168799,
              21.1236556
            ],
            [
              52.1690029,
              21.1235717
            ]
          ],
          [
            [
              52.190695,
              21.1025386
            ],
            [
              52.1907464,
              21.1025112
            ],
            [
              52.1908536,
              21.1024741
            ]
          ],
          [
            [
              52.1894392,
              21.1035951
            ],
            [
              52.1894531,
              21.1035771
            ],
            [
              52.1894654,
              21.1035613
            ]
          ],
          [
            [
              52.1894654,
              21.1035613
            ],
            [
              52.1895568,
              21.1034451
            ]
          ],
          [
            [
              52.1839776,
              21.109621
            ],
            [
              52.1861031,
              21.1075521
            ],
            [
              52.1864556,
              21.1071808
            ],
            [
              52.1868429,
              21.1067611
            ],
            [
              52.1872068,
              21.1063429
            ],
            [
              52.1873913,
              21.1061325
            ]
          ],
          [
            [
              52.1873913,
              21.1061325
            ],
            [
              52.1874059,
              21.1061158
            ],
            [
              52.1874209,
              21.1060987
            ]
          ],
          [
            [
              52.1819829,
              21.1115525
            ],
            [
              52.1827451,
              21.1108119
            ],
            [
              52.1839502,
              21.1096476
            ]
          ],
          [
            [
              52.1839502,
              21.1096476
            ],
            [
              52.1839651,
              21.1096331
            ],
            [
              52.1839776,
              21.109621
            ]
          ],
          [
            [
              52.1716171,
              21.1216018
            ],
            [
              52.1717429,
              21.1214787
            ],
            [
              52.1723214,
              21.1209126
            ],
            [
              52.1724098,
              21.1208269
            ],
            [
              52.172664,
              21.1205805
            ]
          ],
          [
            [
              52.172664,
              21.1205805
            ],
            [
              52.172682,
              21.1205631
            ],
            [
              52.1726954,
              21.12055
            ]
          ],
          [
            [
              52.1739156,
              21.1193708
            ],
            [
              52.1739315,
              21.1193556
            ],
            [
              52.1739418,
              21.1193458
            ]
          ],
          [
            [
              52.1739418,
              21.1193458
            ],
            [
              52.1742784,
              21.1190103
            ],
            [
              52.1749776,
              21.1183389
            ]
          ],
          [
            [
              52.1749776,
              21.1183389
            ],
            [
              52.1749939,
              21.1183229
            ],
            [
              52.175008,
              21.1183092
            ]
          ],
          [
            [
              52.175008,
              21.1183092
            ],
            [
              52.1753822,
              21.1179425
            ],
            [
              52.17555,
              21.1177792
            ],
            [
              52.1758241,
              21.117517
            ],
            [
              52.1764476,
              21.1169091
            ],
            [
              52.1766394,
              21.1167256
            ],
            [
              52.1774544,
              21.115932
            ]
          ],
          [
            [
              52.1774544,
              21.115932
            ],
            [
              52.1774699,
              21.1159167
            ],
            [
              52.1774835,
              21.1159032
            ]
          ],
          [
            [
              52.1774835,
              21.1159032
            ],
            [
              52.1780311,
              21.1153694
            ],
            [
              52.1786098,
              21.1148088
            ]
          ],
          [
            [
              52.1786098,
              21.1148088
            ],
            [
              52.1786253,
              21.1147935
            ],
            [
              52.1786384,
              21.1147807
            ]
          ],
          [
            [
              52.1786384,
              21.1147807
            ],
            [
              52.1789071,
              21.1145174
            ],
            [
              52.1795894,
              21.1138511
            ],
            [
              52.1797648,
              21.1136816
            ]
          ],
          [
            [
              52.1797648,
              21.1136816
            ],
            [
              52.1797801,
              21.1136668
            ],
            [
              52.1797944,
              21.113653
            ]
          ],
          [
            [
              52.1797944,
              21.113653
            ],
            [
              52.1803899,
              21.1130775
            ],
            [
              52.1806613,
              21.1127997
            ],
            [
              52.1807142,
              21.1127409
            ]
          ],
          [
            [
              52.1895568,
              21.1034451
            ],
            [
              52.189766,
              21.1031608
            ],
            [
              52.1897867,
              21.1031271
            ],
            [
              52.189808,
              21.1030796
            ],
            [
              52.1898194,
              21.1030365
            ]
          ],
          [
            [
              52.1690029,
              21.1235717
            ],
            [
              52.169018,
              21.1235654
            ],
            [
              52.1690327,
              21.1235593
            ]
          ],
          [
            [
              52.1690327,
              21.1235593
            ],
            [
              52.1697156,
              21.1232758
            ],
            [
              52.1698965,
              21.1231819
            ],
            [
              52.169964,
              21.1231416
            ],
            [
              52.1700298,
              21.1231017
            ],
            [
              52.170067,
              21.1230766
            ],
            [
              52.1701129,
              21.1230376
            ],
            [
              52.1702657,
              21.1229188
            ],
            [
              52.1704935,
              21.1227069
            ],
            [
              52.1706536,
              21.1225395
            ],
            [
              52.1707769,
              21.1224156
            ],
            [
              52.1709105,
              21.1222866
            ],
            [
              52.1709498,
              21.1222466
            ],
            [
              52.1715856,
              21.1216325
            ]
          ],
          [
            [
              52.1715856,
              21.1216325
            ],
            [
              52.1716009,
              21.1216177
            ],
            [
              52.1716171,
              21.1216018
            ]
          ],
          [
            [
              52.1726954,
              21.12055
            ],
            [
              52.1727922,
              21.1204562
            ],
            [
              52.1734837,
              21.1197873
            ],
            [
              52.1738109,
              21.1194708
            ],
            [
              52.1739156,
              21.1193708
            ]
          ],
          [
            [
              52.1656547,
              21.1275742
            ],
            [
              52.1657769,
              21.1273751
            ],
            [
              52.1659426,
              21.1271049
            ],
            [
              52.1660951,
              21.1268612
            ],
            [
              52.1664407,
              21.1263225
            ],
            [
              52.1668145,
              21.1257116
            ],
            [
              52.1668896,
              21.1255909
            ],
            [
              52.167166,
              21.1251465
            ]
          ],
          [
            [
              52.167166,
              21.1251465
            ],
            [
              52.1671811,
              21.1251223
            ],
            [
              52.1671948,
              21.1251014
            ]
          ],
          [
            [
              52.1640757,
              21.1300953
            ],
            [
              52.1641598,
              21.1299639
            ],
            [
              52.164399,
              21.1295826
            ],
            [
              52.164748,
              21.1290259
            ],
            [
              52.1650037,
              21.1286181
            ],
            [
              52.1654869,
              21.1278436
            ],
            [
              52.1656286,
              21.1276165
            ]
          ],
          [
            [
              52.1656286,
              21.1276165
            ],
            [
              52.1656421,
              21.1275948
            ],
            [
              52.1656547,
              21.1275742
            ]
          ],
          [
            [
              52.1606417,
              21.1349145
            ],
            [
              52.1618962,
              21.1331939
            ],
            [
              52.1621149,
              21.132894
            ]
          ],
          [
            [
              52.1596505,
              21.1358236
            ],
            [
              52.1600925,
              21.1354965
            ],
            [
              52.160201,
              21.1354117
            ],
            [
              52.1602863,
              21.1353342
            ]
          ],
          [
            [
              52.1621149,
              21.132894
            ],
            [
              52.1621299,
              21.1328736
            ],
            [
              52.1621409,
              21.1328584
            ]
          ],
          [
            [
              52.1621409,
              21.1328584
            ],
            [
              52.1623608,
              21.1325568
            ],
            [
              52.162582,
              21.1322589
            ],
            [
              52.163142,
              21.1314956
            ]
          ],
          [
            [
              52.1631702,
              21.1314573
            ],
            [
              52.1632993,
              21.1312824
            ],
            [
              52.1637058,
              21.1306834
            ],
            [
              52.1638767,
              21.1304165
            ],
            [
              52.1640491,
              21.1301377
            ]
          ],
          [
            [
              52.1640491,
              21.1301377
            ],
            [
              52.1640632,
              21.1301149
            ],
            [
              52.1640757,
              21.1300953
            ]
          ],
          [
            [
              52.1602863,
              21.1353342
            ],
            [
              52.1603394,
              21.1352808
            ],
            [
              52.1604073,
              21.1352155
            ],
            [
              52.1604566,
              21.1351611
            ],
            [
              52.1605133,
              21.1350905
            ],
            [
              52.1605456,
              21.1350469
            ],
            [
              52.1605717,
              21.1350133
            ],
            [
              52.1606417,
              21.1349145
            ]
          ],
          [
            [
              52.163142,
              21.1314956
            ],
            [
              52.163156,
              21.1314766
            ],
            [
              52.1631702,
              21.1314573
            ]
          ]
        ]
      }
    },
    {
      "type": "Feature",
      "properties": {
        "name": "Tuzinowa",
        "highway": "tertiary"
      },
      "geometry": {
        "type": "MultiLineString",
        "coordinates": [
          [
            [
              52.1850384,
              21.0988807
            ],
            [
              52.1853509,
              21.0981578
            ],
            [
              52.1856401,
              21.0974888
            ]
          ],
          [
            [
              52.1861549,
              21.0969066
            ],
            [
              52.1863343,
              21.0967982
            ]
          ],
          [
            [
              52.1856401,
              21.0974888
            ],
            [
              52.1856744,
              21.0974193
            ],
            [
              52.1857109,
              21.0973529
            ],
            [
              52.1857495,
              21.0972898
            ],
            [
              52.1858027,
              21.0972131
            ],
            [
              52.185859,
              21.0971427
            ],
            [
              52.1859182,
              21.0970789
            ],
            [
              52.18598,
              21.0970219
            ],
            [
              52.1860354,
              21.0969803
            ],
            [
              52.1861549,
              21.0969066
            ]
          ]
        ]
      }
    },
    {
      "type": "Feature",
      "properties": {
        "name": "Jara",
        "highway": "residential"
      },
      "geometry": {
        "type": "MultiLineString",
        "coordinates": [
          [
            [
              52.1746047,
              21.1111975
            ],
            [
              52.1749253,
              21.112192
            ],
            [
              52.1754932,
              21.1139403
            ],
            [
              52.175549,
              21.1141132
            ],
            [
              52.1755598,
              21.1141468
            ],
            [
              52.1758043,
              21.114905
            ],
            [
              52.1758695,
              21.115107
            ],
            [
              52.176013,
              21.1155407
            ],
            [
              52.1760566,
              21.115675
            ],
            [
              52.1761775,
              21.1160476
            ],
            [
              52.1764016,
              21.1167475
            ],
            [
              52.1764476,
              21.1169091
            ]
          ],
          [
            [
              52.1738788,
              21.1088895
            ],
            [
              52.1741151,
              21.1096356
            ],
            [
              52.1744948,
              21.1108347
            ]
          ],
          [
            [
              52.1744948,
              21.1108347
            ],
            [
              52.1745105,
              21.1108868
            ],
            [
              52.1745519,
              21.1110234
            ],
            [
              52.1745917,
              21.1111548
            ],
            [
              52.1746047,
              21.1111975
            ]
          ],
          [
            [
              52.1738447,
              21.1083912
            ],
            [
              52.1738382,
              21.1084388
            ],
            [
              52.1738424,
              21.1085335
            ],
            [
              52.1738645,
              21.1087498
            ],
            [
              52.1738788,
              21.1088895
            ]
          ],
          [
            [
              52.1737566,
              21.1084079
            ],
            [
              52.1737794,
              21.1085507
            ],
            [
              52.17383,
              21.1087854
            ],
            [
              52.1738788,
              21.1088895
            ]
          ]
        ]
      }
    },
    {
      "type": "Feature",
      "properties": {
        "name": "Bruzdowa",
        "highway": "residential"
      },
      "geometry": {
        "type": "MultiLineString",
        "coordinates": [
          [
            [
              52.1746204,
              21.1109631
            ],
            [
              52.1750176,
              21.1106436
            ],
            [
              52.1750768,
              21.110596
            ],
            [
              52.1752016,
              21.1104925
            ],
            [
              52.1754514,
              21.1103004
            ],
            [
              52.1758854,
              21.1099458
            ],
            [
              52.1766067,
              21.1093686
            ],
            [
              52.1766997,
              21.1092974
            ],
            [
              52.1772084,
              21.1088929
            ],
            [
              52.1773324,
              21.1087912
            ],
            [
              52.177865,
              21.1083543
            ],
            [
              52.178283,
              21.1080204
            ],
            [
              52.1785755,
              21.1077847
            ],
            [
              52.1787079,
              21.1076786
            ],
            [
              52.1789526,
              21.1074812
            ],
            [
              52.179273,
              21.1072214
            ],
            [
              52.1794419,
              21.1070877
            ],
            [
              52.1797857,
              21.1068176
            ],
            [
              52.1799021,
              21.1067261
            ],
            [
              52.1800901,
              21.1065784
            ],
            [
              52.1804212,
              21.1063183
            ],
            [
              52.1807506,
              21.1060461
            ],
            [
              52.1809156,
              21.1059087
            ],
            [
              52.1810505,
              21.1057951
            ],
            [
              52.1810685,
              21.1057728
            ],
            [
              52.1810804,
              21.1057547
            ],
            [
              52.1810926,
              21.1057292
            ]
          ],
          [
            [
              52.1534559,
              21.1311677
            ],
            [
              52.154135,
              21.1306502
            ],
            [
              52.1546263,
              21.1302721
            ],
            [
              52.1547779,
              21.1301555
            ],
            [
              52.1548745,
              21.1300811
            ],
            [
              52.1550074,
              21.1299788
            ],
            [
              52.1551087,
              21.1299009
            ],
            [
              52.1551885,
              21.1298395
            ],
            [
              52.1554276,
              21.1296555
            ],
            [
              52.1554931,
              21.1296051
            ],
            [
              52.1556724,
              21.1294671
            ],
            [
              52.1558075,
              21.1293631
            ]
          ],
          [
            [
              52.1445162,
              21.1420681
            ],
            [
              52.1446229,
              21.142043
            ],
            [
              52.1447288,
              21.1420227
            ],
            [
              52.1448188,
              21.1420004
            ],
            [
              52.1450159,
              21.1419497
            ],
            [
              52.1450538,
              21.1419372
            ],
            [
              52.1450932,
              21.1419189
            ],
            [
              52.1451408,
              21.1418927
            ],
            [
              52.1451826,
              21.1418655
            ],
            [
              52.1452163,
              21.1418405
            ],
            [
              52.145269,
              21.1417884
            ],
            [
              52.1453127,
              21.1417365
            ],
            [
              52.1453537,
              21.1416771
            ],
            [
              52.1453948,
              21.1416086
            ],
            [
              52.1454241,
              21.1415517
            ],
            [
              52.1454476,
              21.1415
            ],
            [
              52.1454839,
              21.1413918
            ],
            [
              52.145515,
              21.1412707
            ],
            [
              52.145538,
              21.1411312
            ],
            [
              52.1455472,
              21.1409615
            ],
            [
              52.1455478,
              21.140779
            ],
            [
              52.1455436,
              21.1407029
            ],
            [
              52.145529,
              21.1402528
            ],
            [
              52.145529,
              21.1401536
            ],
            [
              52.1455339,
              21.1400728
            ],
            [
              52.1455461,
              21.1399251
            ],
            [
              52.14557,
              21.1397386
            ],
            [
              52.1456154,
              21.1395273
            ],
            [
              52.1456587,
              21.1393578
            ],
            [
              52.1456953,
              21.1392403
            ],
            [
              52.1457298,
              21.1391585
            ],
            [
              52.1458191,
              21.1389578
            ]
          ],
          [
            [
              52.1639066,
              21.120735
            ],
            [
              52.1639714,
              21.1206054
            ],
            [
              52.1640518,
              21.1204447
            ],
            [
              52.1641674,
              21.1202149
            ],
            [
              52.1642864,
              21.1199785
            ],
            [
              52.1643482,
              21.1198441
            ],
            [
              52.1643991,
              21.11976
            ],
            [
              52.1645061,
              21.1195825
            ],
            [
              52.1645682,
              21.1195073
            ],
            [
              52.1649104,
              21.1192264
            ],
            [
              52.1649707,
              21.1191769
            ],
            [
              52.1650995,
              21.119068
            ],
            [
              52.1654694,
              21.1187554
            ],
            [
              52.165497,
              21.1187321
            ],
            [
              52.1657458,
              21.1185201
            ],
            [
              52.1657643,
              21.1185051
            ],
            [
              52.165843,
              21.1184383
            ],
            [
              52.1659715,
              21.1183282
            ],
            [
              52.1659952,
              21.1183084
            ],
            [
              52.1661644,
              21.1181666
            ],
            [
              52.1662211,
              21.1181118
            ],
            [
              52.1663033,
              21.1180423
            ],
            [
              52.1665259,
              21.117854
            ],
            [
              52.1670792,
              21.1173858
            ],
            [
              52.1671703,
              21.1173091
            ],
            [
              52.1672959,
              21.1172032
            ],
            [
              52.1677746,
              21.1167998
            ],
            [
              52.1679164,
              21.1166717
            ],
            [
              52.1683275,
              21.1163212
            ],
            [
              52.1684692,
              21.1162001
            ],
            [
              52.1687764,
              21.1159375
            ],
            [
              52.1687875,
              21.115928
            ]
          ],
          [
            [
              52.1458191,
              21.1389578
            ],
            [
              52.1461689,
              21.1382768
            ]
          ],
          [
            [
              52.1475957,
              21.1357594
            ],
            [
              52.1476556,
              21.1356984
            ],
            [
              52.1477296,
              21.1356381
            ],
            [
              52.1478584,
              21.1355351
            ],
            [
              52.1478938,
              21.1355068
            ],
            [
              52.1479371,
              21.1354721
            ],
            [
              52.1480091,
              21.1354145
            ],
            [
              52.1480735,
              21.1353486
            ],
            [
              52.1482387,
              21.1352094
            ]
          ],
          [
            [
              52.1511136,
              21.1329699
            ],
            [
              52.1512862,
              21.1328375
            ],
            [
              52.1513533,
              21.1327866
            ],
            [
              52.1523635,
              21.1320163
            ],
            [
              52.1527142,
              21.1317452
            ],
            [
              52.1534559,
              21.1311677
            ]
          ],
          [
            [
              52.1691965,
              21.1155848
            ],
            [
              52.1692814,
              21.1155128
            ],
            [
              52.1693568,
              21.1154489
            ],
            [
              52.1697348,
              21.1151239
            ],
            [
              52.1698193,
              21.115055
            ],
            [
              52.1700308,
              21.1148682
            ],
            [
              52.1703207,
              21.1146122
            ],
            [
              52.1706472,
              21.1143511
            ],
            [
              52.1707429,
              21.1142703
            ],
            [
              52.1707683,
              21.1142493
            ],
            [
              52.1707977,
              21.1142228
            ],
            [
              52.1713957,
              21.113714
            ],
            [
              52.1714969,
              21.1136313
            ],
            [
              52.1715087,
              21.1136216
            ]
          ],
          [
            [
              52.174432,
              21.1111289
            ],
            [
              52.1744738,
              21.1110921
            ],
            [
              52.1745519,
              21.1110234
            ],
            [
              52.1746204,
              21.1109631
            ]
          ],
          [
            [
              52.1567237,
              21.1286359
            ],
            [
              52.1567569,
              21.128611
            ],
            [
              52.1568012,
              21.1285809
            ],
            [
              52.1573461,
              21.128171
            ],
            [
              52.1574128,
              21.1281208
            ],
            [
              52.1576007,
              21.1279798
            ],
            [
              52.1576379,
              21.127955
            ],
            [
              52.1577995,
              21.1278229
            ],
            [
              52.1578582,
              21.1278494
            ]
          ],
          [
            [
              52.1687875,
              21.115928
            ],
            [
              52.1688508,
              21.1158743
            ],
            [
              52.1689377,
              21.1158044
            ]
          ],
          [
            [
              52.1443401,
              21.1421926
            ],
            [
              52.1444216,
              21.1421527
            ],
            [
              52.1445162,
              21.1420681
            ]
          ],
          [
            [
              52.144309,
              21.1421065
            ],
            [
              52.1443388,
              21.1420909
            ],
            [
              52.1444059,
              21.1420635
            ],
            [
              52.1445162,
              21.1420681
            ]
          ],
          [
            [
              52.1441113,
              21.1424527
            ],
            [
              52.1441561,
              21.1423092
            ],
            [
              52.1442,
              21.1422317
            ],
            [
              52.1442225,
              21.1422011
            ]
          ],
          [
            [
              52.1441113,
              21.1424527
            ],
            [
              52.1441873,
              21.1423626
            ],
            [
              52.1442318,
              21.1423028
            ],
            [
              52.1442565,
              21.1422784
            ]
          ],
          [
            [
              52.1431066,
              21.1446693
            ],
            [
              52.1432169,
              21.1444327
            ],
            [
              52.1433531,
              21.1441166
            ],
            [
              52.1434179,
              21.1439785
            ],
            [
              52.1435102,
              21.1437807
            ],
            [
              52.143656,
              21.1434578
            ],
            [
              52.143868,
              21.1429909
            ],
            [
              52.1439753,
              21.1427551
            ],
            [
              52.1441113,
              21.1424527
            ]
          ],
          [
            [
              52.1429162,
              21.1450478
            ],
            [
              52.1429332,
              21.1450112
            ],
            [
              52.1429759,
              21.1449157
            ],
            [
              52.1430294,
              21.144783
            ],
            [
              52.1430654,
              21.1447267
            ],
            [
              52.1431066,
              21.1446693
            ]
          ],
          [
            [
              52.1429685,
              21.1450922
            ],
            [
              52.1429885,
              21.1450481
            ],
            [
              52.1430242,
              21.144964
            ],
            [
              52.1430653,
              21.1448618
            ],
            [
              52.1430868,
              21.1447696
            ],
            [
              52.1431066,
              21.1446693
            ]
          ],
          [
            [
              52.1482387,
              21.1352094
            ],
            [
              52.1483752,
              21.1351015
            ],
            [
              52.1485966,
              21.1349279
            ],
            [
              52.1486427,
              21.1348916
            ],
            [
              52.1488114,
              21.1347623
            ],
            [
              52.1490966,
              21.1345374
            ],
            [
              52.149394,
              21.1343043
            ],
            [
              52.1499898,
              21.1338398
            ],
            [
              52.1501228,
              21.1337359
            ],
            [
              52.1509957,
              21.133062
            ],
            [
              52.1511136,
              21.1329699
            ]
          ],
          [
            [
              52.147184,
              21.1363287
            ],
            [
              52.147198,
              21.1362496
            ],
            [
              52.1472354,
              21.1361649
            ],
            [
              52.1473107,
              21.1360296
            ]
          ],
          [
            [
              52.1558075,
              21.1293631
            ],
            [
              52.1559951,
              21.129213
            ],
            [
              52.1561139,
              21.1291227
            ],
            [
              52.1561817,
              21.1290711
            ],
            [
              52.1562191,
              21.1290417
            ],
            [
              52.1563679,
              21.1289349
            ],
            [
              52.1567237,
              21.1286359
            ]
          ],
          [
            [
              52.147184,
              21.1363287
            ],
            [
              52.1472338,
              21.1362979
            ],
            [
              52.1472815,
              21.1362435
            ],
            [
              52.1473636,
              21.1361333
            ]
          ],
          [
            [
              52.1461689,
              21.1382768
            ],
            [
              52.1462833,
              21.1380573
            ],
            [
              52.1470382,
              21.136609
            ],
            [
              52.147184,
              21.1363287
            ]
          ],
          [
            [
              52.1474591,
              21.1360135
            ],
            [
              52.1475354,
              21.1358946
            ],
            [
              52.1475704,
              21.1358399
            ],
            [
              52.1475957,
              21.1357594
            ]
          ],
          [
            [
              52.1474093,
              21.1359032
            ],
            [
              52.1475053,
              21.1358168
            ],
            [
              52.1475416,
              21.1357882
            ],
            [
              52.1475957,
              21.1357594
            ]
          ],
          [
            [
              52.1586099,
              21.1271878
            ],
            [
              52.158902,
              21.1269611
            ],
            [
              52.1590756,
              21.1268344
            ],
            [
              52.1596135,
              21.1264105
            ],
            [
              52.159729,
              21.1263282
            ],
            [
              52.1600797,
              21.126057
            ],
            [
              52.1603562,
              21.1258431
            ],
            [
              52.16056,
              21.125692
            ],
            [
              52.1609064,
              21.1254188
            ],
            [
              52.1609783,
              21.1253619
            ],
            [
              52.1612289,
              21.1251696
            ],
            [
              52.1612484,
              21.1251517
            ],
            [
              52.1613125,
              21.1250931
            ],
            [
              52.1613738,
              21.1250221
            ],
            [
              52.161399,
              21.1249929
            ],
            [
              52.1615005,
              21.1248511
            ],
            [
              52.1615273,
              21.1248114
            ],
            [
              52.16159,
              21.1247186
            ],
            [
              52.1621639,
              21.1238933
            ],
            [
              52.1622372,
              21.1237886
            ],
            [
              52.1628009,
              21.1229831
            ],
            [
              52.1629072,
              21.1228174
            ],
            [
              52.1629163,
              21.1227992
            ],
            [
              52.163173,
              21.1222905
            ],
            [
              52.1634183,
              21.1218043
            ],
            [
              52.1634978,
              21.121603
            ],
            [
              52.1635923,
              21.1214047
            ],
            [
              52.1639066,
              21.120735
            ]
          ],
          [
            [
              52.1689377,
              21.1158044
            ],
            [
              52.1689519,
              21.1157924
            ],
            [
              52.1691965,
              21.1155848
            ]
          ],
          [
            [
              52.1718421,
              21.1133391
            ],
            [
              52.1719566,
              21.1132418
            ],
            [
              52.1723495,
              21.112908
            ],
            [
              52.1725321,
              21.1127473
            ],
            [
              52.1726193,
              21.1126765
            ],
            [
              52.1729707,
              21.1123701
            ],
            [
              52.1734492,
              21.1119685
            ],
            [
              52.173861,
              21.1116189
            ],
            [
              52.174432,
              21.1111289
            ]
          ],
          [
            [
              52.1715087,
              21.1136216
            ],
            [
              52.1718211,
              21.1133569
            ],
            [
              52.1718421,
              21.1133391
            ]
          ]
        ]
      }
    },
    {
      "type": "Feature",
      "properties": {
        "name": "Rosochata",
        "highway": "tertiary"
      },
      "geometry": {
        "type": "MultiLineString",
        "coordinates": [
          [
            [
              52.1278568,
              21.1036988
            ],
            [
              52.1278422,
              21.103817
            ],
            [
              52.1278382,
              21.1038546
            ],
            [
              52.1278358,
              21.1038772
            ],
            [
              52.1278316,
              21.1039296
            ],
            [
              52.1278332,
              21.1039824
            ],
            [
              52.1278405,
              21.104034
            ],
            [
              52.1278554,
              21.1040882
            ],
            [
              52.1278766,
              21.1041364
            ],
            [
              52.1280262,
              21.1044133
            ],
            [
              52.1282363,
              21.1047835
            ],
            [
              52.128332,
              21.1049541
            ]
          ],
          [
            [
              52.1307255,
              21.1109531
            ],
            [
              52.1308139,
              21.11094
            ],
            [
              52.1315259,
              21.1104719
            ]
          ],
          [
            [
              52.1285273,
              21.1053091
            ],
            [
              52.129184,
              21.1064793
            ],
            [
              52.1293405,
              21.1068264
            ],
            [
              52.1295702,
              21.1075359
            ],
            [
              52.1297708,
              21.1081444
            ],
            [
              52.1298725,
              21.1086431
            ],
            [
              52.1298971,
              21.1089018
            ],
            [
              52.1299741,
              21.1097126
            ],
            [
              52.1300255,
              21.1102534
            ],
            [
              52.1300742,
              21.110766
            ],
            [
              52.1300927,
              21.1109609
            ],
            [
              52.1302434,
              21.1125476
            ],
            [
              52.1302827,
              21.1128068
            ],
            [
              52.1303959,
              21.1134779
            ],
            [
              52.1304064,
              21.1135341
            ],
            [
              52.1304373,
              21.1137558
            ],
            [
              52.1304577,
              21.113898
            ],
            [
              52.1304729,
              21.1140765
            ],
            [
              52.1304797,
              21.1141824
            ],
            [
              52.1304847,
              21.1143768
            ],
            [
              52.130489,
              21.1145619
            ],
            [
              52.1304874,
              21.1147081
            ],
            [
              52.1304805,
              21.1148987
            ],
            [
              52.1304728,
              21.115018
            ],
            [
              52.1304688,
              21.1150726
            ],
            [
              52.130453,
              21.1152898
            ],
            [
              52.1304365,
              21.1155013
            ],
            [
              52.1304237,
              21.115671
            ],
            [
              52.1304101,
              21.1158503
            ],
            [
              52.1303567,
              21.1165654
            ],
            [
              52.1303129,
              21.1171677
            ],
            [
              52.1303054,
              21.1173071
            ],
            [
              52.1303028,
              21.1174177
            ],
            [
              52.1303082,
              21.1175338
            ],
            [
              52.1303753,
              21.1183989
            ],
            [
              52.1303794,
              21.1184516
            ],
            [
              52.1303854,
              21.1185284
            ],
            [
              52.1304084,
              21.118812
            ],
            [
              52.1304454,
              21.1192688
            ],
            [
              52.1305087,
              21.120049
            ],
            [
              52.1305112,
              21.1200796
            ]
          ],
          [
            [
              52.1316362,
              21.1279576
            ],
            [
              52.1316557,
              21.1280696
            ],
            [
              52.1316932,
              21.1283207
            ],
            [
              52.1317111,
              21.1284417
            ],
            [
              52.1317983,
              21.1290678
            ],
            [
              52.131839,
              21.1293597
            ],
            [
              52.1318679,
              21.1295673
            ],
            [
              52.1319047,
              21.1297545
            ],
            [
              52.1319513,
              21.12995
            ],
            [
              52.1320229,
              21.1301233
            ]
          ],
          [
            [
              52.1305675,
              21.1205735
            ],
            [
              52.130594,
              21.1207892
            ]
          ],
          [
            [
              52.128332,
              21.1049541
            ],
            [
              52.1285273,
              21.1053091
            ]
          ],
          [
            [
              52.1305112,
              21.1200796
            ],
            [
              52.1305411,
              21.1203593
            ],
            [
              52.1305419,
              21.1203668
            ],
            [
              52.1305675,
              21.1205735
            ]
          ],
          [
            [
              52.1312057,
              21.12504
            ],
            [
              52.1312151,
              21.1251088
            ],
            [
              52.1312614,
              21.1254232
            ],
            [
              52.1314023,
              21.1263795
            ],
            [
              52.1314464,
              21.1266786
            ],
            [
              52.1314761,
              21.1268799
            ],
            [
              52.1315274,
              21.1272277
            ],
            [
              52.1315663,
              21.1274911
            ],
            [
              52.1316317,
              21.1279273
            ],
            [
              52.1316362,
              21.1279576
            ]
          ],
          [
            [
              52.130594,
              21.1207892
            ],
            [
              52.1307212,
              21.1217378
            ],
            [
              52.1308227,
              21.1223927
            ],
            [
              52.130853,
              21.1226011
            ],
            [
              52.1308965,
              21.1229006
            ],
            [
              52.1309668,
              21.1233843
            ],
            [
              52.1309996,
              21.1236128
            ],
            [
              52.1311438,
              21.1246159
            ],
            [
              52.1311724,
              21.1248149
            ],
            [
              52.1312057,
              21.12504
            ]
          ]
        ]
      }
    },
    {
      "type": "Feature",
      "properties": {
        "name": "Rosy",
        "highway": "residential"
      },
      "geometry": {
        "type": "MultiLineString",
        "coordinates": [
          [
            [
              52.1311093,
              21.1362482
            ],
            [
              52.1315843,
              21.1368307
            ],
            [
              52.1317796,
              21.1370664
            ],
            [
              52.1318939,
              21.1371811
            ],
            [
              52.1320062,
              21.1372513
            ],
            [
              52.1322818,
              21.1374038
            ],
            [
              52.1326077,
              21.1375421
            ]
          ],
          [
            [
              52.1372288,
              21.137338
            ],
            [
              52.1375441,
              21.1372062
            ],
            [
              52.1379278,
              21.1370952
            ],
            [
              52.1380757,
              21.1369991
            ],
            [
              52.138197,
              21.1368642
            ],
            [
              52.1384739,
              21.1365856
            ],
            [
              52.1386369,
              21.1364312
            ],
            [
              52.1386669,
              21.1364106
            ],
            [
              52.1391415,
              21.1360852
            ],
            [
              52.1398717,
              21.1355795
            ],
            [
              52.1402752,
              21.1353
            ],
            [
              52.1403896,
              21.1351789
            ],
            [
              52.1404994,
              21.1350406
            ],
            [
              52.1407178,
              21.1346412
            ],
            [
              52.1408535,
              21.1344274
            ],
            [
              52.1411942,
              21.1338907
            ],
            [
              52.1413082,
              21.1337137
            ],
            [
              52.1414216,
              21.1334701
            ],
            [
              52.1415571,
              21.1330351
            ],
            [
              52.1419376,
              21.1320745
            ],
            [
              52.1421145,
              21.1315784
            ],
            [
              52.1422397,
              21.1312275
            ],
            [
              52.1423475,
              21.1309627
            ],
            [
              52.1423992,
              21.1308316
            ],
            [
              52.1425655,
              21.1304095
            ],
            [
              52.1428853,
              21.1299146
            ],
            [
              52.1430511,
              21.129677
            ],
            [
              52.1434007,
              21.129172
            ],
            [
              52.1435492,
              21.1289788
            ],
            [
              52.1437273,
              21.1287942
            ],
            [
              52.1442042,
              21.1282984
            ],
            [
              52.1444182,
              21.128112
            ],
            [
              52.1445379,
              21.1280272
            ],
            [
              52.1446342,
              21.127976
            ],
            [
              52.1453175,
              21.1276433
            ],
            [
              52.1459067,
              21.1273359
            ],
            [
              52.1460866,
              21.1272528
            ],
            [
              52.1462117,
              21.127195
            ],
            [
              52.1465159,
              21.1270105
            ],
            [
              52.1470147,
              21.1266444
            ],
            [
              52.1472784,
              21.1264549
            ],
            [
              52.1474973,
              21.1262614
            ],
            [
              52.1477087,
              21.1260062
            ],
            [
              52.147811,
              21.1259002
            ],
            [
              52.1480634,
              21.125539
            ],
            [
              52.1481605,
              21.1254186
            ],
            [
              52.1482678,
              21.1253325
            ]
          ],
          [
            [
              52.1326077,
              21.1375421
            ],
            [
              52.1326303,
              21.1375522
            ],
            [
              52.1332654,
              21.1378332
            ],
            [
              52.1334449,
              21.1379058
            ],
            [
              52.1336712,
              21.1380136
            ],
            [
              52.1339084,
              21.1380863
            ],
            [
              52.1341114,
              21.138114
            ],
            [
              52.134192,
              21.1381245
            ],
            [
              52.1348125,
              21.1382031
            ],
            [
              52.1352675,
              21.1382763
            ],
            [
              52.1357615,
              21.1383302
            ],
            [
              52.1360782,
              21.138369
            ],
            [
              52.1368762,
              21.1384418
            ],
            [
              52.1375112,
              21.1384833
            ],
            [
              52.1375472,
              21.1384756
            ],
            [
              52.137571,
              21.1384636
            ],
            [
              52.1376027,
              21.1384408
            ],
            [
              52.1376444,
              21.1384009
            ]
          ],
          [
            [
              52.1493831,
              21.1168785
            ],
            [
              52.1494077,
              21.1171338
            ],
            [
              52.1495149,
              21.1178792
            ],
            [
              52.1495503,
              21.1180689
            ],
            [
              52.1496099,
              21.1183078
            ],
            [
              52.1497169,
              21.1186074
            ]
          ],
          [
            [
              52.1482678,
              21.1253325
            ],
            [
              52.1483339,
              21.1252765
            ],
            [
              52.1485197,
              21.1251307
            ],
            [
              52.148613,
              21.1250766
            ],
            [
              52.1486853,
              21.1250106
            ],
            [
              52.1488358,
              21.12487
            ],
            [
              52.1489865,
              21.1247076
            ],
            [
              52.1490473,
              21.1246043
            ],
            [
              52.1491101,
              21.1244843
            ],
            [
              52.149224,
              21.1241864
            ],
            [
              52.1492738,
              21.1240282
            ],
            [
              52.1493585,
              21.1237875
            ],
            [
              52.1494336,
              21.1234245
            ],
            [
              52.1497001,
              21.1220133
            ],
            [
              52.1498225,
              21.1211803
            ],
            [
              52.1499555,
              21.1206578
            ],
            [
              52.1500063,
              21.1203636
            ],
            [
              52.1500231,
              21.1201623
            ],
            [
              52.1500097,
              21.1198802
            ],
            [
              52.1499772,
              21.1193786
            ],
            [
              52.1499466,
              21.1192046
            ],
            [
              52.1498612,
              21.1188913
            ]
          ],
          [
            [
              52.1497169,
              21.1186074
            ],
            [
              52.1498612,
              21.1188913
            ]
          ]
        ]
      }
    },
    {
      "type": "Feature",
      "properties": {
        "name": "Prętowa",
        "highway": "tertiary"
      },
      "geometry": {
        "type": "MultiLineString",
        "coordinates": [
          [
            [
              52.1396546,
              21.1420775
            ],
            [
              52.1400983,
              21.142502
            ],
            [
              52.1406398,
              21.14302
            ],
            [
              52.1406856,
              21.1430638
            ],
            [
              52.1408247,
              21.1431936
            ],
            [
              52.1416951,
              21.144012
            ],
            [
              52.1420236,
              21.1443077
            ],
            [
              52.1421095,
              21.1443926
            ],
            [
              52.1422072,
              21.1445059
            ],
            [
              52.1422719,
              21.1445762
            ],
            [
              52.1424998,
              21.1447891
            ]
          ],
          [
            [
              52.1378229,
              21.1389414
            ],
            [
              52.1378869,
              21.1393817
            ],
            [
              52.1379015,
              21.1394611
            ],
            [
              52.1379241,
              21.1395486
            ],
            [
              52.1379735,
              21.1397198
            ],
            [
              52.1380392,
              21.1398957
            ],
            [
              52.1381092,
              21.1400217
            ],
            [
              52.1383001,
              21.1403593
            ],
            [
              52.1384637,
              21.140662
            ],
            [
              52.1385666,
              21.1408639
            ],
            [
              52.1387164,
              21.1410266
            ],
            [
              52.1387977,
              21.141129
            ],
            [
              52.1390021,
              21.1413489
            ],
            [
              52.1392224,
              21.1415827
            ],
            [
              52.1394327,
              21.1418152
            ],
            [
              52.1395002,
              21.141895
            ],
            [
              52.1396546,
              21.1420775
            ]
          ],
          [
            [
              52.1377838,
              21.1387419
            ],
            [
              52.1378229,
              21.1389414
            ]
          ],
          [
            [
              52.1348157,
              21.1285138
            ],
            [
              52.1351091,
              21.1292141
            ],
            [
              52.1352384,
              21.1295228
            ],
            [
              52.1353582,
              21.1298036
            ],
            [
              52.1355034,
              21.1301439
            ],
            [
              52.1355189,
              21.1301754
            ],
            [
              52.1355355,
              21.1302027
            ],
            [
              52.1357394,
              21.1304787
            ],
            [
              52.1357621,
              21.1305118
            ],
            [
              52.1357769,
              21.1305474
            ],
            [
              52.135789,
              21.1305982
            ],
            [
              52.1359799,
              21.1314562
            ],
            [
              52.1360558,
              21.1317911
            ],
            [
              52.1361405,
              21.1321866
            ],
            [
              52.1363347,
              21.1331213
            ],
            [
              52.136399,
              21.1334312
            ],
            [
              52.1364747,
              21.1337963
            ],
            [
              52.1366974,
              21.1348435
            ],
            [
              52.136941,
              21.1359892
            ],
            [
              52.1369438,
              21.1360023
            ],
            [
              52.1370968,
              21.1367258
            ],
            [
              52.1371132,
              21.136802
            ],
            [
              52.1372288,
              21.137338
            ]
          ],
          [
            [
              52.1372288,
              21.137338
            ],
            [
              52.1372929,
              21.1376201
            ],
            [
              52.1373607,
              21.1378472
            ],
            [
              52.1373917,
              21.13794
            ],
            [
              52.1374236,
              21.1380121
            ],
            [
              52.1374655,
              21.138095
            ],
            [
              52.1375167,
              21.1381868
            ],
            [
              52.1376033,
              21.1383228
            ],
            [
              52.1376444,
              21.1384009
            ]
          ],
          [
            [
              52.1376444,
              21.1384009
            ],
            [
              52.137685,
              21.1384636
            ],
            [
              52.1377115,
              21.1385174
            ],
            [
              52.1377356,
              21.1385759
            ],
            [
              52.1377606,
              21.1386494
            ],
            [
              52.1377838,
              21.1387419
            ]
          ],
          [
            [
              52.1429729,
              21.1451997
            ],
            [
              52.1430415,
              21.1452548
            ],
            [
              52.1432944,
              21.1454464
            ],
            [
              52.1439429,
              21.1460723
            ],
            [
              52.1439918,
              21.1461195
            ],
            [
              52.1441287,
              21.1462451
            ],
            [
              52.1442863,
              21.1463268
            ],
            [
              52.1443944,
              21.1463635
            ]
          ],
          [
            [
              52.1426969,
              21.1449653
            ],
            [
              52.1427921,
              21.1450023
            ],
            [
              52.142874,
              21.1450701
            ]
          ],
          [
            [
              52.1426969,
              21.1449653
            ],
            [
              52.142768,
              21.1450723
            ],
            [
              52.1428345,
              21.1451318
            ],
            [
              52.1428507,
              21.1451463
            ]
          ],
          [
            [
              52.1424998,
              21.1447891
            ],
            [
              52.142635,
              21.1449103
            ],
            [
              52.1426969,
              21.1449653
            ]
          ]
        ]
      }
    },
    {
      "type": "Feature",
      "properties": {
        "name": "Włóki",
        "highway": "residential"
      },
      "geometry": {
        "type": "MultiLineString",
        "coordinates": [
          [
            [
              52.1478134,
              21.1435219
            ],
            [
              52.1480318,
              21.1433781
            ],
            [
              52.1483604,
              21.1431425
            ],
            [
              52.1509183,
              21.1411027
            ],
            [
              52.1522659,
              21.1400639
            ],
            [
              52.1526214,
              21.1398024
            ],
            [
              52.152774,
              21.1396801
            ],
            [
              52.1529982,
              21.1394895
            ],
            [
              52.1530583,
              21.1394337
            ],
            [
              52.1534933,
              21.1389724
            ],
            [
              52.1542124,
              21.1381589
            ],
            [
              52.1542942,
              21.1380734
            ],
            [
              52.1543783,
              21.1379855
            ],
            [
              52.1544628,
              21.1379256
            ],
            [
              52.1545503,
              21.1378752
            ],
            [
              52.1559641,
              21.1372836
            ],
            [
              52.1565241,
              21.1370422
            ],
            [
              52.1567987,
              21.1369412
            ]
          ],
          [
            [
              52.1404488,
              21.1541073
            ],
            [
              52.140658,
              21.1536018
            ],
            [
              52.1409621,
              21.1527191
            ],
            [
              52.1412218,
              21.1518925
            ],
            [
              52.1412991,
              21.1515437
            ],
            [
              52.1413512,
              21.1513911
            ],
            [
              52.1414162,
              21.1512232
            ],
            [
              52.1415303,
              21.151001
            ],
            [
              52.1416687,
              21.150785
            ],
            [
              52.1419617,
              21.1503384
            ],
            [
              52.1423714,
              21.1496799
            ],
            [
              52.1424581,
              21.149568
            ],
            [
              52.142638,
              21.1493677
            ],
            [
              52.1427898,
              21.1492149
            ],
            [
              52.1428267,
              21.1491224
            ],
            [
              52.1428388,
              21.1490541
            ],
            [
              52.1428502,
              21.1490054
            ],
            [
              52.142867,
              21.1489239
            ],
            [
              52.1428894,
              21.1488625
            ],
            [
              52.1429098,
              21.148826
            ],
            [
              52.1429807,
              21.1487361
            ],
            [
              52.143041,
              21.1486833
            ],
            [
              52.1430739,
              21.1486538
            ],
            [
              52.1431009,
              21.1486106
            ],
            [
              52.1437678,
              21.1475307
            ],
            [
              52.1440276,
              21.147125
            ],
            [
              52.1442387,
              21.1467784
            ],
            [
              52.1442746,
              21.1467082
            ],
            [
              52.1443321,
              21.1465498
            ],
            [
              52.1443944,
              21.1463635
            ]
          ],
          [
            [
              52.1567987,
              21.1369412
            ],
            [
              52.1571989,
              21.1367838
            ],
            [
              52.1574885,
              21.1366878
            ],
            [
              52.1583575,
              21.136429
            ],
            [
              52.1588435,
              21.1362157
            ],
            [
              52.1589603,
              21.1361762
            ],
            [
              52.1591953,
              21.1360827
            ]
          ],
          [
            [
              52.1591953,
              21.1360827
            ],
            [
              52.1593181,
              21.1360173
            ],
            [
              52.1596505,
              21.1358236
            ]
          ],
          [
            [
              52.1443944,
              21.1463635
            ],
            [
              52.1444714,
              21.1462191
            ],
            [
              52.1447201,
              21.1459057
            ],
            [
              52.1450394,
              21.145444
            ],
            [
              52.1451995,
              21.1452265
            ],
            [
              52.1452777,
              21.1451393
            ],
            [
              52.1453453,
              21.1450725
            ],
            [
              52.1455309,
              21.1449156
            ],
            [
              52.1457861,
              21.1447262
            ],
            [
              52.1462728,
              21.1444494
            ],
            [
              52.1474427,
              21.1437719
            ],
            [
              52.1478134,
              21.1435219
            ]
          ]
        ]
      }
    },
    {
      "type": "Feature",
      "properties": {
        "name": "Gratyny",
        "highway": "residential"
      },
      "geometry": {
        "type": "MultiLineString",
        "coordinates": [
          [
            [
              52.147397,
              21.136135
            ],
            [
              52.1474051,
              21.1362623
            ],
            [
              52.1474055,
              21.1363609
            ],
            [
              52.1474064,
              21.1365667
            ],
            [
              52.1474033,
              21.1367672
            ],
            [
              52.1474006,
              21.1369395
            ],
            [
              52.1474172,
              21.1378623
            ],
            [
              52.1474303,
              21.1389963
            ],
            [
              52.1474339,
              21.1393079
            ],
            [
              52.1475235,
              21.1398229
            ],
            [
              52.1475289,
              21.1398541
            ],
            [
              52.1476098,
              21.1402511
            ],
            [
              52.1477105,
              21.1407181
            ],
            [
              52.1477813,
              21.1410683
            ],
            [
              52.1478231,
              21.1413695
            ],
            [
              52.147812,
              21.1415832
            ],
            [
              52.1477773,
              21.1418102
            ],
            [
              52.1477522,
              21.1419113
            ],
            [
              52.1477097,
              21.1420821
            ],
            [
              52.1476163,
              21.1424065
            ],
            [
              52.1474759,
              21.142867
            ],
            [
              52.1474676,
              21.1429124
            ],
            [
              52.1474601,
              21.1429656
            ],
            [
              52.1474498,
              21.1430617
            ],
            [
              52.1474427,
              21.1437719
            ]
          ]
        ]
      }
    },
    {
      "type": "Feature",
      "properties": {
        "name": "Waflowa",
        "highway": "unclassified"
      },
      "geometry": {
        "type": "MultiLineString",
        "coordinates": [
          [
            [
              52.1169205,
              21.1085323
            ],
            [
              52.117497,
              21.1074676
            ],
            [
              52.117598,
              21.1072806
            ],
            [
              52.1178535,
              21.1069675
            ],
            [
              52.1179328,
              21.1068704
            ],
            [
              52.1180698,
              21.1066713
            ],
            [
              52.1181792,
              21.1065112
            ],
            [
              52.1182672,
              21.1063463
            ],
            [
              52.1182795,
              21.1063232
            ],
            [
              52.1185003,
              21.1056734
            ],
            [
              52.1186413,
              21.105247
            ],
            [
              52.1186571,
              21.1051826
            ],
            [
              52.1186571,
              21.1051169
            ],
            [
              52.1186524,
              21.1050956
            ],
            [
              52.118636,
              21.1050388
            ],
            [
              52.1186095,
              21.104947
            ]
          ],
          [
            [
              52.1160689,
              21.1117918
            ],
            [
              52.116346,
              21.1106966
            ],
            [
              52.1166471,
              21.1095622
            ],
            [
              52.1167914,
              21.1090187
            ],
            [
              52.1169205,
              21.1085323
            ]
          ]
        ]
      }
    },
    {
      "type": "Feature",
      "properties": {
        "name": "Orszady",
        "highway": "living_street"
      },
      "geometry": {
        "type": "MultiLineString",
        "coordinates": [
          [
            [
              52.1531105,
              21.0614937
            ],
            [
              52.15317,
              21.0615464
            ],
            [
              52.1532148,
              21.0615776
            ],
            [
              52.1532704,
              21.0615998
            ],
            [
              52.1533061,
              21.0616034
            ],
            [
              52.1533441,
              21.0616079
            ],
            [
              52.1534605,
              21.0615938
            ],
            [
              52.1535623,
              21.0615692
            ],
            [
              52.1536209,
              21.0615409
            ],
            [
              52.1537066,
              21.0614852
            ],
            [
              52.1538189,
              21.0614007
            ],
            [
              52.1539285,
              21.0613095
            ],
            [
              52.1539819,
              21.061268
            ],
            [
              52.1540897,
              21.0612067
            ],
            [
              52.154392,
              21.0610597
            ],
            [
              52.1551987,
              21.0606505
            ],
            [
              52.1552822,
              21.060601
            ],
            [
              52.1553674,
              21.0605575
            ],
            [
              52.155417,
              21.0605459
            ],
            [
              52.1554523,
              21.0605397
            ]
          ],
          [
            [
              52.1518436,
              21.063297
            ],
            [
              52.1519808,
              21.0631282
            ],
            [
              52.1521458,
              21.0628389
            ],
            [
              52.152275,
              21.0626926
            ],
            [
              52.152415,
              21.0625682
            ],
            [
              52.1525005,
              21.0624958
            ],
            [
              52.1526702,
              21.062351
            ],
            [
              52.1526809,
              21.0623418
            ],
            [
              52.1529203,
              21.0621787
            ],
            [
              52.152994,
              21.0621084
            ],
            [
              52.1530609,
              21.0619877
            ],
            [
              52.1530765,
              21.0619436
            ],
            [
              52.1530848,
              21.061881
            ],
            [
              52.1530874,
              21.0617034
            ],
            [
              52.1530872,
              21.0615985
            ],
            [
              52.1530876,
              21.0615613
            ],
            [
              52.1530924,
              21.0615339
            ],
            [
              52.1531105,
              21.0614937
            ]
          ],
          [
            [
              52.155574,
              21.0605523
            ],
            [
              52.155598,
              21.0604305
            ],
            [
              52.1556152,
              21.0603783
            ],
            [
              52.1556338,
              21.0603429
            ],
            [
              52.1556538,
              21.0603192
            ],
            [
              52.1557585,
              21.060233
            ],
            [
              52.1560145,
              21.0600628
            ],
            [
              52.1562927,
              21.0598686
            ],
            [
              52.1564814,
              21.0597523
            ],
            [
              52.1568016,
              21.0595988
            ],
            [
              52.1570459,
              21.0594639
            ],
            [
              52.1574739,
              21.0591591
            ],
            [
              52.1580878,
              21.058711
            ]
          ],
          [
            [
              52.1524974,
              21.0611876
            ],
            [
              52.1526427,
              21.061168
            ],
            [
              52.1527396,
              21.0611647
            ],
            [
              52.1528153,
              21.0611781
            ],
            [
              52.1528778,
              21.0612076
            ],
            [
              52.1529367,
              21.0612593
            ],
            [
              52.1529618,
              21.0612857
            ],
            [
              52.152978,
              21.0613064
            ],
            [
              52.1531105,
              21.0614937
            ]
          ],
          [
            [
              52.1524384,
              21.0611432
            ],
            [
              52.1524974,
              21.0611876
            ]
          ],
          [
            [
              52.1554523,
              21.0605397
            ],
            [
              52.1555265,
              21.0605418
            ],
            [
              52.155574,
              21.0605523
            ]
          ],
          [
            [
              52.1512672,
              21.0639881
            ],
            [
              52.151664,
              21.0634829
            ],
            [
              52.151715,
              21.0634264
            ],
            [
              52.1518044,
              21.0633357
            ]
          ],
          [
            [
              52.1518044,
              21.0633357
            ],
            [
              52.1518436,
              21.063297
            ]
          ]
        ]
      }
    },
    {
      "type": "Feature",
      "properties": {
        "name": "Potułkały",
        "highway": "residential"
      },
      "geometry": {
        "type": "MultiLineString",
        "coordinates": [
          [
            [
              52.117309,
              21.0983632
            ],
            [
              52.1174224,
              21.0982257
            ],
            [
              52.1175236,
              21.0981029
            ],
            [
              52.1176855,
              21.0979059
            ],
            [
              52.117749,
              21.0978282
            ],
            [
              52.1178798,
              21.0976705
            ],
            [
              52.1179337,
              21.0976051
            ],
            [
              52.1182528,
              21.0972217
            ],
            [
              52.1183473,
              21.0971083
            ],
            [
              52.1183876,
              21.0970603
            ],
            [
              52.1186471,
              21.0967519
            ],
            [
              52.118694,
              21.0966965
            ],
            [
              52.1187546,
              21.0966302
            ],
            [
              52.1199198,
              21.0956076
            ],
            [
              52.1200728,
              21.0954716
            ],
            [
              52.120567,
              21.0950373
            ],
            [
              52.1207642,
              21.0948642
            ],
            [
              52.1212996,
              21.0943943
            ],
            [
              52.1213244,
              21.0943725
            ],
            [
              52.1213576,
              21.0943428
            ]
          ],
          [
            [
              52.1148711,
              21.1035636
            ],
            [
              52.1153091,
              21.1029418
            ],
            [
              52.1153911,
              21.1028553
            ],
            [
              52.1154565,
              21.1027981
            ],
            [
              52.1155302,
              21.1027241
            ],
            [
              52.1155784,
              21.1026504
            ],
            [
              52.1157511,
              21.1022932
            ],
            [
              52.1157895,
              21.1022152
            ],
            [
              52.1160457,
              21.1016412
            ],
            [
              52.1161239,
              21.1014711
            ],
            [
              52.1163312,
              21.1010199
            ],
            [
              52.1163745,
              21.1008944
            ],
            [
              52.116391,
              21.1008129
            ],
            [
              52.1164009,
              21.1007208
            ],
            [
              52.1164342,
              21.1005675
            ],
            [
              52.1164814,
              21.1003714
            ],
            [
              52.1164958,
              21.1003089
            ],
            [
              52.1165621,
              21.1000202
            ],
            [
              52.1165877,
              21.0999293
            ],
            [
              52.1166165,
              21.0998413
            ],
            [
              52.1166687,
              21.0997
            ]
          ],
          [
            [
              52.1166687,
              21.0997
            ],
            [
              52.1167387,
              21.0995359
            ],
            [
              52.1167737,
              21.0993964
            ],
            [
              52.1169229,
              21.0988318
            ]
          ],
          [
            [
              52.1169229,
              21.0988318
            ],
            [
              52.1169908,
              21.0987495
            ],
            [
              52.1172124,
              21.0984805
            ],
            [
              52.117309,
              21.0983632
            ]
          ]
        ]
      }
    },
    {
      "type": "Feature",
      "properties": {
        "name": "Zapłocie",
        "highway": "residential"
      },
      "geometry": {
        "type": "MultiLineString",
        "coordinates": [
          [
            [
              52.1277725,
              21.0922876
            ],
            [
              52.1278374,
              21.0923087
            ],
            [
              52.1284966,
              21.0925544
            ],
            [
              52.1287143,
              21.0926367
            ],
            [
              52.1291178,
              21.0927892
            ],
            [
              52.1295853,
              21.0929671
            ],
            [
              52.129878,
              21.0930788
            ],
            [
              52.1301413,
              21.0931884
            ],
            [
              52.1305015,
              21.0933188
            ]
          ],
          [
            [
              52.1305967,
              21.0933575
            ],
            [
              52.1307673,
              21.0933757
            ],
            [
              52.1307956,
              21.0933787
            ]
          ],
          [
            [
              52.127548,
              21.0991479
            ],
            [
              52.1276161,
              21.0978075
            ],
            [
              52.1276446,
              21.0972467
            ]
          ],
          [
            [
              52.1276225,
              21.0966713
            ],
            [
              52.1276475,
              21.0965145
            ],
            [
              52.1276518,
              21.0964663
            ],
            [
              52.1276518,
              21.0964104
            ],
            [
              52.1276481,
              21.0963515
            ],
            [
              52.1276458,
              21.0962981
            ],
            [
              52.1276457,
              21.0962179
            ],
            [
              52.1276733,
              21.0952357
            ],
            [
              52.1276917,
              21.0945308
            ],
            [
              52.127699,
              21.094249
            ],
            [
              52.1277054,
              21.0941612
            ],
            [
              52.1277184,
              21.0938004
            ],
            [
              52.1277315,
              21.0934407
            ],
            [
              52.1277383,
              21.093257
            ],
            [
              52.1277436,
              21.0930741
            ],
            [
              52.1277628,
              21.0924132
            ],
            [
              52.1277725,
              21.0922876
            ],
            [
              52.1277791,
              21.0921162
            ],
            [
              52.1277864,
              21.0919771
            ],
            [
              52.1277988,
              21.0918214
            ],
            [
              52.1278107,
              21.0917037
            ],
            [
              52.1278302,
              21.0915647
            ],
            [
              52.1278547,
              21.0914657
            ],
            [
              52.1278849,
              21.0913687
            ],
            [
              52.1279142,
              21.0912749
            ],
            [
              52.1280185,
              21.0910217
            ],
            [
              52.1280391,
              21.0909714
            ],
            [
              52.1284055,
              21.090358
            ]
          ],
          [
            [
              52.1305967,
              21.0933575
            ],
            [
              52.130725,
              21.0934356
            ],
            [
              52.1307543,
              21.0934593
            ],
            [
              52.1307802,
              21.0934802
            ]
          ],
          [
            [
              52.1305015,
              21.0933188
            ],
            [
              52.1305967,
              21.0933575
            ]
          ],
          [
            [
              52.1307956,
              21.0933787
            ],
            [
              52.1308844,
              21.0934119
            ]
          ],
          [
            [
              52.1307802,
              21.0934802
            ],
            [
              52.1308718,
              21.0935646
            ]
          ],
          [
            [
              52.1273418,
              21.1035455
            ],
            [
              52.1273459,
              21.1034851
            ],
            [
              52.127347,
              21.1034728
            ],
            [
              52.1273687,
              21.1031368
            ],
            [
              52.127387,
              21.1029472
            ],
            [
              52.1274085,
              21.1025634
            ],
            [
              52.1274136,
              21.1024136
            ],
            [
              52.1274158,
              21.1023255
            ]
          ],
          [
            [
              52.1274158,
              21.1023255
            ],
            [
              52.127441,
              21.1012856
            ]
          ],
          [
            [
              52.127441,
              21.1012856
            ],
            [
              52.1274426,
              21.1012336
            ],
            [
              52.1274975,
              21.1001188
            ],
            [
              52.1275014,
              21.1000226
            ],
            [
              52.127548,
              21.0991479
            ]
          ],
          [
            [
              52.1276446,
              21.0972467
            ],
            [
              52.1276582,
              21.0971149
            ],
            [
              52.1276831,
              21.096962
            ]
          ]
        ]
      }
    },
    {
      "type": "Feature",
      "properties": {
        "name": "Grabalówki",
        "highway": "residential"
      },
      "geometry": {
        "type": "MultiLineString",
        "coordinates": [
          [
            [
              52.1482678,
              21.1253325
            ],
            [
              52.1483794,
              21.1255969
            ]
          ],
          [
            [
              52.1483794,
              21.1255969
            ],
            [
              52.1484419,
              21.1257424
            ]
          ],
          [
            [
              52.1484419,
              21.1257424
            ],
            [
              52.1489172,
              21.1268828
            ],
            [
              52.148967,
              21.1270062
            ],
            [
              52.1490807,
              21.1272862
            ],
            [
              52.1492677,
              21.1282001
            ],
            [
              52.1492988,
              21.1283455
            ],
            [
              52.1493432,
              21.1284785
            ],
            [
              52.1495175,
              21.1289612
            ],
            [
              52.1496625,
              21.1292367
            ],
            [
              52.1498545,
              21.1296278
            ],
            [
              52.1500151,
              21.1300423
            ],
            [
              52.150125,
              21.1303321
            ],
            [
              52.1505299,
              21.1313955
            ],
            [
              52.1505817,
              21.1315369
            ],
            [
              52.1511136,
              21.1329699
            ]
          ]
        ]
      }
    },
    {
      "type": "Feature",
      "properties": {
        "name": "Olęderska",
        "highway": "residential"
      },
      "geometry": {
        "type": "MultiLineString",
        "coordinates": [
          [
            [
              52.1534559,
              21.1311677
            ],
            [
              52.1547213,
              21.1333115
            ],
            [
              52.1551711,
              21.1340409
            ]
          ],
          [
            [
              52.1551711,
              21.1340409
            ],
            [
              52.1556532,
              21.1348348
            ],
            [
              52.1558299,
              21.1351259
            ],
            [
              52.1562932,
              21.1359567
            ],
            [
              52.1567509,
              21.1367996
            ],
            [
              52.1567987,
              21.1369412
            ]
          ]
        ]
      }
    },
    {
      "type": "Feature",
      "properties": {
        "name": "Gronowa",
        "highway": "residential"
      },
      "geometry": {
        "type": "MultiLineString",
        "coordinates": [
          [
            [
              52.1284468,
              21.1046942
            ],
            [
              52.1285225,
              21.1045219
            ],
            [
              52.1287062,
              21.1040902
            ],
            [
              52.1287412,
              21.1040115
            ],
            [
              52.1287758,
              21.1039154
            ]
          ],
          [
            [
              52.128332,
              21.1049541
            ],
            [
              52.128399,
              21.1048031
            ],
            [
              52.1284468,
              21.1046942
            ]
          ]
        ]
      }
    },
    {
      "type": "Feature",
      "properties": {
        "name": "Goplańska",
        "highway": "residential"
      },
      "geometry": {
        "type": "MultiLineString",
        "coordinates": [
          [
            [
              52.1740246,
              21.0641643
            ],
            [
              52.1740724,
              21.0642859
            ],
            [
              52.1740899,
              21.0643304
            ],
            [
              52.1740999,
              21.0643558
            ],
            [
              52.1744005,
              21.0650849
            ],
            [
              52.174415,
              21.0651211
            ],
            [
              52.1744559,
              21.0652228
            ]
          ],
          [
            [
              52.1744559,
              21.0652228
            ],
            [
              52.174543,
              21.065129
            ],
            [
              52.1745657,
              21.0651039
            ],
            [
              52.1746418,
              21.0650369
            ],
            [
              52.174681,
              21.0650217
            ],
            [
              52.1747178,
              21.0650204
            ],
            [
              52.1747492,
              21.0650342
            ],
            [
              52.1749453,
              21.0651946
            ],
            [
              52.1751913,
              21.0654178
            ],
            [
              52.1753078,
              21.0655235
            ],
            [
              52.1754197,
              21.065625
            ],
            [
              52.1754747,
              21.0657992
            ],
            [
              52.1755735,
              21.0661002
            ],
            [
              52.175616,
              21.0662297
            ],
            [
              52.1757826,
              21.0667374
            ]
          ],
          [
            [
              52.1767735,
              21.0692956
            ],
            [
              52.1768765,
              21.0694451
            ],
            [
              52.176947,
              21.0695213
            ],
            [
              52.1770123,
              21.0695833
            ],
            [
              52.1774298,
              21.0699576
            ],
            [
              52.1775606,
              21.0701183
            ],
            [
              52.1775863,
              21.070279
            ],
            [
              52.1776489,
              21.0705389
            ],
            [
              52.1776845,
              21.070655
            ],
            [
              52.1777219,
              21.0707519
            ],
            [
              52.1781327,
              21.0714588
            ]
          ],
          [
            [
              52.1766275,
              21.0690154
            ],
            [
              52.1766989,
              21.0691544
            ],
            [
              52.1767735,
              21.0692956
            ]
          ],
          [
            [
              52.1757826,
              21.0667374
            ],
            [
              52.1758315,
              21.0668794
            ],
            [
              52.1761806,
              21.0678708
            ],
            [
              52.176227,
              21.0680027
            ],
            [
              52.1762685,
              21.068125
            ],
            [
              52.1764348,
              21.0686042
            ],
            [
              52.1766275,
              21.0690154
            ]
          ],
          [
            [
              52.1781327,
              21.0714588
            ],
            [
              52.1786742,
              21.0723211
            ]
          ]
        ]
      }
    },
    {
      "type": "Feature",
      "properties": {
        "name": "Kosiarzy",
        "highway": "residential"
      },
      "geometry": {
        "type": "MultiLineString",
        "coordinates": [
          [
            [
              52.1695565,
              21.0763539
            ],
            [
              52.1695672,
              21.0765549
            ],
            [
              52.1695771,
              21.0765945
            ],
            [
              52.1695848,
              21.0766254
            ],
            [
              52.1696064,
              21.076692
            ],
            [
              52.1696337,
              21.0767627
            ],
            [
              52.1696373,
              21.076772
            ],
            [
              52.1696695,
              21.0768556
            ],
            [
              52.1697715,
              21.0771203
            ],
            [
              52.1701173,
              21.078032
            ],
            [
              52.1701618,
              21.0781486
            ],
            [
              52.1702474,
              21.0783731
            ],
            [
              52.1704345,
              21.0788637
            ],
            [
              52.1707544,
              21.0796864
            ],
            [
              52.1713763,
              21.0813104
            ],
            [
              52.1713896,
              21.0813455
            ],
            [
              52.1714312,
              21.0814523
            ]
          ],
          [
            [
              52.1715028,
              21.0816494
            ],
            [
              52.1715514,
              21.0817762
            ],
            [
              52.1715617,
              21.0818033
            ],
            [
              52.1715703,
              21.0818256
            ],
            [
              52.171667,
              21.0820746
            ],
            [
              52.171866,
              21.0825874
            ],
            [
              52.1718907,
              21.082651
            ],
            [
              52.17199,
              21.0829069
            ],
            [
              52.1720114,
              21.0829628
            ],
            [
              52.1723958,
              21.0839651
            ],
            [
              52.1728384,
              21.0851018
            ],
            [
              52.1732706,
              21.0862263
            ]
          ],
          [
            [
              52.1681427,
              21.0755892
            ],
            [
              52.1682511,
              21.075654
            ],
            [
              52.1682807,
              21.0756709
            ],
            [
              52.1683198,
              21.0757027
            ],
            [
              52.1685413,
              21.0758341
            ],
            [
              52.1686136,
              21.0758882
            ],
            [
              52.1687048,
              21.0759689
            ],
            [
              52.1687592,
              21.0760206
            ]
          ],
          [
            [
              52.1687592,
              21.0760206
            ],
            [
              52.1688301,
              21.0760645
            ],
            [
              52.1688758,
              21.0760928
            ],
            [
              52.1689238,
              21.0761152
            ],
            [
              52.1690006,
              21.0761609
            ],
            [
              52.1691661,
              21.0762593
            ],
            [
              52.1692285,
              21.0762931
            ],
            [
              52.1692811,
              21.0763215
            ],
            [
              52.16938,
              21.0763559
            ],
            [
              52.1694684,
              21.0763612
            ],
            [
              52.1695565,
              21.0763539
            ]
          ],
          [
            [
              52.1681205,
              21.0756866
            ],
            [
              52.1682287,
              21.075748
            ],
            [
              52.1682608,
              21.0757676
            ],
            [
              52.1683011,
              21.0757897
            ],
            [
              52.1685232,
              21.0759181
            ],
            [
              52.1686796,
              21.0760086
            ],
            [
              52.1687592,
              21.0760206
            ]
          ]
        ]
      }
    },
    {
      "type": "Feature",
      "properties": {
        "name": "Chorągwi Pancernej",
        "highway": "residential"
      },
      "geometry": {
        "type": "MultiLineString",
        "coordinates": [
          [
            [
              52.1699855,
              21.0849603
            ],
            [
              52.1700148,
              21.0849303
            ],
            [
              52.1704923,
              21.0844412
            ],
            [
              52.17199,
              21.0829069
            ],
            [
              52.172268,
              21.0826269
            ],
            [
              52.1726278,
              21.0822646
            ],
            [
              52.1728385,
              21.0820523
            ],
            [
              52.1730099,
              21.0818796
            ],
            [
              52.1731928,
              21.0816954
            ],
            [
              52.1734071,
              21.0814796
            ],
            [
              52.1734507,
              21.0814342
            ],
            [
              52.1736428,
              21.0812342
            ],
            [
              52.1738502,
              21.0810183
            ],
            [
              52.174443,
              21.0804167
            ],
            [
              52.1744865,
              21.0803726
            ],
            [
              52.1745259,
              21.0803352
            ],
            [
              52.1747667,
              21.0801065
            ],
            [
              52.1759379,
              21.0789186
            ],
            [
              52.1764957,
              21.0783644
            ],
            [
              52.1765239,
              21.0783364
            ]
          ]
        ]
      }
    },
    {
      "type": "Feature",
      "properties": {
        "name": "Biedronki",
        "highway": "residential"
      },
      "geometry": {
        "type": "MultiLineString",
        "coordinates": [
          [
            [
              52.1732907,
              21.0878176
            ],
            [
              52.1741501,
              21.087303
            ],
            [
              52.1745474,
              21.0870562
            ],
            [
              52.1746164,
              21.0869951
            ],
            [
              52.1746601,
              21.0869456
            ],
            [
              52.1747161,
              21.0868661
            ],
            [
              52.1747887,
              21.0867501
            ],
            [
              52.1748425,
              21.0866234
            ],
            [
              52.1749295,
              21.0864278
            ],
            [
              52.1749724,
              21.0863313
            ],
            [
              52.1750608,
              21.0861142
            ],
            [
              52.1751321,
              21.0858997
            ],
            [
              52.1752145,
              21.0855509
            ],
            [
              52.1753366,
              21.085006
            ],
            [
              52.1753816,
              21.0848195
            ],
            [
              52.1753925,
              21.0847741
            ],
            [
              52.1755608,
              21.0840764
            ],
            [
              52.1756766,
              21.0836072
            ],
            [
              52.1756948,
              21.0835334
            ],
            [
              52.1758841,
              21.0827899
            ],
            [
              52.1762894,
              21.0811724
            ],
            [
              52.1763343,
              21.0809944
            ],
            [
              52.1764168,
              21.0806489
            ],
            [
              52.1764263,
              21.0806103
            ],
            [
              52.1766071,
              21.0798975
            ],
            [
              52.176811,
              21.0790453
            ],
            [
              52.17685,
              21.0788916
            ],
            [
              52.1768963,
              21.0786943
            ],
            [
              52.1769189,
              21.0785976
            ],
            [
              52.1771185,
              21.0776622
            ],
            [
              52.1772494,
              21.0770284
            ],
            [
              52.1773888,
              21.076385
            ]
          ],
          [
            [
              52.1665634,
              21.0883212
            ],
            [
              52.1665786,
              21.088363
            ],
            [
              52.1671584,
              21.0886959
            ],
            [
              52.1672566,
              21.0887445
            ],
            [
              52.1673166,
              21.0887674
            ],
            [
              52.1673691,
              21.0887803
            ],
            [
              52.1676364,
              21.0887941
            ]
          ],
          [
            [
              52.1676364,
              21.0887941
            ],
            [
              52.1678407,
              21.0887975
            ]
          ],
          [
            [
              52.1714361,
              21.0887659
            ],
            [
              52.1715903,
              21.0887138
            ],
            [
              52.1720571,
              21.0885058
            ],
            [
              52.1723314,
              21.0883747
            ],
            [
              52.1728386,
              21.0881019
            ],
            [
              52.1729824,
              21.0880165
            ]
          ],
          [
            [
              52.1663841,
              21.0868008
            ],
            [
              52.166398,
              21.0869398
            ],
            [
              52.1664233,
              21.0870985
            ],
            [
              52.1664369,
              21.0872355
            ],
            [
              52.1664599,
              21.0877126
            ],
            [
              52.1664696,
              21.0879869
            ],
            [
              52.1665335,
              21.0880945
            ],
            [
              52.1665521,
              21.0881985
            ],
            [
              52.1665592,
              21.0882757
            ],
            [
              52.1665634,
              21.0883212
            ]
          ],
          [
            [
              52.1729824,
              21.0880165
            ],
            [
              52.1732247,
              21.0878638
            ],
            [
              52.1732907,
              21.0878176
            ]
          ],
          [
            [
              52.1678407,
              21.0887975
            ],
            [
              52.1679693,
              21.0888048
            ],
            [
              52.168242,
              21.0888096
            ],
            [
              52.1685769,
              21.0888142
            ],
            [
              52.1695489,
              21.0888367
            ],
            [
              52.1708097,
              21.08886
            ],
            [
              52.1710254,
              21.0888508
            ],
            [
              52.1711736,
              21.0888306
            ],
            [
              52.1713218,
              21.0887999
            ],
            [
              52.1714361,
              21.0887659
            ]
          ],
          [
            [
              52.1663745,
              21.0864129
            ],
            [
              52.1663828,
              21.0865829
            ],
            [
              52.1663841,
              21.0868008
            ]
          ]
        ]
      }
    },
    {
      "type": "Feature",
      "properties": {
        "name": "Ostra",
        "highway": "residential"
      },
      "geometry": {
        "type": "MultiLineString",
        "coordinates": [
          [
            [
              52.1739926,
              21.0790742
            ],
            [
              52.174033,
              21.0791792
            ],
            [
              52.1740523,
              21.0792316
            ],
            [
              52.1740773,
              21.0792974
            ],
            [
              52.1742164,
              21.0796629
            ],
            [
              52.1742372,
              21.0797175
            ],
            [
              52.1742533,
              21.0797609
            ],
            [
              52.1744865,
              21.0803726
            ],
            [
              52.1747097,
              21.0809679
            ],
            [
              52.1749021,
              21.0814487
            ],
            [
              52.175086,
              21.0819541
            ],
            [
              52.1753399,
              21.0826208
            ],
            [
              52.1756948,
              21.0835334
            ]
          ]
        ]
      }
    },
    {
      "type": "Feature",
      "properties": {
        "name": "Łowcza",
        "highway": "residential"
      },
      "geometry": {
        "type": "MultiLineString",
        "coordinates": [
          [
            [
              52.175969,
              21.0768995
            ],
            [
              52.1760179,
              21.077016
            ],
            [
              52.1760328,
              21.0770534
            ],
            [
              52.1761991,
              21.0774901
            ],
            [
              52.1762491,
              21.0776217
            ],
            [
              52.1765239,
              21.0783364
            ],
            [
              52.176811,
              21.0790453
            ]
          ],
          [
            [
              52.174036,
              21.0718653
            ],
            [
              52.1740776,
              21.0719742
            ],
            [
              52.1743816,
              21.0727657
            ],
            [
              52.1746073,
              21.0733768
            ],
            [
              52.175254,
              21.075037
            ],
            [
              52.1755705,
              21.0758758
            ],
            [
              52.1758409,
              21.0765783
            ],
            [
              52.1758534,
              21.0766096
            ],
            [
              52.1758938,
              21.0767115
            ]
          ]
        ]
      }
    },
    {
      "type": "Feature",
      "properties": {
        "name": "Husarii",
        "highway": "residential"
      },
      "geometry": {
        "type": "MultiLineString",
        "coordinates": [
          [
            [
              52.1738135,
              21.0825229
            ],
            [
              52.174858,
              21.0814922
            ],
            [
              52.1749021,
              21.0814487
            ],
            [
              52.1750484,
              21.0813179
            ],
            [
              52.1753644,
              21.0809934
            ],
            [
              52.1756909,
              21.0806541
            ],
            [
              52.1759737,
              21.0803776
            ],
            [
              52.1760034,
              21.0803698
            ],
            [
              52.1760322,
              21.0803792
            ],
            [
              52.1764168,
              21.0806489
            ]
          ],
          [
            [
              52.1703995,
              21.0860087
            ],
            [
              52.1704312,
              21.0859777
            ],
            [
              52.1707265,
              21.0856886
            ],
            [
              52.1712389,
              21.0851589
            ],
            [
              52.1721132,
              21.0842697
            ],
            [
              52.1723958,
              21.0839651
            ],
            [
              52.1731142,
              21.0832536
            ],
            [
              52.1736477,
              21.0827175
            ]
          ]
        ]
      }
    },
    {
      "type": "Feature",
      "properties": {
        "name": "Piechoty Łanowej",
        "highway": "residential"
      },
      "geometry": {
        "type": "MultiLineString",
        "coordinates": [
          [
            [
              52.1708312,
              21.0871067
            ],
            [
              52.1708627,
              21.0870753
            ],
            [
              52.1713417,
              21.0865979
            ],
            [
              52.1723248,
              21.0856207
            ],
            [
              52.1728384,
              21.0851018
            ],
            [
              52.1731522,
              21.0847926
            ],
            [
              52.173935,
              21.0840122
            ],
            [
              52.1742655,
              21.0836903
            ],
            [
              52.1748306,
              21.0831231
            ],
            [
              52.1753061,
              21.0826542
            ],
            [
              52.1753399,
              21.0826208
            ]
          ]
        ]
      }
    },
    {
      "type": "Feature",
      "properties": {
        "name": "Rumiana",
        "highway": "service"
      },
      "geometry": {
        "type": "MultiLineString",
        "coordinates": [
          [
            [
              52.1781327,
              21.0714588
            ],
            [
              52.178261,
              21.0712059
            ]
          ],
          [
            [
              52.1687172,
              21.081791
            ],
            [
              52.1687567,
              21.0817494
            ],
            [
              52.1694121,
              21.0810591
            ],
            [
              52.1698802,
              21.0805782
            ],
            [
              52.1703267,
              21.0801257
            ],
            [
              52.1707544,
              21.0796864
            ],
            [
              52.1714187,
              21.0790014
            ],
            [
              52.1716902,
              21.078717
            ],
            [
              52.1718905,
              21.0785097
            ],
            [
              52.1719523,
              21.0784458
            ],
            [
              52.1724121,
              21.07797
            ],
            [
              52.1728462,
              21.0775278
            ],
            [
              52.1731971,
              21.077146
            ],
            [
              52.1732373,
              21.0771023
            ],
            [
              52.1732738,
              21.0770648
            ],
            [
              52.1737956,
              21.0765289
            ],
            [
              52.1738267,
              21.0764968
            ],
            [
              52.1747116,
              21.0756005
            ],
            [
              52.1749044,
              21.0754052
            ],
            [
              52.175254,
              21.075037
            ],
            [
              52.1756395,
              21.0746109
            ],
            [
              52.176404,
              21.0737443
            ],
            [
              52.1770253,
              21.0730054
            ],
            [
              52.1775967,
              21.0723556
            ],
            [
              52.1777328,
              21.0721542
            ],
            [
              52.1777897,
              21.0720515
            ],
            [
              52.1781327,
              21.0714588
            ]
          ]
        ]
      }
    },
    {
      "type": "Feature",
      "properties": {
        "name": "Urodzajna",
        "highway": "residential"
      },
      "geometry": {
        "type": "MultiLineString",
        "coordinates": [
          [
            [
              52.168458,
              21.0782046
            ],
            [
              52.1684865,
              21.0782217
            ],
            [
              52.1688022,
              21.0784108
            ],
            [
              52.1689337,
              21.0784901
            ],
            [
              52.1689697,
              21.078512
            ],
            [
              52.1690079,
              21.0785482
            ],
            [
              52.1690633,
              21.0786089
            ],
            [
              52.1691131,
              21.0786928
            ],
            [
              52.1691715,
              21.0788245
            ],
            [
              52.1692385,
              21.0789945
            ],
            [
              52.1693728,
              21.0793258
            ]
          ],
          [
            [
              52.1693728,
              21.0793258
            ],
            [
              52.1698802,
              21.0805782
            ]
          ]
        ]
      }
    },
    {
      "type": "Feature",
      "properties": {
        "name": "Królowej Marysieńki",
        "highway": "residential"
      },
      "geometry": {
        "type": "MultiLineString",
        "coordinates": [
          [
            [
              52.1686615,
              21.0772739
            ],
            [
              52.1686976,
              21.077298
            ],
            [
              52.1687279,
              21.0773182
            ],
            [
              52.168772,
              21.0773378
            ],
            [
              52.1688226,
              21.077323
            ],
            [
              52.1690099,
              21.0771324
            ],
            [
              52.1692665,
              21.0768655
            ],
            [
              52.1693847,
              21.0767435
            ],
            [
              52.1694886,
              21.0766361
            ],
            [
              52.1695299,
              21.0765935
            ],
            [
              52.1695672,
              21.0765549
            ]
          ],
          [
            [
              52.1680848,
              21.079916
            ],
            [
              52.1681068,
              21.0797685
            ],
            [
              52.1681224,
              21.079699
            ],
            [
              52.1681991,
              21.0793493
            ],
            [
              52.1682586,
              21.0790926
            ],
            [
              52.1683282,
              21.0787779
            ],
            [
              52.1683988,
              21.0784684
            ],
            [
              52.168458,
              21.0782046
            ],
            [
              52.1685104,
              21.0779552
            ],
            [
              52.1686615,
              21.0772739
            ]
          ],
          [
            [
              52.174036,
              21.0718653
            ],
            [
              52.1740982,
              21.0718033
            ],
            [
              52.1746296,
              21.0712554
            ]
          ],
          [
            [
              52.1746296,
              21.0712554
            ],
            [
              52.1751896,
              21.0706767
            ],
            [
              52.1756829,
              21.0701679
            ],
            [
              52.1759051,
              21.0699413
            ],
            [
              52.1761901,
              21.0696517
            ],
            [
              52.1765698,
              21.0692635
            ]
          ],
          [
            [
              52.172016,
              21.0739397
            ],
            [
              52.1720998,
              21.0738485
            ],
            [
              52.1721322,
              21.0738132
            ],
            [
              52.1725568,
              21.0733783
            ],
            [
              52.1727047,
              21.0732267
            ],
            [
              52.1728391,
              21.0730891
            ],
            [
              52.1730312,
              21.0728923
            ],
            [
              52.1730877,
              21.0728344
            ],
            [
              52.1731199,
              21.0728019
            ],
            [
              52.173383,
              21.0725365
            ],
            [
              52.1734507,
              21.0724675
            ],
            [
              52.1737225,
              21.0721905
            ],
            [
              52.1739643,
              21.0719441
            ],
            [
              52.174036,
              21.0718653
            ]
          ],
          [
            [
              52.1695565,
              21.0763539
            ],
            [
              52.1696062,
              21.0763331
            ],
            [
              52.1696605,
              21.0763076
            ],
            [
              52.1697312,
              21.0762647
            ],
            [
              52.1698094,
              21.0761976
            ],
            [
              52.1698389,
              21.0761672
            ],
            [
              52.170471,
              21.0755166
            ],
            [
              52.1706595,
              21.0753248
            ],
            [
              52.1714482,
              21.0745146
            ],
            [
              52.1718885,
              21.0740678
            ],
            [
              52.1719239,
              21.0740323
            ],
            [
              52.172016,
              21.0739397
            ]
          ],
          [
            [
              52.1765698,
              21.0692635
            ],
            [
              52.1765862,
              21.0692469
            ],
            [
              52.1766636,
              21.0691696
            ],
            [
              52.1766989,
              21.0691544
            ]
          ]
        ]
      }
    },
    {
      "type": "Feature",
      "properties": {
        "name": "Kremowa",
        "highway": "living_street"
      },
      "geometry": {
        "type": "MultiLineString",
        "coordinates": [
          [
            [
              52.1254663,
              21.097266
            ],
            [
              52.1254754,
              21.0972798
            ],
            [
              52.1254827,
              21.0972963
            ],
            [
              52.1254879,
              21.0973147
            ],
            [
              52.1255122,
              21.0978178
            ],
            [
              52.1255658,
              21.0989291
            ],
            [
              52.1255678,
              21.0989702
            ]
          ],
          [
            [
              52.1241911,
              21.1009265
            ],
            [
              52.1242221,
              21.100893
            ],
            [
              52.1242433,
              21.10087
            ],
            [
              52.1246541,
              21.1005082
            ],
            [
              52.124902,
              21.1003718
            ],
            [
              52.1250271,
              21.1003191
            ],
            [
              52.125044,
              21.1003099
            ],
            [
              52.1250595,
              21.1002957
            ],
            [
              52.1250795,
              21.1002657
            ],
            [
              52.1250934,
              21.1002277
            ],
            [
              52.125099,
              21.1001848
            ],
            [
              52.1250995,
              21.1001407
            ],
            [
              52.1250898,
              21.0998128
            ],
            [
              52.1250765,
              21.0996935
            ]
          ],
          [
            [
              52.1234366,
              21.0991659
            ],
            [
              52.123468,
              21.0991301
            ],
            [
              52.1234917,
              21.0991048
            ],
            [
              52.1236537,
              21.0990421
            ],
            [
              52.1237109,
              21.0990768
            ],
            [
              52.1239336,
              21.0990017
            ],
            [
              52.1247557,
              21.0987244
            ],
            [
              52.1250258,
              21.0986333
            ],
            [
              52.1250429,
              21.0986314
            ]
          ],
          [
            [
              52.1260571,
              21.0994773
            ],
            [
              52.1261101,
              21.0994663
            ],
            [
              52.1268467,
              21.0992993
            ],
            [
              52.1270129,
              21.0992673
            ],
            [
              52.1271363,
              21.0992383
            ],
            [
              52.127548,
              21.0991479
            ]
          ],
          [
            [
              52.1250548,
              21.0995124
            ],
            [
              52.1250765,
              21.0996935
            ]
          ],
          [
            [
              52.1255678,
              21.0989702
            ],
            [
              52.1255969,
              21.0995726
            ]
          ],
          [
            [
              52.1250548,
              21.0995124
            ],
            [
              52.1250387,
              21.0993433
            ],
            [
              52.1250305,
              21.0990329
            ],
            [
              52.1250322,
              21.0988092
            ],
            [
              52.1250429,
              21.0986314
            ],
            [
              52.1250601,
              21.0984108
            ],
            [
              52.1250661,
              21.0982056
            ],
            [
              52.1250491,
              21.0974426
            ],
            [
              52.1250522,
              21.0974085
            ],
            [
              52.125061,
              21.0973772
            ]
          ],
          [
            [
              52.125061,
              21.0973772
            ],
            [
              52.1250887,
              21.0973354
            ],
            [
              52.1251065,
              21.0973242
            ],
            [
              52.1254189,
              21.0972461
            ],
            [
              52.1254356,
              21.0972458
            ],
            [
              52.1254663,
              21.097266
            ]
          ],
          [
            [
              52.1250765,
              21.0996935
            ],
            [
              52.1255969,
              21.0995726
            ],
            [
              52.1260571,
              21.0994773
            ]
          ]
        ]
      }
    },
    {
      "type": "Feature",
      "properties": {
        "name": "Waniliowa",
        "highway": "residential"
      },
      "geometry": {
        "type": "MultiLineString",
        "coordinates": [
          [
            [
              52.1274426,
              21.1012336
            ],
            [
              52.1281378,
              21.1012496
            ],
            [
              52.1281705,
              21.1012486
            ],
            [
              52.1284481,
              21.1012452
            ],
            [
              52.1285168,
              21.1012453
            ],
            [
              52.1286363,
              21.1012454
            ],
            [
              52.1287466,
              21.1012618
            ],
            [
              52.1291387,
              21.101341
            ],
            [
              52.129155,
              21.1013441
            ],
            [
              52.1291919,
              21.1013387
            ],
            [
              52.1292378,
              21.1013077
            ],
            [
              52.1293592,
              21.1012077
            ],
            [
              52.1295855,
              21.1010192
            ],
            [
              52.1296295,
              21.1009845
            ],
            [
              52.1298031,
              21.1008388
            ],
            [
              52.1304755,
              21.1002656
            ],
            [
              52.1308166,
              21.0999653
            ],
            [
              52.1309923,
              21.0998299
            ],
            [
              52.1310901,
              21.0997635
            ],
            [
              52.1311911,
              21.099669
            ]
          ]
        ]
      }
    },
    {
      "type": "Feature",
      "properties": {
        "name": "Starodawna",
        "highway": "residential"
      },
      "geometry": {
        "type": "MultiLineString",
        "coordinates": [
          [
            [
              52.1295702,
              21.1075359
            ],
            [
              52.12961,
              21.1075143
            ],
            [
              52.1298489,
              21.1073841
            ],
            [
              52.130114,
              21.107244
            ],
            [
              52.1303292,
              21.1071303
            ],
            [
              52.1305272,
              21.1070257
            ],
            [
              52.1305824,
              21.1070023
            ],
            [
              52.1308017,
              21.1069081
            ],
            [
              52.1308216,
              21.1069036
            ],
            [
              52.1308341,
              21.1069043
            ],
            [
              52.1308455,
              21.1069172
            ],
            [
              52.1308553,
              21.1069374
            ]
          ],
          [
            [
              52.1308553,
              21.1069374
            ],
            [
              52.1309575,
              21.1074661
            ],
            [
              52.1310525,
              21.1079702
            ],
            [
              52.1312183,
              21.1088275
            ],
            [
              52.13124,
              21.1089582
            ],
            [
              52.1313633,
              21.109583
            ],
            [
              52.1314313,
              21.1099547
            ],
            [
              52.1315259,
              21.1104719
            ],
            [
              52.1315418,
              21.1105505
            ],
            [
              52.1320611,
              21.1132245
            ],
            [
              52.1321603,
              21.1137757
            ],
            [
              52.1322559,
              21.1142782
            ],
            [
              52.1324249,
              21.1151662
            ],
            [
              52.1324362,
              21.1152255
            ]
          ]
        ]
      }
    },
    {
      "type": "Feature",
      "properties": {
        "name": "Zakamarek",
        "highway": "residential"
      },
      "geometry": {
        "type": "MultiLineString",
        "coordinates": [
          [
            [
              52.1304365,
              21.1155013
            ],
            [
              52.1305168,
              21.1155181
            ],
            [
              52.1307724,
              21.1155777
            ],
            [
              52.1309063,
              21.115609
            ],
            [
              52.1310044,
              21.1156072
            ],
            [
              52.1311461,
              21.115584
            ],
            [
              52.1317182,
              21.1154897
            ],
            [
              52.1318369,
              21.1154503
            ],
            [
              52.1319259,
              21.1154129
            ],
            [
              52.1320782,
              21.1153529
            ],
            [
              52.1324362,
              21.1152255
            ],
            [
              52.1324534,
              21.1152186
            ],
            [
              52.1328296,
              21.1150455
            ],
            [
              52.1330063,
              21.11494
            ],
            [
              52.133167,
              21.1148472
            ],
            [
              52.1332187,
              21.1148029
            ],
            [
              52.1333172,
              21.1147112
            ],
            [
              52.1334108,
              21.1146122
            ],
            [
              52.1337103,
              21.1142494
            ],
            [
              52.1339658,
              21.1139271
            ],
            [
              52.1340123,
              21.113865
            ],
            [
              52.1340461,
              21.1138255
            ],
            [
              52.1342743,
              21.1135589
            ],
            [
              52.1344329,
              21.1133415
            ],
            [
              52.1345416,
              21.1131622
            ],
            [
              52.1348764,
              21.1125275
            ],
            [
              52.1349898,
              21.1123126
            ],
            [
              52.1350448,
              21.1122083
            ],
            [
              52.1351074,
              21.112102
            ],
            [
              52.1352453,
              21.1118481
            ],
            [
              52.1353321,
              21.1117027
            ],
            [
              52.1353937,
              21.1116543
            ],
            [
              52.135433,
              21.1116448
            ],
            [
              52.1354512,
              21.1116436
            ],
            [
              52.1354682,
              21.1116424
            ],
            [
              52.1355373,
              21.1116594
            ],
            [
              52.135605,
              21.1117113
            ],
            [
              52.1358762,
              21.1119059
            ],
            [
              52.1360619,
              21.1120521
            ],
            [
              52.1361302,
              21.1121012
            ],
            [
              52.1363019,
              21.1122471
            ]
          ],
          [
            [
              52.1363019,
              21.1122471
            ],
            [
              52.1365068,
              21.11243
            ]
          ]
        ]
      }
    },
    {
      "type": "Feature",
      "properties": {
        "name": "Dostatnia",
        "highway": "living_street"
      },
      "geometry": {
        "type": "MultiLineString",
        "coordinates": [
          [
            [
              52.1685124,
              21.1112921
            ],
            [
              52.1686776,
              21.1111362
            ],
            [
              52.1688472,
              21.1109833
            ],
            [
              52.1691851,
              21.1107079
            ],
            [
              52.1692199,
              21.1106762
            ]
          ],
          [
            [
              52.1703007,
              21.1098264
            ],
            [
              52.1707003,
              21.1094762
            ],
            [
              52.1707471,
              21.10944
            ],
            [
              52.1707947,
              21.109418
            ],
            [
              52.1708364,
              21.1094082
            ],
            [
              52.1709364,
              21.1094202
            ],
            [
              52.1710245,
              21.1094462
            ],
            [
              52.1710658,
              21.1094701
            ]
          ],
          [
            [
              52.1695912,
              21.1103542
            ],
            [
              52.1696048,
              21.1103529
            ],
            [
              52.1696178,
              21.1103438
            ],
            [
              52.1699412,
              21.1101128
            ],
            [
              52.170242,
              21.1098775
            ],
            [
              52.1703007,
              21.1098264
            ]
          ],
          [
            [
              52.1692199,
              21.1106762
            ],
            [
              52.1695366,
              21.1104155
            ]
          ],
          [
            [
              52.1676258,
              21.112075
            ],
            [
              52.1676588,
              21.1120461
            ],
            [
              52.1679803,
              21.1117651
            ],
            [
              52.1684796,
              21.1113213
            ],
            [
              52.1685124,
              21.1112921
            ]
          ]
        ]
      }
    },
    {
      "type": "Feature",
      "properties": {
        "name": "Łokciowa",
        "highway": "residential"
      },
      "geometry": {
        "type": "MultiLineString",
        "coordinates": [
          [
            [
              52.1648827,
              21.1136674
            ],
            [
              52.1649138,
              21.1136395
            ],
            [
              52.1650334,
              21.1135194
            ],
            [
              52.165949,
              21.1126875
            ],
            [
              52.1661225,
              21.1125324
            ],
            [
              52.1662981,
              21.1123712
            ],
            [
              52.1665408,
              21.1121485
            ],
            [
              52.1669186,
              21.1118044
            ],
            [
              52.1673289,
              21.1114307
            ],
            [
              52.1673501,
              21.1114114
            ],
            [
              52.1673626,
              21.1114008
            ],
            [
              52.1673932,
              21.1113749
            ]
          ]
        ]
      }
    },
    {
      "type": "Feature",
      "properties": {
        "name": "Nad Wilanówką",
        "highway": "living_street"
      },
      "geometry": {
        "type": "MultiLineString",
        "coordinates": [
          [
            [
              52.1656656,
              21.106031
            ],
            [
              52.1656886,
              21.106742
            ],
            [
              52.1656913,
              21.1068984
            ],
            [
              52.165671,
              21.1070376
            ],
            [
              52.1656423,
              21.1071342
            ],
            [
              52.1656335,
              21.1077989
            ],
            [
              52.1656338,
              21.1079393
            ],
            [
              52.1656305,
              21.1081236
            ],
            [
              52.1656915,
              21.1087206
            ],
            [
              52.1656939,
              21.1087421
            ],
            [
              52.1656998,
              21.1087956
            ]
          ],
          [
            [
              52.164481,
              21.105681
            ],
            [
              52.1645294,
              21.1058516
            ],
            [
              52.1645488,
              21.1059278
            ],
            [
              52.1645719,
              21.1059772
            ],
            [
              52.164799,
              21.1062179
            ],
            [
              52.1655112,
              21.1069224
            ],
            [
              52.1655448,
              21.1069661
            ],
            [
              52.1655996,
              21.1070516
            ],
            [
              52.1656423,
              21.1071342
            ]
          ]
        ]
      }
    },
    {
      "type": "Feature",
      "properties": {
        "name": "Władysława Lercha",
        "highway": "residential"
      },
      "geometry": {
        "type": "MultiLineString",
        "coordinates": [
          [
            [
              52.1619754,
              21.1148115
            ],
            [
              52.1619942,
              21.1148611
            ],
            [
              52.1621283,
              21.1152425
            ],
            [
              52.162153,
              21.1153247
            ],
            [
              52.1626421,
              21.116836
            ],
            [
              52.1628128,
              21.1173701
            ]
          ],
          [
            [
              52.1628128,
              21.1173701
            ],
            [
              52.1632559,
              21.1187565
            ],
            [
              52.1639066,
              21.120735
            ]
          ]
        ]
      }
    },
    {
      "type": "Feature",
      "properties": {
        "name": "Dobrodzieja",
        "highway": "residential"
      },
      "geometry": {
        "type": "MultiLineString",
        "coordinates": [
          [
            [
              52.1315418,
              21.1105505
            ],
            [
              52.1317339,
              21.1103911
            ],
            [
              52.132035,
              21.110121
            ],
            [
              52.1322877,
              21.1099008
            ],
            [
              52.1323632,
              21.1098351
            ],
            [
              52.1326714,
              21.1095456
            ],
            [
              52.1330408,
              21.1092216
            ],
            [
              52.1331444,
              21.1091252
            ],
            [
              52.133319,
              21.108964
            ],
            [
              52.1338604,
              21.1084808
            ],
            [
              52.1338976,
              21.1084467
            ],
            [
              52.133967,
              21.1083846
            ],
            [
              52.134416,
              21.1079824
            ],
            [
              52.1346148,
              21.107795
            ],
            [
              52.1349455,
              21.1075086
            ],
            [
              52.1349875,
              21.1074687
            ],
            [
              52.1352335,
              21.1072537
            ],
            [
              52.1352909,
              21.1072019
            ],
            [
              52.1363843,
              21.1062152
            ],
            [
              52.1368253,
              21.1058172
            ],
            [
              52.1370826,
              21.105585
            ],
            [
              52.1374276,
              21.1052789
            ],
            [
              52.1379523,
              21.1048191
            ],
            [
              52.1381044,
              21.1046856
            ],
            [
              52.1383483,
              21.104472
            ],
            [
              52.1384032,
              21.1044275
            ],
            [
              52.1385329,
              21.1043102
            ],
            [
              52.1386484,
              21.1042082
            ]
          ]
        ]
      }
    },
    {
      "type": "Feature",
      "properties": {
        "name": "Glebowa",
        "highway": "residential"
      },
      "geometry": {
        "type": "MultiLineString",
        "coordinates": [
          [
            [
              52.1797771,
              21.1012848
            ],
            [
              52.1797924,
              21.1013365
            ],
            [
              52.1797956,
              21.1013474
            ],
            [
              52.18004,
              21.1021753
            ],
            [
              52.180234,
              21.102825
            ],
            [
              52.1803248,
              21.1031215
            ],
            [
              52.1807082,
              21.1043554
            ],
            [
              52.1810929,
              21.1056305
            ],
            [
              52.1810973,
              21.1056582
            ],
            [
              52.1810988,
              21.1056819
            ],
            [
              52.1810973,
              21.1057049
            ],
            [
              52.1810926,
              21.1057292
            ]
          ],
          [
            [
              52.1788739,
              21.0971699
            ],
            [
              52.1790143,
              21.0978291
            ],
            [
              52.1790923,
              21.0982142
            ],
            [
              52.1791477,
              21.0984874
            ],
            [
              52.1792064,
              21.0987125
            ],
            [
              52.1793813,
              21.0994593
            ],
            [
              52.1797514,
              21.1011659
            ],
            [
              52.1797771,
              21.1012848
            ]
          ],
          [
            [
              52.1810926,
              21.1057292
            ],
            [
              52.1811206,
              21.1057656
            ],
            [
              52.181134,
              21.1057889
            ],
            [
              52.1811486,
              21.105823
            ],
            [
              52.1812674,
              21.1062345
            ],
            [
              52.1813177,
              21.1064007
            ],
            [
              52.1814976,
              21.1069949
            ],
            [
              52.1816968,
              21.1076531
            ],
            [
              52.1818463,
              21.1081431
            ]
          ]
        ]
      }
    },
    {
      "type": "Feature",
      "properties": {
        "name": "Siedliskowa",
        "highway": "residential"
      },
      "geometry": {
        "type": "MultiLineString",
        "coordinates": [
          [
            [
              52.1770022,
              21.1066268
            ],
            [
              52.1770493,
              21.106615
            ],
            [
              52.177118,
              21.1065978
            ],
            [
              52.1774784,
              21.1065005
            ],
            [
              52.1778168,
              21.1064232
            ],
            [
              52.1780966,
              21.1063526
            ],
            [
              52.178136,
              21.1063427
            ],
            [
              52.1783396,
              21.1062914
            ],
            [
              52.1785528,
              21.1062157
            ],
            [
              52.1787177,
              21.1061571
            ],
            [
              52.1788353,
              21.1061043
            ],
            [
              52.1789007,
              21.1060797
            ],
            [
              52.178932,
              21.1060603
            ],
            [
              52.1789393,
              21.1060454
            ],
            [
              52.1789461,
              21.1060255
            ]
          ],
          [
            [
              52.1785965,
              21.1032417
            ],
            [
              52.1786068,
              21.1033224
            ],
            [
              52.1786241,
              21.1034581
            ],
            [
              52.1786709,
              21.1038248
            ],
            [
              52.1789432,
              21.1059248
            ],
            [
              52.1789479,
              21.1059822
            ],
            [
              52.1789461,
              21.1060255
            ]
          ]
        ]
      }
    },
    {
      "type": "Feature",
      "properties": {
        "name": "Hektarowa",
        "highway": "service"
      },
      "geometry": {
        "type": "MultiLineString",
        "coordinates": [
          [
            [
              52.170267,
              21.1072691
            ],
            [
              52.1702213,
              21.1073472
            ],
            [
              52.170217,
              21.1074394
            ],
            [
              52.1702387,
              21.1074855
            ],
            [
              52.1702779,
              21.1075068
            ],
            [
              52.1704225,
              21.1074556
            ],
            [
              52.171365,
              21.1071824
            ],
            [
              52.1714481,
              21.1070627
            ],
            [
              52.1714754,
              21.1070172
            ]
          ]
        ]
      }
    },
    {
      "type": "Feature",
      "properties": {
        "name": "Stanisława Lentza",
        "highway": "residential"
      },
      "geometry": {
        "type": "MultiLineString",
        "coordinates": [
          [
            [
              52.17075,
              21.0693881
            ],
            [
              52.1709176,
              21.0700664
            ],
            [
              52.1709811,
              21.0703041
            ],
            [
              52.1711184,
              21.0708354
            ],
            [
              52.1711572,
              21.0709907
            ],
            [
              52.1711852,
              21.0711045
            ],
            [
              52.1713865,
              21.0719216
            ],
            [
              52.1715068,
              21.0724177
            ],
            [
              52.1715452,
              21.0725673
            ],
            [
              52.1715982,
              21.0727549
            ],
            [
              52.1716522,
              21.0729035
            ],
            [
              52.1718467,
              21.073406
            ],
            [
              52.1719446,
              21.0737009
            ],
            [
              52.1719701,
              21.0737861
            ],
            [
              52.172016,
              21.0739397
            ]
          ],
          [
            [
              52.172016,
              21.0739397
            ],
            [
              52.1720759,
              21.0740696
            ],
            [
              52.1720894,
              21.0740989
            ],
            [
              52.1722425,
              21.0745041
            ],
            [
              52.1723007,
              21.0746563
            ],
            [
              52.1724475,
              21.0750503
            ],
            [
              52.1725553,
              21.0753398
            ],
            [
              52.1725716,
              21.0753834
            ],
            [
              52.1726029,
              21.0754676
            ],
            [
              52.1726255,
              21.0755257
            ],
            [
              52.1726384,
              21.075559
            ],
            [
              52.1727067,
              21.0757345
            ],
            [
              52.1729257,
              21.0762974
            ],
            [
              52.1729556,
              21.0763742
            ],
            [
              52.1732373,
              21.0771023
            ],
            [
              52.1735975,
              21.0780444
            ],
            [
              52.1737151,
              21.0783495
            ],
            [
              52.1737661,
              21.0784819
            ],
            [
              52.1738386,
              21.0786699
            ],
            [
              52.1738584,
              21.0787207
            ],
            [
              52.1738735,
              21.0787599
            ],
            [
              52.1739195,
              21.0788812
            ]
          ]
        ]
      }
    },
    {
      "type": "Feature",
      "properties": {
        "name": "Łucznicza",
        "highway": "residential"
      },
      "geometry": {
        "type": "MultiLineString",
        "coordinates": [
          [
            [
              52.1773921,
              21.0890316
            ],
            [
              52.1774717,
              21.0890358
            ],
            [
              52.1778587,
              21.0890563
            ],
            [
              52.1778943,
              21.0890639
            ],
            [
              52.1779896,
              21.0890885
            ],
            [
              52.1781899,
              21.0891358
            ],
            [
              52.1782394,
              21.0891465
            ],
            [
              52.1783059,
              21.08915
            ],
            [
              52.1787256,
              21.0891521
            ],
            [
              52.1788223,
              21.0891546
            ],
            [
              52.1792738,
              21.0891758
            ],
            [
              52.1794818,
              21.0891667
            ],
            [
              52.1796286,
              21.0891476
            ],
            [
              52.179682,
              21.0891415
            ],
            [
              52.1798463,
              21.0891118
            ],
            [
              52.1799293,
              21.0891017
            ],
            [
              52.1800034,
              21.0891048
            ]
          ],
          [
            [
              52.1800034,
              21.0891048
            ],
            [
              52.1800891,
              21.0891219
            ],
            [
              52.1801642,
              21.0891475
            ],
            [
              52.1802654,
              21.0891967
            ],
            [
              52.1805977,
              21.0893443
            ],
            [
              52.1808698,
              21.0894441
            ],
            [
              52.1812163,
              21.0895695
            ],
            [
              52.1813111,
              21.0896101
            ]
          ],
          [
            [
              52.1734458,
              21.0882602
            ],
            [
              52.1734985,
              21.0882997
            ],
            [
              52.1735333,
              21.0883258
            ],
            [
              52.1736555,
              21.0883896
            ],
            [
              52.1738275,
              21.0884731
            ],
            [
              52.1745747,
              21.0888357
            ],
            [
              52.1746016,
              21.0888487
            ]
          ],
          [
            [
              52.1746016,
              21.0888487
            ],
            [
              52.1747556,
              21.088912
            ],
            [
              52.1748132,
              21.0889327
            ],
            [
              52.1748772,
              21.0889445
            ],
            [
              52.1749737,
              21.0889554
            ],
            [
              52.1751715,
              21.0889683
            ],
            [
              52.1753257,
              21.0889772
            ],
            [
              52.1754382,
              21.0889837
            ],
            [
              52.1755341,
              21.0889892
            ],
            [
              52.1759505,
              21.0890131
            ],
            [
              52.1766017,
              21.0890214
            ],
            [
              52.1768879,
              21.0890251
            ],
            [
              52.1772877,
              21.0890303
            ],
            [
              52.1773921,
              21.0890316
            ]
          ],
          [
            [
              52.1732907,
              21.0878176
            ],
            [
              52.1733852,
              21.0881474
            ],
            [
              52.1734142,
              21.0882102
            ],
            [
              52.1734458,
              21.0882602
            ]
          ]
        ]
      }
    },
    {
      "type": "Feature",
      "properties": {
        "name": "Wiktorii Wiedeńskiej",
        "highway": "living_street"
      },
      "geometry": {
        "type": "MultiLineString",
        "coordinates": [
          [
            [
              52.1690066,
              21.0757647
            ],
            [
              52.1691294,
              21.0758765
            ],
            [
              52.1691824,
              21.0759527
            ],
            [
              52.1692024,
              21.0759848
            ],
            [
              52.1692395,
              21.0760056
            ],
            [
              52.1692643,
              21.0760037
            ],
            [
              52.169296,
              21.0759861
            ],
            [
              52.1693347,
              21.0759513
            ],
            [
              52.1693869,
              21.0759028
            ],
            [
              52.1693976,
              21.0758945
            ],
            [
              52.1694517,
              21.0758527
            ],
            [
              52.1694777,
              21.0758467
            ],
            [
              52.169496,
              21.0758578
            ],
            [
              52.169604,
              21.0759588
            ],
            [
              52.1696342,
              21.075987
            ],
            [
              52.1696543,
              21.0759932
            ],
            [
              52.1696776,
              21.0759876
            ],
            [
              52.1696941,
              21.0759815
            ],
            [
              52.1697038,
              21.0759711
            ],
            [
              52.1697257,
              21.0759491
            ],
            [
              52.1697542,
              21.0759215
            ],
            [
              52.1697597,
              21.0759154
            ],
            [
              52.1698485,
              21.0758171
            ],
            [
              52.1699813,
              21.07569
            ],
            [
              52.1699911,
              21.0756767
            ],
            [
              52.1700635,
              21.0755612
            ],
            [
              52.1701079,
              21.0754203
            ],
            [
              52.1701162,
              21.0753454
            ],
            [
              52.1701199,
              21.0752837
            ],
            [
              52.1701178,
              21.0752392
            ],
            [
              52.1701008,
              21.0750951
            ],
            [
              52.1700908,
              21.0750536
            ],
            [
              52.170062,
              21.0749458
            ],
            [
              52.1700442,
              21.0748958
            ],
            [
              52.1700208,
              21.0748492
            ],
            [
              52.1699765,
              21.0748319
            ],
            [
              52.1698994,
              21.0748494
            ],
            [
              52.1698639,
              21.0748485
            ],
            [
              52.1698387,
              21.0748462
            ],
            [
              52.169769,
              21.0748184
            ],
            [
              52.1695987,
              21.0747314
            ],
            [
              52.169518,
              21.0746899
            ]
          ],
          [
            [
              52.1692831,
              21.0738099
            ],
            [
              52.1692181,
              21.0740784
            ],
            [
              52.1692041,
              21.0741453
            ],
            [
              52.1691883,
              21.0742451
            ],
            [
              52.169186,
              21.0742983
            ],
            [
              52.1691862,
              21.0743664
            ],
            [
              52.1691889,
              21.074411
            ],
            [
              52.1691983,
              21.0744643
            ],
            [
              52.1692456,
              21.0746816
            ],
            [
              52.169282,
              21.0748287
            ],
            [
              52.1693101,
              21.0749513
            ],
            [
              52.1693387,
              21.0750616
            ],
            [
              52.1693694,
              21.0751804
            ],
            [
              52.1693702,
              21.0751838
            ]
          ],
          [
            [
              52.1702359,
              21.0718261
            ],
            [
              52.1704045,
              21.0716279
            ],
            [
              52.1706245,
              21.0713811
            ]
          ],
          [
            [
              52.1688758,
              21.0760928
            ],
            [
              52.1689157,
              21.0759432
            ],
            [
              52.1689434,
              21.0758678
            ],
            [
              52.1689522,
              21.0758498
            ],
            [
              52.1689666,
              21.0758203
            ],
            [
              52.168994,
              21.0757822
            ],
            [
              52.1690066,
              21.0757647
            ],
            [
              52.1690747,
              21.0756649
            ],
            [
              52.1690781,
              21.07566
            ],
            [
              52.169084,
              21.0756513
            ],
            [
              52.1691471,
              21.0755589
            ],
            [
              52.1692137,
              21.0754649
            ],
            [
              52.1692911,
              21.0753367
            ],
            [
              52.1693446,
              21.0752333
            ],
            [
              52.1693702,
              21.0751838
            ],
            [
              52.1694228,
              21.0750399
            ],
            [
              52.169518,
              21.0746899
            ],
            [
              52.1695898,
              21.0743751
            ],
            [
              52.1697237,
              21.073762
            ],
            [
              52.1697218,
              21.0737295
            ],
            [
              52.1696992,
              21.0731947
            ],
            [
              52.1696927,
              21.0730791
            ],
            [
              52.169719,
              21.0729163
            ],
            [
              52.1697912,
              21.0725982
            ],
            [
              52.1698313,
              21.0724215
            ],
            [
              52.1698738,
              21.0723165
            ],
            [
              52.1698867,
              21.0722847
            ],
            [
              52.1699019,
              21.072247
            ],
            [
              52.169942,
              21.0721778
            ],
            [
              52.1699495,
              21.0721648
            ],
            [
              52.1699716,
              21.0721267
            ],
            [
              52.1699827,
              21.0721076
            ],
            [
              52.1701954,
              21.0718712
            ],
            [
              52.1702359,
              21.0718261
            ]
          ]
        ]
      }
    },
    {
      "type": "Feature",
      "properties": {
        "name": "Wandy Rutkiewicz",
        "highway": "residential"
      },
      "geometry": {
        "type": "MultiLineString",
        "coordinates": [
          [
            [
              52.1723544,
              21.0674542
            ],
            [
              52.1723868,
              21.0675391
            ],
            [
              52.172517,
              21.0678798
            ],
            [
              52.17253,
              21.0679138
            ],
            [
              52.1725471,
              21.0679919
            ],
            [
              52.1726718,
              21.0683157
            ],
            [
              52.172794,
              21.0686328
            ],
            [
              52.1729547,
              21.0690472
            ],
            [
              52.1729701,
              21.0690879
            ]
          ]
        ]
      }
    },
    {
      "type": "Feature",
      "properties": {
        "name": "Królewicza Aleksandra",
        "highway": "living_street"
      },
      "geometry": {
        "type": "MultiLineString",
        "coordinates": [
          [
            [
              52.1716016,
              21.0754313
            ],
            [
              52.1717341,
              21.0753013
            ],
            [
              52.1718532,
              21.0751339
            ],
            [
              52.1722685,
              21.0746907
            ],
            [
              52.1723007,
              21.0746563
            ]
          ]
        ]
      }
    },
    {
      "type": "Feature",
      "properties": {
        "name": "Ruczaj",
        "highway": "tertiary"
      },
      "geometry": {
        "type": "MultiLineString",
        "coordinates": [
          [
            [
              52.1321776,
              21.1303632
            ],
            [
              52.1326432,
              21.1300325
            ],
            [
              52.1328174,
              21.129925
            ],
            [
              52.1334643,
              21.1294752
            ],
            [
              52.1336549,
              21.1293386
            ],
            [
              52.1340869,
              21.1290466
            ],
            [
              52.1348157,
              21.1285138
            ],
            [
              52.1349201,
              21.1284317
            ],
            [
              52.1353311,
              21.1281243
            ]
          ],
          [
            [
              52.1353311,
              21.1281243
            ],
            [
              52.1378906,
              21.1262563
            ],
            [
              52.1379148,
              21.1262159
            ],
            [
              52.1379381,
              21.126159
            ],
            [
              52.1380213,
              21.1258694
            ],
            [
              52.1384388,
              21.1243172
            ],
            [
              52.1385034,
              21.1240468
            ],
            [
              52.138527,
              21.1239694
            ],
            [
              52.1385534,
              21.1239269
            ],
            [
              52.1386213,
              21.123835
            ],
            [
              52.1387029,
              21.1237501
            ],
            [
              52.1388838,
              21.1235909
            ],
            [
              52.1389918,
              21.1235172
            ],
            [
              52.1393538,
              21.1232957
            ],
            [
              52.1397883,
              21.1230315
            ],
            [
              52.1404349,
              21.1225288
            ],
            [
              52.141574,
              21.1215778
            ],
            [
              52.1417369,
              21.1214
            ],
            [
              52.1422232,
              21.1207831
            ],
            [
              52.1423147,
              21.1206888
            ],
            [
              52.1423981,
              21.1206645
            ],
            [
              52.1425614,
              21.120604
            ],
            [
              52.1425991,
              21.1206008
            ],
            [
              52.1427074,
              21.1205969
            ],
            [
              52.1430932,
              21.1205324
            ],
            [
              52.1432438,
              21.1205153
            ],
            [
              52.1434071,
              21.1203968
            ],
            [
              52.1438131,
              21.1200223
            ],
            [
              52.1445615,
              21.1193343
            ]
          ],
          [
            [
              52.1328174,
              21.129925
            ],
            [
              52.1334998,
              21.1323345
            ]
          ],
          [
            [
              52.1334643,
              21.1294752
            ],
            [
              52.134102,
              21.1317571
            ],
            [
              52.134178,
              21.1320799
            ]
          ],
          [
            [
              52.1445615,
              21.1193343
            ],
            [
              52.1446522,
              21.1192564
            ],
            [
              52.1447772,
              21.1191568
            ],
            [
              52.1449053,
              21.1190826
            ],
            [
              52.1450799,
              21.1190194
            ],
            [
              52.1452337,
              21.1189707
            ],
            [
              52.1468919,
              21.1185208
            ],
            [
              52.1470826,
              21.1184701
            ],
            [
              52.1479936,
              21.1182386
            ],
            [
              52.1485428,
              21.1180717
            ],
            [
              52.1487064,
              21.1180252
            ],
            [
              52.1488214,
              21.1179856
            ],
            [
              52.1488662,
              21.1179673
            ],
            [
              52.1489152,
              21.1179287
            ],
            [
              52.1489471,
              21.1178775
            ],
            [
              52.1490213,
              21.1177449
            ],
            [
              52.1493831,
              21.1168785
            ]
          ],
          [
            [
              52.1545968,
              21.1115943
            ],
            [
              52.1546755,
              21.1115575
            ],
            [
              52.1547542,
              21.1115098
            ],
            [
              52.1550268,
              21.111305
            ],
            [
              52.1551511,
              21.1112201
            ],
            [
              52.1554652,
              21.1109922
            ],
            [
              52.1555907,
              21.1109043
            ],
            [
              52.1556579,
              21.110856
            ],
            [
              52.1558742,
              21.1107022
            ],
            [
              52.1561882,
              21.1104788
            ],
            [
              52.1562954,
              21.1104026
            ],
            [
              52.1564308,
              21.1103063
            ],
            [
              52.1566454,
              21.1101536
            ],
            [
              52.1573765,
              21.1096262
            ],
            [
              52.1575203,
              21.1095217
            ],
            [
              52.1585097,
              21.108802
            ],
            [
              52.1585357,
              21.1087798
            ],
            [
              52.1586341,
              21.1086918
            ],
            [
              52.1586666,
              21.1086587
            ],
            [
              52.1593915,
              21.1077565
            ],
            [
              52.1595219,
              21.1075945
            ],
            [
              52.1597044,
              21.1073653
            ],
            [
              52.1597708,
              21.1072818
            ],
            [
              52.1598138,
              21.1072277
            ],
            [
              52.1599852,
              21.1070125
            ],
            [
              52.1601673,
              21.1067837
            ],
            [
              52.1602624,
              21.1066643
            ],
            [
              52.1604476,
              21.1064242
            ],
            [
              52.1606284,
              21.1061793
            ],
            [
              52.1607685,
              21.1059805
            ],
            [
              52.1608322,
              21.1058918
            ],
            [
              52.1608967,
              21.1058072
            ],
            [
              52.1609613,
              21.1057273
            ],
            [
              52.1610233,
              21.105655
            ],
            [
              52.1611139,
              21.1055562
            ],
            [
              52.1611495,
              21.1055195
            ],
            [
              52.1612284,
              21.1054433
            ],
            [
              52.1613498,
              21.1053268
            ],
            [
              52.161377,
              21.105301
            ],
            [
              52.1614216,
              21.1052582
            ]
          ],
          [
            [
              52.1493831,
              21.1168785
            ],
            [
              52.1495492,
              21.1164284
            ],
            [
              52.1498126,
              21.1157558
            ],
            [
              52.1501879,
              21.1147227
            ],
            [
              52.1504064,
              21.114187
            ],
            [
              52.1504965,
              21.1140247
            ],
            [
              52.1506734,
              21.113772
            ],
            [
              52.150809,
              21.1136106
            ],
            [
              52.151366,
              21.1128588
            ],
            [
              52.1514553,
              21.1127635
            ],
            [
              52.1515997,
              21.112637
            ],
            [
              52.1516726,
              21.1125804
            ],
            [
              52.1518226,
              21.1124595
            ]
          ],
          [
            [
              52.1527188,
              21.1119752
            ],
            [
              52.152896,
              21.1119358
            ],
            [
              52.1529851,
              21.1119186
            ],
            [
              52.1542172,
              21.1116806
            ],
            [
              52.1543651,
              21.111645
            ],
            [
              52.1544822,
              21.1116194
            ],
            [
              52.1545968,
              21.1115943
            ]
          ],
          [
            [
              52.1518226,
              21.1124595
            ],
            [
              52.1522769,
              21.1121643
            ],
            [
              52.152298,
              21.1121509
            ],
            [
              52.1525085,
              21.112042
            ],
            [
              52.1527188,
              21.1119752
            ]
          ]
        ]
      }
    },
    {
      "type": "Feature",
      "properties": {
        "name": "Wilanowska",
        "highway": "unclassified"
      },
      "geometry": {
        "type": "MultiLineString",
        "coordinates": [
          [
            [
              50.6514807,
              20.2861295
            ],
            [
              50.65188,
              20.28649
            ],
            [
              50.6522854,
              20.2868428
            ],
            [
              50.6525194,
              20.2869458
            ],
            [
              50.6527285,
              20.2869737
            ],
            [
              50.6527592,
              20.2869698
            ],
            [
              50.6528826,
              20.2869539
            ],
            [
              50.6530472,
              20.2868139
            ],
            [
              50.6534572,
              20.2862387
            ],
            [
              50.6538451,
              20.2856946
            ],
            [
              50.6539093,
              20.2856185
            ],
            [
              50.6539397,
              20.2855862
            ],
            [
              50.6539649,
              20.2855717
            ],
            [
              50.6539923,
              20.2855608
            ],
            [
              50.6540277,
              20.2855598
            ],
            [
              50.6540732,
              20.2855669
            ],
            [
              50.6547199,
              20.2858078
            ],
            [
              50.6547776,
              20.2858257
            ],
            [
              50.6548354,
              20.285827
            ],
            [
              50.6548749,
              20.285815
            ],
            [
              50.6549046,
              20.2857886
            ],
            [
              50.6549339,
              20.2857351
            ],
            [
              50.6553052,
              20.2844799
            ]
          ],
          [
            [
              50.6553052,
              20.2844799
            ],
            [
              50.6556581,
              20.2831829
            ],
            [
              50.65571,
              20.2829558
            ],
            [
              50.6558519,
              20.2821386
            ]
          ]
        ]
      }
    },
    {
      "type": "Feature",
      "properties": {
        "name": "Brodzik",
        "highway": "residential"
      },
      "geometry": {
        "type": "MultiLineString",
        "coordinates": [
          [
            [
              52.1549783,
              21.0930036
            ],
            [
              52.1552577,
              21.0925217
            ],
            [
              52.1553603,
              21.0923447
            ],
            [
              52.1553821,
              21.092307
            ],
            [
              52.1555035,
              21.0920976
            ],
            [
              52.1555282,
              21.092055
            ],
            [
              52.155611,
              21.0919123
            ],
            [
              52.1556764,
              21.0917994
            ],
            [
              52.1557962,
              21.0915928
            ],
            [
              52.1558364,
              21.0915234
            ],
            [
              52.1558591,
              21.0914842
            ]
          ]
        ]
      }
    },
    {
      "type": "Feature",
      "properties": {
        "name": "Gąsek",
        "highway": "unclassified"
      },
      "geometry": {
        "type": "MultiLineString",
        "coordinates": [
          [
            [
              52.1203905,
              21.0919962
            ],
            [
              52.1203676,
              21.0917781
            ],
            [
              52.1203521,
              21.0915621
            ],
            [
              52.1203527,
              21.0914793
            ],
            [
              52.1203602,
              21.0914125
            ],
            [
              52.1203687,
              21.091353
            ],
            [
              52.1203791,
              21.0913146
            ],
            [
              52.1203934,
              21.0912614
            ],
            [
              52.1204089,
              21.0912291
            ],
            [
              52.1204332,
              21.0911942
            ],
            [
              52.120502,
              21.0911194
            ],
            [
              52.1205834,
              21.0910483
            ],
            [
              52.1207643,
              21.090932
            ],
            [
              52.120891,
              21.0908602
            ],
            [
              52.1212648,
              21.0906403
            ],
            [
              52.1216313,
              21.0903519
            ],
            [
              52.1221335,
              21.0899255
            ],
            [
              52.1222671,
              21.0898068
            ],
            [
              52.1224165,
              21.0896373
            ],
            [
              52.1226014,
              21.0894085
            ],
            [
              52.1226929,
              21.0893232
            ],
            [
              52.1227912,
              21.089244
            ],
            [
              52.1230939,
              21.0890629
            ],
            [
              52.1233321,
              21.0889042
            ],
            [
              52.123484,
              21.0887956
            ],
            [
              52.1238257,
              21.0885512
            ],
            [
              52.1242672,
              21.08806
            ],
            [
              52.1245941,
              21.087694
            ],
            [
              52.1248573,
              21.0874676
            ],
            [
              52.1250208,
              21.0873302
            ],
            [
              52.125461,
              21.0869551
            ],
            [
              52.1262583,
              21.0862714
            ],
            [
              52.1263281,
              21.0862156
            ]
          ],
          [
            [
              52.1263281,
              21.0862156
            ],
            [
              52.1267014,
              21.0858874
            ],
            [
              52.1269841,
              21.0855872
            ],
            [
              52.1272012,
              21.0853412
            ],
            [
              52.1272364,
              21.0853016
            ],
            [
              52.1274122,
              21.0851129
            ],
            [
              52.1279182,
              21.084556
            ],
            [
              52.1284751,
              21.0840193
            ],
            [
              52.1287838,
              21.0837657
            ],
            [
              52.1289289,
              21.0836514
            ],
            [
              52.1289686,
              21.0836202
            ],
            [
              52.129097,
              21.0835172
            ],
            [
              52.1291272,
              21.0834916
            ]
          ],
          [
            [
              52.1291272,
              21.0834916
            ],
            [
              52.1292309,
              21.0834057
            ],
            [
              52.1293808,
              21.0832815
            ],
            [
              52.1296841,
              21.0830521
            ],
            [
              52.1297747,
              21.0829821
            ]
          ],
          [
            [
              52.1305902,
              21.0824828
            ],
            [
              52.1308815,
              21.0823079
            ],
            [
              52.1317577,
              21.0817532
            ],
            [
              52.1320802,
              21.0816074
            ],
            [
              52.1324894,
              21.0814173
            ],
            [
              52.1329384,
              21.081237
            ],
            [
              52.133044,
              21.0811866
            ],
            [
              52.1331774,
              21.0811023
            ],
            [
              52.1336414,
              21.0808711
            ],
            [
              52.1338099,
              21.0807743
            ],
            [
              52.1339634,
              21.080667
            ],
            [
              52.1344971,
              21.0802665
            ],
            [
              52.135009,
              21.07986
            ],
            [
              52.135226,
              21.0797112
            ],
            [
              52.1355988,
              21.0794821
            ],
            [
              52.1356583,
              21.0794737
            ],
            [
              52.1357484,
              21.079429
            ]
          ],
          [
            [
              52.1203545,
              21.0922893
            ],
            [
              52.1203886,
              21.0921456
            ],
            [
              52.1203934,
              21.092069
            ],
            [
              52.1203905,
              21.0919962
            ]
          ],
          [
            [
              52.1203905,
              21.0919962
            ],
            [
              52.1204317,
              21.0921211
            ],
            [
              52.120469,
              21.092234
            ],
            [
              52.1205219,
              21.0923698
            ],
            [
              52.1205901,
              21.092604
            ]
          ],
          [
            [
              52.1357484,
              21.079429
            ],
            [
              52.1358383,
              21.0793844
            ],
            [
              52.1358747,
              21.0793664
            ]
          ],
          [
            [
              52.1297747,
              21.0829821
            ],
            [
              52.1299435,
              21.0828518
            ],
            [
              52.1300539,
              21.0827209
            ],
            [
              52.1300742,
              21.0826981
            ],
            [
              52.1301306,
              21.0826502
            ],
            [
              52.1302419,
              21.0825867
            ],
            [
              52.1303396,
              21.0825712
            ],
            [
              52.1303895,
              21.0825672
            ],
            [
              52.1304446,
              21.0825609
            ],
            [
              52.1304744,
              21.0825532
            ],
            [
              52.1305354,
              21.0825157
            ],
            [
              52.1305902,
              21.0824828
            ]
          ]
        ]
      }
    },
    {
      "type": "Feature",
      "properties": {
        "name": "Przedatki",
        "highway": "residential"
      },
      "geometry": {
        "type": "MultiLineString",
        "coordinates": [
          [
            [
              52.1602186,
              21.0872348
            ],
            [
              52.1606433,
              21.0890525
            ]
          ]
        ]
      }
    },
    {
      "type": "Feature",
      "properties": {
        "name": "Ptysiowa",
        "highway": "residential"
      },
      "geometry": {
        "type": "MultiLineString",
        "coordinates": [
          [
            [
              52.1240644,
              21.1022919
            ],
            [
              52.1240724,
              21.1022405
            ],
            [
              52.1241165,
              21.1019555
            ],
            [
              52.1241312,
              21.1017291
            ],
            [
              52.1242033,
              21.1012447
            ],
            [
              52.1242146,
              21.1011987
            ],
            [
              52.1242254,
              21.1011683
            ],
            [
              52.1242424,
              21.1011281
            ],
            [
              52.1242633,
              21.1010949
            ]
          ],
          [
            [
              52.1240159,
              21.1026048
            ],
            [
              52.1240644,
              21.1022919
            ]
          ],
          [
            [
              52.1239951,
              21.1027879
            ],
            [
              52.1240013,
              21.1026971
            ],
            [
              52.1240159,
              21.1026048
            ]
          ]
        ]
      }
    },
    {
      "type": "Feature",
      "properties": {
        "name": "Świętej Urszuli Ledóchowskiej",
        "highway": "residential"
      },
      "geometry": {
        "type": "MultiLineString",
        "coordinates": [
          [
            [
              52.1552787,
              21.0706036
            ],
            [
              52.1553292,
              21.0705782
            ],
            [
              52.1554677,
              21.0705025
            ],
            [
              52.1555221,
              21.0704728
            ],
            [
              52.1556986,
              21.0703552
            ],
            [
              52.155785,
              21.0703041
            ],
            [
              52.1558663,
              21.070254
            ],
            [
              52.1560445,
              21.0701232
            ],
            [
              52.1562059,
              21.0699926
            ],
            [
              52.1563217,
              21.0698893
            ],
            [
              52.1565247,
              21.069694
            ],
            [
              52.1565531,
              21.0696648
            ],
            [
              52.1566202,
              21.0695906
            ],
            [
              52.1566852,
              21.0695232
            ],
            [
              52.1568197,
              21.0693608
            ],
            [
              52.1569301,
              21.069224
            ],
            [
              52.1571105,
              21.0689821
            ],
            [
              52.1571893,
              21.0688571
            ],
            [
              52.1572607,
              21.0687437
            ],
            [
              52.1573105,
              21.0686646
            ],
            [
              52.1574684,
              21.0683993
            ],
            [
              52.1574923,
              21.0683591
            ],
            [
              52.1576006,
              21.0681772
            ],
            [
              52.1576898,
              21.0680346
            ],
            [
              52.1579562,
              21.0676086
            ],
            [
              52.1580084,
              21.0675253
            ]
          ],
          [
            [
              52.1580084,
              21.0675253
            ],
            [
              52.1580679,
              21.0674666
            ],
            [
              52.1581392,
              21.0673726
            ],
            [
              52.1581599,
              21.0673466
            ],
            [
              52.1581979,
              21.0672998
            ]
          ],
          [
            [
              52.1580084,
              21.0675253
            ],
            [
              52.1580356,
              21.0674338
            ],
            [
              52.1580989,
              21.0673074
            ],
            [
              52.1581157,
              21.0672712
            ],
            [
              52.1581449,
              21.067208
            ]
          ],
          [
            [
              52.1547225,
              21.0709977
            ],
            [
              52.1548254,
              21.0709285
            ],
            [
              52.154857,
              21.0709072
            ],
            [
              52.1549958,
              21.0708137
            ],
            [
              52.1551873,
              21.0706806
            ],
            [
              52.1552787,
              21.0706036
            ]
          ],
          [
            [
              52.1546766,
              21.070884
            ],
            [
              52.1547831,
              21.0708186
            ],
            [
              52.1548138,
              21.070802
            ],
            [
              52.1548536,
              21.0707804
            ],
            [
              52.1550605,
              21.0706692
            ],
            [
              52.1551779,
              21.0706243
            ],
            [
              52.1552787,
              21.0706036
            ]
          ],
          [
            [
              52.1545704,
              21.0709492
            ],
            [
              52.1546766,
              21.070884
            ]
          ],
          [
            [
              52.1546155,
              21.071059
            ],
            [
              52.1547225,
              21.0709977
            ]
          ]
        ]
      }
    },
    {
      "type": "Feature",
      "properties": {
        "name": "Franciszka Klimczaka",
        "highway": "residential"
      },
      "geometry": {
        "type": "MultiLineString",
        "coordinates": [
          [
            [
              52.1602186,
              21.0720878
            ],
            [
              52.1602716,
              21.0722534
            ],
            [
              52.1602846,
              21.072294
            ],
            [
              52.1603295,
              21.0724342
            ]
          ],
          [
            [
              52.160749,
              21.0724704
            ],
            [
              52.1608394,
              21.0725513
            ],
            [
              52.1609162,
              21.0727528
            ],
            [
              52.161094,
              21.0732196
            ],
            [
              52.1612359,
              21.073592
            ],
            [
              52.1614862,
              21.0742469
            ],
            [
              52.1616407,
              21.0746461
            ],
            [
              52.1618842,
              21.0752805
            ],
            [
              52.1620504,
              21.0757217
            ],
            [
              52.1622701,
              21.0763008
            ],
            [
              52.162286,
              21.0763466
            ],
            [
              52.1623406,
              21.0764929
            ],
            [
              52.1623935,
              21.0766265
            ],
            [
              52.1626433,
              21.0772796
            ],
            [
              52.1628645,
              21.0778614
            ],
            [
              52.1630803,
              21.0784265
            ],
            [
              52.1631528,
              21.0786112
            ],
            [
              52.1632624,
              21.0788908
            ],
            [
              52.1633064,
              21.0790144
            ]
          ],
          [
            [
              52.1603295,
              21.0724342
            ],
            [
              52.1603825,
              21.0725727
            ],
            [
              52.1604091,
              21.0726404
            ],
            [
              52.1604384,
              21.0727176
            ],
            [
              52.160612,
              21.0731755
            ],
            [
              52.1606263,
              21.0732146
            ],
            [
              52.1606838,
              21.0734849
            ]
          ],
          [
            [
              52.1606838,
              21.0734849
            ],
            [
              52.160749,
              21.0736549
            ],
            [
              52.1611497,
              21.0746993
            ],
            [
              52.1611924,
              21.0748113
            ],
            [
              52.1617244,
              21.0762014
            ]
          ],
          [
            [
              52.1622372,
              21.0775443
            ],
            [
              52.1623377,
              21.0777962
            ],
            [
              52.162428,
              21.0780322
            ],
            [
              52.1624749,
              21.0781563
            ],
            [
              52.1627158,
              21.0787861
            ]
          ],
          [
            [
              52.1627158,
              21.0787861
            ],
            [
              52.1628158,
              21.0789977
            ],
            [
              52.1628874,
              21.0791316
            ],
            [
              52.1628967,
              21.0791499
            ],
            [
              52.162942,
              21.0792279
            ],
            [
              52.1629605,
              21.0792582
            ]
          ],
          [
            [
              52.1627158,
              21.0787861
            ],
            [
              52.162776,
              21.078983
            ],
            [
              52.1628165,
              21.0791257
            ],
            [
              52.1628409,
              21.0792061
            ],
            [
              52.1628505,
              21.0792393
            ],
            [
              52.1628722,
              21.07934
            ]
          ],
          [
            [
              52.1629447,
              21.0795671
            ],
            [
              52.1629816,
              21.0796131
            ],
            [
              52.1630215,
              21.0796743
            ],
            [
              52.1630599,
              21.0797469
            ],
            [
              52.1630939,
              21.0798273
            ],
            [
              52.1631378,
              21.0799206
            ],
            [
              52.1631615,
              21.0799781
            ],
            [
              52.1631781,
              21.0800159
            ],
            [
              52.1632351,
              21.0801197
            ]
          ],
          [
            [
              52.1630446,
              21.0794715
            ],
            [
              52.1630617,
              21.0795429
            ],
            [
              52.1630776,
              21.0796174
            ],
            [
              52.1630886,
              21.0796727
            ],
            [
              52.1631284,
              21.0798105
            ],
            [
              52.1631618,
              21.0799045
            ],
            [
              52.1631974,
              21.0799962
            ],
            [
              52.1632351,
              21.0801197
            ]
          ],
          [
            [
              52.1635462,
              21.0809176
            ],
            [
              52.1635898,
              21.0810672
            ],
            [
              52.1636177,
              21.0811612
            ],
            [
              52.1636419,
              21.0812565
            ],
            [
              52.163655,
              21.0813047
            ],
            [
              52.1636695,
              21.0813571
            ],
            [
              52.163694,
              21.0814392
            ],
            [
              52.1637208,
              21.0815081
            ]
          ],
          [
            [
              52.1635462,
              21.0809176
            ],
            [
              52.1636184,
              21.0810404
            ],
            [
              52.1636902,
              21.0811797
            ],
            [
              52.1637207,
              21.0812369
            ],
            [
              52.1637442,
              21.0812807
            ],
            [
              52.163777,
              21.0813375
            ],
            [
              52.1638362,
              21.0814165
            ]
          ],
          [
            [
              52.1638716,
              21.0816007
            ],
            [
              52.1639272,
              21.0817639
            ],
            [
              52.1640154,
              21.0819882
            ],
            [
              52.1640686,
              21.0821576
            ],
            [
              52.1640793,
              21.0821951
            ],
            [
              52.1640891,
              21.0822296
            ],
            [
              52.1641079,
              21.0823122
            ]
          ],
          [
            [
              52.1639682,
              21.084328
            ],
            [
              52.1640324,
              21.0842912
            ],
            [
              52.164073,
              21.0842519
            ],
            [
              52.1640975,
              21.0842145
            ],
            [
              52.1641151,
              21.0841532
            ],
            [
              52.1641222,
              21.0840891
            ],
            [
              52.1641219,
              21.0840174
            ],
            [
              52.1641194,
              21.0839191
            ],
            [
              52.1641163,
              21.0837957
            ],
            [
              52.1641108,
              21.0836286
            ],
            [
              52.164093,
              21.0830625
            ]
          ],
          [
            [
              52.1641079,
              21.0823122
            ],
            [
              52.1641184,
              21.0823662
            ],
            [
              52.1641292,
              21.0824261
            ],
            [
              52.1641459,
              21.0825412
            ],
            [
              52.1641496,
              21.0825814
            ],
            [
              52.1641516,
              21.0826145
            ],
            [
              52.1641731,
              21.0831509
            ],
            [
              52.1641794,
              21.0833348
            ]
          ],
          [
            [
              52.1632351,
              21.0801197
            ],
            [
              52.1633281,
              21.0803546
            ],
            [
              52.1634703,
              21.080714
            ],
            [
              52.1635462,
              21.0809176
            ]
          ],
          [
            [
              52.1640751,
              21.0824949
            ],
            [
              52.164093,
              21.0830625
            ]
          ],
          [
            [
              52.1638031,
              21.0816687
            ],
            [
              52.1640052,
              21.0821896
            ],
            [
              52.164024,
              21.0822456
            ],
            [
              52.1640432,
              21.0823136
            ],
            [
              52.1640607,
              21.0823933
            ],
            [
              52.1640696,
              21.0824526
            ],
            [
              52.1640751,
              21.0824949
            ]
          ],
          [
            [
              52.1641794,
              21.0833348
            ],
            [
              52.1641893,
              21.0836212
            ]
          ],
          [
            [
              52.1641893,
              21.0836212
            ],
            [
              52.1641983,
              21.0839033
            ],
            [
              52.1642022,
              21.0840574
            ],
            [
              52.1642168,
              21.0841434
            ],
            [
              52.1642432,
              21.0841989
            ],
            [
              52.1642869,
              21.0842338
            ],
            [
              52.1643438,
              21.0842626
            ],
            [
              52.1644428,
              21.0842863
            ]
          ],
          [
            [
              52.1602662,
              21.0725327
            ],
            [
              52.1602868,
              21.0725863
            ],
            [
              52.1603123,
              21.0726525
            ],
            [
              52.1603384,
              21.0727205
            ],
            [
              52.1605478,
              21.0732652
            ],
            [
              52.160565,
              21.0733002
            ],
            [
              52.1606838,
              21.0734849
            ]
          ],
          [
            [
              52.1617244,
              21.0762014
            ],
            [
              52.161808,
              21.0764641
            ],
            [
              52.1618574,
              21.0766122
            ],
            [
              52.1618771,
              21.0766697
            ],
            [
              52.1619083,
              21.0767927
            ]
          ],
          [
            [
              52.1617244,
              21.0762014
            ],
            [
              52.1618345,
              21.0764099
            ],
            [
              52.1619124,
              21.0765567
            ],
            [
              52.16194,
              21.0766017
            ],
            [
              52.1619866,
              21.0766947
            ]
          ],
          [
            [
              52.1619973,
              21.076986
            ],
            [
              52.1620443,
              21.0770952
            ],
            [
              52.1621105,
              21.0772509
            ],
            [
              52.1622372,
              21.0775443
            ]
          ],
          [
            [
              52.1620734,
              21.0769055
            ],
            [
              52.1621037,
              21.0770414
            ],
            [
              52.1621275,
              21.077145
            ],
            [
              52.1622372,
              21.0775443
            ]
          ],
          [
            [
              52.160137,
              21.0721961
            ],
            [
              52.1601948,
              21.0723467
            ],
            [
              52.1602096,
              21.0723853
            ],
            [
              52.1602662,
              21.0725327
            ]
          ]
        ]
      }
    },
    {
      "type": "Feature",
      "properties": {
        "name": "Herbu Pogoń",
        "highway": "residential"
      },
      "geometry": {
        "type": "MultiLineString",
        "coordinates": [
          [
            [
              52.1632782,
              21.0755543
            ],
            [
              52.1633074,
              21.0756838
            ],
            [
              52.1634257,
              21.076205
            ],
            [
              52.163595,
              21.0769507
            ],
            [
              52.1636332,
              21.0771191
            ]
          ]
        ]
      }
    },
    {
      "type": "Feature",
      "properties": {
        "name": "Aleja Rzeczypospolitej",
        "highway": "tertiary"
      },
      "geometry": {
        "type": "MultiLineString",
        "coordinates": [
          [
            [
              52.1567474,
              21.0766721
            ],
            [
              52.1568312,
              21.0764898
            ],
            [
              52.1568505,
              21.0764629
            ],
            [
              52.1568886,
              21.0764109
            ],
            [
              52.1571902,
              21.0760022
            ],
            [
              52.1572563,
              21.0759144
            ],
            [
              52.1573131,
              21.0758428
            ],
            [
              52.1573741,
              21.0757696
            ]
          ],
          [
            [
              52.1560796,
              21.0781663
            ],
            [
              52.1562489,
              21.0779836
            ],
            [
              52.1563528,
              21.0778494
            ],
            [
              52.1565723,
              21.0775573
            ],
            [
              52.156659,
              21.0773729
            ],
            [
              52.1566914,
              21.0773034
            ],
            [
              52.1567198,
              21.0772435
            ],
            [
              52.1567727,
              21.0771434
            ]
          ],
          [
            [
              52.1560796,
              21.0781663
            ],
            [
              52.1563848,
              21.077473
            ],
            [
              52.1565219,
              21.0771767
            ]
          ],
          [
            [
              52.1546649,
              21.0813532
            ],
            [
              52.1546917,
              21.0813449
            ],
            [
              52.1547162,
              21.0813215
            ],
            [
              52.1549302,
              21.0808289
            ],
            [
              52.1550302,
              21.0805985
            ],
            [
              52.1557163,
              21.0790015
            ],
            [
              52.1560796,
              21.0781663
            ]
          ],
          [
            [
              52.1693169,
              21.068027
            ],
            [
              52.1693725,
              21.0680066
            ],
            [
              52.1694216,
              21.0679885
            ],
            [
              52.1694349,
              21.0679836
            ],
            [
              52.1695667,
              21.0679342
            ],
            [
              52.169632,
              21.0679084
            ],
            [
              52.1697038,
              21.0678792
            ],
            [
              52.1697389,
              21.0678631
            ]
          ],
          [
            [
              52.1568463,
              21.0769767
            ],
            [
              52.1569319,
              21.0768155
            ],
            [
              52.1569526,
              21.0767854
            ],
            [
              52.1570061,
              21.0767075
            ],
            [
              52.1570536,
              21.0766379
            ],
            [
              52.1570929,
              21.07658
            ],
            [
              52.1571333,
              21.0765224
            ],
            [
              52.157339,
              21.0762473
            ]
          ],
          [
            [
              52.1565219,
              21.0771767
            ],
            [
              52.1565437,
              21.0771278
            ],
            [
              52.1565703,
              21.077068
            ],
            [
              52.1566658,
              21.0768258
            ]
          ],
          [
            [
              52.1696379,
              21.0683108
            ],
            [
              52.1696994,
              21.0682839
            ]
          ],
          [
            [
              52.1685545,
              21.0686176
            ],
            [
              52.1686019,
              21.0686027
            ],
            [
              52.1686608,
              21.0685857
            ],
            [
              52.1687131,
              21.0685731
            ],
            [
              52.1687669,
              21.0685613
            ]
          ],
          [
            [
              52.1584697,
              21.0747857
            ],
            [
              52.1585159,
              21.0747198
            ],
            [
              52.1585756,
              21.0746305
            ],
            [
              52.1586519,
              21.0745157
            ],
            [
              52.1586979,
              21.0744474
            ],
            [
              52.158738,
              21.0743889
            ],
            [
              52.1587769,
              21.0743356
            ],
            [
              52.1588171,
              21.0742819
            ],
            [
              52.1588626,
              21.0742234
            ],
            [
              52.1589061,
              21.0741666
            ]
          ],
          [
            [
              52.1578916,
              21.0755252
            ],
            [
              52.1579251,
              21.0754862
            ],
            [
              52.1579829,
              21.0754192
            ],
            [
              52.1580119,
              21.0753861
            ],
            [
              52.1580435,
              21.0753486
            ],
            [
              52.1582518,
              21.0750785
            ],
            [
              52.158318,
              21.0749927
            ],
            [
              52.1583902,
              21.0748963
            ],
            [
              52.1584318,
              21.0748384
            ],
            [
              52.1584697,
              21.0747857
            ]
          ],
          [
            [
              52.1693146,
              21.068432
            ],
            [
              52.1693851,
              21.0684088
            ],
            [
              52.1694375,
              21.0683898
            ],
            [
              52.1694886,
              21.0683712
            ],
            [
              52.1695013,
              21.0683666
            ],
            [
              52.1695541,
              21.0683461
            ],
            [
              52.1696033,
              21.0683266
            ],
            [
              52.1696379,
              21.0683108
            ]
          ],
          [
            [
              52.157339,
              21.0762473
            ],
            [
              52.157435,
              21.0761199
            ],
            [
              52.1575308,
              21.075994
            ]
          ],
          [
            [
              52.159601,
              21.0732937
            ],
            [
              52.1596461,
              21.0732449
            ],
            [
              52.159699,
              21.0731909
            ],
            [
              52.1597466,
              21.0731433
            ],
            [
              52.1597901,
              21.073098
            ],
            [
              52.1598287,
              21.0730542
            ],
            [
              52.1598715,
              21.0730038
            ],
            [
              52.1599217,
              21.0729438
            ],
            [
              52.1601117,
              21.0727266
            ],
            [
              52.1601574,
              21.0726732
            ],
            [
              52.1601943,
              21.07263
            ],
            [
              52.1602091,
              21.0726127
            ],
            [
              52.1602414,
              21.0725693
            ],
            [
              52.1602662,
              21.0725327
            ]
          ],
          [
            [
              52.1567727,
              21.0771434
            ],
            [
              52.1568463,
              21.0769767
            ]
          ],
          [
            [
              52.1641566,
              21.0699073
            ],
            [
              52.1645554,
              21.0697558
            ],
            [
              52.1646042,
              21.0697372
            ],
            [
              52.1646175,
              21.0697321
            ],
            [
              52.1646489,
              21.069719
            ],
            [
              52.1646834,
              21.0697033
            ],
            [
              52.1647083,
              21.0696898
            ],
            [
              52.1647314,
              21.0696766
            ]
          ],
          [
            [
              52.1687917,
              21.0682232
            ],
            [
              52.1691334,
              21.0680956
            ],
            [
              52.1693169,
              21.068027
            ]
          ],
          [
            [
              52.1648146,
              21.0700313
            ],
            [
              52.1648862,
              21.0700037
            ],
            [
              52.164956,
              21.0699774
            ],
            [
              52.1649697,
              21.0699723
            ],
            [
              52.1650178,
              21.0699548
            ],
            [
              52.1650996,
              21.0699248
            ],
            [
              52.1651609,
              21.0698997
            ],
            [
              52.1652235,
              21.0698715
            ],
            [
              52.1654067,
              21.069783
            ],
            [
              52.1657731,
              21.069607
            ],
            [
              52.1658232,
              21.0695844
            ],
            [
              52.1658776,
              21.0695625
            ],
            [
              52.1659393,
              21.069539
            ],
            [
              52.1664992,
              21.0693302
            ],
            [
              52.1668575,
              21.0692012
            ],
            [
              52.1669216,
              21.0691786
            ],
            [
              52.1669751,
              21.0691601
            ],
            [
              52.1671627,
              21.0690961
            ],
            [
              52.1673829,
              21.0690157
            ],
            [
              52.1675975,
              21.06894
            ]
          ],
          [
            [
              52.1519057,
              21.0844058
            ],
            [
              52.1520712,
              21.0844664
            ],
            [
              52.1521682,
              21.0844843
            ],
            [
              52.1522582,
              21.0844702
            ],
            [
              52.1526871,
              21.0843811
            ]
          ],
          [
            [
              52.1589061,
              21.0741666
            ],
            [
              52.1593101,
              21.0736405
            ]
          ],
          [
            [
              52.1602662,
              21.0725327
            ],
            [
              52.1602985,
              21.0724814
            ],
            [
              52.1603295,
              21.0724342
            ]
          ],
          [
            [
              52.162624,
              21.0705139
            ],
            [
              52.1627311,
              21.0704742
            ],
            [
              52.1635717,
              21.0701624
            ],
            [
              52.1636325,
              21.0701387
            ],
            [
              52.1636846,
              21.0701147
            ],
            [
              52.1637363,
              21.070089
            ],
            [
              52.1637785,
              21.0700659
            ],
            [
              52.1638303,
              21.0700387
            ],
            [
              52.1638878,
              21.070012
            ],
            [
              52.1639442,
              21.0699882
            ],
            [
              52.1641566,
              21.0699073
            ]
          ],
          [
            [
              52.1603295,
              21.0724342
            ],
            [
              52.1603543,
              21.072399
            ],
            [
              52.1603799,
              21.0723661
            ],
            [
              52.160405,
              21.072336
            ],
            [
              52.1604345,
              21.0723022
            ],
            [
              52.160446,
              21.0722891
            ],
            [
              52.1604866,
              21.0722433
            ],
            [
              52.1605252,
              21.0721997
            ],
            [
              52.160575,
              21.0721429
            ],
            [
              52.1606345,
              21.072076
            ],
            [
              52.1606786,
              21.0720257
            ],
            [
              52.160722,
              21.071979
            ],
            [
              52.1607683,
              21.0719315
            ],
            [
              52.1608108,
              21.0718897
            ],
            [
              52.1608462,
              21.0718558
            ],
            [
              52.1608848,
              21.0718204
            ],
            [
              52.1609271,
              21.0717838
            ],
            [
              52.1609768,
              21.0717422
            ],
            [
              52.161046,
              21.0716859
            ],
            [
              52.1612384,
              21.0715301
            ]
          ],
          [
            [
              52.1647359,
              21.0700616
            ],
            [
              52.1648146,
              21.0700313
            ]
          ],
          [
            [
              52.1647314,
              21.0696766
            ],
            [
              52.1648018,
              21.0696326
            ]
          ],
          [
            [
              52.1596291,
              21.0728757
            ],
            [
              52.1600252,
              21.0723457
            ],
            [
              52.1600604,
              21.0722987
            ],
            [
              52.160137,
              21.0721961
            ]
          ],
          [
            [
              52.1593101,
              21.0736405
            ],
            [
              52.159362,
              21.0735731
            ],
            [
              52.1593975,
              21.0735276
            ],
            [
              52.1594403,
              21.0734748
            ],
            [
              52.1594915,
              21.0734142
            ],
            [
              52.159543,
              21.073356
            ],
            [
              52.159601,
              21.0732937
            ]
          ],
          [
            [
              52.1648018,
              21.0696326
            ],
            [
              52.1648382,
              21.0696119
            ],
            [
              52.16487,
              21.0695956
            ],
            [
              52.1648988,
              21.0695832
            ],
            [
              52.164912,
              21.0695781
            ],
            [
              52.1649609,
              21.0695592
            ],
            [
              52.165015,
              21.0695383
            ],
            [
              52.1655519,
              21.0693338
            ],
            [
              52.1656057,
              21.0693168
            ],
            [
              52.1656591,
              21.0693023
            ],
            [
              52.1657015,
              21.0692921
            ],
            [
              52.1657414,
              21.069284
            ],
            [
              52.1660375,
              21.0692389
            ]
          ],
          [
            [
              52.163631,
              21.0704297
            ],
            [
              52.1637592,
              21.0704089
            ],
            [
              52.1638146,
              21.0703981
            ],
            [
              52.1638672,
              21.070385
            ],
            [
              52.1639222,
              21.0703693
            ],
            [
              52.1639819,
              21.0703487
            ],
            [
              52.1645164,
              21.0701454
            ],
            [
              52.1645742,
              21.0701235
            ],
            [
              52.1646232,
              21.0701049
            ],
            [
              52.1646364,
              21.0700999
            ],
            [
              52.1647359,
              21.0700616
            ]
          ],
          [
            [
              52.1584559,
              21.0743867
            ],
            [
              52.15848,
              21.074364
            ],
            [
              52.1585066,
              21.0743371
            ],
            [
              52.1585349,
              21.0743066
            ],
            [
              52.1585609,
              21.0742757
            ],
            [
              52.159068,
              21.0736268
            ]
          ],
          [
            [
              52.1565723,
              21.0775573
            ],
            [
              52.1566123,
              21.0775356
            ],
            [
              52.1566986,
              21.077489
            ],
            [
              52.156724,
              21.0774795
            ],
            [
              52.1567448,
              21.0774769
            ],
            [
              52.1567735,
              21.0774768
            ],
            [
              52.1568034,
              21.0774831
            ],
            [
              52.1568463,
              21.077506
            ],
            [
              52.1568864,
              21.0775399
            ],
            [
              52.1569072,
              21.0775743
            ]
          ],
          [
            [
              52.1660375,
              21.0692389
            ],
            [
              52.1660875,
              21.0692259
            ],
            [
              52.1661412,
              21.0692099
            ],
            [
              52.166193,
              21.0691914
            ],
            [
              52.1666261,
              21.0690279
            ]
          ],
          [
            [
              52.1670888,
              21.0688413
            ],
            [
              52.1671252,
              21.0688283
            ],
            [
              52.1671707,
              21.0688128
            ],
            [
              52.1672022,
              21.0688033
            ],
            [
              52.1672323,
              21.0687947
            ]
          ],
          [
            [
              52.1672323,
              21.0687947
            ],
            [
              52.1672941,
              21.0687772
            ],
            [
              52.1673482,
              21.0687603
            ],
            [
              52.1673905,
              21.0687454
            ],
            [
              52.1678778,
              21.068565
            ]
          ],
          [
            [
              52.1678778,
              21.068565
            ],
            [
              52.1683711,
              21.0683806
            ]
          ],
          [
            [
              52.1683711,
              21.0683806
            ],
            [
              52.1687917,
              21.0682232
            ]
          ],
          [
            [
              52.1675975,
              21.06894
            ],
            [
              52.167656,
              21.0689192
            ],
            [
              52.1677099,
              21.0689026
            ],
            [
              52.1677574,
              21.0688904
            ],
            [
              52.1678087,
              21.0688775
            ],
            [
              52.1678523,
              21.0688647
            ],
            [
              52.167905,
              21.0688466
            ],
            [
              52.1680875,
              21.0687823
            ]
          ],
          [
            [
              52.159068,
              21.0736268
            ],
            [
              52.1591,
              21.0735838
            ],
            [
              52.1591317,
              21.0735414
            ],
            [
              52.1592128,
              21.0734326
            ],
            [
              52.159255,
              21.0733765
            ],
            [
              52.1592966,
              21.0733201
            ],
            [
              52.1594378,
              21.0731286
            ],
            [
              52.1594969,
              21.0730493
            ],
            [
              52.1596291,
              21.0728757
            ]
          ],
          [
            [
              52.1574952,
              21.0756287
            ],
            [
              52.1575379,
              21.0755763
            ],
            [
              52.1575836,
              21.0755166
            ],
            [
              52.157664,
              21.0754118
            ],
            [
              52.1578847,
              21.0751232
            ],
            [
              52.1579344,
              21.0750584
            ],
            [
              52.1579826,
              21.0749958
            ],
            [
              52.158023,
              21.0749432
            ],
            [
              52.1580641,
              21.0748866
            ],
            [
              52.1581008,
              21.0748333
            ],
            [
              52.158138,
              21.0747772
            ],
            [
              52.1581732,
              21.074726
            ],
            [
              52.1582142,
              21.0746692
            ],
            [
              52.1582562,
              21.0746151
            ],
            [
              52.1582943,
              21.0745671
            ],
            [
              52.158334,
              21.0745171
            ],
            [
              52.1583445,
              21.0745039
            ],
            [
              52.1583826,
              21.0744598
            ],
            [
              52.1584194,
              21.0744209
            ],
            [
              52.1584559,
              21.0743867
            ]
          ],
          [
            [
              52.1566658,
              21.0768258
            ],
            [
              52.1567474,
              21.0766721
            ]
          ],
          [
            [
              52.1602186,
              21.0720878
            ],
            [
              52.1602454,
              21.0720557
            ],
            [
              52.1602711,
              21.0720257
            ],
            [
              52.1603015,
              21.0719918
            ],
            [
              52.1603203,
              21.0719714
            ],
            [
              52.1603319,
              21.0719586
            ],
            [
              52.1603622,
              21.0719273
            ],
            [
              52.1604095,
              21.0718782
            ],
            [
              52.1605904,
              21.0716934
            ],
            [
              52.1606242,
              21.0716601
            ],
            [
              52.160652,
              21.0716352
            ],
            [
              52.1607791,
              21.0715246
            ]
          ],
          [
            [
              52.1612384,
              21.0715301
            ],
            [
              52.1613362,
              21.0714516
            ],
            [
              52.1613919,
              21.0714066
            ],
            [
              52.161462,
              21.0713534
            ],
            [
              52.1615223,
              21.0713102
            ],
            [
              52.1615744,
              21.071274
            ],
            [
              52.1616306,
              21.0712375
            ],
            [
              52.1616885,
              21.0712008
            ],
            [
              52.161756,
              21.0711615
            ],
            [
              52.1618183,
              21.0711264
            ],
            [
              52.161877,
              21.0710952
            ],
            [
              52.1619286,
              21.07107
            ],
            [
              52.1619634,
              21.0710534
            ],
            [
              52.1620121,
              21.0710308
            ],
            [
              52.1620679,
              21.0710079
            ],
            [
              52.1623856,
              21.0708869
            ],
            [
              52.1624531,
              21.0708613
            ],
            [
              52.1625261,
              21.0708335
            ],
            [
              52.1625601,
              21.0708205
            ],
            [
              52.1625936,
              21.0708076
            ],
            [
              52.163387,
              21.0705049
            ],
            [
              52.1634396,
              21.0704853
            ],
            [
              52.163493,
              21.0704669
            ],
            [
              52.1635448,
              21.0704506
            ],
            [
              52.1635887,
              21.0704395
            ],
            [
              52.163631,
              21.0704297
            ]
          ],
          [
            [
              52.160137,
              21.0721961
            ],
            [
              52.160178,
              21.0721412
            ],
            [
              52.1602186,
              21.0720878
            ]
          ],
          [
            [
              52.1614945,
              21.0710567
            ],
            [
              52.1616468,
              21.0709643
            ],
            [
              52.1616982,
              21.0709339
            ],
            [
              52.1617513,
              21.0709027
            ],
            [
              52.1617995,
              21.0708758
            ],
            [
              52.161853,
              21.0708469
            ],
            [
              52.1619024,
              21.0708203
            ],
            [
              52.1619534,
              21.0707942
            ]
          ],
          [
            [
              52.1687669,
              21.0685613
            ],
            [
              52.168963,
              21.0685251
            ],
            [
              52.1690172,
              21.0685133
            ],
            [
              52.169071,
              21.0685004
            ],
            [
              52.1691248,
              21.0684865
            ],
            [
              52.1691963,
              21.0684674
            ],
            [
              52.1693146,
              21.068432
            ]
          ],
          [
            [
              52.1680875,
              21.0687823
            ],
            [
              52.1685545,
              21.0686176
            ]
          ],
          [
            [
              52.1666261,
              21.0690279
            ],
            [
              52.1668629,
              21.0689401
            ],
            [
              52.1669133,
              21.0689182
            ],
            [
              52.1669551,
              21.0688992
            ],
            [
              52.1669941,
              21.0688806
            ],
            [
              52.1670466,
              21.0688576
            ],
            [
              52.1670888,
              21.0688413
            ]
          ],
          [
            [
              52.1607791,
              21.0715246
            ],
            [
              52.1608545,
              21.0714643
            ],
            [
              52.1609129,
              21.0714205
            ],
            [
              52.160964,
              21.0713842
            ],
            [
              52.1610109,
              21.0713522
            ],
            [
              52.1610632,
              21.0713185
            ],
            [
              52.1611144,
              21.0712874
            ]
          ],
          [
            [
              52.1573741,
              21.0757696
            ],
            [
              52.1574156,
              21.0757206
            ],
            [
              52.1574539,
              21.0756775
            ],
            [
              52.1574952,
              21.0756287
            ]
          ],
          [
            [
              52.1575308,
              21.075994
            ],
            [
              52.157806,
              21.0756347
            ],
            [
              52.157852,
              21.0755743
            ],
            [
              52.1578916,
              21.0755252
            ]
          ],
          [
            [
              52.1611144,
              21.0712874
            ],
            [
              52.1612859,
              21.0711834
            ],
            [
              52.1614945,
              21.0710567
            ]
          ],
          [
            [
              52.1619534,
              21.0707942
            ],
            [
              52.1620053,
              21.0707687
            ],
            [
              52.1620753,
              21.0707347
            ],
            [
              52.1621512,
              21.0706999
            ],
            [
              52.1622296,
              21.0706654
            ],
            [
              52.1623496,
              21.0706167
            ],
            [
              52.1625215,
              21.0705519
            ],
            [
              52.1625549,
              21.0705395
            ],
            [
              52.1625826,
              21.0705292
            ],
            [
              52.162624,
              21.0705139
            ]
          ],
          [
            [
              52.1696994,
              21.0682839
            ],
            [
              52.1698008,
              21.0682397
            ]
          ]
        ]
      }
    },
    {
      "type": "Feature",
      "properties": {
        "name": "Jerzego Beniamina Flatta",
        "highway": "residential"
      },
      "geometry": {
        "type": "MultiLineString",
        "coordinates": [
          [
            [
              52.1584632,
              21.066796
            ],
            [
              52.1585672,
              21.0666318
            ],
            [
              52.1586087,
              21.0665633
            ],
            [
              52.1586208,
              21.0665464
            ],
            [
              52.1589259,
              21.0661077
            ],
            [
              52.1590058,
              21.0659928
            ],
            [
              52.1592111,
              21.0656976
            ],
            [
              52.1595668,
              21.0651811
            ],
            [
              52.159639,
              21.0650811
            ],
            [
              52.1597581,
              21.0649039
            ],
            [
              52.1598779,
              21.0647534
            ],
            [
              52.1599772,
              21.0646414
            ],
            [
              52.1600042,
              21.0646115
            ],
            [
              52.1600601,
              21.0645497
            ],
            [
              52.1600794,
              21.0645284
            ],
            [
              52.1602107,
              21.0644106
            ],
            [
              52.1603976,
              21.0642641
            ],
            [
              52.1605998,
              21.0641352
            ],
            [
              52.1608734,
              21.0640128
            ],
            [
              52.1610908,
              21.06395
            ],
            [
              52.1612078,
              21.0639242
            ],
            [
              52.1612982,
              21.0639165
            ],
            [
              52.1615674,
              21.0639274
            ],
            [
              52.1617827,
              21.0639538
            ],
            [
              52.161971,
              21.0640078
            ],
            [
              52.1621637,
              21.0640912
            ],
            [
              52.1623549,
              21.0641975
            ],
            [
              52.1624303,
              21.0642481
            ],
            [
              52.1626349,
              21.0643852
            ]
          ],
          [
            [
              52.1583078,
              21.0671755
            ],
            [
              52.1583601,
              21.0670479
            ],
            [
              52.1584632,
              21.066796
            ]
          ],
          [
            [
              52.1582454,
              21.0670408
            ],
            [
              52.1583074,
              21.0669707
            ],
            [
              52.1584632,
              21.066796
            ]
          ]
        ]
      }
    },
    {
      "type": "Feature",
      "properties": {
        "name": "Arcybiskupa Józefa Teodorowicza",
        "highway": "residential"
      },
      "geometry": {
        "type": "MultiLineString",
        "coordinates": [
          [
            [
              52.1580143,
              21.0782553
            ],
            [
              52.1580844,
              21.0781742
            ],
            [
              52.1586228,
              21.0775519
            ],
            [
              52.1586801,
              21.0774857
            ],
            [
              52.1587555,
              21.0773982
            ],
            [
              52.1588554,
              21.0772863
            ],
            [
              52.1589512,
              21.0771791
            ],
            [
              52.1594495,
              21.076621
            ],
            [
              52.159471,
              21.0765967
            ],
            [
              52.1602772,
              21.0756833
            ],
            [
              52.1604003,
              21.0755441
            ],
            [
              52.1604077,
              21.0755357
            ],
            [
              52.1610687,
              21.0747882
            ],
            [
              52.1611497,
              21.0746993
            ]
          ]
        ]
      }
    },
    {
      "type": "Feature",
      "properties": {
        "name": "Herbu Szreniawa",
        "highway": "residential"
      },
      "geometry": {
        "type": "MultiLineString",
        "coordinates": [
          [
            [
              52.1604312,
              21.0785881
            ],
            [
              52.1604903,
              21.0787176
            ],
            [
              52.1607781,
              21.0792764
            ],
            [
              52.1609118,
              21.0795361
            ],
            [
              52.1609701,
              21.0796515
            ],
            [
              52.1610244,
              21.0797574
            ],
            [
              52.1612483,
              21.0801941
            ],
            [
              52.1614669,
              21.0806205
            ],
            [
              52.1615265,
              21.0807424
            ],
            [
              52.1615578,
              21.080808
            ]
          ],
          [
            [
              52.1599017,
              21.0775097
            ],
            [
              52.160293,
              21.0783256
            ],
            [
              52.160306,
              21.0783528
            ],
            [
              52.1603342,
              21.0784098
            ]
          ],
          [
            [
              52.1587152,
              21.0749538
            ],
            [
              52.159471,
              21.0765967
            ],
            [
              52.1598087,
              21.0773125
            ],
            [
              52.1599017,
              21.0775097
            ]
          ],
          [
            [
              52.1615578,
              21.080808
            ],
            [
              52.1616234,
              21.0809589
            ],
            [
              52.1618354,
              21.0814908
            ]
          ]
        ]
      }
    },
    {
      "type": "Feature",
      "properties": {
        "name": "Sejmu Czteroletniego",
        "highway": "residential"
      },
      "geometry": {
        "type": "MultiLineString",
        "coordinates": [
          [
            [
              52.1566202,
              21.0695906
            ],
            [
              52.1566616,
              21.0696987
            ],
            [
              52.1566766,
              21.0697377
            ],
            [
              52.1570468,
              21.0707031
            ],
            [
              52.1571431,
              21.0709542
            ],
            [
              52.1572184,
              21.0711505
            ],
            [
              52.1573293,
              21.0714399
            ],
            [
              52.1575789,
              21.0720905
            ],
            [
              52.1576431,
              21.0722581
            ],
            [
              52.1576867,
              21.0723718
            ],
            [
              52.1577259,
              21.0724784
            ],
            [
              52.1581535,
              21.0735905
            ],
            [
              52.1583662,
              21.0741534
            ],
            [
              52.1583787,
              21.0741859
            ],
            [
              52.1583969,
              21.0742331
            ],
            [
              52.1584559,
              21.0743867
            ]
          ],
          [
            [
              52.1584697,
              21.0747857
            ],
            [
              52.1584904,
              21.0746119
            ],
            [
              52.1584956,
              21.0745668
            ],
            [
              52.158496,
              21.0745252
            ],
            [
              52.1584954,
              21.07451
            ],
            [
              52.1584917,
              21.0744848
            ],
            [
              52.158486,
              21.0744648
            ]
          ],
          [
            [
              52.1584559,
              21.0743867
            ],
            [
              52.158486,
              21.0744648
            ]
          ],
          [
            [
              52.158486,
              21.0744648
            ],
            [
              52.1584957,
              21.0744824
            ],
            [
              52.1585065,
              21.0744962
            ],
            [
              52.1585197,
              21.074507
            ],
            [
              52.1585337,
              21.0745166
            ],
            [
              52.1585481,
              21.0745238
            ],
            [
              52.1585608,
              21.0745287
            ],
            [
              52.1585834,
              21.0745316
            ],
            [
              52.1586077,
              21.074529
            ],
            [
              52.1586519,
              21.0745157
            ]
          ]
        ]
      }
    },
    {
      "type": "Feature",
      "properties": {
        "name": "Kazachska",
        "highway": "residential"
      },
      "geometry": {
        "type": "MultiLineString",
        "coordinates": [
          [
            [
              52.1587688,
              21.0818614
            ],
            [
              52.1590281,
              21.0816009
            ],
            [
              52.1591415,
              21.081487
            ],
            [
              52.159195,
              21.0814338
            ],
            [
              52.1594884,
              21.0811415
            ],
            [
              52.1595396,
              21.0810905
            ],
            [
              52.159796,
              21.0808354
            ],
            [
              52.1599514,
              21.0806806
            ],
            [
              52.160098,
              21.0805327
            ],
            [
              52.1602217,
              21.0804079
            ],
            [
              52.1604735,
              21.0801539
            ],
            [
              52.1608916,
              21.0797302
            ],
            [
              52.1609701,
              21.0796515
            ],
            [
              52.161055,
              21.0795702
            ],
            [
              52.1615459,
              21.0790739
            ],
            [
              52.1617249,
              21.0788929
            ],
            [
              52.1618533,
              21.0787668
            ],
            [
              52.162323,
              21.0783056
            ],
            [
              52.1623896,
              21.0782395
            ],
            [
              52.1624749,
              21.0781563
            ]
          ]
        ]
      }
    },
    {
      "type": "Feature",
      "properties": {
        "name": "Rondo kardynała Adama Sapiehy",
        "highway": "residential"
      },
      "geometry": {
        "type": "MultiLineString",
        "coordinates": [
          [
            [
              52.1581644,
              21.0672646
            ],
            [
              52.1581798,
              21.0672855
            ],
            [
              52.1581979,
              21.0672998
            ],
            [
              52.1582151,
              21.0673062
            ],
            [
              52.1582328,
              21.0673065
            ],
            [
              52.158258,
              21.0672959
            ],
            [
              52.1582799,
              21.0672731
            ],
            [
              52.1582965,
              21.0672403
            ],
            [
              52.158306,
              21.0672008
            ],
            [
              52.1583078,
              21.0671755
            ],
            [
              52.1583039,
              21.0671306
            ],
            [
              52.1582911,
              21.0670903
            ],
            [
              52.1582708,
              21.0670592
            ],
            [
              52.1582454,
              21.0670408
            ],
            [
              52.1582213,
              21.0670367
            ],
            [
              52.1581975,
              21.0670441
            ],
            [
              52.158176,
              21.0670625
            ],
            [
              52.1581582,
              21.0670912
            ],
            [
              52.1581465,
              21.0671273
            ],
            [
              52.1581419,
              21.0671675
            ],
            [
              52.1581449,
              21.067208
            ],
            [
              52.1581525,
              21.0672382
            ],
            [
              52.1581644,
              21.0672646
            ]
          ]
        ]
      }
    },
    {
      "type": "Feature",
      "properties": {
        "name": "Adama Worobczuka",
        "highway": "residential"
      },
      "geometry": {
        "type": "MultiLineString",
        "coordinates": [
          [
            [
              52.1547154,
              21.067285
            ],
            [
              52.1549395,
              21.0679834
            ],
            [
              52.1550102,
              21.0682214
            ],
            [
              52.1550595,
              21.0683667
            ],
            [
              52.1554373,
              21.0692801
            ],
            [
              52.1555779,
              21.0696372
            ],
            [
              52.1556653,
              21.0698443
            ],
            [
              52.1556964,
              21.0699355
            ],
            [
              52.1557607,
              21.0701791
            ],
            [
              52.1557679,
              21.0702035
            ],
            [
              52.155785,
              21.0703041
            ]
          ]
        ]
      }
    },
    {
      "type": "Feature",
      "properties": {
        "name": "Europejska",
        "highway": "residential"
      },
      "geometry": {
        "type": "MultiLineString",
        "coordinates": [
          [
            [
              52.1540622,
              21.0911211
            ],
            [
              52.1540332,
              21.0911674
            ],
            [
              52.1540127,
              21.0912289
            ],
            [
              52.1540027,
              21.0912973
            ],
            [
              52.1539993,
              21.0913354
            ],
            [
              52.1540011,
              21.0913732
            ],
            [
              52.1540095,
              21.0914282
            ],
            [
              52.1540239,
              21.0914911
            ],
            [
              52.1540448,
              21.0915505
            ],
            [
              52.154091,
              21.091655
            ],
            [
              52.154146,
              21.0918024
            ]
          ],
          [
            [
              52.1603997,
              21.0926348
            ],
            [
              52.160489,
              21.092533
            ],
            [
              52.1605886,
              21.0924253
            ]
          ],
          [
            [
              52.154146,
              21.0918024
            ],
            [
              52.1541724,
              21.0918418
            ],
            [
              52.1542099,
              21.0918976
            ],
            [
              52.1542644,
              21.0919787
            ],
            [
              52.1543102,
              21.092047
            ],
            [
              52.1543439,
              21.0920971
            ],
            [
              52.154384,
              21.092154
            ],
            [
              52.1544644,
              21.0922678
            ],
            [
              52.1544697,
              21.0922754
            ],
            [
              52.1544784,
              21.0922877
            ],
            [
              52.1546285,
              21.0925005
            ],
            [
              52.1546517,
              21.0925333
            ],
            [
              52.1546696,
              21.0925606
            ],
            [
              52.1546802,
              21.0925767
            ],
            [
              52.1547059,
              21.0926156
            ],
            [
              52.154794,
              21.0927404
            ],
            [
              52.1548303,
              21.0927949
            ],
            [
              52.1549654,
              21.0929843
            ],
            [
              52.1549783,
              21.0930036
            ],
            [
              52.1550075,
              21.0930446
            ],
            [
              52.155124,
              21.0932123
            ],
            [
              52.1551534,
              21.0932547
            ],
            [
              52.1552053,
              21.09333
            ],
            [
              52.1552387,
              21.0933749
            ],
            [
              52.1552655,
              21.093415
            ],
            [
              52.1553172,
              21.0934924
            ],
            [
              52.1553546,
              21.0935467
            ],
            [
              52.1554507,
              21.093686
            ],
            [
              52.1554802,
              21.0937291
            ],
            [
              52.1556222,
              21.0939366
            ],
            [
              52.155713,
              21.0940586
            ],
            [
              52.1557325,
              21.0940849
            ],
            [
              52.1557757,
              21.0941429
            ],
            [
              52.1557875,
              21.0941588
            ],
            [
              52.1558979,
              21.0943145
            ],
            [
              52.1559911,
              21.094446
            ],
            [
              52.1561191,
              21.0946267
            ],
            [
              52.1561318,
              21.0946456
            ],
            [
              52.1562059,
              21.0947511
            ],
            [
              52.1562542,
              21.0948198
            ],
            [
              52.1563046,
              21.0948916
            ],
            [
              52.156327,
              21.0949236
            ],
            [
              52.156408,
              21.0950386
            ],
            [
              52.1564491,
              21.0950969
            ],
            [
              52.1565002,
              21.0951695
            ],
            [
              52.156615,
              21.0953324
            ],
            [
              52.1566475,
              21.0953798
            ],
            [
              52.1566812,
              21.0954288
            ],
            [
              52.156766,
              21.0955473
            ],
            [
              52.1567824,
              21.0955701
            ],
            [
              52.1569011,
              21.0957359
            ],
            [
              52.1569318,
              21.0957825
            ],
            [
              52.1569593,
              21.0958243
            ],
            [
              52.1570402,
              21.0959471
            ],
            [
              52.1570668,
              21.0959866
            ],
            [
              52.1571408,
              21.096097
            ],
            [
              52.1572077,
              21.0961968
            ],
            [
              52.157236,
              21.0962378
            ],
            [
              52.157348,
              21.0964006
            ],
            [
              52.1574814,
              21.0965942
            ],
            [
              52.1575221,
              21.0966512
            ],
            [
              52.1576801,
              21.0968769
            ],
            [
              52.1576869,
              21.0968865
            ],
            [
              52.157731,
              21.0969476
            ],
            [
              52.1577745,
              21.0970079
            ],
            [
              52.1577895,
              21.0970039
            ],
            [
              52.1578021,
              21.0970005
            ],
            [
              52.1578202,
              21.0969889
            ],
            [
              52.1578316,
              21.0969755
            ],
            [
              52.1579031,
              21.0968656
            ],
            [
              52.1580442,
              21.0966299
            ],
            [
              52.1583103,
              21.0961638
            ],
            [
              52.158368,
              21.096058
            ],
            [
              52.1584145,
              21.095974
            ],
            [
              52.1584844,
              21.0958594
            ],
            [
              52.1586655,
              21.0955544
            ],
            [
              52.1587534,
              21.095402
            ],
            [
              52.1587912,
              21.0953287
            ],
            [
              52.1589047,
              21.095117
            ],
            [
              52.1589429,
              21.0950511
            ],
            [
              52.1589954,
              21.0949588
            ],
            [
              52.1590723,
              21.0948276
            ],
            [
              52.1591097,
              21.094763
            ],
            [
              52.1591738,
              21.0946522
            ],
            [
              52.1594036,
              21.0942548
            ],
            [
              52.1594414,
              21.0941895
            ],
            [
              52.1594656,
              21.0941514
            ],
            [
              52.159661,
              21.0938068
            ],
            [
              52.1596968,
              21.0937446
            ],
            [
              52.1597082,
              21.0937247
            ],
            [
              52.1598132,
              21.0935418
            ],
            [
              52.1599821,
              21.0932475
            ],
            [
              52.1600218,
              21.0931821
            ],
            [
              52.1601969,
              21.0928974
            ],
            [
              52.1602617,
              21.0927919
            ],
            [
              52.1603363,
              21.0927049
            ],
            [
              52.1603573,
              21.0926817
            ],
            [
              52.1603997,
              21.0926348
            ]
          ],
          [
            [
              52.1536752,
              21.0913126
            ],
            [
              52.1537483,
              21.0913199
            ],
            [
              52.153795,
              21.0913353
            ],
            [
              52.1538357,
              21.0913615
            ],
            [
              52.1538662,
              21.0914045
            ],
            [
              52.1538927,
              21.0914558
            ],
            [
              52.1539113,
              21.0915041
            ],
            [
              52.1539663,
              21.0916206
            ],
            [
              52.154047,
              21.0917193
            ],
            [
              52.154093,
              21.091766
            ],
            [
              52.154146,
              21.0918024
            ]
          ]
        ]
      }
    },
    {
      "type": "Feature",
      "properties": {
        "name": "Uprawna",
        "highway": "residential"
      },
      "geometry": {
        "type": "MultiLineString",
        "coordinates": [
          [
            [
              52.1560703,
              21.0909672
            ],
            [
              52.156099,
              21.09108
            ],
            [
              52.1561251,
              21.0912259
            ],
            [
              52.156191,
              21.0916243
            ],
            [
              52.1562192,
              21.0917757
            ],
            [
              52.1562474,
              21.0919096
            ],
            [
              52.1562633,
              21.091961
            ],
            [
              52.1562809,
              21.0920033
            ],
            [
              52.1562929,
              21.0920242
            ],
            [
              52.1565289,
              21.0923386
            ],
            [
              52.1568445,
              21.0927659
            ]
          ],
          [
            [
              52.1570139,
              21.0930501
            ],
            [
              52.1570263,
              21.0930535
            ],
            [
              52.1570346,
              21.093057
            ],
            [
              52.1570438,
              21.0930636
            ],
            [
              52.1570496,
              21.09307
            ],
            [
              52.1571841,
              21.0932399
            ],
            [
              52.157236,
              21.0933055
            ],
            [
              52.1572991,
              21.0933827
            ],
            [
              52.1573126,
              21.0933992
            ],
            [
              52.157352,
              21.0934471
            ],
            [
              52.1574294,
              21.0935408
            ],
            [
              52.1575775,
              21.0937442
            ],
            [
              52.1576338,
              21.0938217
            ],
            [
              52.157659,
              21.0938563
            ],
            [
              52.1576777,
              21.0938821
            ],
            [
              52.1577725,
              21.0940088
            ],
            [
              52.1577828,
              21.0940218
            ],
            [
              52.1578868,
              21.0941529
            ],
            [
              52.1579088,
              21.0941807
            ],
            [
              52.1580002,
              21.0942957
            ],
            [
              52.1580981,
              21.0944205
            ],
            [
              52.1581298,
              21.0944619
            ],
            [
              52.1581996,
              21.0945535
            ],
            [
              52.1582786,
              21.0946593
            ],
            [
              52.1583453,
              21.0947456
            ],
            [
              52.1583747,
              21.0947837
            ],
            [
              52.1584201,
              21.0948424
            ],
            [
              52.1584706,
              21.0949077
            ],
            [
              52.1585578,
              21.0950195
            ],
            [
              52.1586245,
              21.0951051
            ],
            [
              52.1586327,
              21.095115
            ],
            [
              52.1587219,
              21.0952387
            ],
            [
              52.1587912,
              21.0953287
            ]
          ],
          [
            [
              52.1559335,
              21.0898407
            ],
            [
              52.155913,
              21.0899218
            ],
            [
              52.1558957,
              21.0900137
            ],
            [
              52.1558961,
              21.090062
            ],
            [
              52.1559044,
              21.0901216
            ],
            [
              52.1559207,
              21.0902006
            ],
            [
              52.1559338,
              21.0902644
            ]
          ],
          [
            [
              52.1559338,
              21.0902644
            ],
            [
              52.155954,
              21.0903593
            ],
            [
              52.1559749,
              21.0905675
            ]
          ],
          [
            [
              52.1559749,
              21.0905675
            ],
            [
              52.1560363,
              21.0908248
            ],
            [
              52.1560703,
              21.0909672
            ]
          ],
          [
            [
              52.1558739,
              21.090281
            ],
            [
              52.1559027,
              21.0903889
            ],
            [
              52.1559749,
              21.0905675
            ]
          ],
          [
            [
              52.1557904,
              21.0899435
            ],
            [
              52.1557983,
              21.0898729
            ],
            [
              52.1558193,
              21.0898064
            ],
            [
              52.155845,
              21.0897522
            ],
            [
              52.15594,
              21.0896525
            ],
            [
              52.1563083,
              21.0892934
            ]
          ],
          [
            [
              52.1557904,
              21.0899435
            ],
            [
              52.1558447,
              21.0901653
            ],
            [
              52.1558739,
              21.090281
            ]
          ]
        ]
      }
    },
    {
      "type": "Feature",
      "properties": {
        "name": "Most Anny Jagiellonki",
        "highway": "motorway"
      },
      "geometry": {
        "type": "MultiLineString",
        "coordinates": [
          [
            [
              52.1599512,
              21.1354238
            ],
            [
              52.1603792,
              21.1376441
            ],
            [
              52.1605354,
              21.1384725
            ]
          ],
          [
            [
              52.160956,
              21.1415819
            ],
            [
              52.1610815,
              21.1422284
            ],
            [
              52.1618135,
              21.1460262
            ]
          ],
          [
            [
              52.1605354,
              21.1384725
            ],
            [
              52.1619777,
              21.1459531
            ]
          ],
          [
            [
              52.159785,
              21.1355095
            ],
            [
              52.160956,
              21.1415819
            ]
          ]
        ]
      }
    },
    {
      "type": "Feature",
      "properties": {
        "name": "Sielanki",
        "highway": "residential"
      },
      "geometry": {
        "type": "MultiLineString",
        "coordinates": [
          [
            [
              52.1747887,
              21.0867501
            ],
            [
              52.1748601,
              21.086784
            ],
            [
              52.1748997,
              21.0867897
            ],
            [
              52.1749416,
              21.0867662
            ],
            [
              52.1749767,
              21.0867268
            ],
            [
              52.1752612,
              21.0864632
            ],
            [
              52.175394,
              21.0863632
            ],
            [
              52.1754296,
              21.0863308
            ],
            [
              52.1756365,
              21.0861295
            ],
            [
              52.1756936,
              21.086061
            ],
            [
              52.1757371,
              21.0859907
            ],
            [
              52.175806,
              21.0858607
            ],
            [
              52.1758132,
              21.0858471
            ],
            [
              52.175829,
              21.0858174
            ],
            [
              52.1758961,
              21.0856687
            ],
            [
              52.1759613,
              21.085502
            ],
            [
              52.1759799,
              21.0854541
            ],
            [
              52.1759916,
              21.0854072
            ],
            [
              52.1760977,
              21.0847454
            ],
            [
              52.1761618,
              21.0843618
            ],
            [
              52.1762496,
              21.0836705
            ],
            [
              52.1762558,
              21.0836052
            ],
            [
              52.1762558,
              21.0835348
            ],
            [
              52.1762574,
              21.0832994
            ],
            [
              52.1762498,
              21.0829594
            ],
            [
              52.1762554,
              21.0825674
            ],
            [
              52.1762685,
              21.0823942
            ],
            [
              52.1762929,
              21.082044
            ],
            [
              52.1763683,
              21.0814017
            ],
            [
              52.1763669,
              21.0813363
            ],
            [
              52.1763536,
              21.0812839
            ],
            [
              52.1763326,
              21.081236
            ],
            [
              52.1762894,
              21.0811724
            ]
          ]
        ]
      }
    },
    {
      "type": "Feature",
      "properties": {
        "name": "Mieczykowa",
        "highway": "residential"
      },
      "geometry": {
        "type": "MultiLineString",
        "coordinates": [
          [
            [
              52.1670649,
              21.0590167
            ],
            [
              52.1673327,
              21.0589686
            ],
            [
              52.1676613,
              21.0589095
            ],
            [
              52.1680266,
              21.0588505
            ],
            [
              52.1681097,
              21.0588371
            ],
            [
              52.1682599,
              21.0588128
            ],
            [
              52.1682922,
              21.0588076
            ],
            [
              52.1684487,
              21.0587788
            ],
            [
              52.1691544,
              21.0586487
            ],
            [
              52.1691577,
              21.0587021
            ],
            [
              52.1691646,
              21.0588137
            ]
          ],
          [
            [
              52.1698458,
              21.0583371
            ],
            [
              52.169882,
              21.0583242
            ]
          ],
          [
            [
              52.169783,
              21.0583599
            ],
            [
              52.1698458,
              21.0583371
            ]
          ],
          [
            [
              52.1691577,
              21.0587021
            ],
            [
              52.1691996,
              21.0586968
            ]
          ],
          [
            [
              52.1691996,
              21.0586968
            ],
            [
              52.1693849,
              21.0586639
            ],
            [
              52.1694219,
              21.0586574
            ],
            [
              52.1697121,
              21.0586059
            ],
            [
              52.1697822,
              21.0585935
            ],
            [
              52.1697559,
              21.0583702
            ],
            [
              52.169783,
              21.0583599
            ]
          ],
          [
            [
              52.1668481,
              21.0590564
            ],
            [
              52.166998,
              21.0590286
            ],
            [
              52.1670649,
              21.0590167
            ]
          ]
        ]
      }
    },
    {
      "type": "Feature",
      "properties": {
        "name": "Winogronowa",
        "highway": "service"
      },
      "geometry": {
        "type": "MultiLineString",
        "coordinates": [
          [
            [
              52.1701072,
              21.0622721
            ],
            [
              52.1701902,
              21.062291
            ]
          ],
          [
            [
              52.1701902,
              21.062291
            ],
            [
              52.1702125,
              21.0622942
            ]
          ],
          [
            [
              52.1698924,
              21.062246
            ],
            [
              52.1699493,
              21.0622424
            ],
            [
              52.1699933,
              21.06225
            ],
            [
              52.1700633,
              21.0622622
            ]
          ],
          [
            [
              52.166047,
              21.0628499
            ],
            [
              52.1661261,
              21.0628364
            ],
            [
              52.1661513,
              21.0628322
            ],
            [
              52.1662586,
              21.0628139
            ],
            [
              52.1663712,
              21.0627948
            ],
            [
              52.1664928,
              21.0627741
            ],
            [
              52.1666317,
              21.0627504
            ],
            [
              52.166741,
              21.0627318
            ],
            [
              52.1668499,
              21.0627133
            ],
            [
              52.1672069,
              21.0626526
            ],
            [
              52.1673421,
              21.0626296
            ],
            [
              52.1674682,
              21.0626081
            ],
            [
              52.1678551,
              21.062543
            ],
            [
              52.1678583,
              21.0625425
            ],
            [
              52.1679385,
              21.062529
            ],
            [
              52.1679959,
              21.0625184
            ],
            [
              52.1681488,
              21.0624924
            ],
            [
              52.168288,
              21.0624687
            ],
            [
              52.1683995,
              21.0624497
            ],
            [
              52.1686425,
              21.0624084
            ],
            [
              52.1686556,
              21.0624061
            ],
            [
              52.1688816,
              21.0623677
            ],
            [
              52.1689005,
              21.0623645
            ],
            [
              52.1690857,
              21.062333
            ],
            [
              52.1692623,
              21.0623029
            ],
            [
              52.1693057,
              21.0622955
            ],
            [
              52.1694227,
              21.0622756
            ],
            [
              52.1695246,
              21.0622583
            ]
          ],
          [
            [
              52.1695246,
              21.0622583
            ],
            [
              52.1695459,
              21.0622804
            ],
            [
              52.1695786,
              21.0622877
            ],
            [
              52.1698924,
              21.062246
            ]
          ],
          [
            [
              52.1700633,
              21.0622622
            ],
            [
              52.1700925,
              21.0622688
            ],
            [
              52.1701072,
              21.0622721
            ]
          ]
        ]
      }
    },
    {
      "type": "Feature",
      "properties": {
        "name": "Pamiętna",
        "highway": "residential"
      },
      "geometry": {
        "type": "MultiLineString",
        "coordinates": [
          [
            [
              52.156525,
              21.0626184
            ],
            [
              52.1568338,
              21.0623654
            ],
            [
              52.157087,
              21.0621579
            ],
            [
              52.1580499,
              21.061369
            ],
            [
              52.1585023,
              21.0609983
            ],
            [
              52.1587043,
              21.0608244
            ],
            [
              52.159795,
              21.059882
            ],
            [
              52.1598157,
              21.0598641
            ]
          ]
        ]
      }
    },
    {
      "type": "Feature",
      "properties": {
        "name": "Mango",
        "highway": "residential"
      },
      "geometry": {
        "type": "MultiLineString",
        "coordinates": [
          [
            [
              52.1678758,
              21.0618442
            ],
            [
              52.1678846,
              21.0619411
            ],
            [
              52.1679385,
              21.062529
            ]
          ],
          [
            [
              52.1676613,
              21.0589095
            ],
            [
              52.1677044,
              21.0594737
            ],
            [
              52.1677074,
              21.059513
            ],
            [
              52.1677145,
              21.0596061
            ],
            [
              52.1677271,
              21.0597758
            ],
            [
              52.1677567,
              21.0601416
            ],
            [
              52.167822,
              21.0610709
            ]
          ],
          [
            [
              52.1675152,
              21.0569578
            ],
            [
              52.1675605,
              21.0575113
            ],
            [
              52.1676326,
              21.0585113
            ],
            [
              52.1676613,
              21.0589095
            ]
          ],
          [
            [
              52.1674189,
              21.0552745
            ],
            [
              52.1674233,
              21.0553465
            ],
            [
              52.1674423,
              21.0556562
            ],
            [
              52.1674649,
              21.0560245
            ]
          ],
          [
            [
              52.1674649,
              21.0560245
            ],
            [
              52.1674607,
              21.0562911
            ],
            [
              52.1674763,
              21.0564818
            ],
            [
              52.1674938,
              21.056696
            ],
            [
              52.1675152,
              21.0569578
            ]
          ],
          [
            [
              52.1679385,
              21.062529
            ],
            [
              52.1679369,
              21.062684
            ],
            [
              52.1679337,
              21.0629918
            ],
            [
              52.167931,
              21.0632485
            ],
            [
              52.1679657,
              21.0638872
            ],
            [
              52.1679733,
              21.0640278
            ]
          ],
          [
            [
              52.167822,
              21.0610709
            ],
            [
              52.1678683,
              21.0617383
            ],
            [
              52.1678758,
              21.0618442
            ]
          ]
        ]
      }
    },
    {
      "type": "Feature",
      "properties": {
        "name": "Pigwy",
        "highway": "residential"
      },
      "geometry": {
        "type": "MultiLineString",
        "coordinates": [
          [
            [
              52.1696359,
              21.0571074
            ],
            [
              52.169715,
              21.0570953
            ]
          ],
          [
            [
              52.1655131,
              21.0577151
            ],
            [
              52.16579,
              21.0576718
            ],
            [
              52.1658423,
              21.0576636
            ],
            [
              52.1661332,
              21.0576146
            ],
            [
              52.166343,
              21.0575793
            ],
            [
              52.166408,
              21.0575683
            ],
            [
              52.1666044,
              21.0575352
            ],
            [
              52.1668113,
              21.0575004
            ],
            [
              52.1668456,
              21.0574946
            ],
            [
              52.1670391,
              21.057462
            ],
            [
              52.167079,
              21.057466
            ],
            [
              52.1673949,
              21.0574973
            ],
            [
              52.1674619,
              21.057504
            ],
            [
              52.1675605,
              21.0575113
            ],
            [
              52.1676659,
              21.0574979
            ],
            [
              52.1680076,
              21.0574392
            ],
            [
              52.1683626,
              21.0573782
            ],
            [
              52.1685285,
              21.0573539
            ],
            [
              52.168656,
              21.0573352
            ],
            [
              52.1686666,
              21.0573336
            ],
            [
              52.1687446,
              21.0573222
            ],
            [
              52.169034,
              21.0572694
            ],
            [
              52.1690707,
              21.0572627
            ],
            [
              52.1691903,
              21.0572408
            ],
            [
              52.1692342,
              21.0572058
            ],
            [
              52.1692484,
              21.057194
            ],
            [
              52.1692804,
              21.0571675
            ],
            [
              52.1693782,
              21.0571508
            ],
            [
              52.1694184,
              21.0571441
            ],
            [
              52.1695845,
              21.0571161
            ],
            [
              52.1696359,
              21.0571074
            ]
          ]
        ]
      }
    },
    {
      "type": "Feature",
      "properties": {
        "name": "Aksamitki",
        "highway": "residential"
      },
      "geometry": {
        "type": "MultiLineString",
        "coordinates": [
          [
            [
              52.1642145,
              21.0565654
            ],
            [
              52.1644315,
              21.0565255
            ],
            [
              52.1644573,
              21.0565186
            ],
            [
              52.1645371,
              21.0564972
            ],
            [
              52.1648293,
              21.0564308
            ]
          ],
          [
            [
              52.1651513,
              21.0563675
            ],
            [
              52.1653724,
              21.056354
            ],
            [
              52.1660374,
              21.0562754
            ],
            [
              52.166086,
              21.0562715
            ],
            [
              52.1661164,
              21.0562896
            ],
            [
              52.166155,
              21.0563248
            ],
            [
              52.1661809,
              21.0563672
            ]
          ],
          [
            [
              52.1661809,
              21.0563672
            ],
            [
              52.166246,
              21.0565134
            ]
          ],
          [
            [
              52.1648293,
              21.0564308
            ],
            [
              52.164851,
              21.056422
            ],
            [
              52.1648886,
              21.0564139
            ],
            [
              52.1651276,
              21.0563717
            ],
            [
              52.1651513,
              21.0563675
            ]
          ]
        ]
      }
    },
    {
      "type": "Feature",
      "properties": {
        "name": "Południowa Obwodnica Warszawy",
        "highway": "motorway"
      },
      "geometry": {
        "type": "MultiLineString",
        "coordinates": [
          [
            [
              52.1525684,
              21.0803004
            ],
            [
              52.1528616,
              21.0768216
            ],
            [
              52.1529423,
              21.0755214
            ],
            [
              52.1529568,
              21.0747908
            ],
            [
              52.1529576,
              21.0739843
            ],
            [
              52.1529405,
              21.0731668
            ]
          ],
          [
            [
              52.159537,
              21.1332827
            ],
            [
              52.1597797,
              21.1345462
            ],
            [
              52.1599512,
              21.1354238
            ]
          ],
          [
            [
              52.1592707,
              21.1328841
            ],
            [
              52.1593681,
              21.1333816
            ],
            [
              52.1596119,
              21.134626
            ],
            [
              52.159785,
              21.1355095
            ]
          ],
          [
            [
              52.1552245,
              21.1184653
            ],
            [
              52.155777,
              21.1196502
            ],
            [
              52.1558809,
              21.1199007
            ],
            [
              52.1564517,
              21.1212132
            ],
            [
              52.1567561,
              21.1218914
            ],
            [
              52.1569389,
              21.1223487
            ],
            [
              52.1570893,
              21.122724
            ],
            [
              52.1573809,
              21.1235273
            ],
            [
              52.1576784,
              21.1244306
            ],
            [
              52.1579225,
              21.1252792
            ],
            [
              52.1580768,
              21.1258684
            ],
            [
              52.1581701,
              21.1262578
            ],
            [
              52.1582521,
              21.1266143
            ],
            [
              52.1583732,
              21.1271745
            ],
            [
              52.1584803,
              21.1277226
            ],
            [
              52.1588972,
              21.129868
            ],
            [
              52.1590975,
              21.1309173
            ]
          ],
          [
            [
              52.1510041,
              21.0995543
            ],
            [
              52.1510422,
              21.0989616
            ]
          ],
          [
            [
              52.1522382,
              21.1119687
            ],
            [
              52.1524119,
              21.1125013
            ],
            [
              52.1525789,
              21.1129853
            ]
          ],
          [
            [
              52.1549923,
              21.1185203
            ],
            [
              52.1554138,
              21.1195041
            ],
            [
              52.1555789,
              21.1198578
            ],
            [
              52.1556931,
              21.1201169
            ],
            [
              52.1560493,
              21.1209322
            ],
            [
              52.1564169,
              21.1217629
            ],
            [
              52.1568003,
              21.1226517
            ],
            [
              52.1571482,
              21.1235277
            ],
            [
              52.1575305,
              21.124695
            ],
            [
              52.1577892,
              21.1256136
            ],
            [
              52.1579495,
              21.1262443
            ],
            [
              52.1580994,
              21.1269135
            ],
            [
              52.1583881,
              21.1283321
            ],
            [
              52.1585353,
              21.1290721
            ],
            [
              52.158734,
              21.1300621
            ],
            [
              52.1589309,
              21.1310879
            ]
          ],
          [
            [
              52.1512727,
              21.1058039
            ],
            [
              52.1513077,
              21.1062203
            ],
            [
              52.1513518,
              21.1066745
            ],
            [
              52.151476,
              21.1076152
            ],
            [
              52.151564,
              21.1081792
            ],
            [
              52.1516773,
              21.1087907
            ],
            [
              52.1518361,
              21.1095494
            ],
            [
              52.1519952,
              21.110242
            ],
            [
              52.1521936,
              21.110997
            ],
            [
              52.1523345,
              21.1114764
            ],
            [
              52.1524748,
              21.1119346
            ]
          ],
          [
            [
              52.1524748,
              21.1119346
            ],
            [
              52.1526481,
              21.1124592
            ],
            [
              52.1528214,
              21.1129479
            ]
          ],
          [
            [
              52.1512444,
              21.0995898
            ],
            [
              52.1512919,
              21.098889
            ]
          ],
          [
            [
              52.15099,
              21.1053
            ],
            [
              52.1510474,
              21.1058992
            ],
            [
              52.1511369,
              21.1067275
            ],
            [
              52.1512582,
              21.1076899
            ],
            [
              52.1515178,
              21.1091873
            ]
          ],
          [
            [
              52.1517046,
              21.091067
            ],
            [
              52.1521621,
              21.0852019
            ]
          ],
          [
            [
              52.1522355,
              21.084288
            ],
            [
              52.1525684,
              21.0803004
            ]
          ],
          [
            [
              52.1521695,
              21.066787
            ],
            [
              52.1522914,
              21.0672377
            ],
            [
              52.1523623,
              21.0675045
            ],
            [
              52.1525183,
              21.0681823
            ],
            [
              52.1526253,
              21.0687071
            ],
            [
              52.1527315,
              21.0692406
            ],
            [
              52.1528075,
              21.0696629
            ]
          ],
          [
            [
              52.1524059,
              21.0849652
            ],
            [
              52.1524697,
              21.0842349
            ]
          ],
          [
            [
              52.1590975,
              21.1309173
            ],
            [
              52.1591643,
              21.1312811
            ],
            [
              52.1592206,
              21.1316278
            ]
          ],
          [
            [
              52.1592206,
              21.1316278
            ],
            [
              52.159537,
              21.1332827
            ]
          ],
          [
            [
              52.1590636,
              21.131787
            ],
            [
              52.1592707,
              21.1328841
            ]
          ],
          [
            [
              52.1589309,
              21.1310879
            ],
            [
              52.1590636,
              21.131787
            ]
          ],
          [
            [
              52.1516013,
              21.092301
            ],
            [
              52.1517046,
              21.091067
            ]
          ],
          [
            [
              52.1518018,
              21.0922508
            ],
            [
              52.1519055,
              21.091026
            ]
          ],
          [
            [
              52.1519055,
              21.091026
            ],
            [
              52.1523347,
              21.0857341
            ]
          ],
          [
            [
              52.1526339,
              21.0700323
            ],
            [
              52.1527149,
              21.0705998
            ],
            [
              52.1527864,
              21.0712259
            ],
            [
              52.1528284,
              21.0716379
            ],
            [
              52.152853,
              21.0718791
            ]
          ],
          [
            [
              52.1521621,
              21.0852019
            ],
            [
              52.1521771,
              21.0850227
            ]
          ],
          [
            [
              52.1523347,
              21.0857341
            ],
            [
              52.1524059,
              21.0849652
            ]
          ],
          [
            [
              52.1531046,
              21.0719984
            ],
            [
              52.1531819,
              21.0732744
            ],
            [
              52.1532011,
              21.0740284
            ],
            [
              52.1532035,
              21.0746241
            ],
            [
              52.1531879,
              21.0752067
            ],
            [
              52.1531656,
              21.0756988
            ]
          ],
          [
            [
              52.1515881,
              21.0657367
            ],
            [
              52.1517893,
              21.0663826
            ],
            [
              52.1519303,
              21.0668539
            ],
            [
              52.1520781,
              21.0673759
            ],
            [
              52.152171,
              21.0677292
            ],
            [
              52.1522699,
              21.068136
            ],
            [
              52.1523798,
              21.0686314
            ],
            [
              52.1525217,
              21.0693583
            ],
            [
              52.1526339,
              21.0700323
            ]
          ],
          [
            [
              52.1530849,
              21.071739
            ],
            [
              52.1531046,
              21.0719984
            ]
          ],
          [
            [
              52.152853,
              21.0718791
            ],
            [
              52.1528784,
              21.072127
            ]
          ],
          [
            [
              52.1528784,
              21.072127
            ],
            [
              52.152919,
              21.072735
            ],
            [
              52.1529272,
              21.0729134
            ],
            [
              52.1529405,
              21.0731668
            ]
          ],
          [
            [
              52.1510422,
              21.0989616
            ],
            [
              52.151135,
              21.0979451
            ],
            [
              52.1512253,
              21.0968004
            ],
            [
              52.1512385,
              21.0966615
            ],
            [
              52.1515093,
              21.0934375
            ],
            [
              52.1516013,
              21.092301
            ]
          ],
          [
            [
              52.1512919,
              21.098889
            ],
            [
              52.1514315,
              21.0968463
            ],
            [
              52.1514402,
              21.0967027
            ],
            [
              52.1518018,
              21.0922508
            ]
          ],
          [
            [
              52.1524697,
              21.0842349
            ],
            [
              52.1529093,
              21.0790555
            ]
          ],
          [
            [
              52.1521771,
              21.0850227
            ],
            [
              52.1522355,
              21.084288
            ]
          ],
          [
            [
              52.15099,
              21.1053
            ],
            [
              52.1509531,
              21.1046969
            ],
            [
              52.1509232,
              21.1041306
            ],
            [
              52.1508916,
              21.1030935
            ],
            [
              52.1508934,
              21.102357
            ],
            [
              52.1508952,
              21.1019416
            ],
            [
              52.1509068,
              21.1014491
            ],
            [
              52.1509221,
              21.1009074
            ],
            [
              52.1510041,
              21.0995543
            ]
          ],
          [
            [
              52.1512444,
              21.0995898
            ],
            [
              52.1512135,
              21.1001384
            ],
            [
              52.15118,
              21.1008379
            ],
            [
              52.1511546,
              21.1014838
            ],
            [
              52.1511404,
              21.1022071
            ],
            [
              52.1511381,
              21.1029545
            ],
            [
              52.1511474,
              21.1036712
            ],
            [
              52.1511682,
              21.1043164
            ],
            [
              52.1511937,
              21.1047692
            ],
            [
              52.1512727,
              21.1058039
            ]
          ],
          [
            [
              52.1505268,
              21.0631406
            ],
            [
              52.1506603,
              21.0634033
            ],
            [
              52.1509168,
              21.0639701
            ],
            [
              52.1511764,
              21.0646208
            ],
            [
              52.151252,
              21.0648151
            ],
            [
              52.151408,
              21.0652442
            ],
            [
              52.1515881,
              21.0657367
            ]
          ],
          [
            [
              52.1506107,
              21.0628824
            ],
            [
              52.150799,
              21.0632437
            ],
            [
              52.1510647,
              21.0638246
            ],
            [
              52.1513186,
              21.0644116
            ]
          ],
          [
            [
              52.151681,
              21.0653325
            ],
            [
              52.1517946,
              21.0656448
            ]
          ],
          [
            [
              52.1513186,
              21.0644116
            ],
            [
              52.1514452,
              21.0647201
            ],
            [
              52.1515654,
              21.0650359
            ],
            [
              52.151681,
              21.0653325
            ]
          ],
          [
            [
              52.1528075,
              21.0696629
            ],
            [
              52.1528571,
              21.0699779
            ],
            [
              52.1529404,
              21.0705675
            ],
            [
              52.153008,
              21.0710894
            ],
            [
              52.1530849,
              21.071739
            ]
          ],
          [
            [
              52.1517946,
              21.0656448
            ],
            [
              52.1520273,
              21.0663257
            ],
            [
              52.1521695,
              21.066787
            ]
          ],
          [
            [
              52.1529093,
              21.0790555
            ],
            [
              52.1531656,
              21.0756988
            ]
          ],
          [
            [
              52.1528214,
              21.1129479
            ],
            [
              52.1530696,
              21.1135863
            ]
          ],
          [
            [
              52.1515178,
              21.1091873
            ],
            [
              52.151645,
              21.1097734
            ],
            [
              52.151772,
              21.1103129
            ],
            [
              52.1520025,
              21.1111663
            ],
            [
              52.1522382,
              21.1119687
            ]
          ],
          [
            [
              52.1525789,
              21.1129853
            ],
            [
              52.152787,
              21.113525
            ],
            [
              52.1530686,
              21.1141983
            ],
            [
              52.1549923,
              21.1185203
            ]
          ],
          [
            [
              52.1530696,
              21.1135863
            ],
            [
              52.1533713,
              21.1143166
            ],
            [
              52.1552245,
              21.1184653
            ]
          ]
        ]
      }
    },
    {
      "type": "Feature",
      "properties": {
        "name": "Wycieczka",
        "highway": "service"
      },
      "geometry": {
        "type": "MultiLineString",
        "coordinates": [
          [
            [
              52.1557986,
              21.095815
            ],
            [
              52.1559317,
              21.0955847
            ],
            [
              52.1562841,
              21.0949301
            ],
            [
              52.1563046,
              21.0948916
            ]
          ],
          [
            [
              52.156327,
              21.0949236
            ],
            [
              52.1566525,
              21.0943369
            ],
            [
              52.1567265,
              21.0942036
            ],
            [
              52.1568135,
              21.0940469
            ],
            [
              52.157236,
              21.0933055
            ]
          ],
          [
            [
              52.15547,
              21.0963638
            ],
            [
              52.1557986,
              21.095815
            ]
          ],
          [
            [
              52.157236,
              21.0933055
            ],
            [
              52.1577502,
              21.0924089
            ],
            [
              52.1578968,
              21.0921534
            ],
            [
              52.1579193,
              21.0921142
            ],
            [
              52.1579473,
              21.0920652
            ],
            [
              52.1583199,
              21.0914151
            ],
            [
              52.1583909,
              21.0912918
            ],
            [
              52.1584494,
              21.0911892
            ],
            [
              52.1586703,
              21.0908141
            ],
            [
              52.158878,
              21.0904373
            ]
          ]
        ]
      }
    },
    {
      "type": "Feature",
      "properties": {
        "name": "Młocarni",
        "highway": "residential"
      },
      "geometry": {
        "type": "MultiLineString",
        "coordinates": [
          [
            [
              52.1546517,
              21.0925333
            ],
            [
              52.1548248,
              21.0922344
            ],
            [
              52.1549265,
              21.0920588
            ],
            [
              52.1549715,
              21.091981
            ],
            [
              52.1550227,
              21.0918926
            ],
            [
              52.1551046,
              21.0917551
            ],
            [
              52.1552567,
              21.0914998
            ],
            [
              52.1552745,
              21.09147
            ],
            [
              52.1553303,
              21.091376
            ],
            [
              52.1553837,
              21.0913059
            ]
          ],
          [
            [
              52.156099,
              21.09108
            ],
            [
              52.1561261,
              21.0910712
            ],
            [
              52.1561607,
              21.0910637
            ],
            [
              52.156322,
              21.0910285
            ],
            [
              52.1564766,
              21.090986
            ],
            [
              52.1566356,
              21.0909628
            ],
            [
              52.1567507,
              21.0909468
            ],
            [
              52.1567913,
              21.0909412
            ],
            [
              52.1569198,
              21.0909302
            ]
          ],
          [
            [
              52.1569198,
              21.0909302
            ],
            [
              52.1569681,
              21.0909265
            ],
            [
              52.1570163,
              21.0909159
            ],
            [
              52.157067,
              21.0909072
            ],
            [
              52.1571087,
              21.0909004
            ],
            [
              52.1571445,
              21.0908888
            ],
            [
              52.1572921,
              21.0908414
            ],
            [
              52.157368,
              21.090817
            ],
            [
              52.1574528,
              21.0907863
            ],
            [
              52.1575549,
              21.0907494
            ],
            [
              52.1576656,
              21.0907179
            ],
            [
              52.1577027,
              21.0906993
            ],
            [
              52.1577442,
              21.0906754
            ],
            [
              52.157775,
              21.0906656
            ],
            [
              52.1579449,
              21.0906281
            ],
            [
              52.1580798,
              21.090587
            ],
            [
              52.1581852,
              21.0905548
            ],
            [
              52.1584722,
              21.0904672
            ],
            [
              52.1585225,
              21.0904498
            ],
            [
              52.1585697,
              21.0904402
            ],
            [
              52.1586702,
              21.0904266
            ],
            [
              52.158878,
              21.0904373
            ],
            [
              52.1589413,
              21.0904287
            ],
            [
              52.1590648,
              21.090401
            ],
            [
              52.1590802,
              21.0903975
            ],
            [
              52.1592442,
              21.0903532
            ],
            [
              52.1593466,
              21.090319
            ],
            [
              52.1593806,
              21.0903075
            ],
            [
              52.1595792,
              21.0902406
            ],
            [
              52.1596252,
              21.0902251
            ],
            [
              52.1597512,
              21.0901576
            ],
            [
              52.1597894,
              21.0901366
            ],
            [
              52.1600518,
              21.0899898
            ],
            [
              52.1600928,
              21.0899707
            ]
          ],
          [
            [
              52.1556587,
              21.0911685
            ],
            [
              52.1557028,
              21.0910688
            ],
            [
              52.1557244,
              21.0910152
            ]
          ]
        ]
      }
    },
    {
      "type": "Feature",
      "properties": {
        "name": "Koralowa",
        "highway": "residential"
      },
      "geometry": {
        "type": "MultiLineString",
        "coordinates": [
          [
            [
              52.1572518,
              21.0903381
            ],
            [
              52.1573843,
              21.0903111
            ],
            [
              52.1573993,
              21.0903081
            ],
            [
              52.1575552,
              21.0902558
            ],
            [
              52.1577173,
              21.0902014
            ],
            [
              52.1578163,
              21.0901681
            ],
            [
              52.1578464,
              21.090158
            ],
            [
              52.157993,
              21.0901089
            ],
            [
              52.1580504,
              21.0900839
            ],
            [
              52.1581034,
              21.0900608
            ],
            [
              52.1581949,
              21.0900211
            ],
            [
              52.158319,
              21.0899671
            ],
            [
              52.1583668,
              21.0899463
            ],
            [
              52.1584766,
              21.0899144
            ],
            [
              52.1584998,
              21.0899077
            ],
            [
              52.1586335,
              21.0898782
            ],
            [
              52.1586754,
              21.0898645
            ],
            [
              52.1587598,
              21.0898271
            ],
            [
              52.1588494,
              21.0897852
            ],
            [
              52.1589253,
              21.08975
            ],
            [
              52.1590001,
              21.0897152
            ],
            [
              52.1592926,
              21.0895765
            ],
            [
              52.1594793,
              21.0894976
            ],
            [
              52.1595015,
              21.0894882
            ],
            [
              52.1596112,
              21.0894611
            ],
            [
              52.1596276,
              21.0894567
            ],
            [
              52.1597408,
              21.0894262
            ],
            [
              52.1597522,
              21.0894231
            ],
            [
              52.1599474,
              21.0893691
            ],
            [
              52.1599878,
              21.0893548
            ]
          ]
        ]
      }
    },
    {
      "type": "Feature",
      "properties": {
        "name": "Biwakowa",
        "highway": "residential"
      },
      "geometry": {
        "type": "MultiLineString",
        "coordinates": [
          [
            [
              52.1594656,
              21.0941514
            ],
            [
              52.1594572,
              21.0941356
            ],
            [
              52.15945,
              21.0941153
            ],
            [
              52.1594475,
              21.094093
            ],
            [
              52.1594453,
              21.0940616
            ],
            [
              52.1594585,
              21.093628
            ],
            [
              52.1594661,
              21.0933868
            ],
            [
              52.159496,
              21.0930294
            ],
            [
              52.1594988,
              21.0929966
            ],
            [
              52.1595217,
              21.0927301
            ],
            [
              52.1595244,
              21.0926997
            ],
            [
              52.1595315,
              21.0926119
            ],
            [
              52.159542,
              21.0924544
            ],
            [
              52.159559,
              21.0921546
            ],
            [
              52.159571,
              21.0920352
            ],
            [
              52.1595816,
              21.0919291
            ],
            [
              52.1595903,
              21.0918529
            ],
            [
              52.1596347,
              21.0914607
            ]
          ]
        ]
      }
    },
    {
      "type": "Feature",
      "properties": {
        "name": "Niedzielna",
        "highway": "residential"
      },
      "geometry": {
        "type": "MultiLineString",
        "coordinates": [
          [
            [
              52.1572374,
              21.0926701
            ],
            [
              52.1572519,
              21.0926288
            ],
            [
              52.1575861,
              21.0920388
            ],
            [
              52.1576006,
              21.0920133
            ],
            [
              52.1578456,
              21.0915826
            ],
            [
              52.1578704,
              21.0915519
            ],
            [
              52.15814,
              21.0910695
            ],
            [
              52.1582482,
              21.0908734
            ],
            [
              52.158358,
              21.0906743
            ],
            [
              52.1584722,
              21.0904672
            ]
          ],
          [
            [
              52.1561191,
              21.0946267
            ],
            [
              52.1563996,
              21.0941361
            ]
          ]
        ]
      }
    },
    {
      "type": "Feature",
      "properties": {
        "name": "Marcelego Handelsmana",
        "highway": "residential"
      },
      "geometry": {
        "type": "MultiLineString",
        "coordinates": [
          [
            [
              52.1586641,
              21.0848476
            ],
            [
              52.1587715,
              21.0847663
            ],
            [
              52.1587965,
              21.0847474
            ],
            [
              52.1588583,
              21.0846976
            ]
          ],
          [
            [
              52.155081,
              21.0875264
            ],
            [
              52.1556614,
              21.0870981
            ],
            [
              52.1564725,
              21.0864996
            ],
            [
              52.1567142,
              21.0863215
            ],
            [
              52.1572659,
              21.0859148
            ],
            [
              52.1572942,
              21.0858939
            ],
            [
              52.158427,
              21.085059
            ],
            [
              52.1584566,
              21.0850372
            ],
            [
              52.1585347,
              21.0849796
            ]
          ]
        ]
      }
    },
    {
      "type": "Feature",
      "properties": {
        "name": "Wyprawa",
        "highway": "residential"
      },
      "geometry": {
        "type": "MultiLineString",
        "coordinates": [
          [
            [
              52.1574294,
              21.0935408
            ],
            [
              52.1578001,
              21.0928999
            ],
            [
              52.1579748,
              21.0925954
            ],
            [
              52.1580741,
              21.0924232
            ],
            [
              52.1581321,
              21.0923228
            ],
            [
              52.1583013,
              21.0920295
            ],
            [
              52.1583213,
              21.0919948
            ],
            [
              52.1583637,
              21.0919213
            ],
            [
              52.1585288,
              21.091635
            ],
            [
              52.1587395,
              21.0912698
            ],
            [
              52.1589584,
              21.0908903
            ],
            [
              52.1592291,
              21.0904211
            ],
            [
              52.1592379,
              21.0904002
            ],
            [
              52.1592423,
              21.0903768
            ],
            [
              52.1592442,
              21.0903532
            ]
          ]
        ]
      }
    },
    {
      "type": "Feature",
      "properties": {
        "name": "Herbu Korczak",
        "highway": "residential"
      },
      "geometry": {
        "type": "MultiLineString",
        "coordinates": [
          [
            [
              52.1552618,
              21.081027
            ],
            [
              52.1552903,
              21.0810803
            ],
            [
              52.1554507,
              21.081381
            ],
            [
              52.1555805,
              21.0816241
            ],
            [
              52.15562,
              21.0816966
            ],
            [
              52.1559515,
              21.0823047
            ],
            [
              52.1560139,
              21.0824191
            ]
          ],
          [
            [
              52.1550302,
              21.0805985
            ],
            [
              52.1550969,
              21.0807214
            ],
            [
              52.1551568,
              21.0808324
            ],
            [
              52.1552618,
              21.081027
            ]
          ]
        ]
      }
    },
    {
      "type": "Feature",
      "properties": {
        "name": "Zastruże",
        "highway": "residential"
      },
      "geometry": {
        "type": "MultiLineString",
        "coordinates": [
          [
            [
              52.1284449,
              21.1270198
            ],
            [
              52.1287787,
              21.1268706
            ],
            [
              52.128843,
              21.1268418
            ],
            [
              52.1290621,
              21.126748
            ],
            [
              52.129288,
              21.1266512
            ],
            [
              52.1294658,
              21.1265751
            ],
            [
              52.1296451,
              21.1265079
            ],
            [
              52.1297623,
              21.126454
            ],
            [
              52.1297888,
              21.1264432
            ],
            [
              52.1299682,
              21.126359
            ],
            [
              52.1301567,
              21.1262678
            ],
            [
              52.1302046,
              21.1262338
            ],
            [
              52.1302446,
              21.126203
            ],
            [
              52.1304595,
              21.1259753
            ],
            [
              52.1305379,
              21.1258852
            ],
            [
              52.1307034,
              21.1257034
            ],
            [
              52.1308179,
              21.125583
            ],
            [
              52.1308715,
              21.125519
            ],
            [
              52.1312151,
              21.1251088
            ]
          ],
          [
            [
              52.1278832,
              21.1284915
            ],
            [
              52.1279062,
              21.1284266
            ],
            [
              52.1279899,
              21.1282138
            ],
            [
              52.1280673,
              21.1280521
            ],
            [
              52.1281343,
              21.1279442
            ],
            [
              52.1281609,
              21.127858
            ],
            [
              52.1281913,
              21.1277479
            ],
            [
              52.1284351,
              21.1271216
            ],
            [
              52.1284449,
              21.1270198
            ]
          ]
        ]
      }
    },
    {
      "type": "Feature",
      "properties": {
        "name": "Latoszki",
        "highway": "residential"
      },
      "geometry": {
        "type": "MultiLineString",
        "coordinates": [
          [
            [
              52.1316362,
              21.1279576
            ],
            [
              52.1316785,
              21.1279316
            ],
            [
              52.1321782,
              21.1276235
            ],
            [
              52.1322598,
              21.1275732
            ],
            [
              52.1325724,
              21.1273804
            ],
            [
              52.1326657,
              21.1273271
            ],
            [
              52.1329113,
              21.1271869
            ],
            [
              52.1329537,
              21.1271623
            ],
            [
              52.1332863,
              21.1269691
            ],
            [
              52.1333086,
              21.1269645
            ],
            [
              52.1333292,
              21.1269668
            ],
            [
              52.133352,
              21.1269746
            ],
            [
              52.1333706,
              21.12699
            ],
            [
              52.1333922,
              21.1270159
            ],
            [
              52.133408,
              21.1270474
            ],
            [
              52.1334373,
              21.1271289
            ],
            [
              52.1335311,
              21.127544
            ],
            [
              52.1335408,
              21.1275868
            ],
            [
              52.133681,
              21.1281368
            ],
            [
              52.1336998,
              21.1281988
            ],
            [
              52.1337895,
              21.128495
            ],
            [
              52.1340869,
              21.1290466
            ]
          ]
        ]
      }
    },
    {
      "type": "Feature",
      "properties": {
        "name": "Calowa",
        "highway": "residential"
      },
      "geometry": {
        "type": "MultiLineString",
        "coordinates": [
          [
            [
              52.1383777,
              21.1459188
            ],
            [
              52.1384907,
              21.1459968
            ],
            [
              52.1390336,
              21.1463856
            ],
            [
              52.1396209,
              21.1467823
            ],
            [
              52.139746,
              21.1468481
            ],
            [
              52.1400217,
              21.1470363
            ],
            [
              52.1403793,
              21.14728
            ],
            [
              52.1407621,
              21.1476131
            ],
            [
              52.1407907,
              21.1476381
            ],
            [
              52.1409964,
              21.147818
            ],
            [
              52.1415878,
              21.1483057
            ],
            [
              52.1416743,
              21.148377
            ],
            [
              52.1417253,
              21.1484035
            ],
            [
              52.1417735,
              21.1484062
            ],
            [
              52.1418004,
              21.1483905
            ],
            [
              52.1418237,
              21.1483655
            ],
            [
              52.1418343,
              21.1483408
            ],
            [
              52.1418843,
              21.1481845
            ],
            [
              52.1420119,
              21.1477992
            ],
            [
              52.1425695,
              21.1461527
            ],
            [
              52.1427345,
              21.1456682
            ],
            [
              52.1428327,
              21.1453797
            ],
            [
              52.1428807,
              21.145242
            ]
          ]
        ]
      }
    },
    {
      "type": "Feature",
      "properties": {
        "name": "Pałacowa",
        "highway": "residential"
      },
      "geometry": {
        "type": "MultiLineString",
        "coordinates": [
          [
            [
              52.1456858,
              21.0890257
            ],
            [
              52.1467661,
              21.0922419
            ],
            [
              52.1469319,
              21.0927404
            ]
          ],
          [
            [
              52.1442002,
              21.0845833
            ],
            [
              52.1456858,
              21.0890257
            ]
          ],
          [
            [
              52.1469319,
              21.0927404
            ],
            [
              52.1469629,
              21.0928292
            ],
            [
              52.147023,
              21.0930066
            ],
            [
              52.147048,
              21.0930916
            ],
            [
              52.1471051,
              21.0932981
            ]
          ],
          [
            [
              52.1471051,
              21.0932981
            ],
            [
              52.1471566,
              21.0935161
            ]
          ]
        ]
      }
    },
    {
      "type": "Feature",
      "properties": {
        "name": "Stanisława Kostki Potockiego",
        "highway": "residential"
      },
      "geometry": {
        "type": "MultiLineString",
        "coordinates": [
          [
            [
              52.1625396,
              21.0878921
            ],
            [
              52.1634025,
              21.0873379
            ],
            [
              52.1635355,
              21.0872275
            ],
            [
              52.1636737,
              21.0871677
            ],
            [
              52.1639982,
              21.0868787
            ],
            [
              52.1641607,
              21.0866883
            ],
            [
              52.1642853,
              21.0865959
            ]
          ],
          [
            [
              52.1672379,
              21.0858632
            ],
            [
              52.1673822,
              21.0857692
            ],
            [
              52.1674665,
              21.0857143
            ]
          ],
          [
            [
              52.1658111,
              21.0864392
            ],
            [
              52.1663129,
              21.0864234
            ],
            [
              52.1663745,
              21.0864129
            ],
            [
              52.1664372,
              21.0863806
            ],
            [
              52.1669497,
              21.0860407
            ]
          ],
          [
            [
              52.1642853,
              21.0865959
            ],
            [
              52.1644688,
              21.0865622
            ],
            [
              52.1645001,
              21.0865603
            ],
            [
              52.1650257,
              21.0865248
            ],
            [
              52.1650533,
              21.0865229
            ],
            [
              52.1650793,
              21.0865248
            ],
            [
              52.1654991,
              21.0864852
            ],
            [
              52.1655245,
              21.0864815
            ],
            [
              52.165772,
              21.0864458
            ],
            [
              52.165783,
              21.0864439
            ],
            [
              52.1658111,
              21.0864392
            ]
          ],
          [
            [
              52.1624256,
              21.0879653
            ],
            [
              52.1625396,
              21.0878921
            ]
          ],
          [
            [
              52.160003,
              21.0894431
            ],
            [
              52.1600391,
              21.0894211
            ],
            [
              52.1605265,
              21.0891238
            ],
            [
              52.1606433,
              21.0890525
            ],
            [
              52.1610655,
              21.088795
            ],
            [
              52.1610944,
              21.0887774
            ],
            [
              52.1613742,
              21.0886067
            ],
            [
              52.1615398,
              21.0885057
            ],
            [
              52.1616076,
              21.0884643
            ],
            [
              52.1616505,
              21.0884382
            ],
            [
              52.1618123,
              21.0883395
            ],
            [
              52.1621558,
              21.0881299
            ],
            [
              52.1624256,
              21.0879653
            ]
          ],
          [
            [
              52.1669497,
              21.0860407
            ],
            [
              52.1669799,
              21.0860216
            ],
            [
              52.167068,
              21.0859626
            ],
            [
              52.1672071,
              21.08588
            ],
            [
              52.1672379,
              21.0858632
            ]
          ]
        ]
      }
    },
    {
      "type": "Feature",
      "properties": {
        "name": "Okrzeszyńska",
        "highway": "living_street"
      },
      "geometry": {
        "type": "MultiLineString",
        "coordinates": [
          [
            [
              52.1499898,
              21.1338398
            ],
            [
              52.1506355,
              21.1359613
            ],
            [
              52.151072,
              21.1371132
            ],
            [
              52.15111,
              21.1372235
            ],
            [
              52.1511411,
              21.1374249
            ],
            [
              52.1511911,
              21.1378484
            ],
            [
              52.1512145,
              21.138047
            ],
            [
              52.1512633,
              21.1385626
            ]
          ]
        ]
      }
    },
    {
      "type": "Feature",
      "properties": {
        "name": "Sady Zawadowskie",
        "highway": "residential"
      },
      "geometry": {
        "type": "MultiLineString",
        "coordinates": [
          [
            [
              52.162061,
              21.1175966
            ],
            [
              52.1623303,
              21.1184314
            ],
            [
              52.16261,
              21.1192984
            ],
            [
              52.1628767,
              21.1201255
            ],
            [
              52.1631517,
              21.120978
            ],
            [
              52.1633807,
              21.1216804
            ]
          ],
          [
            [
              52.1633807,
              21.1216804
            ],
            [
              52.1634183,
              21.1218043
            ]
          ]
        ]
      }
    },
    {
      "type": "Feature",
      "properties": {
        "name": "Hoserów",
        "highway": "residential"
      },
      "geometry": {
        "type": "MultiLineString",
        "coordinates": [
          [
            [
              52.1428443,
              21.1333191
            ],
            [
              52.1428944,
              21.1332287
            ],
            [
              52.143368,
              21.1326384
            ],
            [
              52.1434503,
              21.1325222
            ],
            [
              52.1435062,
              21.1324286
            ],
            [
              52.1436135,
              21.1322357
            ],
            [
              52.1436885,
              21.1321273
            ],
            [
              52.1438163,
              21.1319652
            ],
            [
              52.144088,
              21.1316576
            ],
            [
              52.144604,
              21.1308475
            ]
          ],
          [
            [
              52.1471378,
              21.128471
            ],
            [
              52.1473236,
              21.1283459
            ],
            [
              52.147502,
              21.1282493
            ],
            [
              52.1475425,
              21.128233
            ],
            [
              52.1475613,
              21.1282347
            ],
            [
              52.1475792,
              21.1282441
            ],
            [
              52.1475918,
              21.1282717
            ],
            [
              52.1477161,
              21.1286796
            ],
            [
              52.1478182,
              21.1288838
            ],
            [
              52.1479383,
              21.1291157
            ],
            [
              52.1479613,
              21.1291733
            ],
            [
              52.1479713,
              21.1292178
            ],
            [
              52.1479777,
              21.1292563
            ],
            [
              52.1479793,
              21.1292999
            ],
            [
              52.1479777,
              21.129352
            ],
            [
              52.1479702,
              21.1294003
            ],
            [
              52.1478951,
              21.1297337
            ],
            [
              52.1478886,
              21.1297757
            ],
            [
              52.1478898,
              21.1298203
            ],
            [
              52.1478972,
              21.1298568
            ],
            [
              52.1485415,
              21.1317633
            ],
            [
              52.1488204,
              21.1325525
            ],
            [
              52.1489554,
              21.1329647
            ],
            [
              52.149394,
              21.1343043
            ]
          ],
          [
            [
              52.144604,
              21.1308475
            ],
            [
              52.1448718,
              21.1304424
            ],
            [
              52.1450341,
              21.1302454
            ],
            [
              52.1452354,
              21.1300532
            ],
            [
              52.1453358,
              21.1300277
            ]
          ],
          [
            [
              52.1453358,
              21.1300277
            ],
            [
              52.1458324,
              21.1295291
            ],
            [
              52.1462299,
              21.1292102
            ],
            [
              52.1471378,
              21.128471
            ]
          ]
        ]
      }
    },
    {
      "type": "Feature",
      "properties": {
        "name": "Obok Sadu",
        "highway": "residential"
      },
      "geometry": {
        "type": "MultiLineString",
        "coordinates": [
          [
            [
              52.1416951,
              21.144012
            ],
            [
              52.1424412,
              21.1418736
            ]
          ],
          [
            [
              52.1416132,
              21.1417375
            ],
            [
              52.1424412,
              21.1418736
            ],
            [
              52.1425758,
              21.141916
            ],
            [
              52.1427931,
              21.1420039
            ],
            [
              52.1429171,
              21.1420424
            ],
            [
              52.1431568,
              21.142085
            ],
            [
              52.143439,
              21.1421307
            ],
            [
              52.1434662,
              21.1421368
            ],
            [
              52.1434895,
              21.1421461
            ],
            [
              52.143507,
              21.142159
            ],
            [
              52.1435433,
              21.1422021
            ],
            [
              52.1439154,
              21.1426802
            ],
            [
              52.1439753,
              21.1427551
            ]
          ]
        ]
      }
    },
    {
      "type": "Feature",
      "properties": {
        "name": "Poranek",
        "highway": "living_street"
      },
      "geometry": {
        "type": "MultiLineString",
        "coordinates": [
          [
            [
              52.1434126,
              21.1245494
            ],
            [
              52.1436766,
              21.1258125
            ],
            [
              52.1439209,
              21.1269965
            ],
            [
              52.1442042,
              21.1282984
            ]
          ]
        ]
      }
    },
    {
      "type": "Feature",
      "properties": {
        "name": "Kwarty",
        "highway": "residential"
      },
      "geometry": {
        "type": "MultiLineString",
        "coordinates": [
          [
            [
              52.1441609,
              21.1361078
            ],
            [
              52.1441605,
              21.1362151
            ],
            [
              52.1441718,
              21.1368582
            ],
            [
              52.1441721,
              21.1369301
            ],
            [
              52.1441793,
              21.1387799
            ],
            [
              52.1441825,
              21.1389118
            ],
            [
              52.1441858,
              21.1391961
            ],
            [
              52.1441975,
              21.1404746
            ],
            [
              52.1442008,
              21.1408242
            ],
            [
              52.144201,
              21.1411283
            ],
            [
              52.1442019,
              21.1413706
            ],
            [
              52.1442032,
              21.1417178
            ],
            [
              52.1442106,
              21.1418309
            ],
            [
              52.1442265,
              21.1419515
            ],
            [
              52.144247,
              21.1420711
            ],
            [
              52.1442567,
              21.1421055
            ]
          ]
        ]
      }
    },
    {
      "type": "Feature",
      "properties": {
        "name": "Amfory",
        "highway": "residential"
      },
      "geometry": {
        "type": "MultiLineString",
        "coordinates": [
          [
            [
              52.1408751,
              21.1399672
            ],
            [
              52.1418267,
              21.1403078
            ],
            [
              52.1421939,
              21.1404347
            ],
            [
              52.1441662,
              21.1411163
            ],
            [
              52.144201,
              21.1411283
            ]
          ]
        ]
      }
    },
    {
      "type": "Feature",
      "properties": {
        "name": "Podgrzybków",
        "highway": "residential"
      },
      "geometry": {
        "type": "MultiLineString",
        "coordinates": [
          [
            [
              52.1276937,
              21.0820149
            ],
            [
              52.1276984,
              21.0820344
            ],
            [
              52.1277101,
              21.082054
            ],
            [
              52.127728,
              21.0820629
            ],
            [
              52.1277486,
              21.0820654
            ],
            [
              52.1278856,
              21.0820507
            ],
            [
              52.1279775,
              21.0820575
            ],
            [
              52.1280487,
              21.0820738
            ],
            [
              52.1282263,
              21.0821253
            ],
            [
              52.1283761,
              21.0821866
            ],
            [
              52.1284448,
              21.082221
            ],
            [
              52.1284977,
              21.0822602
            ],
            [
              52.1285276,
              21.0822857
            ],
            [
              52.1285559,
              21.082328
            ],
            [
              52.1286115,
              21.08242
            ],
            [
              52.1286674,
              21.082527
            ],
            [
              52.1287974,
              21.0828279
            ],
            [
              52.129097,
              21.0835172
            ]
          ]
        ]
      }
    },
    {
      "type": "Feature",
      "properties": {
        "name": "Kolegiacka",
        "highway": "residential"
      },
      "geometry": {
        "type": "MultiLineString",
        "coordinates": [
          [
            [
              52.1674665,
              21.0857143
            ],
            [
              52.167505,
              21.0858689
            ],
            [
              52.1675859,
              21.0861808
            ],
            [
              52.1676697,
              21.0865018
            ],
            [
              52.1677262,
              21.0867185
            ],
            [
              52.1677488,
              21.0868051
            ],
            [
              52.1677837,
              21.0869716
            ],
            [
              52.1678267,
              21.0877534
            ],
            [
              52.167828,
              21.0880084
            ],
            [
              52.1678376,
              21.088605
            ],
            [
              52.1678407,
              21.0887975
            ]
          ]
        ]
      }
    },
    {
      "type": "Feature",
      "properties": {
        "name": "Ponczowa",
        "highway": "residential"
      },
      "geometry": {
        "type": "MultiLineString",
        "coordinates": [
          [
            [
              52.1240747,
              21.0936681
            ],
            [
              52.124104,
              21.0936465
            ],
            [
              52.1246028,
              21.0934451
            ],
            [
              52.125082,
              21.0932309
            ],
            [
              52.1251819,
              21.0931839
            ]
          ],
          [
            [
              52.1220454,
              21.0959411
            ],
            [
              52.1220746,
              21.0958975
            ],
            [
              52.1223501,
              21.0954758
            ],
            [
              52.1225219,
              21.095254
            ],
            [
              52.1225993,
              21.0951541
            ],
            [
              52.1226338,
              21.0951111
            ],
            [
              52.1227201,
              21.0950211
            ],
            [
              52.1227881,
              21.0949845
            ],
            [
              52.1228609,
              21.0949529
            ],
            [
              52.1229332,
              21.0949586
            ],
            [
              52.1230943,
              21.0949719
            ],
            [
              52.1231479,
              21.0949733
            ],
            [
              52.1231921,
              21.0949671
            ],
            [
              52.1232618,
              21.0949488
            ],
            [
              52.1232952,
              21.0949377
            ],
            [
              52.1233219,
              21.0949196
            ],
            [
              52.1234696,
              21.0947975
            ],
            [
              52.1235608,
              21.094708
            ],
            [
              52.1236197,
              21.0946334
            ],
            [
              52.1236582,
              21.0945699
            ],
            [
              52.1236851,
              21.0944996
            ],
            [
              52.1237065,
              21.0944442
            ],
            [
              52.1240747,
              21.0936681
            ]
          ]
        ]
      }
    },
    {
      "type": "Feature",
      "properties": {
        "name": "Andrutowa",
        "highway": "residential"
      },
      "geometry": {
        "type": "MultiLineString",
        "coordinates": [
          [
            [
              52.1213822,
              21.1034402
            ],
            [
              52.1213689,
              21.1032642
            ],
            [
              52.1213238,
              21.1026382
            ],
            [
              52.1212967,
              21.1022621
            ],
            [
              52.1212961,
              21.1022134
            ],
            [
              52.1213044,
              21.1021684
            ],
            [
              52.1213172,
              21.1021377
            ],
            [
              52.1215362,
              21.1019294
            ],
            [
              52.1216361,
              21.1018351
            ],
            [
              52.1217938,
              21.101685
            ],
            [
              52.1218603,
              21.1016251
            ],
            [
              52.122161,
              21.101336
            ],
            [
              52.1225719,
              21.1009448
            ],
            [
              52.1228163,
              21.1006916
            ],
            [
              52.1232558,
              21.1002138
            ],
            [
              52.1236498,
              21.0997802
            ],
            [
              52.1236844,
              21.0997431
            ]
          ]
        ]
      }
    },
    {
      "type": "Feature",
      "properties": {
        "name": "Ulubiona",
        "highway": "residential"
      },
      "geometry": {
        "type": "MultiLineString",
        "coordinates": [
          [
            [
              52.1201328,
              21.1018822
            ],
            [
              52.1201832,
              21.1019945
            ],
            [
              52.1202762,
              21.1022016
            ],
            [
              52.1206172,
              21.1029616
            ],
            [
              52.120851,
              21.1034826
            ],
            [
              52.1208782,
              21.1035904
            ]
          ],
          [
            [
              52.119928,
              21.1014256
            ],
            [
              52.1199528,
              21.101481
            ],
            [
              52.1199668,
              21.1015122
            ],
            [
              52.1201328,
              21.1018822
            ]
          ]
        ]
      }
    },
    {
      "type": "Feature",
      "properties": {
        "name": "Paprotki",
        "highway": "residential"
      },
      "geometry": {
        "type": "MultiLineString",
        "coordinates": [
          [
            [
              52.1693874,
              21.0609022
            ],
            [
              52.1694187,
              21.0609292
            ],
            [
              52.1695223,
              21.0611074
            ],
            [
              52.1695502,
              21.0611458
            ],
            [
              52.1695614,
              21.0611564
            ],
            [
              52.1695739,
              21.0611611
            ],
            [
              52.1697322,
              21.0611362
            ],
            [
              52.1698382,
              21.0611195
            ],
            [
              52.169891,
              21.0611114
            ],
            [
              52.1700533,
              21.0610866
            ]
          ],
          [
            [
              52.1659548,
              21.0613917
            ],
            [
              52.1661654,
              21.0613527
            ],
            [
              52.1661981,
              21.0613466
            ],
            [
              52.1665695,
              21.0612773
            ],
            [
              52.1667987,
              21.061242
            ],
            [
              52.1671478,
              21.0611882
            ],
            [
              52.167563,
              21.0611164
            ],
            [
              52.1676178,
              21.0611064
            ],
            [
              52.167822,
              21.0610709
            ],
            [
              52.168092,
              21.0610258
            ],
            [
              52.1683327,
              21.0609856
            ],
            [
              52.1689601,
              21.0608809
            ],
            [
              52.1691261,
              21.0609071
            ],
            [
              52.1691708,
              21.0609141
            ],
            [
              52.1693175,
              21.0608942
            ],
            [
              52.1693563,
              21.0608889
            ],
            [
              52.1693874,
              21.0609022
            ]
          ]
        ]
      }
    },
    {
      "type": "Feature",
      "properties": {
        "name": "Dyniowa",
        "highway": "residential"
      },
      "geometry": {
        "type": "MultiLineString",
        "coordinates": [
          [
            [
              52.166047,
              21.0628499
            ],
            [
              52.1660606,
              21.0630058
            ],
            [
              52.1661045,
              21.0632546
            ],
            [
              52.1661353,
              21.0633989
            ],
            [
              52.166159,
              21.0634904
            ],
            [
              52.1663033,
              21.0639497
            ],
            [
              52.1664119,
              21.064295
            ]
          ],
          [
            [
              52.1660286,
              21.0625688
            ],
            [
              52.166047,
              21.0628499
            ]
          ],
          [
            [
              52.1659292,
              21.0609829
            ],
            [
              52.1659548,
              21.0613917
            ],
            [
              52.1659705,
              21.0616409
            ],
            [
              52.165996,
              21.0620482
            ],
            [
              52.1660087,
              21.0622506
            ],
            [
              52.1660286,
              21.0625688
            ]
          ]
        ]
      }
    },
    {
      "type": "Feature",
      "properties": {
        "name": "Zaściankowa",
        "highway": "residential"
      },
      "geometry": {
        "type": "MultiLineString",
        "coordinates": [
          [
            [
              52.1663968,
              21.1083883
            ],
            [
              52.166446,
              21.1085333
            ],
            [
              52.1667285,
              21.1093424
            ],
            [
              52.1667898,
              21.1095304
            ],
            [
              52.1671009,
              21.1104838
            ],
            [
              52.167189,
              21.1107539
            ],
            [
              52.1672014,
              21.110791
            ]
          ],
          [
            [
              52.1673932,
              21.1113749
            ],
            [
              52.1674078,
              21.1114254
            ],
            [
              52.1675817,
              21.1119454
            ],
            [
              52.1676258,
              21.112075
            ],
            [
              52.1676675,
              21.1122043
            ],
            [
              52.1677917,
              21.1125896
            ],
            [
              52.1678954,
              21.1129115
            ],
            [
              52.1679474,
              21.1130728
            ],
            [
              52.1682737,
              21.114085
            ],
            [
              52.1684541,
              21.1146455
            ],
            [
              52.1687983,
              21.1157177
            ]
          ],
          [
            [
              52.1688856,
              21.1159832
            ],
            [
              52.169221,
              21.1170366
            ],
            [
              52.1695136,
              21.1179507
            ],
            [
              52.1698002,
              21.1188297
            ]
          ],
          [
            [
              52.1687983,
              21.1157177
            ],
            [
              52.1688101,
              21.1157529
            ],
            [
              52.1688508,
              21.1158743
            ],
            [
              52.1688856,
              21.1159832
            ]
          ],
          [
            [
              52.1699029,
              21.1191491
            ],
            [
              52.1700386,
              21.1195731
            ],
            [
              52.1702394,
              21.1201985
            ],
            [
              52.1702827,
              21.1203343
            ],
            [
              52.1704127,
              21.1207421
            ],
            [
              52.1704624,
              21.1208963
            ],
            [
              52.1708907,
              21.1222248
            ],
            [
              52.1709105,
              21.1222866
            ]
          ],
          [
            [
              52.1698002,
              21.1188297
            ],
            [
              52.1698506,
              21.1189861
            ],
            [
              52.1699029,
              21.1191491
            ]
          ]
        ]
      }
    },
    {
      "type": "Feature",
      "properties": {
        "name": "Trójpolowa",
        "highway": "residential"
      },
      "geometry": {
        "type": "MultiLineString",
        "coordinates": [
          [
            [
              52.177613,
              21.1040774
            ],
            [
              52.1776051,
              21.1040141
            ],
            [
              52.177605,
              21.1039608
            ],
            [
              52.1776138,
              21.1039109
            ],
            [
              52.1783541,
              21.1019659
            ],
            [
              52.1785538,
              21.1014347
            ],
            [
              52.1785925,
              21.1013322
            ],
            [
              52.1786789,
              21.1011086
            ]
          ]
        ]
      }
    },
    {
      "type": "Feature",
      "properties": {
        "name": "Wiedeńska",
        "highway": "living_street"
      },
      "geometry": {
        "type": "MultiLineString",
        "coordinates": [
          [
            [
              52.1485341,
              21.0867852
            ],
            [
              52.1487671,
              21.0866187
            ],
            [
              52.1491812,
              21.0862996
            ],
            [
              52.1497772,
              21.0858404
            ],
            [
              52.1498585,
              21.0857777
            ],
            [
              52.1504072,
              21.0853549
            ],
            [
              52.1506495,
              21.0851687
            ],
            [
              52.1512232,
              21.0847279
            ],
            [
              52.1515069,
              21.0845103
            ],
            [
              52.1516134,
              21.0844397
            ],
            [
              52.1516802,
              21.0844018
            ],
            [
              52.1517325,
              21.0843827
            ],
            [
              52.1517785,
              21.0843832
            ],
            [
              52.1518183,
              21.084388
            ],
            [
              52.1519057,
              21.0844058
            ]
          ],
          [
            [
              52.1313605,
              21.093674
            ],
            [
              52.1320696,
              21.0938721
            ],
            [
              52.1321537,
              21.0938857
            ],
            [
              52.1322868,
              21.0939427
            ],
            [
              52.1324108,
              21.0940223
            ],
            [
              52.1325823,
              21.0941186
            ],
            [
              52.1327558,
              21.0941892
            ],
            [
              52.1328959,
              21.094241
            ],
            [
              52.1330375,
              21.0942826
            ],
            [
              52.1335328,
              21.0943682
            ],
            [
              52.1336435,
              21.0943769
            ],
            [
              52.1342489,
              21.0944247
            ],
            [
              52.1343166,
              21.0944317
            ],
            [
              52.1347902,
              21.0944771
            ],
            [
              52.1359049,
              21.0945845
            ],
            [
              52.1372019,
              21.0947048
            ],
            [
              52.1374102,
              21.0947399
            ],
            [
              52.1374958,
              21.0947544
            ],
            [
              52.1375804,
              21.0947615
            ],
            [
              52.1376616,
              21.0947496
            ],
            [
              52.1377255,
              21.0947223
            ],
            [
              52.1377839,
              21.094695
            ],
            [
              52.1385503,
              21.0942283
            ],
            [
              52.1388277,
              21.0940687
            ],
            [
              52.1392186,
              21.0938553
            ],
            [
              52.1395753,
              21.0936349
            ],
            [
              52.1399801,
              21.0933521
            ],
            [
              52.1400244,
              21.0933216
            ],
            [
              52.1402893,
              21.0931394
            ],
            [
              52.1411695,
              21.0924589
            ],
            [
              52.1425153,
              21.0914381
            ],
            [
              52.1441655,
              21.0901825
            ],
            [
              52.1456858,
              21.0890257
            ]
          ],
          [
            [
              52.131123,
              21.0936974
            ],
            [
              52.1311649,
              21.0936884
            ],
            [
              52.1311962,
              21.0936848
            ],
            [
              52.1312536,
              21.0936888
            ]
          ],
          [
            [
              52.1467141,
              21.0882047
            ],
            [
              52.1468942,
              21.0880655
            ],
            [
              52.1471922,
              21.0878334
            ],
            [
              52.1476189,
              21.0875012
            ],
            [
              52.147736,
              21.0874059
            ],
            [
              52.1478806,
              21.0872882
            ],
            [
              52.1483296,
              21.0869419
            ],
            [
              52.1485341,
              21.0867852
            ]
          ],
          [
            [
              52.1311583,
              21.0934238
            ],
            [
              52.1311875,
              21.0934697
            ],
            [
              52.131205,
              21.0934935
            ],
            [
              52.1312334,
              21.0935256
            ],
            [
              52.1312742,
              21.0935482
            ]
          ],
          [
            [
              52.1456858,
              21.0890257
            ],
            [
              52.1457452,
              21.0889708
            ]
          ],
          [
            [
              52.1457452,
              21.0889708
            ],
            [
              52.1462547,
              21.0885673
            ],
            [
              52.1465822,
              21.0883079
            ],
            [
              52.1467141,
              21.0882047
            ]
          ],
          [
            [
              52.1312536,
              21.0936888
            ],
            [
              52.131282,
              21.0936945
            ],
            [
              52.1313605,
              21.093674
            ]
          ],
          [
            [
              52.1312742,
              21.0935482
            ],
            [
              52.1312971,
              21.0935635
            ],
            [
              52.1313605,
              21.093674
            ]
          ]
        ]
      }
    },
    {
      "type": "Feature",
      "properties": {
        "name": "Obornicka",
        "highway": "residential"
      },
      "geometry": {
        "type": "MultiLineString",
        "coordinates": [
          [
            [
              52.1694901,
              21.0837232
            ],
            [
              52.1695412,
              21.0838284
            ],
            [
              52.1695571,
              21.0838677
            ],
            [
              52.1695789,
              21.0839234
            ],
            [
              52.1699855,
              21.0849603
            ],
            [
              52.1703995,
              21.0860087
            ],
            [
              52.1708312,
              21.0871067
            ],
            [
              52.1710254,
              21.0875834
            ],
            [
              52.1711997,
              21.0880207
            ],
            [
              52.1714002,
              21.0885438
            ],
            [
              52.1714226,
              21.088645
            ],
            [
              52.1714361,
              21.0887659
            ]
          ],
          [
            [
              52.1694046,
              21.0835471
            ],
            [
              52.1694901,
              21.0837232
            ]
          ],
          [
            [
              52.1680848,
              21.079916
            ],
            [
              52.1680866,
              21.0800675
            ],
            [
              52.1681265,
              21.0802391
            ],
            [
              52.1681813,
              21.0803914
            ],
            [
              52.1682458,
              21.080562
            ],
            [
              52.1684498,
              21.0810984
            ],
            [
              52.1685519,
              21.0813644
            ],
            [
              52.1686694,
              21.0816683
            ],
            [
              52.1687172,
              21.081791
            ],
            [
              52.1687649,
              21.0819179
            ],
            [
              52.1690033,
              21.0825517
            ],
            [
              52.1691079,
              21.0828177
            ],
            [
              52.1691763,
              21.0829924
            ],
            [
              52.169212,
              21.083084
            ],
            [
              52.1693155,
              21.0833487
            ],
            [
              52.169327,
              21.0833773
            ],
            [
              52.1693375,
              21.0834032
            ],
            [
              52.1693511,
              21.0834369
            ],
            [
              52.1694046,
              21.0835471
            ]
          ]
        ]
      }
    },
    {
      "type": "Feature",
      "properties": {
        "name": "Leżakowa",
        "highway": "service"
      },
      "geometry": {
        "type": "MultiLineString",
        "coordinates": [
          [
            [
              52.1599043,
              21.0905408
            ],
            [
              52.1600921,
              21.0902168
            ],
            [
              52.1601141,
              21.0901959
            ],
            [
              52.1601296,
              21.0901855
            ]
          ],
          [
            [
              52.1589163,
              21.0921803
            ],
            [
              52.1591009,
              21.09187
            ],
            [
              52.1591431,
              21.0917771
            ],
            [
              52.159439,
              21.0912967
            ],
            [
              52.159601,
              21.0910512
            ],
            [
              52.1596317,
              21.0910059
            ]
          ]
        ]
      }
    },
    {
      "type": "Feature",
      "properties": {
        "name": "Murawy",
        "highway": "service"
      },
      "geometry": {
        "type": "MultiLineString",
        "coordinates": [
          [
            [
              52.1600448,
              21.0913436
            ],
            [
              52.1601689,
              21.0911386
            ],
            [
              52.1601884,
              21.0911138
            ],
            [
              52.1602018,
              21.0911031
            ],
            [
              52.1602146,
              21.0910971
            ],
            [
              52.1602332,
              21.0910886
            ],
            [
              52.1602786,
              21.0910671
            ]
          ]
        ]
      }
    },
    {
      "type": "Feature",
      "properties": {
        "name": "Namioty",
        "highway": "residential"
      },
      "geometry": {
        "type": "MultiLineString",
        "coordinates": [
          [
            [
              52.1591814,
              21.0910546
            ],
            [
              52.1592794,
              21.0908744
            ],
            [
              52.1594513,
              21.0905776
            ],
            [
              52.1596126,
              21.0903077
            ],
            [
              52.1596204,
              21.0902846
            ],
            [
              52.1596238,
              21.0902577
            ],
            [
              52.1596252,
              21.0902251
            ]
          ]
        ]
      }
    },
    {
      "type": "Feature",
      "properties": {
        "name": "Odpoczynek",
        "highway": "service"
      },
      "geometry": {
        "type": "MultiLineString",
        "coordinates": [
          [
            [
              52.1601384,
              21.0916453
            ],
            [
              52.1602197,
              21.0915119
            ],
            [
              52.1602578,
              21.09146
            ],
            [
              52.1602917,
              21.0914217
            ],
            [
              52.160336,
              21.0913927
            ]
          ],
          [
            [
              52.1598439,
              21.092101
            ],
            [
              52.1599122,
              21.0919997
            ],
            [
              52.1599736,
              21.0919035
            ],
            [
              52.1601384,
              21.0916453
            ]
          ]
        ]
      }
    },
    {
      "type": "Feature",
      "properties": {
        "name": "Ku Skarpie",
        "highway": "residential"
      },
      "geometry": {
        "type": "MultiLineString",
        "coordinates": [
          [
            [
              52.1135842,
              21.1008982
            ],
            [
              52.1148711,
              21.1035636
            ],
            [
              52.1154998,
              21.1048448
            ],
            [
              52.1162451,
              21.1063637
            ],
            [
              52.116356,
              21.1065997
            ]
          ]
        ]
      }
    },
    {
      "type": "Feature",
      "properties": {
        "name": "Warszawska",
        "highway": "secondary"
      },
      "geometry": {
        "type": "MultiLineString",
        "coordinates": [
          [
            [
              52.109883,
              21.1126336
            ],
            [
              52.1100539,
              21.1125825
            ],
            [
              52.1101095,
              21.112554
            ],
            [
              52.1101613,
              21.1125131
            ],
            [
              52.1101853,
              21.112494
            ],
            [
              52.1102593,
              21.1124225
            ],
            [
              52.1106173,
              21.1121018
            ],
            [
              52.1114908,
              21.1113193
            ],
            [
              52.1118983,
              21.1109437
            ],
            [
              52.1122154,
              21.110637
            ],
            [
              52.1122242,
              21.1106285
            ],
            [
              52.1123393,
              21.1105235
            ],
            [
              52.1130392,
              21.1098034
            ]
          ]
        ]
      }
    },
    {
      "type": "Feature",
      "properties": {
        "name": "Marconich",
        "highway": "living_street"
      },
      "geometry": {
        "type": "MultiLineString",
        "coordinates": [
          [
            [
              52.1701339,
              21.0702125
            ],
            [
              52.1701118,
              21.070315
            ],
            [
              52.1700604,
              21.0705533
            ],
            [
              52.1700297,
              21.0707093
            ],
            [
              52.1700191,
              21.0707784
            ],
            [
              52.1700376,
              21.0709084
            ],
            [
              52.1700777,
              21.0711905
            ],
            [
              52.1700908,
              21.0712826
            ],
            [
              52.1700977,
              21.0713315
            ],
            [
              52.1701141,
              21.0714468
            ],
            [
              52.1701226,
              21.0714733
            ],
            [
              52.1702359,
              21.0718261
            ]
          ],
          [
            [
              52.1701172,
              21.0739236
            ],
            [
              52.1701423,
              21.0740138
            ],
            [
              52.1703349,
              21.0745079
            ],
            [
              52.1704048,
              21.0746703
            ],
            [
              52.1705326,
              21.0750194
            ],
            [
              52.1706092,
              21.0752038
            ],
            [
              52.1706595,
              21.0753248
            ]
          ],
          [
            [
              52.1701172,
              21.0739236
            ],
            [
              52.1701329,
              21.0737526
            ],
            [
              52.170136,
              21.0736933
            ],
            [
              52.170148,
              21.0736119
            ],
            [
              52.1701696,
              21.0734926
            ],
            [
              52.1701751,
              21.0734727
            ],
            [
              52.1702797,
              21.0729957
            ],
            [
              52.1703068,
              21.0728817
            ],
            [
              52.1703156,
              21.0728448
            ],
            [
              52.1703509,
              21.0726864
            ],
            [
              52.1703825,
              21.0725442
            ],
            [
              52.1703977,
              21.0724582
            ],
            [
              52.1704046,
              21.0723782
            ],
            [
              52.1703968,
              21.0722911
            ],
            [
              52.1703667,
              21.0721522
            ],
            [
              52.1703227,
              21.0720375
            ],
            [
              52.1702359,
              21.0718261
            ]
          ],
          [
            [
              52.169893,
              21.0697081
            ],
            [
              52.1699269,
              21.0697461
            ],
            [
              52.169962,
              21.0697866
            ],
            [
              52.1700391,
              21.0698696
            ],
            [
              52.1700879,
              21.0699372
            ],
            [
              52.1701102,
              21.069999
            ],
            [
              52.1701293,
              21.0700866
            ],
            [
              52.1701377,
              21.0701813
            ],
            [
              52.170137,
              21.0701979
            ],
            [
              52.1701339,
              21.0702125
            ]
          ]
        ]
      }
    },
    {
      "type": "Feature",
      "properties": {
        "name": "Janczarów",
        "highway": "residential"
      },
      "geometry": {
        "type": "MultiLineString",
        "coordinates": [
          [
            [
              52.1678267,
              21.0877534
            ],
            [
              52.1678537,
              21.0877532
            ],
            [
              52.1682634,
              21.08775
            ],
            [
              52.1683016,
              21.0877512
            ],
            [
              52.1684584,
              21.0877463
            ],
            [
              52.1690736,
              21.0877535
            ],
            [
              52.1699015,
              21.0877633
            ],
            [
              52.1706409,
              21.0877606
            ],
            [
              52.1707676,
              21.0877553
            ],
            [
              52.170835,
              21.0877338
            ],
            [
              52.1708926,
              21.0877001
            ],
            [
              52.1709892,
              21.0876152
            ],
            [
              52.1710254,
              21.0875834
            ]
          ]
        ]
      }
    },
    {
      "type": "Feature",
      "properties": {
        "name": "Rotmistrzowska",
        "highway": "residential"
      },
      "geometry": {
        "type": "MultiLineString",
        "coordinates": [
          [
            [
              52.1711997,
              21.0880207
            ],
            [
              52.1712267,
              21.0879973
            ],
            [
              52.1713589,
              21.0878833
            ],
            [
              52.1714157,
              21.087849
            ],
            [
              52.171485,
              21.0878023
            ],
            [
              52.1716041,
              21.0877161
            ],
            [
              52.1717216,
              21.0876131
            ],
            [
              52.1732706,
              21.0862263
            ],
            [
              52.1736758,
              21.0858634
            ],
            [
              52.1739251,
              21.085639
            ],
            [
              52.1742993,
              21.085301
            ],
            [
              52.1747294,
              21.0849124
            ]
          ]
        ]
      }
    },
    {
      "type": "Feature",
      "properties": {
        "name": "Petyhorska",
        "highway": "living_street"
      },
      "geometry": {
        "type": "MultiLineString",
        "coordinates": [
          [
            [
              52.172978,
              21.0803744
            ],
            [
              52.1733927,
              21.0814425
            ],
            [
              52.1734071,
              21.0814796
            ],
            [
              52.1734251,
              21.0815259
            ],
            [
              52.1738135,
              21.0825229
            ]
          ],
          [
            [
              52.1742655,
              21.0836903
            ],
            [
              52.174281,
              21.083731
            ],
            [
              52.174706,
              21.0848509
            ],
            [
              52.1747294,
              21.0849124
            ],
            [
              52.1751321,
              21.0858997
            ]
          ],
          [
            [
              52.1738135,
              21.0825229
            ],
            [
              52.1738403,
              21.0825921
            ],
            [
              52.1742655,
              21.0836903
            ]
          ]
        ]
      }
    },
    {
      "type": "Feature",
      "properties": {
        "name": "Czekoladowa",
        "highway": "residential"
      },
      "geometry": {
        "type": "MultiLineString",
        "coordinates": [
          [
            [
              52.1321341,
              21.1009507
            ],
            [
              52.1324119,
              21.1007073
            ],
            [
              52.132513,
              21.1006154
            ],
            [
              52.1326363,
              21.1004717
            ],
            [
              52.1326769,
              21.1003756
            ],
            [
              52.132745,
              21.1002498
            ]
          ],
          [
            [
              52.1324119,
              21.1007073
            ],
            [
              52.1324172,
              21.1007676
            ],
            [
              52.1324175,
              21.1008854
            ]
          ],
          [
            [
              52.1324175,
              21.1008854
            ],
            [
              52.1324189,
              21.1010375
            ]
          ]
        ]
      }
    },
    {
      "type": "Feature",
      "properties": {
        "name": "Wczasowa",
        "highway": "residential"
      },
      "geometry": {
        "type": "MultiLineString",
        "coordinates": [
          [
            [
              52.1057861,
              21.1059582
            ],
            [
              52.1058254,
              21.1059586
            ],
            [
              52.1058561,
              21.1059589
            ],
            [
              52.1058839,
              21.1059478
            ],
            [
              52.1059018,
              21.105934
            ],
            [
              52.1059272,
              21.1059075
            ],
            [
              52.1059431,
              21.1058857
            ],
            [
              52.1060049,
              21.1057534
            ],
            [
              52.106096,
              21.1055194
            ],
            [
              52.1061282,
              21.1054373
            ],
            [
              52.106244,
              21.1051337
            ],
            [
              52.1062662,
              21.1050751
            ],
            [
              52.1062709,
              21.1050629
            ],
            [
              52.1062912,
              21.1050112
            ],
            [
              52.1063757,
              21.1047956
            ],
            [
              52.1063977,
              21.1047395
            ],
            [
              52.1064174,
              21.1046891
            ],
            [
              52.106436,
              21.1046416
            ],
            [
              52.1064795,
              21.1045307
            ],
            [
              52.1065125,
              21.1044426
            ],
            [
              52.1065764,
              21.1042944
            ],
            [
              52.1066402,
              21.1041465
            ],
            [
              52.1067088,
              21.1039909
            ],
            [
              52.1067925,
              21.1038006
            ],
            [
              52.1068315,
              21.1037159
            ],
            [
              52.106892,
              21.1035846
            ],
            [
              52.1069329,
              21.1034958
            ],
            [
              52.1069483,
              21.1034623
            ],
            [
              52.1069782,
              21.1034021
            ],
            [
              52.1070069,
              21.1033444
            ],
            [
              52.1070484,
              21.1032596
            ],
            [
              52.107094,
              21.1031688
            ],
            [
              52.1071111,
              21.1031348
            ],
            [
              52.1071432,
              21.1030701
            ],
            [
              52.1071917,
              21.1029726
            ],
            [
              52.1072407,
              21.102874
            ],
            [
              52.1072794,
              21.1028035
            ],
            [
              52.1072891,
              21.1027864
            ],
            [
              52.1073232,
              21.1027255
            ],
            [
              52.1073701,
              21.1026417
            ],
            [
              52.1074359,
              21.1025242
            ],
            [
              52.1074433,
              21.102511
            ],
            [
              52.1075523,
              21.1023161
            ],
            [
              52.1075713,
              21.1022823
            ],
            [
              52.1075918,
              21.1022456
            ],
            [
              52.1076605,
              21.1021168
            ],
            [
              52.1077138,
              21.1020351
            ],
            [
              52.1077539,
              21.1019737
            ],
            [
              52.1078182,
              21.1018841
            ],
            [
              52.1078396,
              21.1018544
            ],
            [
              52.1078555,
              21.1018213
            ],
            [
              52.1079497,
              21.1016259
            ],
            [
              52.1079635,
              21.1015972
            ],
            [
              52.108036,
              21.1014292
            ],
            [
              52.1080889,
              21.1012559
            ],
            [
              52.1081392,
              21.1010521
            ],
            [
              52.1082081,
              21.1007422
            ],
            [
              52.108267,
              21.1004929
            ],
            [
              52.1083182,
              21.1002826
            ],
            [
              52.1083624,
              21.1001173
            ]
          ]
        ]
      }
    },
    {
      "type": "Feature",
      "properties": {
        "name": "Komfortowa",
        "highway": "residential"
      },
      "geometry": {
        "type": "MultiLineString",
        "coordinates": [
          [
            [
              52.1449234,
              21.1306025
            ],
            [
              52.1449907,
              21.1308181
            ],
            [
              52.1450424,
              21.1310374
            ],
            [
              52.1450635,
              21.1311722
            ],
            [
              52.1450868,
              21.1319378
            ],
            [
              52.1451127,
              21.1327863
            ],
            [
              52.1451287,
              21.1328877
            ],
            [
              52.1451442,
              21.1329856
            ],
            [
              52.1451706,
              21.1339538
            ],
            [
              52.1451893,
              21.1346416
            ]
          ],
          [
            [
              52.1448718,
              21.1304424
            ],
            [
              52.1449234,
              21.1306025
            ]
          ]
        ]
      }
    },
    {
      "type": "Feature",
      "properties": {
        "name": "Przestronna",
        "highway": "residential"
      },
      "geometry": {
        "type": "MultiLineString",
        "coordinates": [
          [
            [
              52.1453358,
              21.1300277
            ],
            [
              52.1454003,
              21.1310868
            ],
            [
              52.1454852,
              21.1326111
            ],
            [
              52.1455046,
              21.1329946
            ],
            [
              52.1455162,
              21.1332872
            ],
            [
              52.1455204,
              21.1344952
            ],
            [
              52.1455225,
              21.1346116
            ],
            [
              52.145523,
              21.1347465
            ],
            [
              52.1455348,
              21.1357858
            ],
            [
              52.1455455,
              21.1358485
            ],
            [
              52.1455655,
              21.1358921
            ],
            [
              52.1455878,
              21.1359166
            ]
          ]
        ]
      }
    },
    {
      "type": "Feature",
      "properties": {
        "name": "Niewinna",
        "highway": "residential"
      },
      "geometry": {
        "type": "MultiLineString",
        "coordinates": [
          [
            [
              52.1450424,
              21.1310374
            ],
            [
              52.145005,
              21.1310639
            ],
            [
              52.1449444,
              21.1311039
            ],
            [
              52.1445962,
              21.1316071
            ],
            [
              52.1445561,
              21.131708
            ],
            [
              52.1445188,
              21.1318889
            ],
            [
              52.1445142,
              21.1320373
            ],
            [
              52.1445395,
              21.1327419
            ],
            [
              52.144588,
              21.1340368
            ],
            [
              52.1446007,
              21.1341991
            ],
            [
              52.1446349,
              21.1342955
            ],
            [
              52.1446917,
              21.1344068
            ],
            [
              52.1447373,
              21.1344587
            ],
            [
              52.1449594,
              21.1346147
            ],
            [
              52.1450582,
              21.1346382
            ],
            [
              52.1451893,
              21.1346416
            ],
            [
              52.1452851,
              21.1346755
            ]
          ],
          [
            [
              52.1452851,
              21.1346755
            ],
            [
              52.1453279,
              21.1347264
            ],
            [
              52.1453559,
              21.1347492
            ],
            [
              52.1454239,
              21.1347478
            ]
          ],
          [
            [
              52.1453866,
              21.1346222
            ],
            [
              52.1455225,
              21.1346116
            ]
          ],
          [
            [
              52.1454239,
              21.1347478
            ],
            [
              52.145523,
              21.1347465
            ]
          ],
          [
            [
              52.1452851,
              21.1346755
            ],
            [
              52.1453125,
              21.1346496
            ],
            [
              52.1453363,
              21.1346351
            ],
            [
              52.1453866,
              21.1346222
            ]
          ]
        ]
      }
    },
    {
      "type": "Feature",
      "properties": {
        "name": "Sążnista",
        "highway": "residential"
      },
      "geometry": {
        "type": "MultiLineString",
        "coordinates": [
          [
            [
              52.1629072,
              21.1228174
            ],
            [
              52.1632174,
              21.1237769
            ],
            [
              52.1633608,
              21.1242178
            ],
            [
              52.1634912,
              21.1246186
            ],
            [
              52.1636419,
              21.1251049
            ],
            [
              52.1637977,
              21.1256151
            ],
            [
              52.1638065,
              21.1256443
            ]
          ],
          [
            [
              52.1638065,
              21.1256443
            ],
            [
              52.1640211,
              21.1263186
            ]
          ]
        ]
      }
    },
    {
      "type": "Feature",
      "properties": {
        "name": "Michała Rosnowskiego",
        "highway": "tertiary"
      },
      "geometry": {
        "type": "MultiLineString",
        "coordinates": [
          [
            [
              52.1306358,
              21.0815339
            ],
            [
              52.1306668,
              21.0813962
            ],
            [
              52.130709,
              21.0811403
            ],
            [
              52.1307274,
              21.0809487
            ],
            [
              52.1307388,
              21.0807342
            ],
            [
              52.130741,
              21.080542
            ],
            [
              52.1307311,
              21.0803419
            ],
            [
              52.1307123,
              21.0801508
            ],
            [
              52.1306785,
              21.0799305
            ]
          ],
          [
            [
              52.1302837,
              21.0826431
            ],
            [
              52.1303015,
              21.0824967
            ],
            [
              52.1303119,
              21.0824309
            ],
            [
              52.1303281,
              21.0823426
            ],
            [
              52.1303762,
              21.0821568
            ]
          ],
          [
            [
              52.1303653,
              21.0826112
            ],
            [
              52.1303703,
              21.0825623
            ],
            [
              52.1303843,
              21.0824771
            ],
            [
              52.1304259,
              21.0823003
            ],
            [
              52.1304489,
              21.0822181
            ]
          ],
          [
            [
              52.1303762,
              21.0821568
            ],
            [
              52.1304401,
              21.0819218
            ]
          ],
          [
            [
              52.1304489,
              21.0822181
            ],
            [
              52.1304893,
              21.0820742
            ],
            [
              52.1305548,
              21.0818286
            ],
            [
              52.1306358,
              21.0815339
            ]
          ],
          [
            [
              52.1302158,
              21.0780848
            ],
            [
              52.130224,
              21.0781613
            ],
            [
              52.1302407,
              21.0782753
            ],
            [
              52.1302525,
              21.0783294
            ],
            [
              52.1303685,
              21.0788621
            ],
            [
              52.1303905,
              21.0789631
            ],
            [
              52.1305675,
              21.0797995
            ],
            [
              52.1306113,
              21.0800222
            ],
            [
              52.1306421,
              21.0802527
            ],
            [
              52.1306576,
              21.0804822
            ],
            [
              52.1306588,
              21.080704
            ],
            [
              52.1306508,
              21.0809004
            ],
            [
              52.130636,
              21.0810736
            ],
            [
              52.1306155,
              21.0812116
            ],
            [
              52.1305913,
              21.0813425
            ],
            [
              52.1305459,
              21.0815471
            ],
            [
              52.1304401,
              21.0819218
            ]
          ]
        ]
      }
    },
    {
      "type": "Feature",
      "properties": {
        "name": "Satynowa",
        "highway": "residential"
      },
      "geometry": {
        "type": "MultiLineString",
        "coordinates": [
          [
            [
              52.1636271,
              21.1140253
            ],
            [
              52.1649477,
              21.118118
            ],
            [
              52.1649508,
              21.118145
            ],
            [
              52.1649513,
              21.118168
            ],
            [
              52.1649445,
              21.1182086
            ],
            [
              52.1649334,
              21.1182233
            ],
            [
              52.1647463,
              21.1183946
            ],
            [
              52.1647403,
              21.118415
            ],
            [
              52.1647375,
              21.1184506
            ],
            [
              52.1647497,
              21.1185019
            ],
            [
              52.1648841,
              21.1189125
            ]
          ],
          [
            [
              52.1648841,
              21.1189125
            ],
            [
              52.1649707,
              21.1191769
            ]
          ]
        ]
      }
    },
    {
      "type": "Feature",
      "properties": {
        "name": "Marcepanowa",
        "highway": "residential"
      },
      "geometry": {
        "type": "MultiLineString",
        "coordinates": [
          [
            [
              52.1495193,
              21.0893189
            ],
            [
              52.1495623,
              21.0894722
            ],
            [
              52.149573,
              21.0895445
            ],
            [
              52.1495672,
              21.0896348
            ],
            [
              52.1494995,
              21.0899373
            ],
            [
              52.1494906,
              21.0900424
            ],
            [
              52.149505,
              21.0901486
            ],
            [
              52.1498807,
              21.091497
            ]
          ],
          [
            [
              52.1488927,
              21.0870617
            ],
            [
              52.1490134,
              21.0874934
            ],
            [
              52.14921,
              21.0881972
            ],
            [
              52.1494175,
              21.0889399
            ],
            [
              52.1495193,
              21.0893189
            ]
          ],
          [
            [
              52.1487671,
              21.0866187
            ],
            [
              52.1488927,
              21.0870617
            ]
          ],
          [
            [
              52.1498807,
              21.091497
            ],
            [
              52.1498863,
              21.0915759
            ],
            [
              52.1498961,
              21.0917093
            ]
          ]
        ]
      }
    },
    {
      "type": "Feature",
      "properties": {
        "name": "Bazyliowa",
        "highway": "residential"
      },
      "geometry": {
        "type": "MultiLineString",
        "coordinates": [
          [
            [
              52.1347101,
              21.1347535
            ],
            [
              52.1351808,
              21.1342831
            ],
            [
              52.1352514,
              21.1341707
            ],
            [
              52.135752,
              21.133683
            ],
            [
              52.1363347,
              21.1331213
            ]
          ],
          [
            [
              52.1343137,
              21.1351026
            ],
            [
              52.1347101,
              21.1347535
            ]
          ]
        ]
      }
    },
    {
      "type": "Feature",
      "properties": {
        "name": "Torowa",
        "highway": "residential"
      },
      "geometry": {
        "type": "MultiLineString",
        "coordinates": [
          [
            [
              50.6521977,
              20.2909131
            ],
            [
              50.6523023,
              20.2916913
            ],
            [
              50.6523802,
              20.291866
            ],
            [
              50.6525181,
              20.2920475
            ],
            [
              50.6525513,
              20.2922663
            ],
            [
              50.6525476,
              20.2923917
            ],
            [
              50.6525228,
              20.2927152
            ],
            [
              50.6525074,
              20.2929154
            ],
            [
              50.6524746,
              20.2936691
            ],
            [
              50.6524563,
              20.2941197
            ],
            [
              50.6524503,
              20.2942673
            ],
            [
              50.652426,
              20.2964866
            ],
            [
              50.6524249,
              20.2965794
            ],
            [
              50.6524162,
              20.297423
            ],
            [
              50.6524149,
              20.2975441
            ],
            [
              50.6524169,
              20.2983591
            ],
            [
              50.6524158,
              20.2987127
            ],
            [
              50.6524147,
              20.2989939
            ],
            [
              50.6524125,
              20.2995522
            ],
            [
              50.6524269,
              20.3000292
            ],
            [
              50.6525322,
              20.3008622
            ]
          ]
        ]
      }
    },
    {
      "type": "Feature",
      "properties": {
        "name": "Rondo Jana Kazimierczaka",
        "highway": "tertiary"
      },
      "geometry": {
        "type": "MultiLineString",
        "coordinates": [
          [
            [
              52.1650607,
              21.1091739
            ],
            [
              52.1650902,
              21.1091844
            ],
            [
              52.1651169,
              21.1092076
            ],
            [
              52.1651386,
              21.1092418
            ],
            [
              52.1651539,
              21.1092843
            ]
          ],
          [
            [
              52.1649451,
              21.1093927
            ],
            [
              52.1649545,
              21.1094348
            ],
            [
              52.1649701,
              21.1094717
            ],
            [
              52.1649907,
              21.1095012
            ],
            [
              52.1650152,
              21.1095214
            ],
            [
              52.165042,
              21.1095311
            ]
          ],
          [
            [
              52.165042,
              21.1095311
            ],
            [
              52.1650686,
              21.1095299
            ],
            [
              52.1650943,
              21.1095183
            ],
            [
              52.1651174,
              21.1094969
            ],
            [
              52.1651389,
              21.1094628
            ],
            [
              52.165154,
              21.1094205
            ],
            [
              52.1651615,
              21.1093732
            ],
            [
              52.1651608,
              21.1093243
            ],
            [
              52.1651539,
              21.1092843
            ]
          ],
          [
            [
              52.1649451,
              21.1093927
            ],
            [
              52.1649427,
              21.109337
            ],
            [
              52.164951,
              21.1092829
            ],
            [
              52.1649691,
              21.1092354
            ],
            [
              52.1649952,
              21.1091994
            ]
          ],
          [
            [
              52.1649952,
              21.1091994
            ],
            [
              52.1650267,
              21.1091783
            ],
            [
              52.1650607,
              21.1091739
            ]
          ]
        ]
      }
    },
    {
      "type": "Feature",
      "properties": {
        "name": "Sągi",
        "highway": "tertiary"
      },
      "geometry": {
        "type": "MultiLineString",
        "coordinates": [
          [
            [
              52.1383777,
              21.1459188
            ],
            [
              52.1384985,
              21.1455416
            ],
            [
              52.1386776,
              21.1450215
            ],
            [
              52.1387963,
              21.1446716
            ],
            [
              52.1388529,
              21.144502
            ],
            [
              52.1392284,
              21.1433774
            ],
            [
              52.1392403,
              21.1433418
            ],
            [
              52.1396546,
              21.1420775
            ]
          ],
          [
            [
              52.1379057,
              21.1473576
            ],
            [
              52.1379203,
              21.1473139
            ],
            [
              52.1380384,
              21.1469587
            ],
            [
              52.1383777,
              21.1459188
            ]
          ]
        ]
      }
    },
    {
      "type": "Feature",
      "properties": {
        "name": "Kardamonowa",
        "highway": "residential"
      },
      "geometry": {
        "type": "MultiLineString",
        "coordinates": [
          [
            [
              52.1345325,
              21.1315913
            ],
            [
              52.1345784,
              21.131593
            ],
            [
              52.1346142,
              21.1316084
            ],
            [
              52.1346372,
              21.1316393
            ],
            [
              52.1346532,
              21.1316815
            ],
            [
              52.1349042,
              21.1329193
            ]
          ],
          [
            [
              52.1351808,
              21.1342831
            ],
            [
              52.1355505,
              21.1360178
            ]
          ]
        ]
      }
    },
    {
      "type": "Feature",
      "properties": {
        "name": "Rukoli",
        "highway": "residential"
      },
      "geometry": {
        "type": "MultiLineString",
        "coordinates": [
          [
            [
              52.1344316,
              21.1334106
            ],
            [
              52.1345627,
              21.1340443
            ],
            [
              52.1347101,
              21.1347535
            ],
            [
              52.1349246,
              21.1358125
            ]
          ],
          [
            [
              52.134178,
              21.1320799
            ],
            [
              52.134286,
              21.1327123
            ],
            [
              52.1344316,
              21.1334106
            ]
          ]
        ]
      }
    },
    {
      "type": "Feature",
      "properties": {
        "name": "Melonowa",
        "highway": "living_street"
      },
      "geometry": {
        "type": "MultiLineString",
        "coordinates": [
          [
            [
              52.1689428,
              21.0557334
            ],
            [
              52.1689663,
              21.0557437
            ],
            [
              52.1689948,
              21.0557424
            ],
            [
              52.1695042,
              21.0556636
            ]
          ],
          [
            [
              52.1695042,
              21.0556636
            ],
            [
              52.1695927,
              21.0556409
            ]
          ],
          [
            [
              52.1658394,
              21.0572931
            ],
            [
              52.1658461,
              21.057183
            ],
            [
              52.1658653,
              21.0570858
            ],
            [
              52.1658811,
              21.0570303
            ],
            [
              52.1659011,
              21.0569797
            ],
            [
              52.1659604,
              21.0568584
            ],
            [
              52.1660244,
              21.0567593
            ],
            [
              52.1660835,
              21.0566794
            ],
            [
              52.1661657,
              21.0565892
            ]
          ],
          [
            [
              52.166246,
              21.0565134
            ],
            [
              52.1662992,
              21.0564739
            ],
            [
              52.1663498,
              21.0564364
            ],
            [
              52.1664796,
              21.0563401
            ],
            [
              52.166588,
              21.05627
            ],
            [
              52.1666606,
              21.0562231
            ],
            [
              52.1666801,
              21.0562122
            ],
            [
              52.1667294,
              21.0561844
            ],
            [
              52.1667741,
              21.0561668
            ],
            [
              52.1668679,
              21.0561362
            ],
            [
              52.166981,
              21.0561149
            ],
            [
              52.1670545,
              21.0561011
            ],
            [
              52.1671338,
              21.0560863
            ],
            [
              52.1672005,
              21.0560739
            ],
            [
              52.1672455,
              21.0560655
            ],
            [
              52.1674649,
              21.0560245
            ],
            [
              52.1679082,
              21.0559494
            ],
            [
              52.1681284,
              21.0559101
            ],
            [
              52.168194,
              21.0558925
            ],
            [
              52.1682453,
              21.0558747
            ],
            [
              52.1683469,
              21.0558173
            ],
            [
              52.1684364,
              21.0557586
            ],
            [
              52.1687563,
              21.0554498
            ],
            [
              52.1687848,
              21.0554416
            ],
            [
              52.1688076,
              21.0554449
            ],
            [
              52.1688243,
              21.0554527
            ],
            [
              52.1688425,
              21.0554771
            ],
            [
              52.1689428,
              21.0557334
            ]
          ],
          [
            [
              52.1661657,
              21.0565892
            ],
            [
              52.166246,
              21.0565134
            ]
          ]
        ]
      }
    },
    {
      "type": "Feature",
      "properties": {
        "name": "Aleksandry z Lubomirskich Potockiej",
        "highway": "residential"
      },
      "geometry": {
        "type": "MultiLineString",
        "coordinates": [
          [
            [
              52.1514882,
              21.0727803
            ],
            [
              52.151762,
              21.0726217
            ],
            [
              52.1524501,
              21.0722237
            ],
            [
              52.1525465,
              21.0721695
            ]
          ],
          [
            [
              52.1540226,
              21.07133
            ],
            [
              52.1542737,
              21.0712482
            ],
            [
              52.154336,
              21.0712185
            ],
            [
              52.154433,
              21.0711634
            ],
            [
              52.1544827,
              21.0711333
            ],
            [
              52.154517,
              21.0711139
            ],
            [
              52.1546155,
              21.071059
            ]
          ],
          [
            [
              52.1540226,
              21.07133
            ],
            [
              52.1542612,
              21.0711363
            ],
            [
              52.1544401,
              21.0710258
            ],
            [
              52.1544732,
              21.0710065
            ],
            [
              52.1545704,
              21.0709492
            ]
          ],
          [
            [
              52.1532129,
              21.071779
            ],
            [
              52.1533482,
              21.0716997
            ],
            [
              52.1533981,
              21.0716705
            ],
            [
              52.1536608,
              21.0715265
            ],
            [
              52.153893,
              21.0713968
            ],
            [
              52.1540226,
              21.07133
            ]
          ],
          [
            [
              52.1525465,
              21.0721695
            ],
            [
              52.1532129,
              21.071779
            ]
          ]
        ]
      }
    },
    {
      "type": "Feature",
      "properties": {
        "name": "Metryczna",
        "highway": "tertiary"
      },
      "geometry": {
        "type": "MultiLineString",
        "coordinates": [
          [
            [
              52.1557183,
              21.1243522
            ],
            [
              52.1557356,
              21.1244603
            ],
            [
              52.1557484,
              21.1245215
            ],
            [
              52.1557743,
              21.1246144
            ],
            [
              52.1558078,
              21.1246864
            ]
          ],
          [
            [
              52.1566474,
              21.1283284
            ],
            [
              52.1567237,
              21.1286359
            ]
          ],
          [
            [
              52.1558078,
              21.1246864
            ],
            [
              52.1558776,
              21.1250131
            ],
            [
              52.15599,
              21.125484
            ],
            [
              52.156018,
              21.1256025
            ],
            [
              52.156123,
              21.126046
            ],
            [
              52.156154,
              21.1261769
            ],
            [
              52.1562599,
              21.1266387
            ],
            [
              52.1562667,
              21.1266684
            ],
            [
              52.1562979,
              21.1268046
            ],
            [
              52.1564567,
              21.1274971
            ],
            [
              52.1564867,
              21.1276276
            ],
            [
              52.1566474,
              21.1283284
            ]
          ],
          [
            [
              52.155806,
              21.1243302
            ],
            [
              52.1558013,
              21.1244005
            ],
            [
              52.1558053,
              21.1244931
            ],
            [
              52.1558099,
              21.1245791
            ],
            [
              52.1558078,
              21.1246864
            ]
          ]
        ]
      }
    },
    {
      "type": "Feature",
      "properties": {
        "name": "Pętla Kępa Zawadowska",
        "highway": "service"
      },
      "geometry": {
        "type": "MultiLineString",
        "coordinates": [
          [
            [
              52.1456998,
              21.13859
            ],
            [
              52.145713,
              21.1384449
            ],
            [
              52.145698,
              21.1383759
            ],
            [
              52.1456843,
              21.1383198
            ],
            [
              52.1456838,
              21.13828
            ],
            [
              52.1456929,
              21.1382448
            ],
            [
              52.1457035,
              21.1382271
            ],
            [
              52.1457234,
              21.1382111
            ],
            [
              52.1457759,
              21.1382117
            ],
            [
              52.1458371,
              21.1382166
            ]
          ],
          [
            [
              52.1458371,
              21.1382166
            ],
            [
              52.1460754,
              21.1382254
            ],
            [
              52.1461193,
              21.1382417
            ],
            [
              52.1461689,
              21.1382768
            ]
          ],
          [
            [
              52.1456998,
              21.13859
            ],
            [
              52.145692,
              21.1386951
            ],
            [
              52.1456928,
              21.1387387
            ],
            [
              52.1456977,
              21.1387695
            ],
            [
              52.1457126,
              21.1388118
            ],
            [
              52.145731,
              21.1388498
            ],
            [
              52.1458191,
              21.1389578
            ]
          ]
        ]
      }
    },
    {
      "type": "Feature",
      "properties": {
        "name": "Niemirowska",
        "highway": "residential"
      },
      "geometry": {
        "type": "MultiLineString",
        "coordinates": [
          [
            [
              52.1754197,
              21.065625
            ],
            [
              52.1755029,
              21.0655442
            ],
            [
              52.1756861,
              21.065373
            ],
            [
              52.1758818,
              21.0651662
            ],
            [
              52.1759975,
              21.065046
            ],
            [
              52.1760825,
              21.0649658
            ],
            [
              52.1761769,
              21.0648653
            ]
          ]
        ]
      }
    },
    {
      "type": "Feature",
      "properties": {
        "name": "Estragonowa",
        "highway": "residential"
      },
      "geometry": {
        "type": "MultiLineString",
        "coordinates": [
          [
            [
              52.134178,
              21.1320799
            ],
            [
              52.1345325,
              21.1315913
            ]
          ]
        ]
      }
    },
    {
      "type": "Feature",
      "properties": {
        "name": "Łęgowa",
        "highway": "residential"
      },
      "geometry": {
        "type": "MultiLineString",
        "coordinates": [
          [
            [
              52.1324534,
              21.1152186
            ],
            [
              52.1325504,
              21.1160002
            ],
            [
              52.1325761,
              21.1161757
            ],
            [
              52.1326272,
              21.1165623
            ],
            [
              52.1326826,
              21.1169281
            ],
            [
              52.1327377,
              21.117201
            ],
            [
              52.1328473,
              21.1176715
            ],
            [
              52.1328685,
              21.1177516
            ],
            [
              52.1328984,
              21.1178643
            ],
            [
              52.1329602,
              21.1180982
            ],
            [
              52.133082,
              21.1185242
            ],
            [
              52.1331449,
              21.1187451
            ],
            [
              52.1332027,
              21.1189519
            ],
            [
              52.1333626,
              21.1195242
            ],
            [
              52.1335012,
              21.1200533
            ],
            [
              52.1336243,
              21.1205235
            ],
            [
              52.1337472,
              21.120993
            ],
            [
              52.1339706,
              21.1218623
            ]
          ]
        ]
      }
    },
    {
      "type": "Feature",
      "properties": {
        "name": "Cicha Dolina",
        "highway": "residential"
      },
      "geometry": {
        "type": "MultiLineString",
        "coordinates": [
          [
            [
              52.1723871,
              21.1130327
            ],
            [
              52.1726735,
              21.1139215
            ],
            [
              52.1726971,
              21.1139951
            ],
            [
              52.1728919,
              21.114602
            ],
            [
              52.1729168,
              21.1146788
            ],
            [
              52.1731116,
              21.1152783
            ],
            [
              52.1731368,
              21.1153571
            ],
            [
              52.1733537,
              21.1160359
            ],
            [
              52.1734,
              21.1161819
            ],
            [
              52.1736238,
              21.1168879
            ],
            [
              52.1736589,
              21.1169986
            ],
            [
              52.1738904,
              21.1177288
            ]
          ],
          [
            [
              52.1723495,
              21.112908
            ],
            [
              52.1723778,
              21.1130037
            ],
            [
              52.1723871,
              21.1130327
            ]
          ]
        ]
      }
    },
    {
      "type": "Feature",
      "properties": {
        "name": "Stefana Korbońskiego",
        "highway": "tertiary"
      },
      "geometry": {
        "type": "MultiLineString",
        "coordinates": [
          [
            [
              52.130549,
              21.0839205
            ],
            [
              52.1306287,
              21.084223
            ],
            [
              52.130689,
              21.0844449
            ],
            [
              52.1308873,
              21.0851934
            ],
            [
              52.1310119,
              21.0856512
            ],
            [
              52.1310754,
              21.0859068
            ],
            [
              52.1311317,
              21.0861749
            ],
            [
              52.1311738,
              21.0864308
            ],
            [
              52.1311985,
              21.0866109
            ],
            [
              52.1312229,
              21.086832
            ],
            [
              52.1312338,
              21.0869896
            ],
            [
              52.1312399,
              21.0870774
            ],
            [
              52.1312511,
              21.0873065
            ],
            [
              52.1312512,
              21.087561
            ],
            [
              52.1312463,
              21.0878076
            ],
            [
              52.1312272,
              21.0883801
            ],
            [
              52.131225,
              21.0884418
            ],
            [
              52.1312173,
              21.0886484
            ]
          ],
          [
            [
              52.1304707,
              21.0839631
            ],
            [
              52.1305147,
              21.0841327
            ],
            [
              52.130617,
              21.0845067
            ],
            [
              52.1308142,
              21.0852435
            ],
            [
              52.1309412,
              21.0857233
            ],
            [
              52.1309958,
              21.0859649
            ],
            [
              52.1310435,
              21.086217
            ],
            [
              52.1310743,
              21.0864338
            ],
            [
              52.1311003,
              21.0866339
            ],
            [
              52.1311165,
              21.0868196
            ],
            [
              52.1311331,
              21.0870872
            ],
            [
              52.1311394,
              21.0873113
            ],
            [
              52.1311384,
              21.0875117
            ],
            [
              52.1311289,
              21.0878126
            ],
            [
              52.1311106,
              21.0883089
            ],
            [
              52.1311083,
              21.0883702
            ],
            [
              52.1311062,
              21.0884313
            ],
            [
              52.1310984,
              21.0886581
            ]
          ],
          [
            [
              52.1308307,
              21.0982369
            ],
            [
              52.1308399,
              21.0981375
            ],
            [
              52.1308515,
              21.0979529
            ]
          ],
          [
            [
              52.1307424,
              21.0981942
            ],
            [
              52.1307481,
              21.0982937
            ],
            [
              52.130751,
              21.0983564
            ],
            [
              52.1307561,
              21.098396
            ],
            [
              52.1307766,
              21.0984617
            ]
          ],
          [
            [
              52.1308515,
              21.0979529
            ],
            [
              52.1308545,
              21.0979002
            ],
            [
              52.1308899,
              21.0972731
            ],
            [
              52.1308994,
              21.0970866
            ],
            [
              52.1309606,
              21.0950622
            ],
            [
              52.1309694,
              21.0947818
            ],
            [
              52.1309797,
              21.0946175
            ],
            [
              52.1310044,
              21.0943054
            ]
          ],
          [
            [
              52.1309194,
              21.0933365
            ],
            [
              52.130961,
              21.0932935
            ],
            [
              52.1310089,
              21.0932748
            ],
            [
              52.131058,
              21.0932822
            ],
            [
              52.1311029,
              21.0933151
            ],
            [
              52.1311389,
              21.0933698
            ]
          ],
          [
            [
              52.1309736,
              21.0925223
            ],
            [
              52.1309734,
              21.0922124
            ],
            [
              52.1309958,
              21.0914968
            ],
            [
              52.1310429,
              21.0902027
            ],
            [
              52.1310692,
              21.0895084
            ],
            [
              52.1310901,
              21.0889016
            ],
            [
              52.1310918,
              21.0888531
            ],
            [
              52.1310984,
              21.0886581
            ]
          ],
          [
            [
              52.1310644,
              21.0931518
            ],
            [
              52.1310578,
              21.0930931
            ],
            [
              52.1310552,
              21.0930167
            ],
            [
              52.1310545,
              21.0928348
            ],
            [
              52.1310561,
              21.0925427
            ],
            [
              52.1310538,
              21.0921487
            ],
            [
              52.1310808,
              21.0914022
            ],
            [
              52.1311273,
              21.0901891
            ],
            [
              52.1311622,
              21.0897819
            ]
          ],
          [
            [
              52.1308175,
              21.0969602
            ],
            [
              52.1308716,
              21.0952379
            ],
            [
              52.1308853,
              21.0947936
            ],
            [
              52.130903,
              21.0944797
            ],
            [
              52.130922,
              21.0942044
            ],
            [
              52.130934,
              21.0940043
            ],
            [
              52.1309364,
              21.093939
            ],
            [
              52.1309381,
              21.093892
            ],
            [
              52.1309379,
              21.0938308
            ],
            [
              52.1309267,
              21.0937657
            ],
            [
              52.1309018,
              21.0936715
            ]
          ],
          [
            [
              52.1309018,
              21.0936715
            ],
            [
              52.1309317,
              21.0937181
            ],
            [
              52.1309684,
              21.0937497
            ],
            [
              52.1310089,
              21.0937637
            ],
            [
              52.1310502,
              21.0937593
            ],
            [
              52.1310893,
              21.0937366
            ],
            [
              52.131123,
              21.0936974
            ]
          ],
          [
            [
              52.1309018,
              21.0936715
            ],
            [
              52.1308828,
              21.093621
            ],
            [
              52.1308718,
              21.0935646
            ],
            [
              52.1308706,
              21.0934866
            ],
            [
              52.1308844,
              21.0934119
            ],
            [
              52.1308997,
              21.0933714
            ],
            [
              52.1309194,
              21.0933365
            ]
          ],
          [
            [
              52.131123,
              21.0936974
            ],
            [
              52.1311447,
              21.0936558
            ],
            [
              52.1311601,
              21.0936073
            ],
            [
              52.1311692,
              21.0935466
            ],
            [
              52.1311686,
              21.0934841
            ],
            [
              52.1311583,
              21.0934238
            ],
            [
              52.1311389,
              21.0933698
            ]
          ],
          [
            [
              52.1307766,
              21.0984617
            ],
            [
              52.1307981,
              21.0983946
            ],
            [
              52.1308307,
              21.0982369
            ]
          ],
          [
            [
              52.1303653,
              21.0826112
            ],
            [
              52.130354,
              21.0827791
            ],
            [
              52.1303515,
              21.0829324
            ],
            [
              52.1303564,
              21.0830341
            ],
            [
              52.1303626,
              21.083117
            ],
            [
              52.1303894,
              21.0833053
            ],
            [
              52.1304178,
              21.0834233
            ],
            [
              52.1304449,
              21.0835265
            ],
            [
              52.130549,
              21.0839205
            ]
          ],
          [
            [
              52.1302837,
              21.0826431
            ],
            [
              52.1302745,
              21.0827349
            ],
            [
              52.1302719,
              21.0828428
            ],
            [
              52.1302758,
              21.0830221
            ],
            [
              52.1302806,
              21.0831076
            ],
            [
              52.1302937,
              21.0832136
            ],
            [
              52.1303087,
              21.0833151
            ],
            [
              52.1303358,
              21.0834497
            ],
            [
              52.1303931,
              21.0836731
            ],
            [
              52.1304707,
              21.0839631
            ]
          ],
          [
            [
              52.1307424,
              21.0981942
            ],
            [
              52.1307601,
              21.0979116
            ],
            [
              52.1307635,
              21.0978546
            ],
            [
              52.1307685,
              21.097765
            ],
            [
              52.1308175,
              21.0969602
            ]
          ],
          [
            [
              52.1311622,
              21.0897819
            ],
            [
              52.1311887,
              21.089456
            ],
            [
              52.1312043,
              21.0889857
            ],
            [
              52.1312069,
              21.0889081
            ],
            [
              52.1312085,
              21.0888603
            ],
            [
              52.1312173,
              21.0886484
            ]
          ],
          [
            [
              52.1310044,
              21.0943054
            ],
            [
              52.1310311,
              21.0939587
            ],
            [
              52.1310352,
              21.0939099
            ],
            [
              52.1310517,
              21.0938293
            ],
            [
              52.1310768,
              21.0937661
            ],
            [
              52.131123,
              21.0936974
            ]
          ],
          [
            [
              52.1309194,
              21.0933365
            ],
            [
              52.1309434,
              21.0932599
            ],
            [
              52.1309604,
              21.0931732
            ],
            [
              52.1309631,
              21.0931489
            ],
            [
              52.1309684,
              21.093091
            ],
            [
              52.1309709,
              21.0930644
            ],
            [
              52.1309738,
              21.0928644
            ],
            [
              52.1309736,
              21.0925223
            ]
          ],
          [
            [
              52.1310644,
              21.0931518
            ],
            [
              52.1310832,
              21.0932287
            ],
            [
              52.1311038,
              21.0932877
            ],
            [
              52.1311389,
              21.0933698
            ]
          ]
        ]
      }
    },
    {
      "type": "Feature",
      "properties": {
        "name": "Czarna",
        "highway": "residential"
      },
      "geometry": {
        "type": "MultiLineString",
        "coordinates": [
          [
            [
              52.1566454,
              21.1101536
            ],
            [
              52.1566592,
              21.1102062
            ],
            [
              52.1570404,
              21.1116631
            ],
            [
              52.1570834,
              21.1118301
            ],
            [
              52.1571684,
              21.11216
            ],
            [
              52.1571879,
              21.1122359
            ],
            [
              52.1572396,
              21.1124367
            ],
            [
              52.1572651,
              21.1124758
            ],
            [
              52.1572868,
              21.1124831
            ],
            [
              52.1573076,
              21.1124829
            ],
            [
              52.1573587,
              21.1124617
            ],
            [
              52.1575545,
              21.1123805
            ],
            [
              52.1576132,
              21.112351
            ],
            [
              52.158242,
              21.112123
            ]
          ]
        ]
      }
    },
    {
      "type": "Feature",
      "properties": {
        "name": "Gwiazda",
        "highway": "residential"
      },
      "geometry": {
        "type": "MultiLineString",
        "coordinates": [
          [
            [
              52.1575203,
              21.1095217
            ],
            [
              52.1575628,
              21.1096675
            ],
            [
              52.157747,
              21.1103
            ],
            [
              52.1578141,
              21.1105632
            ],
            [
              52.1578192,
              21.1106732
            ],
            [
              52.1580398,
              21.1113783
            ],
            [
              52.1580592,
              21.1114401
            ],
            [
              52.158233,
              21.1119927
            ],
            [
              52.1582426,
              21.1120447
            ],
            [
              52.1582443,
              21.1120755
            ],
            [
              52.158242,
              21.112123
            ],
            [
              52.1582609,
              21.1122537
            ],
            [
              52.1582801,
              21.1123586
            ],
            [
              52.1583963,
              21.1128334
            ],
            [
              52.1584046,
              21.1128605
            ],
            [
              52.1584169,
              21.1128675
            ],
            [
              52.1584476,
              21.1128675
            ],
            [
              52.1584825,
              21.1128477
            ],
            [
              52.1590659,
              21.1124616
            ]
          ]
        ]
      }
    },
    {
      "type": "Feature",
      "properties": {
        "name": "Wiechy",
        "highway": "tertiary"
      },
      "geometry": {
        "type": "MultiLineString",
        "coordinates": [
          [
            [
              52.1311093,
              21.1362482
            ],
            [
              52.1313836,
              21.135629
            ],
            [
              52.1315191,
              21.1352031
            ],
            [
              52.1316096,
              21.1349459
            ],
            [
              52.1316253,
              21.1349014
            ],
            [
              52.1317502,
              21.134461
            ],
            [
              52.1319146,
              21.1337311
            ],
            [
              52.1319591,
              21.1335371
            ],
            [
              52.1320229,
              21.1332813
            ],
            [
              52.1321051,
              21.1330094
            ],
            [
              52.1321513,
              21.1328743
            ],
            [
              52.1321915,
              21.1327621
            ],
            [
              52.1323713,
              21.1323461
            ],
            [
              52.1324357,
              21.1321971
            ],
            [
              52.1325064,
              21.1319282
            ],
            [
              52.1325432,
              21.1316873
            ],
            [
              52.1325527,
              21.1314041
            ],
            [
              52.1325148,
              21.1311106
            ],
            [
              52.1324642,
              21.1309098
            ],
            [
              52.1323727,
              21.130688
            ],
            [
              52.1321776,
              21.1303632
            ],
            [
              52.1320229,
              21.1301233
            ]
          ],
          [
            [
              52.1299643,
              21.1379224
            ],
            [
              52.1302874,
              21.1375846
            ],
            [
              52.130501,
              21.1373551
            ],
            [
              52.1306626,
              21.137176
            ],
            [
              52.1307827,
              21.1369752
            ],
            [
              52.1311093,
              21.1362482
            ]
          ]
        ]
      }
    },
    {
      "type": "Feature",
      "properties": {
        "name": "Podgórska",
        "highway": "residential"
      },
      "geometry": {
        "type": "MultiLineString",
        "coordinates": [
          [
            [
              52.176227,
              21.0680027
            ],
            [
              52.1762609,
              21.0679843
            ],
            [
              52.1762744,
              21.067977
            ],
            [
              52.1769783,
              21.0673598
            ],
            [
              52.1770114,
              21.0673262
            ],
            [
              52.1770513,
              21.0672976
            ],
            [
              52.1770877,
              21.0672672
            ]
          ]
        ]
      }
    },
    {
      "type": "Feature",
      "properties": {
        "name": "Herbu Janina",
        "highway": "residential"
      },
      "geometry": {
        "type": "MultiLineString",
        "coordinates": [
          [
            [
              52.1534008,
              21.0793162
            ],
            [
              52.1533386,
              21.0794576
            ],
            [
              52.1533155,
              21.0795187
            ],
            [
              52.1533057,
              21.0795574
            ],
            [
              52.1533022,
              21.0796035
            ],
            [
              52.153305,
              21.0796532
            ],
            [
              52.1533201,
              21.079695
            ],
            [
              52.1533416,
              21.0797325
            ],
            [
              52.1534444,
              21.0798567
            ],
            [
              52.1538711,
              21.0803404
            ],
            [
              52.1540092,
              21.080497
            ],
            [
              52.1542235,
              21.08074
            ],
            [
              52.1542898,
              21.0808395
            ],
            [
              52.1543662,
              21.0809932
            ],
            [
              52.1544045,
              21.0810794
            ],
            [
              52.1544538,
              21.0811677
            ],
            [
              52.1545024,
              21.0812312
            ],
            [
              52.1546041,
              21.0813348
            ],
            [
              52.1546379,
              21.08135
            ],
            [
              52.1546649,
              21.0813532
            ]
          ],
          [
            [
              52.1553558,
              21.0753786
            ],
            [
              52.1556849,
              21.0750644
            ],
            [
              52.1557164,
              21.0750344
            ],
            [
              52.1558795,
              21.0748789
            ],
            [
              52.1559092,
              21.0748515
            ],
            [
              52.155989,
              21.0747761
            ]
          ],
          [
            [
              52.1534008,
              21.0793162
            ],
            [
              52.1537194,
              21.078589
            ],
            [
              52.1537473,
              21.0785254
            ],
            [
              52.1538997,
              21.0781776
            ],
            [
              52.1539942,
              21.0779609
            ],
            [
              52.1540477,
              21.0778383
            ],
            [
              52.1541639,
              21.077572
            ],
            [
              52.1542714,
              21.0773255
            ],
            [
              52.1547222,
              21.0762921
            ],
            [
              52.1548437,
              21.0760196
            ],
            [
              52.1549342,
              21.0758167
            ],
            [
              52.1549949,
              21.0757205
            ],
            [
              52.155156,
              21.075565
            ],
            [
              52.1553558,
              21.0753786
            ]
          ]
        ]
      }
    },
    {
      "type": "Feature",
      "properties": {
        "name": "Zdrowa",
        "highway": "residential"
      },
      "geometry": {
        "type": "MultiLineString",
        "coordinates": [
          [
            [
              52.1699671,
              21.0637214
            ],
            [
              52.170076,
              21.0637338
            ],
            [
              52.1701167,
              21.0637384
            ]
          ],
          [
            [
              52.1664119,
              21.064295
            ],
            [
              52.1665135,
              21.0642776
            ],
            [
              52.1667227,
              21.0642418
            ],
            [
              52.167009,
              21.0641928
            ],
            [
              52.1671128,
              21.0641751
            ],
            [
              52.1676878,
              21.0640767
            ],
            [
              52.1677997,
              21.0640575
            ],
            [
              52.1678828,
              21.0640434
            ],
            [
              52.1679733,
              21.0640278
            ],
            [
              52.1680679,
              21.0640125
            ],
            [
              52.1686425,
              21.0639195
            ],
            [
              52.1688122,
              21.063892
            ],
            [
              52.1689802,
              21.0638648
            ],
            [
              52.1691936,
              21.0638303
            ],
            [
              52.1693427,
              21.0638061
            ],
            [
              52.1693831,
              21.0637996
            ],
            [
              52.1696788,
              21.0637517
            ],
            [
              52.1697832,
              21.0637348
            ],
            [
              52.1698215,
              21.0637319
            ],
            [
              52.1699428,
              21.0637232
            ],
            [
              52.1699671,
              21.0637214
            ]
          ]
        ]
      }
    },
    {
      "type": "Feature",
      "properties": {
        "name": "Buska",
        "highway": "residential"
      },
      "geometry": {
        "type": "MultiLineString",
        "coordinates": [
          [
            [
              52.1766989,
              21.0691544
            ],
            [
              52.176728,
              21.069141
            ],
            [
              52.1767777,
              21.0690873
            ],
            [
              52.1768067,
              21.0690526
            ]
          ]
        ]
      }
    },
    {
      "type": "Feature",
      "properties": {
        "name": "Jana III Sobieskiego",
        "highway": "secondary"
      },
      "geometry": {
        "type": "MultiLineString",
        "coordinates": [
          [
            [
              52.1698008,
              21.0682397
            ],
            [
              52.1698806,
              21.0681988
            ],
            [
              52.1699408,
              21.0681674
            ],
            [
              52.1700015,
              21.0681346
            ],
            [
              52.170064,
              21.0680998
            ],
            [
              52.1701221,
              21.0680663
            ],
            [
              52.1701692,
              21.0680382
            ],
            [
              52.1702252,
              21.0680031
            ],
            [
              52.1703117,
              21.0679475
            ],
            [
              52.1703945,
              21.0678914
            ],
            [
              52.1704737,
              21.0678346
            ],
            [
              52.1705443,
              21.0677825
            ],
            [
              52.1706019,
              21.0677379
            ],
            [
              52.1706681,
              21.0676857
            ],
            [
              52.1707452,
              21.0676219
            ],
            [
              52.1708222,
              21.0675573
            ],
            [
              52.1709009,
              21.0674864
            ]
          ]
        ]
      }
    },
    {
      "type": "Feature",
      "properties": {
        "name": "Karuzela",
        "highway": "residential"
      },
      "geometry": {
        "type": "MultiLineString",
        "coordinates": [
          [
            [
              52.1526871,
              21.0843811
            ],
            [
              52.1526863,
              21.0844449
            ],
            [
              52.1526772,
              21.0851844
            ],
            [
              52.1526684,
              21.0859008
            ],
            [
              52.1526137,
              21.0868278
            ],
            [
              52.1525585,
              21.087587
            ],
            [
              52.152542,
              21.0878146
            ],
            [
              52.1525384,
              21.0878977
            ],
            [
              52.1525412,
              21.0879798
            ],
            [
              52.1525508,
              21.0880747
            ],
            [
              52.152567,
              21.0881671
            ],
            [
              52.1525896,
              21.0882559
            ],
            [
              52.152689,
              21.0885261
            ],
            [
              52.1528409,
              21.0889213
            ],
            [
              52.1532474,
              21.0899702
            ],
            [
              52.1535154,
              21.0906586
            ],
            [
              52.1535345,
              21.0907251
            ]
          ]
        ]
      }
    },
    {
      "type": "Feature",
      "properties": {
        "name": "Karmelowa",
        "highway": "residential"
      },
      "geometry": {
        "type": "MultiLineString",
        "coordinates": [
          [
            [
              52.1265328,
              21.1031271
            ],
            [
              52.1265375,
              21.1032308
            ],
            [
              52.126541,
              21.1033082
            ]
          ],
          [
            [
              52.1265018,
              21.1019291
            ],
            [
              52.126493,
              21.1020937
            ],
            [
              52.1265328,
              21.1031271
            ]
          ]
        ]
      }
    },
    {
      "type": "Feature",
      "properties": {
        "name": "Limonki",
        "highway": "service"
      },
      "geometry": {
        "type": "MultiLineString",
        "coordinates": [
          [
            [
              52.1158553,
              21.0963131
            ],
            [
              52.1158714,
              21.0962666
            ],
            [
              52.1158973,
              21.096228
            ],
            [
              52.1164159,
              21.0956253
            ]
          ],
          [
            [
              52.114828,
              21.0976063
            ],
            [
              52.1148208,
              21.0975801
            ],
            [
              52.1148169,
              21.097552
            ],
            [
              52.1148165,
              21.0975233
            ],
            [
              52.1148199,
              21.0974931
            ],
            [
              52.1148272,
              21.0974647
            ],
            [
              52.114838,
              21.0974395
            ],
            [
              52.1153296,
              21.0969
            ]
          ]
        ]
      }
    },
    {
      "type": "Feature",
      "properties": {
        "name": "Pętla Powsinek",
        "highway": "service"
      },
      "geometry": {
        "type": "MultiLineString",
        "coordinates": [
          [
            [
              52.1555141,
              21.0906709
            ],
            [
              52.1555328,
              21.0906112
            ],
            [
              52.1555447,
              21.0905746
            ],
            [
              52.1555637,
              21.0905253
            ],
            [
              52.1555948,
              21.0904874
            ],
            [
              52.1556704,
              21.0904316
            ]
          ],
          [
            [
              52.1557122,
              21.0905199
            ],
            [
              52.1558142,
              21.0904413
            ],
            [
              52.155832,
              21.0904127
            ],
            [
              52.1558406,
              21.0903849
            ],
            [
              52.155841,
              21.090353
            ],
            [
              52.155834,
              21.0903094
            ]
          ],
          [
            [
              52.1555141,
              21.0906709
            ],
            [
              52.1556216,
              21.0905873
            ],
            [
              52.1557122,
              21.0905199
            ]
          ],
          [
            [
              52.155834,
              21.0903094
            ],
            [
              52.1558739,
              21.090281
            ]
          ],
          [
            [
              52.1556704,
              21.0904316
            ],
            [
              52.155834,
              21.0903094
            ]
          ]
        ]
      }
    },
    {
      "type": "Feature",
      "properties": {
        "name": "Królewicza Jakuba",
        "highway": "residential"
      },
      "geometry": {
        "type": "MultiLineString",
        "coordinates": [
          [
            [
              52.1736673,
              21.0743573
            ],
            [
              52.1741199,
              21.0738852
            ],
            [
              52.1744411,
              21.0735502
            ],
            [
              52.1744703,
              21.0735197
            ],
            [
              52.1746073,
              21.0733768
            ],
            [
              52.1750091,
              21.0729656
            ],
            [
              52.1755254,
              21.0724373
            ],
            [
              52.1760131,
              21.0719381
            ],
            [
              52.17626,
              21.0716842
            ],
            [
              52.1764899,
              21.0714468
            ],
            [
              52.1768811,
              21.0710498
            ],
            [
              52.1769381,
              21.0709914
            ],
            [
              52.1771771,
              21.0706735
            ],
            [
              52.1775606,
              21.0701183
            ]
          ],
          [
            [
              52.1701173,
              21.078032
            ],
            [
              52.1706048,
              21.0775159
            ],
            [
              52.1712832,
              21.0768237
            ],
            [
              52.1722435,
              21.0758368
            ],
            [
              52.1725316,
              21.0755408
            ],
            [
              52.1725457,
              21.0755263
            ],
            [
              52.1726029,
              21.0754676
            ],
            [
              52.1726537,
              21.0754146
            ],
            [
              52.1726758,
              21.0753915
            ],
            [
              52.172838,
              21.0752223
            ],
            [
              52.172884,
              21.0751743
            ],
            [
              52.1731006,
              21.0749483
            ],
            [
              52.1736673,
              21.0743573
            ]
          ]
        ]
      }
    },
    {
      "type": "Feature",
      "properties": {
        "name": "Trzmiela",
        "highway": "living_street"
      },
      "geometry": {
        "type": "MultiLineString",
        "coordinates": [
          [
            [
              52.1146426,
              21.0999252
            ],
            [
              52.1148753,
              21.1004386
            ],
            [
              52.1152276,
              21.1012156
            ],
            [
              52.1156755,
              21.1021877
            ]
          ],
          [
            [
              52.1139492,
              21.0984089
            ],
            [
              52.1144345,
              21.09947
            ],
            [
              52.1146426,
              21.0999252
            ]
          ],
          [
            [
              52.1156755,
              21.1021877
            ],
            [
              52.1157232,
              21.1022545
            ]
          ],
          [
            [
              52.1157232,
              21.1022545
            ],
            [
              52.1157511,
              21.1022932
            ]
          ]
        ]
      }
    },
    {
      "type": "Feature",
      "properties": {
        "name": "Lawendy",
        "highway": "residential"
      },
      "geometry": {
        "type": "MultiLineString",
        "coordinates": [
          [
            [
              52.1321535,
              21.108034
            ],
            [
              52.1326714,
              21.1095456
            ]
          ]
        ]
      }
    },
    {
      "type": "Feature",
      "properties": {
        "name": "Gwarna",
        "highway": "residential"
      },
      "geometry": {
        "type": "MultiLineString",
        "coordinates": [
          [
            [
              52.1428685,
              21.1386181
            ],
            [
              52.1441549,
              21.1387749
            ],
            [
              52.1441793,
              21.1387799
            ]
          ]
        ]
      }
    },
    {
      "type": "Feature",
      "properties": {
        "name": "Pod Dębami",
        "highway": "residential"
      },
      "geometry": {
        "type": "MultiLineString",
        "coordinates": [
          [
            [
              52.1316029,
              21.0886168
            ],
            [
              52.1318272,
              21.0886189
            ],
            [
              52.1319497,
              21.0886049
            ],
            [
              52.1320287,
              21.0885973
            ],
            [
              52.1320842,
              21.088592
            ],
            [
              52.1323409,
              21.0885623
            ],
            [
              52.1324085,
              21.0885522
            ],
            [
              52.1326005,
              21.0885306
            ],
            [
              52.1326797,
              21.0885218
            ],
            [
              52.1327368,
              21.088515
            ],
            [
              52.1328261,
              21.0885048
            ],
            [
              52.1330107,
              21.0884847
            ],
            [
              52.1330644,
              21.0884788
            ],
            [
              52.1333224,
              21.0884506
            ],
            [
              52.1333925,
              21.0884401
            ],
            [
              52.1335137,
              21.0884263
            ],
            [
              52.133662,
              21.0884106
            ],
            [
              52.1337185,
              21.0884046
            ],
            [
              52.1337983,
              21.0883938
            ],
            [
              52.133991,
              21.0883718
            ],
            [
              52.134045,
              21.0883656
            ],
            [
              52.1341668,
              21.0883517
            ],
            [
              52.1342228,
              21.0883453
            ],
            [
              52.1342891,
              21.0883378
            ],
            [
              52.1343665,
              21.0883289
            ]
          ],
          [
            [
              52.1345088,
              21.0883127
            ],
            [
              52.134691,
              21.0883007
            ],
            [
              52.1347196,
              21.0882988
            ],
            [
              52.1347471,
              21.0882963
            ],
            [
              52.1347832,
              21.0882929
            ],
            [
              52.1348352,
              21.088283
            ],
            [
              52.1348772,
              21.0882568
            ],
            [
              52.1349552,
              21.0882056
            ],
            [
              52.1349912,
              21.0881757
            ],
            [
              52.1350311,
              21.0881288
            ],
            [
              52.1350698,
              21.0880704
            ],
            [
              52.1351063,
              21.0880203
            ],
            [
              52.1351251,
              21.0879908
            ],
            [
              52.1351611,
              21.0879325
            ],
            [
              52.1352446,
              21.0878188
            ],
            [
              52.1352734,
              21.0877764
            ]
          ],
          [
            [
              52.1313158,
              21.0886377
            ],
            [
              52.1313461,
              21.0886344
            ],
            [
              52.1316029,
              21.0886168
            ]
          ],
          [
            [
              52.1352734,
              21.0877764
            ],
            [
              52.1353398,
              21.0876882
            ],
            [
              52.135372,
              21.0876109
            ]
          ],
          [
            [
              52.1343665,
              21.0883289
            ],
            [
              52.1343991,
              21.0883252
            ],
            [
              52.1345088,
              21.0883127
            ]
          ],
          [
            [
              52.135372,
              21.0876109
            ],
            [
              52.1354181,
              21.0875444
            ],
            [
              52.1355907,
              21.0872909
            ],
            [
              52.1356344,
              21.0872267
            ],
            [
              52.1356931,
              21.0871405
            ],
            [
              52.1357336,
              21.0870811
            ],
            [
              52.135814,
              21.086968
            ],
            [
              52.1358348,
              21.0869369
            ],
            [
              52.135877,
              21.0868742
            ]
          ],
          [
            [
              52.1312173,
              21.0886484
            ],
            [
              52.1313158,
              21.0886377
            ]
          ]
        ]
      }
    },
    {
      "type": "Feature",
      "properties": {
        "name": "Nad Wodą",
        "highway": "residential"
      },
      "geometry": {
        "type": "MultiLineString",
        "coordinates": [
          [
            [
              52.144088,
              21.1310645
            ],
            [
              52.1441386,
              21.1308139
            ],
            [
              52.1441546,
              21.1307055
            ],
            [
              52.1441614,
              21.1305474
            ],
            [
              52.1441662,
              21.1304466
            ],
            [
              52.1441744,
              21.1303782
            ],
            [
              52.1441983,
              21.130298
            ],
            [
              52.1442787,
              21.1301134
            ],
            [
              52.1443628,
              21.1299389
            ],
            [
              52.144453,
              21.1297537
            ],
            [
              52.1445116,
              21.1296472
            ],
            [
              52.144706,
              21.1292999
            ],
            [
              52.1447284,
              21.1292775
            ],
            [
              52.1447523,
              21.1292592
            ],
            [
              52.1447772,
              21.1292452
            ],
            [
              52.1448062,
              21.1292349
            ],
            [
              52.1448358,
              21.1292305
            ],
            [
              52.1448655,
              21.129232
            ],
            [
              52.1449851,
              21.129261
            ],
            [
              52.1450227,
              21.1292665
            ],
            [
              52.1450569,
              21.1292641
            ],
            [
              52.1450937,
              21.129249
            ],
            [
              52.1451328,
              21.1292306
            ],
            [
              52.1451828,
              21.1291918
            ],
            [
              52.1452198,
              21.1291509
            ]
          ],
          [
            [
              52.1445116,
              21.1296472
            ],
            [
              52.144631,
              21.1298263
            ],
            [
              52.1447127,
              21.1299999
            ],
            [
              52.1448262,
              21.1303065
            ]
          ],
          [
            [
              52.1448262,
              21.1303065
            ],
            [
              52.1448718,
              21.1304424
            ]
          ]
        ]
      }
    },
    {
      "type": "Feature",
      "properties": {
        "name": "Kwitnącej Łąki",
        "highway": "residential"
      },
      "geometry": {
        "type": "MultiLineString",
        "coordinates": [
          [
            [
              52.1161334,
              21.0970971
            ],
            [
              52.1164876,
              21.097883
            ],
            [
              52.1169229,
              21.0988318
            ]
          ]
        ]
      }
    },
    {
      "type": "Feature",
      "properties": {
        "name": "Makowa",
        "highway": "residential"
      },
      "geometry": {
        "type": "MultiLineString",
        "coordinates": [
          [
            [
              52.1534179,
              21.1272165
            ],
            [
              52.1545978,
              21.1292667
            ],
            [
              52.1550074,
              21.1299788
            ]
          ]
        ]
      }
    },
    {
      "type": "Feature",
      "properties": {
        "name": "Szczególna",
        "highway": "service"
      },
      "geometry": {
        "type": "MultiLineString",
        "coordinates": [
          [
            [
              52.1316062,
              21.1140476
            ],
            [
              52.1316312,
              21.1140331
            ],
            [
              52.1321603,
              21.1137757
            ]
          ]
        ]
      }
    },
    {
      "type": "Feature",
      "properties": {
        "name": "Pod Wierzbami",
        "highway": "living_street"
      },
      "geometry": {
        "type": "MultiLineString",
        "coordinates": [
          [
            [
              52.1345005,
              21.0885304
            ],
            [
              52.1345026,
              21.0884746
            ],
            [
              52.1345088,
              21.0883127
            ]
          ],
          [
            [
              52.1344704,
              21.089334
            ],
            [
              52.1344738,
              21.089244
            ],
            [
              52.1344805,
              21.0890658
            ],
            [
              52.1345005,
              21.0885304
            ]
          ]
        ]
      }
    },
    {
      "type": "Feature",
      "properties": {
        "name": "Pod Wiązami",
        "highway": "residential"
      },
      "geometry": {
        "type": "MultiLineString",
        "coordinates": [
          [
            [
              52.1349552,
              21.0882056
            ],
            [
              52.1350011,
              21.0883642
            ],
            [
              52.1350721,
              21.0886096
            ],
            [
              52.135085,
              21.0886323
            ],
            [
              52.135104,
              21.0886464
            ],
            [
              52.1351221,
              21.0886511
            ],
            [
              52.1351428,
              21.0886464
            ],
            [
              52.1355886,
              21.08835
            ],
            [
              52.136066,
              21.0880319
            ],
            [
              52.1361137,
              21.0880005
            ],
            [
              52.1361975,
              21.0879453
            ]
          ]
        ]
      }
    },
    {
      "type": "Feature",
      "properties": {
        "name": "Pod Platanami",
        "highway": "residential"
      },
      "geometry": {
        "type": "MultiLineString",
        "coordinates": [
          [
            [
              52.1318272,
              21.0886189
            ],
            [
              52.131835,
              21.08854
            ],
            [
              52.131839,
              21.0884823
            ],
            [
              52.1318203,
              21.0881054
            ],
            [
              52.1317952,
              21.0875469
            ],
            [
              52.1318054,
              21.0872079
            ],
            [
              52.1319672,
              21.0872158
            ],
            [
              52.1320211,
              21.0872184
            ],
            [
              52.1321385,
              21.0872241
            ],
            [
              52.1321684,
              21.0872218
            ],
            [
              52.1322967,
              21.0872061
            ],
            [
              52.1323526,
              21.0871993
            ],
            [
              52.132624,
              21.087166
            ],
            [
              52.1326774,
              21.0871595
            ],
            [
              52.1327374,
              21.0871521
            ],
            [
              52.1329499,
              21.0871273
            ],
            [
              52.1330058,
              21.0871208
            ],
            [
              52.1332742,
              21.0870895
            ],
            [
              52.1333307,
              21.087083
            ],
            [
              52.1336028,
              21.0870512
            ],
            [
              52.1336575,
              21.0870449
            ],
            [
              52.1339112,
              21.0870153
            ],
            [
              52.1339294,
              21.0870044
            ],
            [
              52.1339804,
              21.0869737
            ]
          ]
        ]
      }
    },
    {
      "type": "Feature",
      "properties": {
        "name": "Filigranowa",
        "highway": "residential"
      },
      "geometry": {
        "type": "MultiLineString",
        "coordinates": [
          [
            [
              52.1660023,
              21.1184179
            ],
            [
              52.1661086,
              21.1187484
            ],
            [
              52.1661529,
              21.1188859
            ],
            [
              52.1661719,
              21.118937
            ],
            [
              52.1661974,
              21.11899
            ],
            [
              52.1662251,
              21.1190542
            ],
            [
              52.1662518,
              21.1191344
            ],
            [
              52.1662621,
              21.119176
            ],
            [
              52.1662723,
              21.119226
            ],
            [
              52.1662797,
              21.1192794
            ],
            [
              52.1662921,
              21.1193423
            ],
            [
              52.1674141,
              21.1228215
            ]
          ],
          [
            [
              52.1659715,
              21.1183282
            ],
            [
              52.1659953,
              21.1183962
            ],
            [
              52.1660023,
              21.1184179
            ]
          ]
        ]
      }
    },
    {
      "type": "Feature",
      "properties": {
        "name": "Aleksandra Gieysztora",
        "highway": "service"
      },
      "geometry": {
        "type": "MultiLineString",
        "coordinates": [
          [
            [
              52.1589528,
              21.0842967
            ],
            [
              52.1589737,
              21.0843192
            ],
            [
              52.1589882,
              21.0843312
            ],
            [
              52.159009,
              21.0843368
            ],
            [
              52.1590323,
              21.08434
            ],
            [
              52.1590501,
              21.0843364
            ],
            [
              52.1590664,
              21.0843267
            ],
            [
              52.1591009,
              21.0843021
            ],
            [
              52.1592164,
              21.0842206
            ]
          ],
          [
            [
              52.1590074,
              21.084504
            ],
            [
              52.1590964,
              21.0844432
            ],
            [
              52.1591284,
              21.0844213
            ],
            [
              52.1592029,
              21.0843684
            ],
            [
              52.1592478,
              21.0843261
            ]
          ],
          [
            [
              52.1587768,
              21.0843741
            ],
            [
              52.1588584,
              21.0844496
            ],
            [
              52.1588901,
              21.0844702
            ],
            [
              52.1589216,
              21.0844831
            ],
            [
              52.1589502,
              21.0844927
            ],
            [
              52.1589772,
              21.0844995
            ],
            [
              52.1590074,
              21.084504
            ]
          ]
        ]
      }
    },
    {
      "type": "Feature",
      "properties": {
        "name": "Jerzego Holzera",
        "highway": "residential"
      },
      "geometry": {
        "type": "MultiLineString",
        "coordinates": [
          [
            [
              52.1541186,
              21.0851711
            ],
            [
              52.1541457,
              21.0851511
            ],
            [
              52.1542856,
              21.0850477
            ],
            [
              52.1548281,
              21.0846468
            ],
            [
              52.1554011,
              21.0842233
            ],
            [
              52.1557865,
              21.0839385
            ],
            [
              52.1560044,
              21.0837776
            ],
            [
              52.1560191,
              21.0837668
            ],
            [
              52.1563046,
              21.0835533
            ],
            [
              52.1563401,
              21.0835287
            ],
            [
              52.156365,
              21.0835114
            ],
            [
              52.1564524,
              21.0834582
            ]
          ]
        ]
      }
    },
    {
      "type": "Feature",
      "properties": {
        "name": "Żegiestowska",
        "highway": "residential"
      },
      "geometry": {
        "type": "MultiLineString",
        "coordinates": [
          [
            [
              52.1775606,
              21.0701183
            ],
            [
              52.1778083,
              21.0696917
            ],
            [
              52.1780222,
              21.0693051
            ],
            [
              52.1780445,
              21.069265
            ],
            [
              52.1780774,
              21.0692008
            ]
          ]
        ]
      }
    },
    {
      "type": "Feature",
      "properties": {
        "name": "Bogata",
        "highway": "residential"
      },
      "geometry": {
        "type": "MultiLineString",
        "coordinates": [
          [
            [
              52.1472624,
              21.1354905
            ],
            [
              52.1473037,
              21.1356085
            ],
            [
              52.1473384,
              21.1357385
            ],
            [
              52.1473465,
              21.1357728
            ],
            [
              52.1473534,
              21.1358312
            ],
            [
              52.1473597,
              21.1359025
            ]
          ],
          [
            [
              52.1455878,
              21.1359166
            ],
            [
              52.1456278,
              21.1359313
            ],
            [
              52.1456658,
              21.1359327
            ],
            [
              52.1471643,
              21.1354469
            ],
            [
              52.1471974,
              21.1354378
            ],
            [
              52.147221,
              21.1354458
            ],
            [
              52.1472483,
              21.135465
            ],
            [
              52.1472624,
              21.1354905
            ]
          ]
        ]
      }
    },
    {
      "type": "Feature",
      "properties": {
        "name": "Rondo Jadwigi Szczawińskiej-Dawidowej",
        "highway": "tertiary"
      },
      "geometry": {
        "type": "MultiLineString",
        "coordinates": [
          [
            [
              52.1474093,
              21.1359032
            ],
            [
              52.1474268,
              21.1359167
            ],
            [
              52.1474437,
              21.1359428
            ],
            [
              52.1474548,
              21.1359762
            ],
            [
              52.1474591,
              21.1360135
            ]
          ],
          [
            [
              52.1473107,
              21.1360296
            ],
            [
              52.1473133,
              21.1359825
            ],
            [
              52.1473233,
              21.1359483
            ],
            [
              52.1473393,
              21.1359207
            ],
            [
              52.1473597,
              21.1359025
            ],
            [
              52.1473859,
              21.1358962
            ],
            [
              52.1474093,
              21.1359032
            ]
          ],
          [
            [
              52.1473107,
              21.1360296
            ],
            [
              52.1473145,
              21.1360575
            ],
            [
              52.1473257,
              21.1360909
            ],
            [
              52.1473426,
              21.136117
            ],
            [
              52.1473636,
              21.1361333
            ]
          ],
          [
            [
              52.1473636,
              21.1361333
            ],
            [
              52.1473867,
              21.1361382
            ],
            [
              52.147397,
              21.136135
            ]
          ],
          [
            [
              52.147397,
              21.136135
            ],
            [
              52.1474096,
              21.1361312
            ],
            [
              52.1474301,
              21.136113
            ],
            [
              52.1474461,
              21.1360854
            ],
            [
              52.1474561,
              21.1360511
            ],
            [
              52.1474591,
              21.1360135
            ]
          ]
        ]
      }
    },
    {
      "type": "Feature",
      "properties": {
        "name": "Pod Jesionami",
        "highway": "residential"
      },
      "geometry": {
        "type": "MultiLineString",
        "coordinates": [
          [
            [
              52.1318272,
              21.0886189
            ],
            [
              52.1318233,
              21.088725
            ],
            [
              52.1318377,
              21.0890956
            ],
            [
              52.131842,
              21.0891893
            ]
          ]
        ]
      }
    },
    {
      "type": "Feature",
      "properties": {
        "name": "Gobelinowa",
        "highway": "residential"
      },
      "geometry": {
        "type": "MultiLineString",
        "coordinates": [
          [
            [
              52.1718211,
              21.1133569
            ],
            [
              52.1718517,
              21.1134514
            ],
            [
              52.1733399,
              21.1180434
            ]
          ]
        ]
      }
    },
    {
      "type": "Feature",
      "properties": {
        "name": "14KDD",
        "highway": "service"
      },
      "geometry": {
        "type": "MultiLineString",
        "coordinates": [
          [
            [
              52.1620388,
              21.0699113
            ],
            [
              52.1625878,
              21.0691559
            ],
            [
              52.1636739,
              21.067773
            ],
            [
              52.1639117,
              21.0674892
            ],
            [
              52.1640901,
              21.0672919
            ]
          ]
        ]
      }
    },
    {
      "type": "Feature",
      "properties": {
        "name": "Wąski Jar",
        "highway": "residential"
      },
      "geometry": {
        "type": "MultiLineString",
        "coordinates": [
          [
            [
              52.1337824,
              21.0778061
            ],
            [
              52.1338135,
              21.0778308
            ],
            [
              52.1338892,
              21.0778816
            ],
            [
              52.1339629,
              21.0779199
            ],
            [
              52.13409,
              21.077991
            ],
            [
              52.1343105,
              21.0781074
            ],
            [
              52.1343327,
              21.0781156
            ],
            [
              52.1343999,
              21.0781353
            ]
          ]
        ]
      }
    }
  ]
}