{
  "type": "FeatureCollection",
  "features": [
    {
      "type": "Feature",
      "properties": {
        "name": "Połczyńska",
        "highway": "secondary"
      },
      "geometry": {
        "type": "MultiLineString",
        "coordinates": [
          [
            [
              52.2215728,
              20.9228543
            ],
            [
              52.2216256,
              20.9230739
            ],
            [
              52.2216418,
              20.9231409
            ],
            [
              52.2218222,
              20.9238995
            ],
            [
              52.2220038,
              20.924657
            ]
          ],
          [
            [
              52.2221283,
              20.9246269
            ],
            [
              52.2222001,
              20.9249227
            ]
          ],
          [
            [
              52.2219561,
              20.9238867
            ],
            [
              52.2221283,
              20.9246269
            ]
          ],
          [
            [
              52.2220038,
              20.924657
            ],
            [
              52.2220745,
              20.9249553
            ]
          ],
          [
            [
              52.2220745,
              20.9249553
            ],
            [
              52.2222567,
              20.9257248
            ]
          ],
          [
            [
              52.2224809,
              20.9266935
            ],
            [
              52.2225969,
              20.9271773
            ]
          ],
          [
            [
              52.2226895,
              20.9275707
            ],
            [
              52.2228277,
              20.9281599
            ]
          ],
          [
            [
              52.2222567,
              20.9257248
            ],
            [
              52.2224809,
              20.9266935
            ]
          ],
          [
            [
              52.2223566,
              20.9255791
            ],
            [
              52.2224629,
              20.9260186
            ]
          ],
          [
            [
              52.2225969,
              20.9271773
            ],
            [
              52.2226895,
              20.9275707
            ]
          ],
          [
            [
              52.2222001,
              20.9249227
            ],
            [
              52.2223566,
              20.9255791
            ]
          ],
          [
            [
              52.2224629,
              20.9260186
            ],
            [
              52.222618,
              20.9266591
            ]
          ],
          [
            [
              52.222618,
              20.9266591
            ],
            [
              52.2228445,
              20.9276265
            ],
            [
              52.2229564,
              20.9280943
            ]
          ]
        ]
      }
    },
    {
      "type": "Feature",
      "properties": {
        "name": "Juliana Konstantego Ordona",
        "highway": "residential"
      },
      "geometry": {
        "type": "MultiLineString",
        "coordinates": [
          [
            [
              52.2251651,
              20.9525765
            ],
            [
              52.2253335,
              20.9523987
            ],
            [
              52.2254204,
              20.9523147
            ],
            [
              52.2257569,
              20.9520123
            ],
            [
              52.2258626,
              20.951926
            ],
            [
              52.2259512,
              20.9518852
            ],
            [
              52.2261625,
              20.9518172
            ],
            [
              52.2263262,
              20.9517978
            ],
            [
              52.2264304,
              20.9517815
            ]
          ],
          [
            [
              52.221683,
              20.9548622
            ],
            [
              52.2217884,
              20.9548049
            ],
            [
              52.222398,
              20.9544986
            ],
            [
              52.2227665,
              20.9543142
            ],
            [
              52.222874,
              20.9542604
            ],
            [
              52.2229005,
              20.9542471
            ],
            [
              52.2232057,
              20.9540898
            ],
            [
              52.2233158,
              20.9540393
            ],
            [
              52.2234546,
              20.9539718
            ],
            [
              52.2237684,
              20.9538141
            ],
            [
              52.2240226,
              20.9536762
            ],
            [
              52.2241138,
              20.9536326
            ]
          ],
          [
            [
              52.2244017,
              20.9531272
            ],
            [
              52.2244626,
              20.9530835
            ],
            [
              52.2246171,
              20.9529728
            ],
            [
              52.224666,
              20.952936
            ],
            [
              52.22469,
              20.952918
            ],
            [
              52.2247428,
              20.9528772
            ],
            [
              52.2248657,
              20.9527897
            ],
            [
              52.2248979,
              20.9527668
            ],
            [
              52.2251651,
              20.9525765
            ]
          ],
          [
            [
              52.2274747,
              20.9517305
            ],
            [
              52.2275664,
              20.9517186
            ],
            [
              52.2276017,
              20.9517153
            ],
            [
              52.2277004,
              20.9517005
            ]
          ],
          [
            [
              52.2207703,
              20.9549769
            ],
            [
              52.2207547,
              20.9549774
            ],
            [
              52.2207422,
              20.9549732
            ],
            [
              52.220726,
              20.9549653
            ],
            [
              52.2207106,
              20.9549627
            ],
            [
              52.2206668,
              20.954988
            ],
            [
              52.2206388,
              20.9550278
            ],
            [
              52.2206184,
              20.9550665
            ],
            [
              52.2206056,
              20.9551464
            ],
            [
              52.2206104,
              20.9552017
            ],
            [
              52.2206186,
              20.9552465
            ],
            [
              52.220629,
              20.9552804
            ],
            [
              52.2206489,
              20.955318
            ],
            [
              52.2206765,
              20.9553467
            ],
            [
              52.2207019,
              20.955364
            ],
            [
              52.2207271,
              20.9553682
            ],
            [
              52.2207473,
              20.9553655
            ],
            [
              52.2207734,
              20.9553555
            ],
            [
              52.2207863,
              20.9553445
            ],
            [
              52.2207953,
              20.9553265
            ],
            [
              52.2208052,
              20.9552935
            ],
            [
              52.2208122,
              20.9552817
            ],
            [
              52.2208226,
              20.9552759
            ]
          ],
          [
            [
              52.2281685,
              20.951495
            ],
            [
              52.2281889,
              20.951488
            ],
            [
              52.2282599,
              20.9514639
            ],
            [
              52.2284077,
              20.9513745
            ],
            [
              52.2285239,
              20.9512833
            ],
            [
              52.2286471,
              20.9511802
            ],
            [
              52.2287107,
              20.951127
            ]
          ],
          [
            [
              52.2268346,
              20.9517282
            ],
            [
              52.2271384,
              20.9517367
            ]
          ],
          [
            [
              52.2276814,
              20.9515259
            ],
            [
              52.2277407,
              20.9515182
            ],
            [
              52.2277788,
              20.9515138
            ],
            [
              52.2278072,
              20.9515105
            ],
            [
              52.2278331,
              20.9515077
            ],
            [
              52.227846,
              20.9515065
            ],
            [
              52.2278702,
              20.9515043
            ],
            [
              52.2279554,
              20.9514996
            ]
          ],
          [
            [
              52.2216205,
              20.9544964
            ],
            [
              52.222331,
              20.954154
            ],
            [
              52.2228184,
              20.9539141
            ],
            [
              52.2230263,
              20.953816
            ],
            [
              52.2231382,
              20.9537629
            ],
            [
              52.2233006,
              20.953668
            ],
            [
              52.2237973,
              20.9534212
            ],
            [
              52.2239777,
              20.953325
            ]
          ],
          [
            [
              52.2247453,
              20.9531454
            ],
            [
              52.2251651,
              20.9525765
            ]
          ],
          [
            [
              52.2273289,
              20.9515717
            ],
            [
              52.2274546,
              20.9515541
            ]
          ],
          [
            [
              52.2274546,
              20.9515541
            ],
            [
              52.2275551,
              20.9515389
            ],
            [
              52.2275904,
              20.9515338
            ],
            [
              52.2276814,
              20.9515259
            ]
          ],
          [
            [
              52.2289321,
              20.9508867
            ],
            [
              52.2290304,
              20.9507997
            ],
            [
              52.2290602,
              20.9507698
            ],
            [
              52.2291007,
              20.9507322
            ],
            [
              52.2291803,
              20.9506574
            ]
          ],
          [
            [
              52.2289875,
              20.9509558
            ],
            [
              52.2290297,
              20.9509296
            ],
            [
              52.2290661,
              20.950907
            ],
            [
              52.2291079,
              20.9508767
            ],
            [
              52.2291501,
              20.9508462
            ],
            [
              52.2292368,
              20.9507732
            ]
          ],
          [
            [
              52.2291803,
              20.9506574
            ],
            [
              52.2292828,
              20.9505697
            ],
            [
              52.229316,
              20.9505412
            ],
            [
              52.2293904,
              20.9504878
            ]
          ],
          [
            [
              52.2264304,
              20.9517815
            ],
            [
              52.2265984,
              20.9517514
            ],
            [
              52.2266289,
              20.9517482
            ],
            [
              52.2266861,
              20.9517422
            ],
            [
              52.2268346,
              20.9517282
            ]
          ],
          [
            [
              52.227077,
              20.951651
            ],
            [
              52.2272821,
              20.9515875
            ],
            [
              52.2273289,
              20.9515717
            ]
          ],
          [
            [
              52.2273406,
              20.9517422
            ],
            [
              52.2274747,
              20.9517305
            ]
          ],
          [
            [
              52.2208524,
              20.9549113
            ],
            [
              52.2212429,
              20.954706
            ]
          ],
          [
            [
              52.2239777,
              20.953325
            ],
            [
              52.2240871,
              20.9532695
            ]
          ],
          [
            [
              52.2241138,
              20.9536326
            ],
            [
              52.224364,
              20.9535067
            ],
            [
              52.2245108,
              20.9533997
            ],
            [
              52.2245441,
              20.9533754
            ],
            [
              52.2245739,
              20.9533405
            ]
          ],
          [
            [
              52.2268346,
              20.9517282
            ],
            [
              52.2270451,
              20.9516619
            ],
            [
              52.227077,
              20.951651
            ]
          ],
          [
            [
              52.2271384,
              20.9517367
            ],
            [
              52.2272608,
              20.9517401
            ],
            [
              52.2272951,
              20.9517405
            ],
            [
              52.2273406,
              20.9517422
            ]
          ],
          [
            [
              52.2277004,
              20.9517005
            ],
            [
              52.2278034,
              20.9516563
            ],
            [
              52.2278568,
              20.9516367
            ],
            [
              52.2279957,
              20.9515857
            ],
            [
              52.2280148,
              20.9515758
            ]
          ],
          [
            [
              52.2292368,
              20.9507732
            ],
            [
              52.2293328,
              20.9506934
            ],
            [
              52.2293659,
              20.9506658
            ],
            [
              52.2294458,
              20.9505994
            ]
          ],
          [
            [
              52.2207703,
              20.9549769
            ],
            [
              52.2207877,
              20.9549529
            ],
            [
              52.2208097,
              20.9549329
            ],
            [
              52.2208524,
              20.9549113
            ]
          ],
          [
            [
              52.2279554,
              20.9514996
            ],
            [
              52.2280406,
              20.9514949
            ],
            [
              52.2281685,
              20.951495
            ]
          ],
          [
            [
              52.2280148,
              20.9515758
            ],
            [
              52.2281389,
              20.9515119
            ],
            [
              52.2281685,
              20.951495
            ]
          ],
          [
            [
              52.2287107,
              20.951127
            ],
            [
              52.2289321,
              20.9508867
            ]
          ],
          [
            [
              52.2287107,
              20.951127
            ],
            [
              52.2289875,
              20.9509558
            ]
          ],
          [
            [
              52.2240871,
              20.9532695
            ],
            [
              52.2241718,
              20.9532271
            ],
            [
              52.2244017,
              20.9531272
            ]
          ],
          [
            [
              52.2208226,
              20.9552759
            ],
            [
              52.22084,
              20.9552804
            ],
            [
              52.2208578,
              20.9552805
            ],
            [
              52.2208919,
              20.9552708
            ],
            [
              52.2212637,
              20.9550788
            ],
            [
              52.2215408,
              20.9549357
            ],
            [
              52.221683,
              20.9548622
            ]
          ],
          [
            [
              52.2212429,
              20.954706
            ],
            [
              52.221476,
              20.9545749
            ],
            [
              52.22158,
              20.9545164
            ],
            [
              52.2216205,
              20.9544964
            ]
          ]
        ]
      }
    },
    {
      "type": "Feature",
      "properties": {
        "name": "Jana Kazimierza",
        "highway": "residential"
      },
      "geometry": {
        "type": "MultiLineString",
        "coordinates": [
          [
            [
              52.2207449,
              20.9274351
            ],
            [
              52.2207672,
              20.9275288
            ],
            [
              52.2208078,
              20.9276988
            ],
            [
              52.22084,
              20.9278311
            ],
            [
              52.2210024,
              20.9284985
            ],
            [
              52.2211469,
              20.929095
            ],
            [
              52.2211664,
              20.9291757
            ],
            [
              52.2211723,
              20.9292006
            ],
            [
              52.2211979,
              20.9293085
            ]
          ],
          [
            [
              52.2252988,
              20.9469037
            ],
            [
              52.2253496,
              20.9470645
            ],
            [
              52.2254139,
              20.9472679
            ],
            [
              52.2254761,
              20.9474647
            ],
            [
              52.2255916,
              20.9478377
            ],
            [
              52.2256482,
              20.9480199
            ],
            [
              52.2259468,
              20.9489822
            ],
            [
              52.2259935,
              20.9491329
            ],
            [
              52.2260221,
              20.949224
            ],
            [
              52.2260415,
              20.9492851
            ],
            [
              52.2261891,
              20.9497487
            ],
            [
              52.2263158,
              20.9501751
            ]
          ],
          [
            [
              52.2224568,
              20.9421918
            ],
            [
              52.2226563,
              20.9420259
            ],
            [
              52.2227975,
              20.9419047
            ],
            [
              52.2230617,
              20.9416842
            ],
            [
              52.2230859,
              20.941664
            ],
            [
              52.223253,
              20.9415208
            ],
            [
              52.2233596,
              20.9414344
            ],
            [
              52.2233767,
              20.94149
            ],
            [
              52.223658,
              20.9424051
            ],
            [
              52.2236918,
              20.9425153
            ],
            [
              52.2237566,
              20.942719
            ],
            [
              52.2238642,
              20.9426352
            ],
            [
              52.2239415,
              20.9425723
            ]
          ],
          [
            [
              52.2237566,
              20.942719
            ],
            [
              52.2238107,
              20.9428921
            ],
            [
              52.2239203,
              20.9432424
            ],
            [
              52.223884,
              20.9432727
            ],
            [
              52.2238588,
              20.9432942
            ]
          ],
          [
            [
              52.2241271,
              20.9431674
            ],
            [
              52.2242378,
              20.9435159
            ],
            [
              52.2242706,
              20.9436214
            ],
            [
              52.2242909,
              20.9436849
            ],
            [
              52.2245337,
              20.9444497
            ],
            [
              52.2246543,
              20.9448504
            ],
            [
              52.2246964,
              20.9449805
            ],
            [
              52.2247768,
              20.9452303
            ],
            [
              52.2248341,
              20.9454056
            ]
          ],
          [
            [
              52.2216785,
              20.9331709
            ],
            [
              52.2217022,
              20.9333955
            ],
            [
              52.2217156,
              20.9334939
            ],
            [
              52.2217497,
              20.9337837
            ],
            [
              52.2217703,
              20.9339621
            ],
            [
              52.22178,
              20.9340485
            ],
            [
              52.2217985,
              20.9342122
            ],
            [
              52.2218735,
              20.9348773
            ],
            [
              52.2218848,
              20.9349781
            ],
            [
              52.2219387,
              20.9354598
            ],
            [
              52.2219643,
              20.935693
            ]
          ],
          [
            [
              52.2224568,
              20.9421918
            ],
            [
              52.2225106,
              20.9423637
            ],
            [
              52.2225336,
              20.9425441
            ],
            [
              52.2227661,
              20.9432713
            ],
            [
              52.2230559,
              20.9442287
            ],
            [
              52.223117,
              20.9444295
            ],
            [
              52.2231547,
              20.9445519
            ]
          ],
          [
            [
              52.2211979,
              20.9293085
            ],
            [
              52.221243,
              20.9295483
            ],
            [
              52.2212726,
              20.9297356
            ],
            [
              52.2212855,
              20.9298488
            ],
            [
              52.2213439,
              20.9303636
            ],
            [
              52.2213505,
              20.9304219
            ],
            [
              52.22137,
              20.9305909
            ],
            [
              52.2213877,
              20.9307285
            ],
            [
              52.2213983,
              20.9308081
            ]
          ],
          [
            [
              52.2213983,
              20.9308081
            ],
            [
              52.2214847,
              20.9315082
            ],
            [
              52.2214959,
              20.931601
            ]
          ],
          [
            [
              52.2214959,
              20.931601
            ],
            [
              52.2215126,
              20.9317324
            ],
            [
              52.2215321,
              20.9319103
            ]
          ],
          [
            [
              52.2215321,
              20.9319103
            ],
            [
              52.2215507,
              20.9320844
            ],
            [
              52.2215802,
              20.9323597
            ]
          ],
          [
            [
              52.2215802,
              20.9323597
            ],
            [
              52.221602,
              20.932542
            ],
            [
              52.2216317,
              20.9327897
            ]
          ],
          [
            [
              52.2216317,
              20.9327897
            ],
            [
              52.2216785,
              20.9331709
            ]
          ],
          [
            [
              52.2219643,
              20.935693
            ],
            [
              52.2220265,
              20.9362122
            ]
          ],
          [
            [
              52.2220265,
              20.9362122
            ],
            [
              52.2220497,
              20.9363737
            ]
          ],
          [
            [
              52.2220497,
              20.9363737
            ],
            [
              52.2220812,
              20.9365592
            ],
            [
              52.2220899,
              20.9366101
            ],
            [
              52.2221196,
              20.9367324
            ],
            [
              52.2221999,
              20.93703
            ]
          ],
          [
            [
              52.2221999,
              20.93703
            ],
            [
              52.2222846,
              20.937301
            ],
            [
              52.2223016,
              20.9373549
            ],
            [
              52.2223376,
              20.937493
            ],
            [
              52.2223857,
              20.9376421
            ],
            [
              52.2224057,
              20.9377031
            ],
            [
              52.2224705,
              20.9379012
            ],
            [
              52.2225095,
              20.9380231
            ],
            [
              52.2225534,
              20.9381546
            ],
            [
              52.2225745,
              20.9382192
            ],
            [
              52.2226563,
              20.9384762
            ],
            [
              52.2229239,
              20.9393245
            ],
            [
              52.2229838,
              20.9395145
            ]
          ],
          [
            [
              52.2229838,
              20.9395145
            ],
            [
              52.2231877,
              20.9401659
            ],
            [
              52.2232449,
              20.9403464
            ]
          ],
          [
            [
              52.2232449,
              20.9403464
            ],
            [
              52.223375,
              20.9407651
            ],
            [
              52.2234321,
              20.940954
            ],
            [
              52.2235268,
              20.9412458
            ],
            [
              52.2235996,
              20.9414839
            ],
            [
              52.2237055,
              20.9418303
            ],
            [
              52.2237919,
              20.9421
            ],
            [
              52.2238317,
              20.9422241
            ],
            [
              52.2239415,
              20.9425723
            ]
          ],
          [
            [
              52.2239415,
              20.9425723
            ],
            [
              52.2241271,
              20.9431674
            ]
          ],
          [
            [
              52.2248341,
              20.9454056
            ],
            [
              52.2249015,
              20.9456191
            ],
            [
              52.2249882,
              20.9458961
            ],
            [
              52.2250841,
              20.9462164
            ],
            [
              52.2251468,
              20.9464149
            ]
          ],
          [
            [
              52.2251468,
              20.9464149
            ],
            [
              52.2252216,
              20.9466513
            ],
            [
              52.2252988,
              20.9469037
            ]
          ],
          [
            [
              52.2221836,
              20.9424239
            ],
            [
              52.2223105,
              20.942316
            ],
            [
              52.2224568,
              20.9421918
            ]
          ],
          [
            [
              52.2263158,
              20.9501751
            ],
            [
              52.2263392,
              20.9502892
            ],
            [
              52.2263566,
              20.9504219
            ],
            [
              52.2263685,
              20.9505618
            ],
            [
              52.2263849,
              20.9508411
            ],
            [
              52.2264086,
              20.9512826
            ],
            [
              52.2264233,
              20.9515328
            ],
            [
              52.2264304,
              20.9517815
            ]
          ]
        ]
      }
    },
    {
      "type": "Feature",
      "properties": {
        "name": "Aleja Jana Pawła II",
        "highway": "secondary"
      },
      "geometry": {
        "type": "MultiLineString",
        "coordinates": [
          [
            [
              52.2559665,
              20.9817223
            ],
            [
              52.2563739,
              20.9815602
            ],
            [
              52.2564173,
              20.9815415
            ],
            [
              52.2567099,
              20.9814303
            ],
            [
              52.2567792,
              20.9814092
            ],
            [
              52.2568486,
              20.981393
            ],
            [
              52.2571029,
              20.98134
            ],
            [
              52.2580029,
              20.9811562
            ]
          ],
          [
            [
              52.2368142,
              20.9966524
            ],
            [
              52.2373885,
              20.9964142
            ],
            [
              52.2377884,
              20.9962483
            ],
            [
              52.2378426,
              20.9962257
            ],
            [
              52.2378861,
              20.9962049
            ],
            [
              52.2379567,
              20.9961667
            ],
            [
              52.2381005,
              20.996076
            ],
            [
              52.2381436,
              20.9960508
            ],
            [
              52.2381946,
              20.9960233
            ],
            [
              52.2382496,
              20.9959974
            ],
            [
              52.23852,
              20.9958867
            ],
            [
              52.2386688,
              20.9958258
            ],
            [
              52.2387222,
              20.9958051
            ],
            [
              52.238754,
              20.9957932
            ],
            [
              52.2387894,
              20.9957829
            ],
            [
              52.2388338,
              20.9957723
            ],
            [
              52.2390333,
              20.995722
            ],
            [
              52.239083,
              20.9957087
            ],
            [
              52.2391279,
              20.9956927
            ],
            [
              52.2391715,
              20.9956745
            ],
            [
              52.2392219,
              20.9956506
            ],
            [
              52.2392663,
              20.9956267
            ],
            [
              52.2393043,
              20.9956028
            ],
            [
              52.2393452,
              20.9955748
            ],
            [
              52.2393831,
              20.9955459
            ],
            [
              52.2394544,
              20.9954825
            ]
          ],
          [
            [
              52.2298898,
              21.0003001
            ],
            [
              52.2299186,
              21.0002893
            ],
            [
              52.2299418,
              21.0002848
            ],
            [
              52.2299928,
              21.0002847
            ]
          ],
          [
            [
              52.2534987,
              20.9832662
            ],
            [
              52.2540664,
              20.9827729
            ],
            [
              52.2540792,
              20.9827604
            ],
            [
              52.2540956,
              20.9827418
            ],
            [
              52.2541067,
              20.9827266
            ],
            [
              52.254125,
              20.9826997
            ],
            [
              52.2541279,
              20.9826944
            ],
            [
              52.254134,
              20.9826829
            ],
            [
              52.2541404,
              20.9826703
            ],
            [
              52.2541509,
              20.9826478
            ],
            [
              52.2541612,
              20.9826214
            ],
            [
              52.2541751,
              20.9825776
            ],
            [
              52.2542213,
              20.9824345
            ]
          ],
          [
            [
              52.2580029,
              20.9811562
            ],
            [
              52.2597534,
              20.9807929
            ]
          ],
          [
            [
              52.2295411,
              21.0006136
            ],
            [
              52.2298295,
              21.0004207
            ],
            [
              52.2298701,
              21.0003915
            ],
            [
              52.2299928,
              21.0002847
            ]
          ],
          [
            [
              52.2473462,
              20.988708
            ],
            [
              52.2474713,
              20.9885943
            ],
            [
              52.2474935,
              20.9885741
            ],
            [
              52.2475666,
              20.9885078
            ],
            [
              52.2475887,
              20.9884877
            ],
            [
              52.2480356,
              20.9880994
            ],
            [
              52.2483235,
              20.9878654
            ],
            [
              52.249364,
              20.9869634
            ],
            [
              52.2494672,
              20.9868728
            ],
            [
              52.2495649,
              20.9867871
            ],
            [
              52.2505397,
              20.9859456
            ],
            [
              52.2506187,
              20.9858775
            ],
            [
              52.2507168,
              20.9857911
            ],
            [
              52.2507641,
              20.9857483
            ],
            [
              52.2507897,
              20.9857252
            ],
            [
              52.2508136,
              20.9857035
            ],
            [
              52.2509481,
              20.9855817
            ]
          ],
          [
            [
              52.2458282,
              20.9900303
            ],
            [
              52.2463028,
              20.9896219
            ],
            [
              52.2468404,
              20.9891537
            ],
            [
              52.2471676,
              20.9888702
            ],
            [
              52.2471924,
              20.9888477
            ],
            [
              52.2472173,
              20.9888251
            ],
            [
              52.2473462,
              20.988708
            ]
          ],
          [
            [
              52.2401233,
              20.9948962
            ],
            [
              52.2406244,
              20.9944655
            ],
            [
              52.2407422,
              20.9943632
            ],
            [
              52.240802,
              20.9943113
            ],
            [
              52.2411664,
              20.9939942
            ],
            [
              52.241269,
              20.9939051
            ],
            [
              52.2414184,
              20.9937754
            ],
            [
              52.2415219,
              20.993686
            ],
            [
              52.2415561,
              20.9936572
            ],
            [
              52.2416078,
              20.9936123
            ],
            [
              52.2417229,
              20.9935106
            ]
          ],
          [
            [
              52.2344336,
              20.9976278
            ],
            [
              52.234487,
              20.9976114
            ],
            [
              52.2345362,
              20.9975951
            ],
            [
              52.2345804,
              20.9975784
            ],
            [
              52.235163,
              20.9973372
            ],
            [
              52.2356235,
              20.9971457
            ],
            [
              52.2356874,
              20.9971191
            ],
            [
              52.2358058,
              20.9970668
            ]
          ],
          [
            [
              52.2305499,
              20.9998989
            ],
            [
              52.2310068,
              20.9995783
            ],
            [
              52.2310926,
              20.9995187
            ],
            [
              52.2311707,
              20.999464
            ],
            [
              52.2317388,
              20.9990895
            ],
            [
              52.2319651,
              20.9989373
            ],
            [
              52.232017,
              20.9989004
            ],
            [
              52.2320648,
              20.9988635
            ],
            [
              52.2321175,
              20.9988209
            ],
            [
              52.2321701,
              20.9987761
            ],
            [
              52.2322208,
              20.9987318
            ],
            [
              52.2322636,
              20.9986936
            ],
            [
              52.2323083,
              20.9986519
            ],
            [
              52.2323483,
              20.9986113
            ],
            [
              52.232392,
              20.9985655
            ],
            [
              52.2324297,
              20.998523
            ],
            [
              52.2326354,
              20.9982774
            ],
            [
              52.2326682,
              20.998233
            ],
            [
              52.2326978,
              20.998182
            ],
            [
              52.2327864,
              20.9980387
            ]
          ],
          [
            [
              52.2332449,
              20.9977126
            ],
            [
              52.2334034,
              20.9977193
            ],
            [
              52.2334423,
              20.9977202
            ],
            [
              52.2334737,
              20.9977216
            ],
            [
              52.2334958,
              20.9977226
            ],
            [
              52.2336746,
              20.9977295
            ],
            [
              52.2337414,
              20.99773
            ],
            [
              52.2337918,
              20.9977311
            ],
            [
              52.2338696,
              20.9977267
            ],
            [
              52.2339202,
              20.9977236
            ],
            [
              52.2339856,
              20.9977166
            ],
            [
              52.2340521,
              20.9977071
            ],
            [
              52.2341139,
              20.9976956
            ],
            [
              52.2341784,
              20.9976841
            ],
            [
              52.2342501,
              20.9976703
            ],
            [
              52.2343199,
              20.9976561
            ],
            [
              52.2343822,
              20.9976423
            ],
            [
              52.2344336,
              20.9976278
            ]
          ],
          [
            [
              52.2290881,
              21.0007756
            ],
            [
              52.2291991,
              21.0007066
            ],
            [
              52.2293487,
              21.0006105
            ],
            [
              52.2295737,
              21.0004839
            ]
          ],
          [
            [
              52.2551197,
              20.9819138
            ],
            [
              52.2551539,
              20.9819367
            ],
            [
              52.2551859,
              20.9819583
            ],
            [
              52.2551991,
              20.9819651
            ],
            [
              52.255216,
              20.9819721
            ],
            [
              52.255242,
              20.9819794
            ],
            [
              52.2552546,
              20.9819813
            ],
            [
              52.2552727,
              20.9819823
            ],
            [
              52.2552821,
              20.981983
            ],
            [
              52.2552912,
              20.9819825
            ],
            [
              52.2552956,
              20.9819819
            ],
            [
              52.2553097,
              20.9819806
            ],
            [
              52.255332,
              20.9819739
            ],
            [
              52.2553622,
              20.9819627
            ],
            [
              52.2559665,
              20.9817223
            ]
          ],
          [
            [
              52.2358058,
              20.9970668
            ],
            [
              52.2359509,
              20.9970073
            ]
          ],
          [
            [
              52.2417229,
              20.9935106
            ],
            [
              52.2417697,
              20.9934698
            ],
            [
              52.2418006,
              20.9934428
            ],
            [
              52.2418088,
              20.9934356
            ],
            [
              52.2418246,
              20.9934218
            ],
            [
              52.241832,
              20.9934153
            ],
            [
              52.2418592,
              20.9933915
            ],
            [
              52.241896,
              20.9933594
            ]
          ],
          [
            [
              52.2278128,
              21.0015138
            ],
            [
              52.2278453,
              21.0015208
            ],
            [
              52.2278774,
              21.0015209
            ],
            [
              52.2279201,
              21.0015023
            ],
            [
              52.2279655,
              21.0014781
            ],
            [
              52.2280098,
              21.0014504
            ],
            [
              52.2280592,
              21.0014195
            ],
            [
              52.2287017,
              21.0010108
            ]
          ],
          [
            [
              52.251146,
              20.9854025
            ],
            [
              52.2511561,
              20.9853933
            ],
            [
              52.2511857,
              20.9853665
            ],
            [
              52.2512508,
              20.9853076
            ],
            [
              52.2517078,
              20.9849094
            ],
            [
              52.2518232,
              20.9848123
            ],
            [
              52.2519014,
              20.984731
            ],
            [
              52.2521154,
              20.984491
            ],
            [
              52.2521982,
              20.9844038
            ]
          ],
          [
            [
              52.2509481,
              20.9855817
            ],
            [
              52.2510476,
              20.9854916
            ]
          ],
          [
            [
              52.2430801,
              20.9923357
            ],
            [
              52.2432443,
              20.9921935
            ],
            [
              52.2436072,
              20.9918776
            ],
            [
              52.2442439,
              20.9913244
            ],
            [
              52.2444755,
              20.9911281
            ],
            [
              52.2444984,
              20.9911106
            ],
            [
              52.2445396,
              20.9910756
            ]
          ],
          [
            [
              52.2456746,
              20.9901658
            ],
            [
              52.2457517,
              20.9901
            ],
            [
              52.2458282,
              20.9900303
            ]
          ],
          [
            [
              52.2532794,
              20.9834507
            ],
            [
              52.2533925,
              20.9833565
            ],
            [
              52.2534238,
              20.9833312
            ],
            [
              52.2534987,
              20.9832662
            ]
          ],
          [
            [
              52.2529472,
              20.9837454
            ],
            [
              52.25298,
              20.9837138
            ],
            [
              52.2532794,
              20.9834507
            ]
          ],
          [
            [
              52.2427764,
              20.9925987
            ],
            [
              52.2430801,
              20.9923357
            ]
          ],
          [
            [
              52.241896,
              20.9933594
            ],
            [
              52.2419368,
              20.9933238
            ],
            [
              52.2420541,
              20.9932234
            ],
            [
              52.2421267,
              20.9931613
            ],
            [
              52.242738,
              20.992632
            ],
            [
              52.2427764,
              20.9925987
            ]
          ],
          [
            [
              52.2521982,
              20.9844038
            ],
            [
              52.2529472,
              20.9837454
            ]
          ],
          [
            [
              52.2277046,
              21.0017885
            ],
            [
              52.2295411,
              21.0006136
            ]
          ],
          [
            [
              52.2295737,
              21.0004839
            ],
            [
              52.2298211,
              21.0003369
            ],
            [
              52.2298898,
              21.0003001
            ]
          ],
          [
            [
              52.2359509,
              20.9970073
            ],
            [
              52.2360987,
              20.9969478
            ],
            [
              52.2361522,
              20.9969263
            ],
            [
              52.2362142,
              20.9969013
            ],
            [
              52.2368142,
              20.9966524
            ]
          ],
          [
            [
              52.2396488,
              20.9953124
            ],
            [
              52.2397407,
              20.9952329
            ],
            [
              52.2398869,
              20.9951064
            ],
            [
              52.2401233,
              20.9948962
            ]
          ],
          [
            [
              52.2394544,
              20.9954825
            ],
            [
              52.2395447,
              20.9954045
            ],
            [
              52.2395931,
              20.9953617
            ],
            [
              52.2396488,
              20.9953124
            ]
          ],
          [
            [
              52.2510476,
              20.9854916
            ],
            [
              52.2511361,
              20.9854115
            ],
            [
              52.251146,
              20.9854025
            ]
          ],
          [
            [
              52.2445396,
              20.9910756
            ],
            [
              52.2446332,
              20.9910004
            ],
            [
              52.2447159,
              20.9909316
            ],
            [
              52.2448002,
              20.9908718
            ],
            [
              52.2448518,
              20.9908358
            ],
            [
              52.2450301,
              20.9907089
            ],
            [
              52.245197,
              20.9905754
            ],
            [
              52.2456746,
              20.9901658
            ]
          ],
          [
            [
              52.2287017,
              21.0010108
            ],
            [
              52.2290881,
              21.0007756
            ]
          ],
          [
            [
              52.2299928,
              21.0002847
            ],
            [
              52.2302312,
              21.0001199
            ]
          ],
          [
            [
              52.2302312,
              21.0001199
            ],
            [
              52.2305499,
              20.9998989
            ]
          ]
        ]
      }
    },
    {
      "type": "Feature",
      "properties": {
        "name": "Jana Szałka",
        "highway": "residential"
      },
      "geometry": {
        "type": "MultiLineString",
        "coordinates": [
          [
            [
              52.2486818,
              20.9531249
            ],
            [
              52.248685,
              20.9531696
            ],
            [
              52.2487279,
              20.9537461
            ],
            [
              52.2488369,
              20.9543559
            ],
            [
              52.2489266,
              20.9548506
            ],
            [
              52.2489473,
              20.9549663
            ]
          ]
        ]
      }
    },
    {
      "type": "Feature",
      "properties": {
        "name": "Okopowa",
        "highway": "secondary"
      },
      "geometry": {
        "type": "MultiLineString",
        "coordinates": [
          [
            [
              52.25329,
              20.9811343
            ],
            [
              52.2534826,
              20.9812086
            ],
            [
              52.2535156,
              20.9812232
            ],
            [
              52.2535343,
              20.9812325
            ],
            [
              52.2535622,
              20.9812461
            ],
            [
              52.2542671,
              20.9816036
            ],
            [
              52.2542847,
              20.9816125
            ],
            [
              52.254302,
              20.9816215
            ],
            [
              52.2543072,
              20.9816243
            ],
            [
              52.254317,
              20.9816294
            ],
            [
              52.2543246,
              20.981633
            ],
            [
              52.2543475,
              20.9816432
            ],
            [
              52.2543789,
              20.9816545
            ],
            [
              52.2544141,
              20.9816645
            ],
            [
              52.254439,
              20.9816699
            ],
            [
              52.254467,
              20.9816743
            ],
            [
              52.2544947,
              20.9816769
            ],
            [
              52.2545258,
              20.9816808
            ]
          ],
          [
            [
              52.2453754,
              20.9769629
            ],
            [
              52.2455362,
              20.9769658
            ],
            [
              52.2457016,
              20.9769884
            ],
            [
              52.2458286,
              20.9770161
            ],
            [
              52.2459467,
              20.9770506
            ],
            [
              52.2460658,
              20.9771006
            ],
            [
              52.2462146,
              20.9771837
            ],
            [
              52.246376,
              20.9772861
            ],
            [
              52.2465521,
              20.9774352
            ],
            [
              52.2467477,
              20.9776357
            ],
            [
              52.2473938,
              20.9783434
            ],
            [
              52.247596,
              20.9785258
            ],
            [
              52.2476713,
              20.9785862
            ],
            [
              52.2477435,
              20.9786375
            ],
            [
              52.2478044,
              20.9786773
            ],
            [
              52.2479654,
              20.9787726
            ],
            [
              52.2482892,
              20.9789049
            ],
            [
              52.2487349,
              20.9790482
            ],
            [
              52.2488361,
              20.979081
            ],
            [
              52.2491468,
              20.9791866
            ]
          ],
          [
            [
              52.2365279,
              20.9801839
            ],
            [
              52.2366858,
              20.9801402
            ],
            [
              52.2367617,
              20.9801165
            ],
            [
              52.2368207,
              20.9800973
            ],
            [
              52.2368319,
              20.9800933
            ]
          ],
          [
            [
              52.2482307,
              20.9792307
            ],
            [
              52.2482958,
              20.979265
            ],
            [
              52.2486833,
              20.9794407
            ]
          ],
          [
            [
              52.2500821,
              20.9795926
            ],
            [
              52.2501349,
              20.979668
            ],
            [
              52.2501676,
              20.9797397
            ],
            [
              52.250185,
              20.9798077
            ],
            [
              52.2501997,
              20.9798832
            ],
            [
              52.2502041,
              20.9799793
            ],
            [
              52.2501899,
              20.9801036
            ]
          ],
          [
            [
              52.2356092,
              20.9804835
            ],
            [
              52.235721,
              20.9804453
            ],
            [
              52.2357677,
              20.9804302
            ],
            [
              52.236355,
              20.9802403
            ],
            [
              52.2365279,
              20.9801839
            ]
          ],
          [
            [
              52.237212,
              20.9803326
            ],
            [
              52.2373128,
              20.9803082
            ],
            [
              52.2373409,
              20.9803019
            ],
            [
              52.2375126,
              20.9802639
            ],
            [
              52.237595,
              20.9802404
            ]
          ],
          [
            [
              52.2383319,
              20.9799716
            ],
            [
              52.2384112,
              20.9799414
            ],
            [
              52.238443,
              20.9799294
            ],
            [
              52.2384637,
              20.9799215
            ],
            [
              52.2385592,
              20.9798853
            ],
            [
              52.2396746,
              20.979456
            ],
            [
              52.2396939,
              20.9794485
            ],
            [
              52.2397177,
              20.9794395
            ],
            [
              52.2397531,
              20.9794261
            ],
            [
              52.2398721,
              20.9793812
            ]
          ],
          [
            [
              52.2370454,
              20.9799222
            ],
            [
              52.2371108,
              20.979854
            ],
            [
              52.2371687,
              20.9797866
            ],
            [
              52.2372599,
              20.9796681
            ]
          ],
          [
            [
              52.2501899,
              20.9801036
            ],
            [
              52.2503053,
              20.9801538
            ],
            [
              52.2503392,
              20.9801686
            ],
            [
              52.2503573,
              20.9801765
            ],
            [
              52.2513562,
              20.980636
            ],
            [
              52.2517002,
              20.9808037
            ],
            [
              52.2521387,
              20.9810199
            ]
          ],
          [
            [
              52.244283,
              20.9776275
            ],
            [
              52.2444586,
              20.9775578
            ],
            [
              52.2445013,
              20.9775411
            ],
            [
              52.244625,
              20.9774887
            ],
            [
              52.244745,
              20.9774419
            ],
            [
              52.2449639,
              20.9773565
            ],
            [
              52.2451298,
              20.9773046
            ],
            [
              52.2452943,
              20.9772643
            ],
            [
              52.2454547,
              20.9772571
            ],
            [
              52.2456123,
              20.9772597
            ],
            [
              52.2457699,
              20.9772887
            ],
            [
              52.2459195,
              20.9773262
            ]
          ],
          [
            [
              52.2532644,
              20.9815095
            ],
            [
              52.2534308,
              20.9815886
            ],
            [
              52.2534484,
              20.9815956
            ],
            [
              52.2534661,
              20.9816025
            ],
            [
              52.2534942,
              20.9816126
            ],
            [
              52.2537223,
              20.9817009
            ],
            [
              52.2538376,
              20.9817469
            ],
            [
              52.2540608,
              20.9818267
            ],
            [
              52.2540886,
              20.9818384
            ],
            [
              52.2541064,
              20.9818488
            ],
            [
              52.2541177,
              20.9818567
            ],
            [
              52.2541315,
              20.9818678
            ],
            [
              52.2541444,
              20.9818798
            ],
            [
              52.2541567,
              20.9818929
            ],
            [
              52.2541729,
              20.9819123
            ],
            [
              52.2541869,
              20.9819317
            ],
            [
              52.254189,
              20.9819354
            ],
            [
              52.2541953,
              20.9819464
            ],
            [
              52.2542023,
              20.9819586
            ],
            [
              52.2542145,
              20.9819827
            ],
            [
              52.2542305,
              20.9820073
            ],
            [
              52.2542397,
              20.9820403
            ],
            [
              52.2542465,
              20.9820717
            ],
            [
              52.2542539,
              20.9821033
            ],
            [
              52.2542612,
              20.9821385
            ]
          ],
          [
            [
              52.2427404,
              20.9782546
            ],
            [
              52.2441053,
              20.9776974
            ],
            [
              52.244283,
              20.9776275
            ]
          ],
          [
            [
              52.2477831,
              20.9789405
            ],
            [
              52.2482307,
              20.9792307
            ]
          ],
          [
            [
              52.2474114,
              20.9786286
            ],
            [
              52.2476406,
              20.9788331
            ],
            [
              52.2477831,
              20.9789405
            ]
          ],
          [
            [
              52.2521387,
              20.9810199
            ],
            [
              52.2524178,
              20.9811302
            ],
            [
              52.2529767,
              20.981387
            ],
            [
              52.2530329,
              20.9814113
            ],
            [
              52.2532644,
              20.9815095
            ]
          ],
          [
            [
              52.2494249,
              20.9797613
            ],
            [
              52.2497093,
              20.9798867
            ],
            [
              52.2499653,
              20.9800044
            ],
            [
              52.2501033,
              20.9800654
            ],
            [
              52.2501899,
              20.9801036
            ]
          ],
          [
            [
              52.2459195,
              20.9773262
            ],
            [
              52.2461598,
              20.9774287
            ],
            [
              52.2463239,
              20.9775301
            ],
            [
              52.2464501,
              20.9776229
            ],
            [
              52.2466197,
              20.9777764
            ],
            [
              52.2472894,
              20.97851
            ],
            [
              52.2474114,
              20.9786286
            ]
          ],
          [
            [
              52.2500821,
              20.9795926
            ],
            [
              52.2503741,
              20.9797311
            ],
            [
              52.250407,
              20.9797459
            ],
            [
              52.2504255,
              20.9797542
            ],
            [
              52.2504515,
              20.9797668
            ],
            [
              52.2506773,
              20.9798771
            ],
            [
              52.2513262,
              20.9801989
            ],
            [
              52.251738,
              20.9803992
            ],
            [
              52.2530483,
              20.9810376
            ],
            [
              52.2530698,
              20.981048
            ],
            [
              52.2530962,
              20.9810609
            ],
            [
              52.25329,
              20.9811343
            ]
          ],
          [
            [
              52.2375771,
              20.9792186
            ],
            [
              52.2379985,
              20.9786359
            ],
            [
              52.2380802,
              20.9785409
            ]
          ],
          [
            [
              52.238215,
              20.9784192
            ],
            [
              52.2383104,
              20.9783491
            ],
            [
              52.2383426,
              20.9783266
            ],
            [
              52.2383996,
              20.9782858
            ],
            [
              52.2390328,
              20.977826
            ],
            [
              52.2391415,
              20.97776
            ],
            [
              52.2392521,
              20.9777032
            ],
            [
              52.239457,
              20.977602
            ],
            [
              52.239565,
              20.9775563
            ],
            [
              52.2396589,
              20.9775244
            ],
            [
              52.2397574,
              20.9775
            ],
            [
              52.2398147,
              20.9774863
            ],
            [
              52.2399528,
              20.977468
            ],
            [
              52.2400634,
              20.977457
            ],
            [
              52.2402426,
              20.9774515
            ],
            [
              52.2404025,
              20.9774532
            ],
            [
              52.2406676,
              20.9774645
            ],
            [
              52.2408228,
              20.9774736
            ],
            [
              52.2409814,
              20.9775001
            ],
            [
              52.2411087,
              20.9775301
            ],
            [
              52.2411905,
              20.97756
            ],
            [
              52.2416645,
              20.9777155
            ],
            [
              52.2418499,
              20.9777779
            ],
            [
              52.2419577,
              20.9778078
            ]
          ],
          [
            [
              52.2364057,
              20.9805597
            ],
            [
              52.2366436,
              20.9804899
            ],
            [
              52.2367349,
              20.9804636
            ],
            [
              52.2369558,
              20.9803971
            ]
          ],
          [
            [
              52.2372599,
              20.9796681
            ],
            [
              52.2375771,
              20.9792186
            ]
          ],
          [
            [
              52.2356359,
              20.9807926
            ],
            [
              52.235759,
              20.9807493
            ],
            [
              52.2364057,
              20.9805597
            ]
          ],
          [
            [
              52.2377081,
              20.9802044
            ],
            [
              52.2378485,
              20.9801561
            ],
            [
              52.238116,
              20.9800553
            ],
            [
              52.2381785,
              20.980031
            ],
            [
              52.2382646,
              20.9799977
            ],
            [
              52.2383319,
              20.9799716
            ]
          ],
          [
            [
              52.2380802,
              20.9785409
            ],
            [
              52.238215,
              20.9784192
            ]
          ],
          [
            [
              52.237595,
              20.9802404
            ],
            [
              52.2377081,
              20.9802044
            ]
          ],
          [
            [
              52.2441741,
              20.977135
            ],
            [
              52.2442906,
              20.9770973
            ],
            [
              52.2443507,
              20.9770821
            ],
            [
              52.2444036,
              20.9770701
            ],
            [
              52.2445335,
              20.9770407
            ],
            [
              52.2445765,
              20.9770338
            ],
            [
              52.2445908,
              20.9770312
            ],
            [
              52.2447829,
              20.9770168
            ],
            [
              52.2449447,
              20.9769999
            ],
            [
              52.2453754,
              20.9769629
            ]
          ],
          [
            [
              52.2398721,
              20.9793812
            ],
            [
              52.2400342,
              20.9793181
            ],
            [
              52.2417991,
              20.9786316
            ],
            [
              52.2418491,
              20.9786121
            ],
            [
              52.2424971,
              20.9783522
            ],
            [
              52.2427404,
              20.9782546
            ]
          ],
          [
            [
              52.2355176,
              20.9805104
            ],
            [
              52.2356092,
              20.9804835
            ]
          ],
          [
            [
              52.2419577,
              20.9778078
            ],
            [
              52.2420008,
              20.9778143
            ],
            [
              52.2420439,
              20.9778208
            ],
            [
              52.2421386,
              20.9778264
            ],
            [
              52.242248,
              20.977822
            ],
            [
              52.2423674,
              20.9778085
            ],
            [
              52.2424698,
              20.9777889
            ],
            [
              52.2425666,
              20.9777565
            ],
            [
              52.2433544,
              20.9774555
            ],
            [
              52.2438118,
              20.9772666
            ],
            [
              52.2439459,
              20.9772121
            ],
            [
              52.2441741,
              20.977135
            ]
          ],
          [
            [
              52.2491468,
              20.9791866
            ],
            [
              52.2494207,
              20.9792758
            ],
            [
              52.2495921,
              20.9793501
            ],
            [
              52.2500349,
              20.9795693
            ],
            [
              52.2500821,
              20.9795926
            ]
          ],
          [
            [
              52.2486833,
              20.9794407
            ],
            [
              52.2490728,
              20.9796077
            ],
            [
              52.2494249,
              20.9797613
            ]
          ]
        ]
      }
    },
    {
      "type": "Feature",
      "properties": {
        "name": "Aleja Prymasa Tysiąclecia",
        "highway": "primary"
      },
      "geometry": {
        "type": "MultiLineString",
        "coordinates": [
          [
            [
              52.2204828,
              20.9599552
            ],
            [
              52.2206331,
              20.9599104
            ],
            [
              52.2207067,
              20.9598795
            ],
            [
              52.2208911,
              20.9597737
            ]
          ],
          [
            [
              52.2183903,
              20.9601704
            ],
            [
              52.2201096,
              20.9600203
            ]
          ],
          [
            [
              52.2532622,
              20.9544251
            ],
            [
              52.2536777,
              20.9542128
            ],
            [
              52.2539848,
              20.9539887
            ],
            [
              52.2542149,
              20.953757
            ],
            [
              52.2543551,
              20.9535998
            ],
            [
              52.2544563,
              20.9534193
            ]
          ],
          [
            [
              52.2517877,
              20.954975
            ],
            [
              52.2524022,
              20.9546428
            ]
          ],
          [
            [
              52.2390427,
              20.9565212
            ],
            [
              52.2393787,
              20.9566537
            ],
            [
              52.2395042,
              20.9567101
            ],
            [
              52.239618,
              20.9567728
            ],
            [
              52.2397054,
              20.9568164
            ],
            [
              52.2397547,
              20.9568416
            ]
          ],
          [
            [
              52.2459683,
              20.9577184
            ],
            [
              52.2463628,
              20.9576154
            ],
            [
              52.2466499,
              20.9575315
            ],
            [
              52.247,
              20.9574177
            ],
            [
              52.247267,
              20.9573145
            ],
            [
              52.2476737,
              20.9571472
            ]
          ],
          [
            [
              52.2458305,
              20.9579447
            ],
            [
              52.2463613,
              20.9578208
            ],
            [
              52.2467954,
              20.9576902
            ],
            [
              52.2472647,
              20.9575255
            ],
            [
              52.2476806,
              20.9573482
            ]
          ],
          [
            [
              52.2329675,
              20.9560389
            ],
            [
              52.2330314,
              20.9560329
            ],
            [
              52.233109,
              20.9560471
            ],
            [
              52.233161,
              20.9560502
            ],
            [
              52.2331881,
              20.9560465
            ]
          ],
          [
            [
              52.2361908,
              20.9557309
            ],
            [
              52.2362247,
              20.9557445
            ],
            [
              52.2362673,
              20.9557635
            ],
            [
              52.2363328,
              20.9557869
            ],
            [
              52.2363841,
              20.9557964
            ],
            [
              52.2364939,
              20.9558004
            ]
          ],
          [
            [
              52.2375156,
              20.9558704
            ],
            [
              52.2376863,
              20.9558968
            ],
            [
              52.2378417,
              20.955934
            ],
            [
              52.2379972,
              20.9559751
            ],
            [
              52.238163,
              20.9560237
            ],
            [
              52.2383802,
              20.9560969
            ]
          ],
          [
            [
              52.2256462,
              20.9575195
            ],
            [
              52.2258247,
              20.9575063
            ],
            [
              52.2264472,
              20.9573577
            ]
          ],
          [
            [
              52.2274479,
              20.9571355
            ],
            [
              52.227572,
              20.9571088
            ],
            [
              52.2286295,
              20.9569099
            ],
            [
              52.230027,
              20.9565878
            ],
            [
              52.2316424,
              20.9561951
            ]
          ],
          [
            [
              52.2274695,
              20.9573788
            ],
            [
              52.2275876,
              20.9573498
            ],
            [
              52.2286369,
              20.957092
            ],
            [
              52.2300414,
              20.9567471
            ],
            [
              52.231658,
              20.95635
            ]
          ],
          [
            [
              52.229284,
              20.9570821
            ],
            [
              52.2299605,
              20.9569518
            ],
            [
              52.2305859,
              20.9568392
            ],
            [
              52.2307605,
              20.9568136
            ],
            [
              52.2308366,
              20.9568026
            ],
            [
              52.2310181,
              20.9567912
            ]
          ],
          [
            [
              52.2257119,
              20.9578243
            ],
            [
              52.2265924,
              20.9575933
            ]
          ],
          [
            [
              52.2235372,
              20.9579999
            ],
            [
              52.223993,
              20.9578749
            ],
            [
              52.2243099,
              20.9578007
            ],
            [
              52.2246548,
              20.9577305
            ],
            [
              52.2253868,
              20.9575747
            ],
            [
              52.2256462,
              20.9575195
            ]
          ],
          [
            [
              52.2177729,
              20.9599665
            ],
            [
              52.218296,
              20.9598925
            ]
          ],
          [
            [
              52.2208911,
              20.9597737
            ],
            [
              52.2209956,
              20.959715
            ],
            [
              52.2210612,
              20.9596682
            ],
            [
              52.2214617,
              20.9593257
            ],
            [
              52.2218077,
              20.9590521
            ],
            [
              52.2221547,
              20.958813
            ],
            [
              52.2225243,
              20.9586391
            ],
            [
              52.2232447,
              20.9584331
            ],
            [
              52.2234329,
              20.9583732
            ],
            [
              52.223533,
              20.9583489
            ],
            [
              52.2236378,
              20.9583195
            ],
            [
              52.2240687,
              20.9581876
            ],
            [
              52.2242226,
              20.9581413
            ],
            [
              52.2245546,
              20.9580677
            ]
          ],
          [
            [
              52.2548774,
              20.9518276
            ],
            [
              52.2555057,
              20.9495603
            ]
          ],
          [
            [
              52.2552208,
              20.9510571
            ],
            [
              52.2553514,
              20.9505693
            ],
            [
              52.2556144,
              20.9496338
            ]
          ],
          [
            [
              52.2538847,
              20.9538367
            ],
            [
              52.2541046,
              20.9536373
            ],
            [
              52.254213,
              20.9535094
            ],
            [
              52.2543404,
              20.9533199
            ],
            [
              52.2544158,
              20.9531875
            ],
            [
              52.2544828,
              20.9530442
            ],
            [
              52.2545516,
              20.9528948
            ],
            [
              52.2546204,
              20.9527068
            ],
            [
              52.2547685,
              20.95222
            ],
            [
              52.2548774,
              20.9518276
            ]
          ],
          [
            [
              52.2331881,
              20.9560465
            ],
            [
              52.2332413,
              20.9560373
            ],
            [
              52.2334801,
              20.9559967
            ],
            [
              52.2336618,
              20.9559765
            ],
            [
              52.234627,
              20.9559496
            ],
            [
              52.2356072,
              20.9559679
            ],
            [
              52.235748,
              20.9559728
            ],
            [
              52.2359175,
              20.9559857
            ],
            [
              52.236133,
              20.956001
            ]
          ],
          [
            [
              52.236133,
              20.956001
            ],
            [
              52.2361928,
              20.9559912
            ],
            [
              52.2362248,
              20.9559851
            ],
            [
              52.2363024,
              20.955966
            ],
            [
              52.2363729,
              20.9559525
            ],
            [
              52.2364155,
              20.9559492
            ],
            [
              52.2364669,
              20.955951
            ]
          ],
          [
            [
              52.2349103,
              20.9556878
            ],
            [
              52.2357183,
              20.9557089
            ],
            [
              52.2361908,
              20.9557309
            ]
          ],
          [
            [
              52.2329906,
              20.9558676
            ],
            [
              52.2330497,
              20.9558453
            ],
            [
              52.2331105,
              20.9558194
            ],
            [
              52.2332028,
              20.9557822
            ],
            [
              52.2332379,
              20.9557703
            ],
            [
              52.2332502,
              20.9557633
            ]
          ],
          [
            [
              52.220585,
              20.9596369
            ],
            [
              52.2206744,
              20.9596006
            ],
            [
              52.2208935,
              20.9594838
            ],
            [
              52.2211015,
              20.9593394
            ],
            [
              52.2217727,
              20.9587906
            ],
            [
              52.2220174,
              20.958619
            ],
            [
              52.2222617,
              20.9584634
            ],
            [
              52.2224495,
              20.9583688
            ],
            [
              52.2225635,
              20.9583202
            ],
            [
              52.2225995,
              20.9583048
            ],
            [
              52.2227546,
              20.9582428
            ],
            [
              52.2230671,
              20.9581452
            ],
            [
              52.223234,
              20.9580934
            ],
            [
              52.2235372,
              20.9579999
            ]
          ],
          [
            [
              52.218296,
              20.9598925
            ],
            [
              52.2199752,
              20.9597276
            ]
          ],
          [
            [
              52.2544563,
              20.9534193
            ],
            [
              52.2546663,
              20.9529933
            ],
            [
              52.2547829,
              20.9526819
            ],
            [
              52.2548301,
              20.9525225
            ],
            [
              52.2549981,
              20.9518893
            ]
          ],
          [
            [
              52.2476737,
              20.9571472
            ],
            [
              52.2481257,
              20.9569174
            ],
            [
              52.2488558,
              20.9565457
            ],
            [
              52.2511933,
              20.9552764
            ],
            [
              52.2517877,
              20.954975
            ]
          ],
          [
            [
              52.2518079,
              20.955182
            ],
            [
              52.2523866,
              20.9548746
            ]
          ],
          [
            [
              52.2390625,
              20.9563716
            ],
            [
              52.2394952,
              20.9565389
            ],
            [
              52.2395556,
              20.9565569
            ],
            [
              52.2396253,
              20.9565656
            ],
            [
              52.2396737,
              20.9565737
            ]
          ],
          [
            [
              52.2441594,
              20.9580219
            ],
            [
              52.244499,
              20.9580013
            ],
            [
              52.2451689,
              20.9578723
            ],
            [
              52.2453913,
              20.9578264
            ],
            [
              52.245662,
              20.9577719
            ]
          ],
          [
            [
              52.2412556,
              20.9572051
            ],
            [
              52.2417499,
              20.95739
            ],
            [
              52.242363,
              20.9576334
            ],
            [
              52.2430414,
              20.9578758
            ],
            [
              52.2432358,
              20.9579202
            ],
            [
              52.2436504,
              20.9579953
            ],
            [
              52.2438152,
              20.9580119
            ]
          ],
          [
            [
              52.2396737,
              20.9565737
            ],
            [
              52.2405926,
              20.9569446
            ],
            [
              52.2412556,
              20.9572051
            ]
          ],
          [
            [
              52.2335681,
              20.955724
            ],
            [
              52.2337662,
              20.9556994
            ],
            [
              52.2339771,
              20.9556912
            ],
            [
              52.2349103,
              20.9556878
            ]
          ],
          [
            [
              52.2300843,
              20.9564145
            ],
            [
              52.2301963,
              20.9563877
            ],
            [
              52.2304582,
              20.9563102
            ],
            [
              52.2307004,
              20.9562225
            ],
            [
              52.2308509,
              20.956168
            ]
          ],
          [
            [
              52.2397547,
              20.9568416
            ],
            [
              52.2405113,
              20.9571248
            ],
            [
              52.2414298,
              20.9574853
            ],
            [
              52.242109,
              20.957747
            ],
            [
              52.2423258,
              20.9578339
            ],
            [
              52.2429399,
              20.9580588
            ],
            [
              52.2431354,
              20.9581099
            ],
            [
              52.2437517,
              20.9582272
            ],
            [
              52.2438872,
              20.9582341
            ],
            [
              52.2441346,
              20.9582329
            ],
            [
              52.2443598,
              20.9582299
            ],
            [
              52.2445824,
              20.9582133
            ],
            [
              52.244835,
              20.9581822
            ]
          ],
          [
            [
              52.2452089,
              20.9564935
            ],
            [
              52.2453132,
              20.9564758
            ]
          ],
          [
            [
              52.2476806,
              20.9573482
            ],
            [
              52.2478951,
              20.9572559
            ],
            [
              52.2488625,
              20.9567434
            ],
            [
              52.2518079,
              20.955182
            ]
          ],
          [
            [
              52.245662,
              20.9577719
            ],
            [
              52.2458741,
              20.957736
            ],
            [
              52.2459683,
              20.9577184
            ]
          ],
          [
            [
              52.2438152,
              20.9580119
            ],
            [
              52.2441594,
              20.9580219
            ]
          ],
          [
            [
              52.244835,
              20.9581822
            ],
            [
              52.2449813,
              20.9581518
            ],
            [
              52.2458305,
              20.9579447
            ]
          ],
          [
            [
              52.2182518,
              20.9601818
            ],
            [
              52.2183903,
              20.9601704
            ]
          ],
          [
            [
              52.2199752,
              20.9597276
            ],
            [
              52.2203273,
              20.9596991
            ]
          ],
          [
            [
              52.2203273,
              20.9596991
            ],
            [
              52.2204625,
              20.9596722
            ],
            [
              52.220585,
              20.9596369
            ]
          ],
          [
            [
              52.2201096,
              20.9600203
            ],
            [
              52.2204828,
              20.9599552
            ]
          ],
          [
            [
              52.2247373,
              20.9580307
            ],
            [
              52.2250088,
              20.957975
            ]
          ],
          [
            [
              52.2245546,
              20.9580677
            ],
            [
              52.2247373,
              20.9580307
            ]
          ],
          [
            [
              52.2253647,
              20.9578963
            ],
            [
              52.2257119,
              20.9578243
            ]
          ],
          [
            [
              52.2250088,
              20.957975
            ],
            [
              52.2253647,
              20.9578963
            ]
          ],
          [
            [
              52.2316424,
              20.9561951
            ],
            [
              52.2329906,
              20.9558676
            ]
          ],
          [
            [
              52.231658,
              20.95635
            ],
            [
              52.2329675,
              20.9560389
            ]
          ],
          [
            [
              52.2264472,
              20.9573577
            ],
            [
              52.2274479,
              20.9571355
            ]
          ],
          [
            [
              52.2265924,
              20.9575933
            ],
            [
              52.2274695,
              20.9573788
            ]
          ],
          [
            [
              52.2383802,
              20.9560969
            ],
            [
              52.2390625,
              20.9563716
            ]
          ],
          [
            [
              52.2364939,
              20.9558004
            ],
            [
              52.2373335,
              20.9558476
            ],
            [
              52.2375156,
              20.9558704
            ]
          ],
          [
            [
              52.2291591,
              20.9566281
            ],
            [
              52.2300843,
              20.9564145
            ]
          ],
          [
            [
              52.2281203,
              20.9568389
            ],
            [
              52.2282334,
              20.9568113
            ],
            [
              52.2282803,
              20.9567999
            ],
            [
              52.2283715,
              20.9567809
            ],
            [
              52.2291591,
              20.9566281
            ]
          ],
          [
            [
              52.2281801,
              20.9573656
            ],
            [
              52.2283164,
              20.9573194
            ],
            [
              52.2283559,
              20.957306
            ],
            [
              52.2285369,
              20.9572549
            ],
            [
              52.229284,
              20.9570821
            ]
          ],
          [
            [
              52.2532296,
              20.9542125
            ],
            [
              52.2536211,
              20.9540087
            ],
            [
              52.2538847,
              20.9538367
            ]
          ],
          [
            [
              52.2549981,
              20.9518893
            ],
            [
              52.2552208,
              20.9510571
            ]
          ],
          [
            [
              52.2332502,
              20.9557633
            ],
            [
              52.2335681,
              20.955724
            ]
          ]
        ]
      }
    },
    {
      "type": "Feature",
      "properties": {
        "name": "Marcina Kasprzaka",
        "highway": "secondary"
      },
      "geometry": {
        "type": "MultiLineString",
        "coordinates": [
          [
            [
              52.2277404,
              20.9575013
            ],
            [
              52.227756,
              20.9576053
            ],
            [
              52.2277646,
              20.9576672
            ],
            [
              52.2278716,
              20.9581934
            ],
            [
              52.2279275,
              20.9584875
            ]
          ],
          [
            [
              52.227736,
              20.9555645
            ],
            [
              52.2277438,
              20.9558677
            ]
          ],
          [
            [
              52.227886,
              20.9546978
            ],
            [
              52.2279407,
              20.955523
            ],
            [
              52.2279574,
              20.9557937
            ],
            [
              52.2279794,
              20.9560202
            ],
            [
              52.2280043,
              20.9562006
            ],
            [
              52.2280808,
              20.9565913
            ]
          ],
          [
            [
              52.2276814,
              20.9515259
            ],
            [
              52.2277004,
              20.9517005
            ]
          ],
          [
            [
              52.2274747,
              20.9517305
            ],
            [
              52.2274893,
              20.9519034
            ],
            [
              52.2274944,
              20.9519756
            ],
            [
              52.2275418,
              20.9526904
            ],
            [
              52.2275847,
              20.9533622
            ]
          ],
          [
            [
              52.2265752,
              20.9459837
            ],
            [
              52.2269167,
              20.9480945
            ],
            [
              52.2269999,
              20.9486087
            ]
          ],
          [
            [
              52.229331,
              20.9772467
            ],
            [
              52.2294493,
              20.9782336
            ]
          ],
          [
            [
              52.2280079,
              20.9595893
            ],
            [
              52.2280753,
              20.9607547
            ],
            [
              52.2281803,
              20.9625678
            ],
            [
              52.2282226,
              20.9634667
            ]
          ],
          [
            [
              52.228595,
              20.9660655
            ],
            [
              52.2286524,
              20.9669303
            ],
            [
              52.2286572,
              20.9670039
            ],
            [
              52.2286603,
              20.9670452
            ],
            [
              52.2286672,
              20.967114
            ],
            [
              52.2286951,
              20.9673496
            ]
          ],
          [
            [
              52.2284568,
              20.9674081
            ],
            [
              52.2284608,
              20.9674676
            ],
            [
              52.2284628,
              20.9674962
            ],
            [
              52.228478,
              20.9677146
            ],
            [
              52.2284836,
              20.9677945
            ],
            [
              52.2285379,
              20.9685694
            ]
          ],
          [
            [
              52.2274546,
              20.9515541
            ],
            [
              52.2274747,
              20.9517305
            ]
          ],
          [
            [
              52.227637,
              20.9511868
            ],
            [
              52.2276471,
              20.9512585
            ],
            [
              52.2276655,
              20.9513954
            ],
            [
              52.2276814,
              20.9515259
            ]
          ],
          [
            [
              52.2277004,
              20.9517005
            ],
            [
              52.2277152,
              20.9518772
            ],
            [
              52.2277198,
              20.9519433
            ],
            [
              52.2277283,
              20.9520538
            ],
            [
              52.2277815,
              20.9529098
            ],
            [
              52.2277962,
              20.9531444
            ]
          ],
          [
            [
              52.2271994,
              20.9498795
            ],
            [
              52.2273055,
              20.9505704
            ],
            [
              52.2273938,
              20.9511235
            ],
            [
              52.2274098,
              20.9512193
            ],
            [
              52.2274209,
              20.9512944
            ],
            [
              52.2274377,
              20.9514224
            ],
            [
              52.2274546,
              20.9515541
            ]
          ],
          [
            [
              52.2277072,
              20.9569344
            ],
            [
              52.2277139,
              20.956749
            ],
            [
              52.2277179,
              20.9566557
            ],
            [
              52.2277222,
              20.9565689
            ],
            [
              52.2277403,
              20.9562661
            ],
            [
              52.227746,
              20.9560327
            ],
            [
              52.2277438,
              20.9558677
            ]
          ],
          [
            [
              52.2282263,
              20.9593067
            ],
            [
              52.2282294,
              20.9594946
            ],
            [
              52.2282305,
              20.959569
            ],
            [
              52.2282318,
              20.9596603
            ],
            [
              52.2282604,
              20.9608122
            ]
          ],
          [
            [
              52.2282604,
              20.9608122
            ],
            [
              52.2282869,
              20.9613149
            ],
            [
              52.2284227,
              20.9634348
            ],
            [
              52.228595,
              20.9660655
            ]
          ],
          [
            [
              52.2283568,
              20.9657983
            ],
            [
              52.2284203,
              20.9668617
            ],
            [
              52.228427,
              20.966963
            ],
            [
              52.2284317,
              20.9670338
            ],
            [
              52.2284396,
              20.9672474
            ],
            [
              52.2284519,
              20.9673349
            ],
            [
              52.2284568,
              20.9674081
            ]
          ],
          [
            [
              52.2281801,
              20.9573656
            ],
            [
              52.2281904,
              20.9575102
            ],
            [
              52.2281933,
              20.9575755
            ],
            [
              52.2281949,
              20.957657
            ],
            [
              52.2282215,
              20.9590429
            ],
            [
              52.2282229,
              20.9591204
            ],
            [
              52.2282263,
              20.9593067
            ]
          ],
          [
            [
              52.2279275,
              20.9584875
            ],
            [
              52.2279436,
              20.9586126
            ],
            [
              52.2279581,
              20.9587983
            ],
            [
              52.2279704,
              20.9589941
            ],
            [
              52.2279752,
              20.9590607
            ],
            [
              52.2279804,
              20.9591465
            ],
            [
              52.2279918,
              20.9593282
            ]
          ],
          [
            [
              52.2286951,
              20.9673496
            ],
            [
              52.228707,
              20.9674438
            ],
            [
              52.2287175,
              20.9675427
            ],
            [
              52.2287259,
              20.967639
            ],
            [
              52.2287284,
              20.9676773
            ],
            [
              52.228734,
              20.9677611
            ],
            [
              52.2287403,
              20.9678581
            ],
            [
              52.2287816,
              20.9685152
            ],
            [
              52.2288005,
              20.9688227
            ],
            [
              52.2288121,
              20.9690496
            ],
            [
              52.2288154,
              20.9691274
            ],
            [
              52.2288185,
              20.9691971
            ]
          ],
          [
            [
              52.2290948,
              20.9741809
            ],
            [
              52.2291203,
              20.9745443
            ]
          ],
          [
            [
              52.2291852,
              20.9779984
            ],
            [
              52.2292097,
              20.9783003
            ]
          ],
          [
            [
              52.2291203,
              20.9745443
            ],
            [
              52.2291681,
              20.9753592
            ],
            [
              52.229188,
              20.9756462
            ],
            [
              52.2292619,
              20.9765375
            ],
            [
              52.229331,
              20.9772467
            ]
          ],
          [
            [
              52.2285379,
              20.9685694
            ],
            [
              52.2285736,
              20.9689954
            ],
            [
              52.2285811,
              20.9690917
            ],
            [
              52.2285878,
              20.9691718
            ]
          ],
          [
            [
              52.2285878,
              20.9691718
            ],
            [
              52.2286368,
              20.9698523
            ]
          ],
          [
            [
              52.22898,
              20.9750612
            ],
            [
              52.229021,
              20.9756626
            ],
            [
              52.2290613,
              20.976346
            ],
            [
              52.2291156,
              20.9770174
            ],
            [
              52.2291852,
              20.9779984
            ]
          ],
          [
            [
              52.2286922,
              20.9706901
            ],
            [
              52.2287305,
              20.9712925
            ],
            [
              52.2287689,
              20.9718955
            ],
            [
              52.2287724,
              20.9719453
            ],
            [
              52.2287838,
              20.9721228
            ]
          ],
          [
            [
              52.2288281,
              20.9697139
            ],
            [
              52.2288283,
              20.9697257
            ],
            [
              52.2288294,
              20.9697988
            ],
            [
              52.2288329,
              20.9699577
            ],
            [
              52.2288369,
              20.9701212
            ],
            [
              52.2288434,
              20.9702679
            ],
            [
              52.2288954,
              20.9710959
            ]
          ],
          [
            [
              52.2290129,
              20.9728416
            ],
            [
              52.2290698,
              20.9737854
            ],
            [
              52.2290948,
              20.9741809
            ]
          ],
          [
            [
              52.2271372,
              20.9473921
            ],
            [
              52.2271808,
              20.9477654
            ],
            [
              52.2272578,
              20.9483782
            ],
            [
              52.2273118,
              20.9488067
            ],
            [
              52.2274207,
              20.9496079
            ]
          ],
          [
            [
              52.2276809,
              20.9548512
            ],
            [
              52.2277241,
              20.9553559
            ]
          ],
          [
            [
              52.2277241,
              20.9553559
            ],
            [
              52.227736,
              20.9555645
            ]
          ],
          [
            [
              52.2269999,
              20.9486087
            ],
            [
              52.2271994,
              20.9498795
            ]
          ],
          [
            [
              52.2275847,
              20.9533622
            ],
            [
              52.22763,
              20.9540725
            ],
            [
              52.2276355,
              20.9541583
            ]
          ],
          [
            [
              52.2276394,
              20.9542157
            ],
            [
              52.2276548,
              20.9544457
            ]
          ],
          [
            [
              52.2277962,
              20.9531444
            ],
            [
              52.2278483,
              20.9541195
            ]
          ],
          [
            [
              52.2280808,
              20.9565913
            ],
            [
              52.2280957,
              20.956678
            ],
            [
              52.2281203,
              20.9568389
            ]
          ],
          [
            [
              52.2279918,
              20.9593282
            ],
            [
              52.2280033,
              20.9595093
            ],
            [
              52.2280079,
              20.9595893
            ]
          ],
          [
            [
              52.2282226,
              20.9634667
            ],
            [
              52.2282773,
              20.9644471
            ],
            [
              52.2283568,
              20.9657983
            ]
          ],
          [
            [
              52.2287838,
              20.9721228
            ],
            [
              52.2288371,
              20.9729542
            ],
            [
              52.2288525,
              20.9731937
            ]
          ],
          [
            [
              52.2288525,
              20.9731937
            ],
            [
              52.22898,
              20.9750612
            ]
          ],
          [
            [
              52.2289212,
              20.9714526
            ],
            [
              52.2290129,
              20.9728416
            ]
          ],
          [
            [
              52.2271133,
              20.9454604
            ],
            [
              52.2271193,
              20.9455088
            ],
            [
              52.2271268,
              20.9455979
            ],
            [
              52.2271265,
              20.9456796
            ],
            [
              52.227125,
              20.9457427
            ]
          ],
          [
            [
              52.2271122,
              20.9460889
            ],
            [
              52.2271068,
              20.9462938
            ],
            [
              52.2270982,
              20.9466267
            ],
            [
              52.2270971,
              20.946796
            ],
            [
              52.2270986,
              20.946897
            ],
            [
              52.2271037,
              20.9470272
            ],
            [
              52.227113,
              20.9471556
            ],
            [
              52.2271372,
              20.9473921
            ]
          ],
          [
            [
              52.2286368,
              20.9698523
            ],
            [
              52.2286792,
              20.9704855
            ],
            [
              52.2286922,
              20.9706901
            ]
          ],
          [
            [
              52.2288954,
              20.9710959
            ],
            [
              52.2289212,
              20.9714526
            ]
          ],
          [
            [
              52.2276599,
              20.954525
            ],
            [
              52.2276809,
              20.9548512
            ]
          ],
          [
            [
              52.2288185,
              20.9691971
            ],
            [
              52.2288235,
              20.9694676
            ],
            [
              52.2288248,
              20.9695496
            ],
            [
              52.2288264,
              20.9696329
            ],
            [
              52.2288281,
              20.9697139
            ]
          ],
          [
            [
              52.2274207,
              20.9496079
            ],
            [
              52.2275202,
              20.9503417
            ],
            [
              52.2275931,
              20.9508606
            ],
            [
              52.227637,
              20.9511868
            ]
          ],
          [
            [
              52.2276355,
              20.9541583
            ],
            [
              52.2276394,
              20.9542157
            ]
          ],
          [
            [
              52.2278483,
              20.9541195
            ],
            [
              52.2278525,
              20.9541783
            ],
            [
              52.2278579,
              20.9542538
            ],
            [
              52.227867,
              20.9543819
            ],
            [
              52.227886,
              20.9546978
            ]
          ],
          [
            [
              52.2271122,
              20.9460889
            ],
            [
              52.227114,
              20.9460246
            ],
            [
              52.2271157,
              20.9459604
            ]
          ],
          [
            [
              52.2276548,
              20.9544457
            ],
            [
              52.2276599,
              20.954525
            ]
          ],
          [
            [
              52.2271157,
              20.9459604
            ],
            [
              52.2271205,
              20.9458438
            ],
            [
              52.2271227,
              20.945779
            ],
            [
              52.227125,
              20.9457427
            ]
          ]
        ]
      }
    },
    {
      "type": "Feature",
      "properties": {
        "name": "Dzika",
        "highway": "tertiary"
      },
      "geometry": {
        "type": "MultiLineString",
        "coordinates": [
          [
            [
              52.2532548,
              20.9828181
            ],
            [
              52.2532843,
              20.98284
            ],
            [
              52.2533003,
              20.9828708
            ],
            [
              52.2533543,
              20.9830962
            ],
            [
              52.2533738,
              20.98314
            ],
            [
              52.2533976,
              20.9831748
            ],
            [
              52.2534142,
              20.9831914
            ],
            [
              52.2534987,
              20.9832662
            ]
          ],
          [
            [
              52.2532165,
              20.9823341
            ],
            [
              52.2532128,
              20.9824955
            ],
            [
              52.2532232,
              20.9826267
            ],
            [
              52.253253,
              20.9827995
            ],
            [
              52.2532548,
              20.9828181
            ]
          ],
          [
            [
              52.2532548,
              20.9828181
            ],
            [
              52.2532421,
              20.9828718
            ],
            [
              52.2532479,
              20.982898
            ],
            [
              52.2532665,
              20.9829856
            ],
            [
              52.2532936,
              20.9831333
            ],
            [
              52.2532987,
              20.9831969
            ],
            [
              52.2532976,
              20.9832597
            ],
            [
              52.2532794,
              20.9834507
            ]
          ],
          [
            [
              52.2532165,
              20.9823341
            ],
            [
              52.2532289,
              20.9820872
            ],
            [
              52.2532375,
              20.9819254
            ]
          ],
          [
            [
              52.2532375,
              20.9819254
            ],
            [
              52.2532413,
              20.9818535
            ],
            [
              52.253246,
              20.9817666
            ],
            [
              52.2532495,
              20.9817116
            ],
            [
              52.2532644,
              20.9815095
            ]
          ]
        ]
      }
    },
    {
      "type": "Feature",
      "properties": {
        "name": "Towarowa",
        "highway": "secondary"
      },
      "geometry": {
        "type": "MultiLineString",
        "coordinates": [
          [
            [
              52.232676,
              20.9827689
            ],
            [
              52.2328506,
              20.9826653
            ],
            [
              52.2330749,
              20.9825347
            ],
            [
              52.233123,
              20.9825056
            ],
            [
              52.233169,
              20.9824776
            ],
            [
              52.2333112,
              20.9824021
            ]
          ],
          [
            [
              52.2268196,
              20.9872975
            ],
            [
              52.2271017,
              20.9870816
            ],
            [
              52.2271395,
              20.9870442
            ],
            [
              52.2271754,
              20.9870026
            ],
            [
              52.2273212,
              20.9867936
            ]
          ],
          [
            [
              52.2252498,
              20.98905
            ],
            [
              52.2252743,
              20.9890273
            ],
            [
              52.2255812,
              20.9887817
            ]
          ],
          [
            [
              52.2256272,
              20.9887443
            ],
            [
              52.225943,
              20.9884942
            ],
            [
              52.2262151,
              20.9882787
            ]
          ],
          [
            [
              52.2251257,
              20.9885492
            ],
            [
              52.225141,
              20.9885372
            ],
            [
              52.225468,
              20.9882786
            ]
          ],
          [
            [
              52.2270841,
              20.9875748
            ],
            [
              52.227333,
              20.9873594
            ]
          ],
          [
            [
              52.2333112,
              20.9824021
            ],
            [
              52.2334457,
              20.9823347
            ],
            [
              52.2334884,
              20.9823137
            ],
            [
              52.2337601,
              20.9821852
            ],
            [
              52.2338822,
              20.9821098
            ],
            [
              52.2339913,
              20.9820318
            ],
            [
              52.2340909,
              20.9819438
            ],
            [
              52.2342399,
              20.981815
            ],
            [
              52.2346597,
              20.9814486
            ],
            [
              52.235011,
              20.9811451
            ],
            [
              52.23518,
              20.9810089
            ],
            [
              52.235366,
              20.980899
            ],
            [
              52.2354095,
              20.9808816
            ],
            [
              52.2355613,
              20.980821
            ],
            [
              52.2356359,
              20.9807926
            ]
          ],
          [
            [
              52.2304699,
              20.9838533
            ],
            [
              52.2306273,
              20.9837515
            ],
            [
              52.2306627,
              20.98373
            ],
            [
              52.2307166,
              20.9836978
            ],
            [
              52.2310366,
              20.9834957
            ],
            [
              52.2312366,
              20.9833462
            ],
            [
              52.2319575,
              20.9827286
            ],
            [
              52.2321855,
              20.9825501
            ],
            [
              52.2323984,
              20.9823891
            ],
            [
              52.2325745,
              20.9822709
            ],
            [
              52.2328082,
              20.9821274
            ],
            [
              52.233031,
              20.9819935
            ],
            [
              52.233076,
              20.9819715
            ],
            [
              52.2332285,
              20.9818883
            ]
          ],
          [
            [
              52.2257464,
              20.9880568
            ],
            [
              52.2257908,
              20.9880214
            ],
            [
              52.2261286,
              20.9877433
            ]
          ],
          [
            [
              52.227333,
              20.9873594
            ],
            [
              52.2274701,
              20.9872406
            ],
            [
              52.2275124,
              20.9872057
            ],
            [
              52.2275437,
              20.9871796
            ],
            [
              52.2276145,
              20.9871185
            ]
          ],
          [
            [
              52.2264669,
              20.9880837
            ],
            [
              52.2266989,
              20.9879024
            ],
            [
              52.226858,
              20.9877686
            ],
            [
              52.2268808,
              20.9877486
            ]
          ],
          [
            [
              52.2261286,
              20.9877433
            ],
            [
              52.2263343,
              20.987589
            ],
            [
              52.2263955,
              20.987544
            ],
            [
              52.2264616,
              20.9875054
            ],
            [
              52.2265654,
              20.9874561
            ]
          ],
          [
            [
              52.2276145,
              20.9871185
            ],
            [
              52.2277478,
              20.9870003
            ],
            [
              52.228186,
              20.9866133
            ],
            [
              52.2282767,
              20.9865326
            ],
            [
              52.2283879,
              20.9864395
            ],
            [
              52.2290888,
              20.9858529
            ],
            [
              52.2291014,
              20.9858424
            ],
            [
              52.2292091,
              20.9857465
            ],
            [
              52.2294106,
              20.985567
            ]
          ],
          [
            [
              52.2262151,
              20.9882787
            ],
            [
              52.2263273,
              20.9881923
            ],
            [
              52.2264669,
              20.9880837
            ]
          ],
          [
            [
              52.2339808,
              20.9815445
            ],
            [
              52.2340482,
              20.9815022
            ],
            [
              52.2341139,
              20.9814558
            ],
            [
              52.2342086,
              20.9813819
            ],
            [
              52.2345769,
              20.9810615
            ],
            [
              52.2347524,
              20.9809131
            ],
            [
              52.2349352,
              20.9807685
            ],
            [
              52.2350438,
              20.9806943
            ],
            [
              52.2351591,
              20.9806333
            ],
            [
              52.2355176,
              20.9805104
            ]
          ],
          [
            [
              52.2273212,
              20.9867936
            ],
            [
              52.2273698,
              20.9867335
            ],
            [
              52.2273977,
              20.9867043
            ],
            [
              52.2274315,
              20.986674
            ],
            [
              52.2274695,
              20.9866399
            ],
            [
              52.2277506,
              20.9863947
            ],
            [
              52.227931,
              20.9862374
            ]
          ],
          [
            [
              52.2295958,
              20.9847622
            ],
            [
              52.2298438,
              20.9844529
            ],
            [
              52.2298707,
              20.9844202
            ],
            [
              52.2300165,
              20.984241
            ]
          ],
          [
            [
              52.2294106,
              20.985567
            ],
            [
              52.2295458,
              20.9854509
            ],
            [
              52.2296589,
              20.9853627
            ],
            [
              52.2297827,
              20.9852781
            ],
            [
              52.229995,
              20.9851568
            ],
            [
              52.2300463,
              20.9851291
            ],
            [
              52.2300784,
              20.985111
            ],
            [
              52.2302013,
              20.9850422
            ]
          ],
          [
            [
              52.2333601,
              20.9818207
            ],
            [
              52.2334028,
              20.9818006
            ],
            [
              52.2334568,
              20.9817759
            ],
            [
              52.2336966,
              20.9816701
            ],
            [
              52.2339003,
              20.9815813
            ],
            [
              52.2339808,
              20.9815445
            ]
          ],
          [
            [
              52.2315001,
              20.9837254
            ],
            [
              52.2316183,
              20.9836161
            ],
            [
              52.2321614,
              20.9831405
            ],
            [
              52.232497,
              20.9828884
            ],
            [
              52.232676,
              20.9827689
            ]
          ],
          [
            [
              52.2306368,
              20.9846523
            ],
            [
              52.2307722,
              20.9844889
            ],
            [
              52.2308047,
              20.9844481
            ],
            [
              52.2310352,
              20.984171
            ],
            [
              52.2311892,
              20.9840153
            ],
            [
              52.2315001,
              20.9837254
            ]
          ],
          [
            [
              52.2269546,
              20.9876855
            ],
            [
              52.2270841,
              20.9875748
            ]
          ],
          [
            [
              52.2265654,
              20.9874561
            ],
            [
              52.2266089,
              20.9874362
            ]
          ],
          [
            [
              52.2282229,
              20.9859835
            ],
            [
              52.2284076,
              20.9858266
            ]
          ],
          [
            [
              52.2284076,
              20.9858266
            ],
            [
              52.229125,
              20.9851957
            ],
            [
              52.2292403,
              20.9850947
            ]
          ],
          [
            [
              52.2332285,
              20.9818883
            ],
            [
              52.2333601,
              20.9818207
            ]
          ],
          [
            [
              52.227931,
              20.9862374
            ],
            [
              52.2282229,
              20.9859835
            ]
          ],
          [
            [
              52.2292403,
              20.9850947
            ],
            [
              52.2294322,
              20.9849264
            ],
            [
              52.229516,
              20.9848476
            ],
            [
              52.2295569,
              20.9848066
            ],
            [
              52.2295958,
              20.9847622
            ]
          ],
          [
            [
              52.225468,
              20.9882786
            ],
            [
              52.225623,
              20.9881539
            ],
            [
              52.2257464,
              20.9880568
            ]
          ],
          [
            [
              52.2255812,
              20.9887817
            ],
            [
              52.2256272,
              20.9887443
            ]
          ],
          [
            [
              52.2268808,
              20.9877486
            ],
            [
              52.2269546,
              20.9876855
            ]
          ],
          [
            [
              52.2266089,
              20.9874362
            ],
            [
              52.226662,
              20.9874108
            ],
            [
              52.2267111,
              20.9873806
            ],
            [
              52.2267169,
              20.9873762
            ],
            [
              52.2268196,
              20.9872975
            ]
          ]
        ]
      }
    },
    {
      "type": "Feature",
      "properties": {
        "name": "Żelazna",
        "highway": "tertiary"
      },
      "geometry": {
        "type": "MultiLineString",
        "coordinates": [
          [
            [
              52.2271022,
              20.9953686
            ],
            [
              52.227812,
              20.9949702
            ],
            [
              52.2278498,
              20.9949524
            ],
            [
              52.2279494,
              20.9949038
            ]
          ],
          [
            [
              52.2279494,
              20.9949038
            ],
            [
              52.2280433,
              20.9948574
            ],
            [
              52.2280606,
              20.9948483
            ],
            [
              52.2280774,
              20.9948396
            ],
            [
              52.2280844,
              20.9948357
            ],
            [
              52.2282492,
              20.9947739
            ]
          ],
          [
            [
              52.2318132,
              20.9924849
            ],
            [
              52.2318839,
              20.9924388
            ],
            [
              52.2319221,
              20.9924139
            ],
            [
              52.2319822,
              20.9923747
            ]
          ],
          [
            [
              52.24105,
              20.9860266
            ],
            [
              52.2411446,
              20.9859514
            ],
            [
              52.2415768,
              20.9856081
            ],
            [
              52.2419614,
              20.9853015
            ]
          ],
          [
            [
              52.2314034,
              20.9928113
            ],
            [
              52.2315596,
              20.9926509
            ],
            [
              52.2316749,
              20.9925755
            ],
            [
              52.2317129,
              20.9925507
            ]
          ],
          [
            [
              52.2346622,
              20.9907711
            ],
            [
              52.2347542,
              20.9907117
            ],
            [
              52.2347946,
              20.9906857
            ],
            [
              52.2351418,
              20.9904616
            ],
            [
              52.2357551,
              20.9900764
            ],
            [
              52.2358044,
              20.9900454
            ],
            [
              52.2360956,
              20.9898623
            ],
            [
              52.2361787,
              20.9898095
            ],
            [
              52.2366447,
              20.9895208
            ],
            [
              52.2368163,
              20.9894138
            ],
            [
              52.2370054,
              20.989296
            ],
            [
              52.2370657,
              20.9892552
            ],
            [
              52.2371865,
              20.9891735
            ],
            [
              52.2373357,
              20.9890654
            ],
            [
              52.2373888,
              20.9890269
            ],
            [
              52.2375553,
              20.9888955
            ],
            [
              52.2383992,
              20.9882221
            ],
            [
              52.2384565,
              20.9881764
            ],
            [
              52.2385828,
              20.9880755
            ],
            [
              52.2386788,
              20.9879989
            ],
            [
              52.238722,
              20.9879643
            ],
            [
              52.2392128,
              20.9875803
            ],
            [
              52.2393569,
              20.987466
            ],
            [
              52.2394068,
              20.9874264
            ],
            [
              52.2395219,
              20.987335
            ],
            [
              52.2395731,
              20.9872945
            ],
            [
              52.2396538,
              20.9872305
            ],
            [
              52.2396929,
              20.9871972
            ]
          ],
          [
            [
              52.2419614,
              20.9853015
            ],
            [
              52.2421073,
              20.9857451
            ]
          ],
          [
            [
              52.2311202,
              20.9929724
            ],
            [
              52.2314034,
              20.9928113
            ]
          ],
          [
            [
              52.2330267,
              20.991776
            ],
            [
              52.2331148,
              20.9917208
            ],
            [
              52.2332645,
              20.9916282
            ],
            [
              52.2333781,
              20.9915585
            ],
            [
              52.2335716,
              20.9914397
            ],
            [
              52.2338116,
              20.9912924
            ],
            [
              52.234206,
              20.9910504
            ],
            [
              52.234486,
              20.9908786
            ],
            [
              52.2345424,
              20.9908435
            ],
            [
              52.2346622,
              20.9907711
            ]
          ],
          [
            [
              52.2322425,
              20.9922861
            ],
            [
              52.2323359,
              20.9922253
            ],
            [
              52.2330267,
              20.991776
            ]
          ],
          [
            [
              52.2268694,
              20.9954813
            ],
            [
              52.2268994,
              20.9954643
            ],
            [
              52.226956,
              20.9954317
            ],
            [
              52.227005,
              20.995412
            ],
            [
              52.2270523,
              20.995393
            ],
            [
              52.2271022,
              20.9953686
            ]
          ],
          [
            [
              52.2290463,
              20.9942742
            ],
            [
              52.2291526,
              20.994206
            ],
            [
              52.2292821,
              20.9941214
            ],
            [
              52.2293268,
              20.9940929
            ],
            [
              52.2298428,
              20.9937651
            ],
            [
              52.2301639,
              20.9935608
            ],
            [
              52.2302738,
              20.9934865
            ]
          ],
          [
            [
              52.2273046,
              20.9953794
            ],
            [
              52.2275047,
              20.9952671
            ],
            [
              52.2278719,
              20.995061
            ],
            [
              52.2279717,
              20.9949993
            ]
          ],
          [
            [
              52.2279717,
              20.9949993
            ],
            [
              52.2280781,
              20.9949322
            ],
            [
              52.2281026,
              20.9949146
            ],
            [
              52.2282492,
              20.9947739
            ]
          ],
          [
            [
              52.2398535,
              20.9870606
            ],
            [
              52.2399321,
              20.9869957
            ],
            [
              52.2399942,
              20.9869439
            ],
            [
              52.2401161,
              20.9868453
            ],
            [
              52.240241,
              20.9867419
            ],
            [
              52.2405327,
              20.9865037
            ],
            [
              52.2409207,
              20.9861401
            ],
            [
              52.2409623,
              20.9860991
            ],
            [
              52.24105,
              20.9860266
            ]
          ],
          [
            [
              52.2282492,
              20.9947739
            ],
            [
              52.2282616,
              20.9947662
            ],
            [
              52.2285695,
              20.9945758
            ],
            [
              52.2288411,
              20.9944051
            ],
            [
              52.2288949,
              20.9943713
            ],
            [
              52.2290463,
              20.9942742
            ]
          ],
          [
            [
              52.2421073,
              20.9857451
            ],
            [
              52.2426623,
              20.9852388
            ],
            [
              52.2427243,
              20.9851807
            ]
          ],
          [
            [
              52.2396929,
              20.9871972
            ],
            [
              52.2397549,
              20.9871445
            ],
            [
              52.239778,
              20.9871249
            ],
            [
              52.2398535,
              20.9870606
            ]
          ],
          [
            [
              52.2319822,
              20.9923747
            ],
            [
              52.2320627,
              20.9923399
            ]
          ],
          [
            [
              52.2317129,
              20.9925507
            ],
            [
              52.2318132,
              20.9924849
            ]
          ],
          [
            [
              52.2302738,
              20.9934865
            ],
            [
              52.2303621,
              20.99343
            ],
            [
              52.2305943,
              20.9932879
            ],
            [
              52.2309464,
              20.9930694
            ]
          ],
          [
            [
              52.2309464,
              20.9930694
            ],
            [
              52.2311202,
              20.9929724
            ]
          ],
          [
            [
              52.2314034,
              20.9928113
            ],
            [
              52.2315786,
              20.9927852
            ],
            [
              52.2316536,
              20.9927399
            ],
            [
              52.2317051,
              20.9927087
            ],
            [
              52.2317449,
              20.9926886
            ],
            [
              52.2318445,
              20.9926385
            ]
          ],
          [
            [
              52.2320627,
              20.9923399
            ],
            [
              52.2321076,
              20.9923206
            ],
            [
              52.2321629,
              20.9922967
            ],
            [
              52.2322425,
              20.9922861
            ]
          ],
          [
            [
              52.2318445,
              20.9926385
            ],
            [
              52.2319172,
              20.9925921
            ],
            [
              52.2319553,
              20.9925657
            ],
            [
              52.2320269,
              20.9925129
            ]
          ],
          [
            [
              52.2320917,
              20.9924623
            ],
            [
              52.232133,
              20.99243
            ],
            [
              52.2321775,
              20.9923867
            ],
            [
              52.2322425,
              20.9922861
            ]
          ],
          [
            [
              52.2266588,
              20.9957449
            ],
            [
              52.2268971,
              20.9956113
            ]
          ],
          [
            [
              52.2268971,
              20.9956113
            ],
            [
              52.2270371,
              20.9955328
            ],
            [
              52.2273046,
              20.9953794
            ]
          ],
          [
            [
              52.2266313,
              20.9956162
            ],
            [
              52.2266547,
              20.995603
            ],
            [
              52.2268694,
              20.9954813
            ]
          ],
          [
            [
              52.2265107,
              20.9956846
            ],
            [
              52.2266042,
              20.9956316
            ],
            [
              52.2266313,
              20.9956162
            ]
          ],
          [
            [
              52.2320269,
              20.9925129
            ],
            [
              52.2320917,
              20.9924623
            ]
          ]
        ]
      }
    },
    {
      "type": "Feature",
      "properties": {
        "name": "Sienna",
        "highway": "residential"
      },
      "geometry": {
        "type": "MultiLineString",
        "coordinates": [
          [
            [
              52.2295565,
              20.990402
            ],
            [
              52.2295932,
              20.9905678
            ],
            [
              52.229649,
              20.9908193
            ],
            [
              52.2297093,
              20.991078
            ],
            [
              52.2298104,
              20.991512
            ],
            [
              52.2299948,
              20.9923039
            ],
            [
              52.2300296,
              20.9924531
            ],
            [
              52.2302392,
              20.9933527
            ],
            [
              52.2302529,
              20.9934121
            ],
            [
              52.2302738,
              20.9934865
            ]
          ],
          [
            [
              52.2302738,
              20.9934865
            ],
            [
              52.2303015,
              20.9935888
            ],
            [
              52.2303175,
              20.9936741
            ],
            [
              52.2304611,
              20.9944572
            ],
            [
              52.2304859,
              20.9945926
            ],
            [
              52.2305985,
              20.9952077
            ],
            [
              52.230607,
              20.9952952
            ],
            [
              52.2306105,
              20.9953618
            ],
            [
              52.2306143,
              20.9954404
            ]
          ],
          [
            [
              52.2307376,
              20.9960122
            ],
            [
              52.2308591,
              20.9965821
            ],
            [
              52.2309654,
              20.997081
            ],
            [
              52.2313175,
              20.9987647
            ],
            [
              52.2313708,
              20.9990161
            ]
          ],
          [
            [
              52.2306143,
              20.9954404
            ],
            [
              52.2307002,
              20.9958393
            ],
            [
              52.2307376,
              20.9960122
            ]
          ]
        ]
      }
    },
    {
      "type": "Feature",
      "properties": {
        "name": "Twarda",
        "highway": "residential"
      },
      "geometry": {
        "type": "MultiLineString",
        "coordinates": [
          [
            [
              52.2312912,
              20.995894
            ],
            [
              52.2314872,
              20.9960103
            ],
            [
              52.2315777,
              20.9960704
            ],
            [
              52.2316146,
              20.9960884
            ],
            [
              52.2316446,
              20.996099
            ],
            [
              52.2316877,
              20.9961095
            ],
            [
              52.2317308,
              20.9961099
            ],
            [
              52.2317686,
              20.9961063
            ]
          ],
          [
            [
              52.2287974,
              20.9937588
            ],
            [
              52.228939,
              20.9938964
            ],
            [
              52.2290233,
              20.9939961
            ],
            [
              52.2290867,
              20.9940822
            ],
            [
              52.2291164,
              20.9941317
            ],
            [
              52.2291526,
              20.994206
            ]
          ],
          [
            [
              52.2287974,
              20.9937588
            ],
            [
              52.2288995,
              20.9940116
            ],
            [
              52.2289376,
              20.9940793
            ],
            [
              52.2290463,
              20.9942742
            ]
          ],
          [
            [
              52.227742,
              20.9912651
            ],
            [
              52.2277642,
              20.9914171
            ],
            [
              52.2277775,
              20.991484
            ],
            [
              52.2278195,
              20.9916965
            ],
            [
              52.2278718,
              20.9919611
            ],
            [
              52.2278988,
              20.992077
            ]
          ],
          [
            [
              52.2293452,
              20.9949677
            ],
            [
              52.2294051,
              20.9950003
            ],
            [
              52.2295004,
              20.9949457
            ],
            [
              52.2295592,
              20.9949162
            ],
            [
              52.2295967,
              20.9948892
            ],
            [
              52.2296399,
              20.9948367
            ]
          ],
          [
            [
              52.2278988,
              20.992077
            ],
            [
              52.2279255,
              20.9921731
            ],
            [
              52.2280169,
              20.9924395
            ],
            [
              52.2280538,
              20.9925105
            ],
            [
              52.2280844,
              20.9925639
            ],
            [
              52.228161,
              20.9926925
            ],
            [
              52.2282154,
              20.9927867
            ],
            [
              52.2285929,
              20.9934403
            ],
            [
              52.2286981,
              20.9936043
            ],
            [
              52.2287783,
              20.9937308
            ],
            [
              52.2287974,
              20.9937588
            ]
          ],
          [
            [
              52.229262,
              20.9950163
            ],
            [
              52.2293452,
              20.9949677
            ]
          ],
          [
            [
              52.2296399,
              20.9948367
            ],
            [
              52.2296693,
              20.9948343
            ],
            [
              52.2296939,
              20.994836
            ],
            [
              52.2297181,
              20.9948397
            ],
            [
              52.2297399,
              20.9948474
            ],
            [
              52.2297605,
              20.9948584
            ],
            [
              52.229785,
              20.9948742
            ],
            [
              52.2298383,
              20.9949119
            ],
            [
              52.230473,
              20.9953444
            ],
            [
              52.2306143,
              20.9954404
            ]
          ],
          [
            [
              52.2306143,
              20.9954404
            ],
            [
              52.2308531,
              20.9956016
            ],
            [
              52.2312912,
              20.995894
            ]
          ],
          [
            [
              52.2320635,
              20.9959383
            ],
            [
              52.2322957,
              20.9958161
            ]
          ],
          [
            [
              52.2320823,
              20.9960193
            ],
            [
              52.2323694,
              20.9958738
            ],
            [
              52.2324054,
              20.995859
            ],
            [
              52.2324386,
              20.9958497
            ],
            [
              52.2325054,
              20.9958563
            ]
          ],
          [
            [
              52.2322957,
              20.9958161
            ],
            [
              52.2323524,
              20.9957852
            ],
            [
              52.2323851,
              20.9957567
            ],
            [
              52.2324089,
              20.9957279
            ],
            [
              52.2324606,
              20.995619
            ]
          ],
          [
            [
              52.2317686,
              20.9961063
            ],
            [
              52.2319813,
              20.9959842
            ],
            [
              52.2320635,
              20.9959383
            ]
          ],
          [
            [
              52.2317686,
              20.9961063
            ],
            [
              52.2318195,
              20.9961209
            ]
          ],
          [
            [
              52.2318195,
              20.9961209
            ],
            [
              52.2318494,
              20.9961225
            ],
            [
              52.2318864,
              20.9961164
            ],
            [
              52.2319201,
              20.9961042
            ],
            [
              52.2319975,
              20.9960637
            ],
            [
              52.2320823,
              20.9960193
            ]
          ]
        ]
      }
    },
    {
      "type": "Feature",
      "properties": {
        "name": "Złota",
        "highway": "residential"
      },
      "geometry": {
        "type": "MultiLineString",
        "coordinates": [
          [
            [
              52.2291526,
              20.994206
            ],
            [
              52.2291873,
              20.9942921
            ],
            [
              52.2292215,
              20.9944177
            ],
            [
              52.2292381,
              20.9944912
            ],
            [
              52.2293452,
              20.9949677
            ],
            [
              52.2293695,
              20.9950763
            ]
          ],
          [
            [
              52.2295286,
              20.9961407
            ],
            [
              52.2295769,
              20.9962488
            ],
            [
              52.2296144,
              20.9963555
            ],
            [
              52.2296488,
              20.9965175
            ],
            [
              52.2296853,
              20.9966816
            ],
            [
              52.2297013,
              20.9968242
            ],
            [
              52.229711,
              20.9969772
            ]
          ],
          [
            [
              52.2302312,
              21.0001199
            ],
            [
              52.230276,
              21.0000337
            ],
            [
              52.2302902,
              21.0000005
            ],
            [
              52.2303017,
              20.9999642
            ],
            [
              52.2303116,
              20.9999241
            ],
            [
              52.2303195,
              20.9998697
            ],
            [
              52.2303225,
              20.9998355
            ],
            [
              52.2303224,
              20.9998061
            ],
            [
              52.2303189,
              20.9997734
            ],
            [
              52.2303131,
              20.9997408
            ]
          ],
          [
            [
              52.2303131,
              20.9997408
            ],
            [
              52.2303252,
              20.9997699
            ],
            [
              52.2303383,
              20.9997955
            ],
            [
              52.2303575,
              20.9998234
            ],
            [
              52.230366,
              20.9998354
            ],
            [
              52.2303968,
              20.999868
            ],
            [
              52.2304206,
              20.9998859
            ],
            [
              52.2304492,
              20.9999013
            ],
            [
              52.2304768,
              20.9999079
            ],
            [
              52.2305035,
              20.9999097
            ],
            [
              52.2305499,
              20.9998989
            ]
          ],
          [
            [
              52.229711,
              20.9969772
            ],
            [
              52.2298325,
              20.9975362
            ],
            [
              52.230077,
              20.9986654
            ],
            [
              52.2300925,
              20.998736
            ],
            [
              52.2302028,
              20.9992497
            ],
            [
              52.2302561,
              20.9994935
            ]
          ],
          [
            [
              52.2293857,
              20.9954811
            ],
            [
              52.2295254,
              20.9961257
            ],
            [
              52.2295286,
              20.9961407
            ]
          ],
          [
            [
              52.2293695,
              20.9950763
            ],
            [
              52.2293847,
              20.9951798
            ],
            [
              52.2293962,
              20.9952973
            ],
            [
              52.2293958,
              20.9953882
            ],
            [
              52.2293857,
              20.9954811
            ]
          ],
          [
            [
              52.2290463,
              20.9942742
            ],
            [
              52.2290847,
              20.9943444
            ],
            [
              52.229112,
              20.9943963
            ],
            [
              52.2291383,
              20.9944637
            ],
            [
              52.2291609,
              20.9945547
            ],
            [
              52.229262,
              20.9950163
            ],
            [
              52.2292788,
              20.9950942
            ],
            [
              52.229334,
              20.9953122
            ],
            [
              52.2293574,
              20.9954046
            ],
            [
              52.2293857,
              20.9954811
            ]
          ],
          [
            [
              52.2302561,
              20.9994935
            ],
            [
              52.2303131,
              20.9997408
            ]
          ]
        ]
      }
    },
    {
      "type": "Feature",
      "properties": {
        "name": "Rondo Kercelak",
        "highway": "secondary"
      },
      "geometry": {
        "type": "MultiLineString",
        "coordinates": [
          [
            [
              52.2370454,
              20.9799222
            ],
            [
              52.2370636,
              20.9799669
            ],
            [
              52.2370941,
              20.9800421
            ],
            [
              52.2371107,
              20.9800832
            ],
            [
              52.237119,
              20.9801035
            ],
            [
              52.237144,
              20.9801651
            ],
            [
              52.237212,
              20.9803326
            ]
          ],
          [
            [
              52.2368319,
              20.9800933
            ],
            [
              52.2368779,
              20.9802061
            ],
            [
              52.2368865,
              20.9802272
            ],
            [
              52.2368954,
              20.980249
            ],
            [
              52.2369316,
              20.9803378
            ],
            [
              52.2369558,
              20.9803971
            ]
          ],
          [
            [
              52.2369558,
              20.9803971
            ],
            [
              52.237013,
              20.9803827
            ],
            [
              52.237049,
              20.9803736
            ],
            [
              52.2370739,
              20.9803674
            ],
            [
              52.2371054,
              20.9803594
            ],
            [
              52.2371426,
              20.9803501
            ],
            [
              52.237212,
              20.9803326
            ]
          ],
          [
            [
              52.2368319,
              20.9800933
            ],
            [
              52.23686,
              20.9800794
            ],
            [
              52.2369327,
              20.9800317
            ],
            [
              52.2369586,
              20.9800095
            ],
            [
              52.2370107,
              20.9799567
            ],
            [
              52.2370454,
              20.9799222
            ]
          ]
        ]
      }
    },
    {
      "type": "Feature",
      "properties": {
        "name": "Leszno",
        "highway": "secondary"
      },
      "geometry": {
        "type": "MultiLineString",
        "coordinates": [
          [
            [
              52.2387607,
              20.9832229
            ],
            [
              52.238769,
              20.9832772
            ],
            [
              52.2387801,
              20.983344
            ],
            [
              52.2387945,
              20.9834252
            ],
            [
              52.2389347,
              20.9842044
            ],
            [
              52.2389861,
              20.9844884
            ],
            [
              52.2389962,
              20.9845437
            ],
            [
              52.2390053,
              20.9845866
            ],
            [
              52.2390188,
              20.9846367
            ],
            [
              52.2390322,
              20.9846788
            ],
            [
              52.23914,
              20.985071
            ]
          ],
          [
            [
              52.2373624,
              20.9732386
            ],
            [
              52.2374084,
              20.9733936
            ],
            [
              52.2375382,
              20.9738292
            ],
            [
              52.2375677,
              20.9739308
            ],
            [
              52.2375838,
              20.9739887
            ],
            [
              52.2376013,
              20.9740514
            ],
            [
              52.2376192,
              20.9741204
            ],
            [
              52.2376368,
              20.9741964
            ],
            [
              52.2376498,
              20.974262
            ],
            [
              52.2376627,
              20.9743293
            ],
            [
              52.2376757,
              20.9744146
            ],
            [
              52.2376895,
              20.9745106
            ],
            [
              52.2377035,
              20.9746084
            ],
            [
              52.2377152,
              20.9746953
            ],
            [
              52.2377362,
              20.9748534
            ],
            [
              52.237752,
              20.9749728
            ],
            [
              52.2377675,
              20.9750894
            ],
            [
              52.2377801,
              20.9751969
            ],
            [
              52.2378366,
              20.975698
            ],
            [
              52.2378402,
              20.9757274
            ],
            [
              52.2378598,
              20.9758702
            ],
            [
              52.2378835,
              20.9760476
            ],
            [
              52.2378917,
              20.9761067
            ],
            [
              52.2380272,
              20.9770921
            ],
            [
              52.2381176,
              20.9777453
            ],
            [
              52.2381747,
              20.9781481
            ],
            [
              52.2381798,
              20.9781819
            ],
            [
              52.238215,
              20.9784192
            ]
          ],
          [
            [
              52.2369558,
              20.972043
            ],
            [
              52.2369596,
              20.9720676
            ],
            [
              52.2369988,
              20.9723188
            ],
            [
              52.2370082,
              20.9723792
            ],
            [
              52.2370135,
              20.9724141
            ],
            [
              52.2370327,
              20.9725407
            ],
            [
              52.2370617,
              20.9727052
            ],
            [
              52.2371012,
              20.9728969
            ],
            [
              52.2371405,
              20.9730671
            ],
            [
              52.2371965,
              20.9732635
            ],
            [
              52.2372593,
              20.9734736
            ],
            [
              52.2373522,
              20.9737841
            ],
            [
              52.2373694,
              20.9738416
            ],
            [
              52.2374781,
              20.974216
            ],
            [
              52.2375229,
              20.9744346
            ],
            [
              52.2375456,
              20.9745626
            ],
            [
              52.2375651,
              20.9746966
            ],
            [
              52.2376941,
              20.9756704
            ],
            [
              52.2377024,
              20.9757331
            ],
            [
              52.2377288,
              20.9759231
            ],
            [
              52.2377527,
              20.9760938
            ],
            [
              52.2377565,
              20.9761227
            ],
            [
              52.2379419,
              20.9775128
            ],
            [
              52.2380229,
              20.9781005
            ],
            [
              52.2380321,
              20.9781712
            ],
            [
              52.2380426,
              20.9782516
            ],
            [
              52.2380707,
              20.9784677
            ],
            [
              52.2380802,
              20.9785409
            ]
          ],
          [
            [
              52.2381188,
              20.9788349
            ],
            [
              52.238123,
              20.9788648
            ],
            [
              52.2382114,
              20.9795099
            ],
            [
              52.2382475,
              20.9797904
            ],
            [
              52.2382522,
              20.9798348
            ],
            [
              52.2382646,
              20.9799977
            ]
          ],
          [
            [
              52.2385387,
              20.9818986
            ],
            [
              52.2386312,
              20.9825578
            ]
          ],
          [
            [
              52.238215,
              20.9784192
            ],
            [
              52.2382319,
              20.978528
            ],
            [
              52.23824,
              20.9785813
            ],
            [
              52.2382652,
              20.9787485
            ],
            [
              52.2382705,
              20.9788066
            ],
            [
              52.2382739,
              20.9788741
            ],
            [
              52.2382751,
              20.9789429
            ],
            [
              52.2382763,
              20.9793319
            ],
            [
              52.238277,
              20.9794162
            ],
            [
              52.2382797,
              20.9794964
            ],
            [
              52.2382851,
              20.9795776
            ],
            [
              52.2382915,
              20.9796512
            ],
            [
              52.2382985,
              20.9797204
            ],
            [
              52.2383044,
              20.9797709
            ],
            [
              52.2383111,
              20.9798216
            ],
            [
              52.2383181,
              20.9798696
            ],
            [
              52.2383319,
              20.9799716
            ]
          ],
          [
            [
              52.2384078,
              20.9809511
            ],
            [
              52.2384272,
              20.9810913
            ],
            [
              52.2384376,
              20.9811664
            ],
            [
              52.2384434,
              20.9812127
            ],
            [
              52.2384501,
              20.981267
            ],
            [
              52.2385055,
              20.9816618
            ]
          ],
          [
            [
              52.2386312,
              20.9825578
            ],
            [
              52.2386427,
              20.982768
            ],
            [
              52.2386659,
              20.9829367
            ],
            [
              52.2386783,
              20.9830211
            ],
            [
              52.2386841,
              20.9830544
            ],
            [
              52.2386905,
              20.9830817
            ],
            [
              52.2386965,
              20.9831036
            ],
            [
              52.2387072,
              20.9831343
            ],
            [
              52.2387187,
              20.9831604
            ],
            [
              52.2387318,
              20.9831842
            ],
            [
              52.2387448,
              20.9832049
            ],
            [
              52.2387607,
              20.9832229
            ]
          ],
          [
            [
              52.2380802,
              20.9785409
            ],
            [
              52.2380947,
              20.9786516
            ],
            [
              52.2381019,
              20.9787065
            ],
            [
              52.2381188,
              20.9788349
            ]
          ],
          [
            [
              52.2371644,
              20.9719691
            ],
            [
              52.2371669,
              20.9719915
            ],
            [
              52.2372007,
              20.9722449
            ],
            [
              52.2372085,
              20.972304
            ],
            [
              52.2372189,
              20.9723821
            ],
            [
              52.237275,
              20.9728022
            ],
            [
              52.237296,
              20.9729589
            ],
            [
              52.2373064,
              20.9730246
            ],
            [
              52.2373188,
              20.9730783
            ],
            [
              52.2373391,
              20.9731551
            ],
            [
              52.2373624,
              20.9732386
            ]
          ],
          [
            [
              52.2383537,
              20.9805605
            ],
            [
              52.2384078,
              20.9809511
            ]
          ],
          [
            [
              52.2385055,
              20.9816618
            ],
            [
              52.2385387,
              20.9818986
            ]
          ],
          [
            [
              52.2382646,
              20.9799977
            ],
            [
              52.2382704,
              20.9800738
            ],
            [
              52.2382759,
              20.9801193
            ],
            [
              52.2382892,
              20.9802116
            ],
            [
              52.2382968,
              20.9802644
            ],
            [
              52.2383163,
              20.9804001
            ],
            [
              52.2383537,
              20.9805605
            ]
          ],
          [
            [
              52.2383319,
              20.9799716
            ],
            [
              52.2383439,
              20.9800599
            ],
            [
              52.2383505,
              20.9801073
            ],
            [
              52.2383535,
              20.9801326
            ],
            [
              52.238356,
              20.9801547
            ],
            [
              52.2383585,
              20.9801849
            ],
            [
              52.238362,
              20.9802403
            ],
            [
              52.2383661,
              20.9803054
            ],
            [
              52.2383718,
              20.9803952
            ],
            [
              52.238372,
              20.9804211
            ],
            [
              52.2383705,
              20.9804418
            ],
            [
              52.2383537,
              20.9805605
            ]
          ]
        ]
      }
    },
    {
      "type": "Feature",
      "properties": {
        "name": "Aleja „Solidarności”",
        "highway": "secondary"
      },
      "geometry": {
        "type": "MultiLineString",
        "coordinates": [
          [
            [
              52.2369393,
              20.9796619
            ],
            [
              52.2370454,
              20.9799222
            ]
          ],
          [
            [
              52.237212,
              20.9803326
            ],
            [
              52.2372591,
              20.9804492
            ],
            [
              52.2372787,
              20.9804983
            ],
            [
              52.2373098,
              20.980576
            ],
            [
              52.2374143,
              20.9808305
            ]
          ],
          [
            [
              52.2369558,
              20.9803971
            ],
            [
              52.2370169,
              20.9805457
            ],
            [
              52.2370375,
              20.9805943
            ],
            [
              52.2370508,
              20.9806257
            ],
            [
              52.2371529,
              20.9808606
            ],
            [
              52.2374072,
              20.981437
            ],
            [
              52.2377608,
              20.9821964
            ],
            [
              52.238073,
              20.9829308
            ],
            [
              52.2387043,
              20.9844356
            ],
            [
              52.2389212,
              20.9849538
            ],
            [
              52.238959,
              20.985047
            ],
            [
              52.2389975,
              20.9851437
            ],
            [
              52.239035,
              20.9852377
            ],
            [
              52.2390604,
              20.985304
            ],
            [
              52.2390862,
              20.985377
            ],
            [
              52.239113,
              20.9854563
            ],
            [
              52.239255,
              20.985892
            ],
            [
              52.2393596,
              20.9862128
            ],
            [
              52.2395399,
              20.9867659
            ],
            [
              52.2395788,
              20.9868851
            ],
            [
              52.239599,
              20.986946
            ],
            [
              52.2396181,
              20.9869987
            ],
            [
              52.2396335,
              20.9870411
            ],
            [
              52.2396547,
              20.9870977
            ],
            [
              52.2396929,
              20.9871972
            ]
          ],
          [
            [
              52.2354636,
              20.9744495
            ],
            [
              52.2355681,
              20.9750442
            ],
            [
              52.2356069,
              20.9752466
            ],
            [
              52.2356784,
              20.9755716
            ],
            [
              52.2362051,
              20.9777052
            ],
            [
              52.2362733,
              20.9779625
            ],
            [
              52.2363327,
              20.9781639
            ],
            [
              52.2363832,
              20.9783117
            ],
            [
              52.2366419,
              20.9789563
            ],
            [
              52.2368357,
              20.9794155
            ]
          ],
          [
            [
              52.241896,
              20.9933594
            ],
            [
              52.2419264,
              20.9934346
            ],
            [
              52.2419548,
              20.9935047
            ],
            [
              52.2419563,
              20.9935085
            ],
            [
              52.2419718,
              20.9935467
            ],
            [
              52.2419727,
              20.9935488
            ],
            [
              52.2419992,
              20.9936144
            ],
            [
              52.2420311,
              20.9936931
            ]
          ],
          [
            [
              52.2366283,
              20.9795994
            ],
            [
              52.2367136,
              20.9798064
            ],
            [
              52.2367459,
              20.9798846
            ],
            [
              52.2367912,
              20.9799946
            ],
            [
              52.2368258,
              20.9800776
            ],
            [
              52.2368319,
              20.9800933
            ]
          ],
          [
            [
              52.2417229,
              20.9935106
            ],
            [
              52.2417523,
              20.9935825
            ],
            [
              52.2417723,
              20.9936316
            ],
            [
              52.2417833,
              20.9936587
            ],
            [
              52.2417988,
              20.9936966
            ],
            [
              52.2418017,
              20.9937038
            ],
            [
              52.2418377,
              20.993792
            ],
            [
              52.2418596,
              20.9938451
            ]
          ],
          [
            [
              52.2396929,
              20.9871972
            ],
            [
              52.2397426,
              20.9873266
            ],
            [
              52.2397737,
              20.987419
            ],
            [
              52.2397995,
              20.9874958
            ],
            [
              52.2400168,
              20.9881597
            ],
            [
              52.2401839,
              20.9886717
            ],
            [
              52.2403816,
              20.9892773
            ],
            [
              52.2409066,
              20.9908738
            ],
            [
              52.2412003,
              20.9917827
            ],
            [
              52.2412247,
              20.991859
            ],
            [
              52.2412472,
              20.9919366
            ],
            [
              52.2412707,
              20.9920229
            ]
          ],
          [
            [
              52.2377223,
              20.9816214
            ],
            [
              52.2380092,
              20.9823628
            ],
            [
              52.2380719,
              20.9825225
            ],
            [
              52.238366,
              20.9832169
            ],
            [
              52.238771,
              20.9841844
            ],
            [
              52.23914,
              20.985071
            ]
          ],
          [
            [
              52.2393428,
              20.9855576
            ],
            [
              52.2393801,
              20.9856536
            ],
            [
              52.2394022,
              20.9857185
            ],
            [
              52.2394309,
              20.9858067
            ],
            [
              52.2395376,
              20.9861328
            ],
            [
              52.2395501,
              20.986171
            ],
            [
              52.2397413,
              20.9867461
            ],
            [
              52.2397646,
              20.9868149
            ],
            [
              52.2397803,
              20.9868599
            ],
            [
              52.2397888,
              20.9868843
            ],
            [
              52.2398535,
              20.9870606
            ]
          ],
          [
            [
              52.2404371,
              20.9889687
            ],
            [
              52.2404672,
              20.9890667
            ],
            [
              52.2405029,
              20.9891767
            ],
            [
              52.2411156,
              20.9910504
            ],
            [
              52.241143,
              20.9911331
            ],
            [
              52.2411866,
              20.9912682
            ],
            [
              52.2412233,
              20.9913836
            ],
            [
              52.2412603,
              20.9914987
            ],
            [
              52.241399,
              20.9919238
            ],
            [
              52.2414619,
              20.9921158
            ]
          ],
          [
            [
              52.2364151,
              20.9790763
            ],
            [
              52.2364704,
              20.9792131
            ],
            [
              52.2366283,
              20.9795994
            ]
          ],
          [
            [
              52.2358077,
              20.9767809
            ],
            [
              52.2361735,
              20.9782589
            ],
            [
              52.2363079,
              20.9787501
            ],
            [
              52.2364151,
              20.9790763
            ]
          ],
          [
            [
              52.2357209,
              20.9763631
            ],
            [
              52.2357833,
              20.9766161
            ],
            [
              52.2358077,
              20.9767809
            ]
          ],
          [
            [
              52.2374143,
              20.9808305
            ],
            [
              52.2374281,
              20.9808629
            ],
            [
              52.2377223,
              20.9816214
            ]
          ],
          [
            [
              52.2368357,
              20.9794155
            ],
            [
              52.2369228,
              20.9796219
            ],
            [
              52.2369393,
              20.9796619
            ]
          ],
          [
            [
              52.2416534,
              20.9933385
            ],
            [
              52.2416716,
              20.9933871
            ],
            [
              52.2417229,
              20.9935106
            ]
          ],
          [
            [
              52.23914,
              20.985071
            ],
            [
              52.2392537,
              20.9853436
            ],
            [
              52.2393428,
              20.9855576
            ]
          ],
          [
            [
              52.2398535,
              20.9870606
            ],
            [
              52.2398968,
              20.9871783
            ],
            [
              52.2399136,
              20.9872292
            ],
            [
              52.2399306,
              20.9872811
            ],
            [
              52.2399571,
              20.9873619
            ],
            [
              52.2400631,
              20.9876863
            ],
            [
              52.2400869,
              20.9877592
            ],
            [
              52.2401135,
              20.987846
            ],
            [
              52.24014,
              20.9879366
            ],
            [
              52.240171,
              20.9880445
            ],
            [
              52.2402029,
              20.9881552
            ],
            [
              52.2403408,
              20.9886341
            ]
          ],
          [
            [
              52.2352361,
              20.9744783
            ],
            [
              52.2353055,
              20.974727
            ],
            [
              52.2353383,
              20.974845
            ],
            [
              52.2353737,
              20.9749754
            ],
            [
              52.2354166,
              20.9751353
            ],
            [
              52.2354546,
              20.9752859
            ],
            [
              52.2355567,
              20.9756976
            ]
          ],
          [
            [
              52.2412707,
              20.9920229
            ],
            [
              52.2412924,
              20.9921093
            ],
            [
              52.2413708,
              20.992433
            ],
            [
              52.2413924,
              20.9925161
            ],
            [
              52.2414138,
              20.9925952
            ],
            [
              52.2414368,
              20.9926752
            ],
            [
              52.2414593,
              20.9927495
            ],
            [
              52.2415608,
              20.993056
            ],
            [
              52.2416075,
              20.9931986
            ],
            [
              52.2416534,
              20.9933385
            ]
          ],
          [
            [
              52.2414619,
              20.9921158
            ],
            [
              52.2414872,
              20.9921872
            ],
            [
              52.2415603,
              20.9923803
            ],
            [
              52.2415785,
              20.9924322
            ],
            [
              52.2417541,
              20.9929717
            ],
            [
              52.2417796,
              20.99305
            ],
            [
              52.241805,
              20.993124
            ],
            [
              52.2418303,
              20.9931946
            ],
            [
              52.2418406,
              20.9932238
            ],
            [
              52.241896,
              20.9933594
            ]
          ],
          [
            [
              52.2403408,
              20.9886341
            ],
            [
              52.2404371,
              20.9889687
            ]
          ],
          [
            [
              52.2355567,
              20.9756976
            ],
            [
              52.2357209,
              20.9763631
            ]
          ]
        ]
      }
    },
    {
      "type": "Feature",
      "properties": {
        "name": "Wolska",
        "highway": "secondary"
      },
      "geometry": {
        "type": "MultiLineString",
        "coordinates": [
          [
            [
              52.2347957,
              20.9728069
            ],
            [
              52.2348039,
              20.9728325
            ],
            [
              52.2348237,
              20.9729099
            ],
            [
              52.2349375,
              20.9733287
            ],
            [
              52.2349555,
              20.9733954
            ],
            [
              52.2349665,
              20.973435
            ],
            [
              52.2351846,
              20.9742917
            ],
            [
              52.2352102,
              20.9743871
            ],
            [
              52.2352361,
              20.9744783
            ]
          ],
          [
            [
              52.2268943,
              20.9456185
            ],
            [
              52.2270032,
              20.9458537
            ],
            [
              52.2271122,
              20.9460889
            ]
          ],
          [
            [
              52.2263503,
              20.9446968
            ],
            [
              52.226489,
              20.9455676
            ],
            [
              52.2265752,
              20.9459837
            ]
          ],
          [
            [
              52.2265718,
              20.9448971
            ],
            [
              52.2266363,
              20.945047
            ],
            [
              52.2267147,
              20.9452268
            ],
            [
              52.2268943,
              20.9456185
            ]
          ],
          [
            [
              52.2258689,
              20.9387738
            ],
            [
              52.225905,
              20.9391701
            ],
            [
              52.2259108,
              20.9392599
            ],
            [
              52.2259391,
              20.9396987
            ],
            [
              52.2259608,
              20.9400275
            ],
            [
              52.2259793,
              20.9403022
            ],
            [
              52.2259995,
              20.9405977
            ],
            [
              52.2260267,
              20.9409067
            ],
            [
              52.2260821,
              20.9414264
            ],
            [
              52.2261492,
              20.9419489
            ],
            [
              52.2261901,
              20.9422567
            ]
          ],
          [
            [
              52.2263049,
              20.9432531
            ],
            [
              52.2263313,
              20.9434097
            ],
            [
              52.2263594,
              20.9435563
            ],
            [
              52.2263892,
              20.943683
            ],
            [
              52.2264328,
              20.9438679
            ]
          ],
          [
            [
              52.2266025,
              20.9443416
            ],
            [
              52.2268802,
              20.944951
            ]
          ],
          [
            [
              52.234007,
              20.9684977
            ],
            [
              52.2340243,
              20.9686138
            ],
            [
              52.2340356,
              20.9686995
            ],
            [
              52.2340854,
              20.9690553
            ],
            [
              52.2342124,
              20.9696693
            ],
            [
              52.2343108,
              20.9701348
            ],
            [
              52.2345032,
              20.970909
            ],
            [
              52.2346566,
              20.9714886
            ]
          ],
          [
            [
              52.2271133,
              20.9454604
            ],
            [
              52.2272985,
              20.9458752
            ],
            [
              52.2273223,
              20.9459286
            ],
            [
              52.2273545,
              20.9460037
            ],
            [
              52.2274572,
              20.9462404
            ],
            [
              52.22757,
              20.9465001
            ],
            [
              52.2277709,
              20.9469631
            ],
            [
              52.2282124,
              20.9479706
            ],
            [
              52.2282918,
              20.9481508
            ],
            [
              52.2284558,
              20.9485151
            ],
            [
              52.2286239,
              20.9488793
            ],
            [
              52.2287486,
              20.9491417
            ],
            [
              52.2288362,
              20.9493258
            ],
            [
              52.2290215,
              20.9497151
            ],
            [
              52.2292291,
              20.9501427
            ],
            [
              52.2292491,
              20.9501806
            ],
            [
              52.2292791,
              20.950242
            ],
            [
              52.2293166,
              20.9503188
            ],
            [
              52.2293904,
              20.9504878
            ]
          ],
          [
            [
              52.2292368,
              20.9507732
            ],
            [
              52.2293042,
              20.9509166
            ],
            [
              52.2293359,
              20.9509928
            ],
            [
              52.2293638,
              20.951059
            ],
            [
              52.2294353,
              20.951264
            ],
            [
              52.2295761,
              20.9517189
            ],
            [
              52.2296138,
              20.9518407
            ],
            [
              52.2302219,
              20.9537035
            ],
            [
              52.2303834,
              20.9542175
            ],
            [
              52.2304058,
              20.9542889
            ],
            [
              52.2305406,
              20.9547569
            ]
          ],
          [
            [
              52.226101,
              20.9423919
            ],
            [
              52.2261816,
              20.9429862
            ]
          ],
          [
            [
              52.2262408,
              20.9427194
            ],
            [
              52.2262491,
              20.9428083
            ],
            [
              52.2262576,
              20.9428785
            ],
            [
              52.2263049,
              20.9432531
            ]
          ],
          [
            [
              52.2254755,
              20.9371287
            ],
            [
              52.2255935,
              20.9375169
            ],
            [
              52.2256718,
              20.9377926
            ],
            [
              52.2257501,
              20.93809
            ],
            [
              52.2258082,
              20.9383681
            ]
          ],
          [
            [
              52.2258462,
              20.9407259
            ],
            [
              52.225844,
              20.9407872
            ],
            [
              52.2258382,
              20.9408422
            ],
            [
              52.2258314,
              20.9409658
            ],
            [
              52.2258293,
              20.9410232
            ],
            [
              52.2258403,
              20.9411554
            ],
            [
              52.2258671,
              20.9413929
            ],
            [
              52.2258812,
              20.9415106
            ],
            [
              52.2258944,
              20.9416351
            ],
            [
              52.2259411,
              20.9419692
            ],
            [
              52.2260172,
              20.9425288
            ],
            [
              52.2260636,
              20.9428696
            ],
            [
              52.226108,
              20.9431806
            ],
            [
              52.2261627,
              20.9435388
            ],
            [
              52.2263503,
              20.9446968
            ]
          ],
          [
            [
              52.2334212,
              20.9659096
            ],
            [
              52.2334383,
              20.9660593
            ]
          ],
          [
            [
              52.2294458,
              20.9505994
            ],
            [
              52.2295189,
              20.9507383
            ],
            [
              52.2295427,
              20.9507931
            ],
            [
              52.2295672,
              20.950848
            ]
          ],
          [
            [
              52.2261816,
              20.9429862
            ],
            [
              52.2262688,
              20.9436057
            ],
            [
              52.2263157,
              20.9439131
            ],
            [
              52.2263474,
              20.9441118
            ],
            [
              52.226397,
              20.9443587
            ]
          ],
          [
            [
              52.226397,
              20.9443587
            ],
            [
              52.2264816,
              20.9446353
            ],
            [
              52.2265718,
              20.9448971
            ]
          ],
          [
            [
              52.2338009,
              20.9682158
            ],
            [
              52.2338077,
              20.9682571
            ],
            [
              52.233822,
              20.968338
            ],
            [
              52.2338831,
              20.9686803
            ],
            [
              52.2338998,
              20.9687648
            ],
            [
              52.2339356,
              20.9689344
            ]
          ],
          [
            [
              52.2329768,
              20.9622538
            ],
            [
              52.2330441,
              20.9625608
            ],
            [
              52.2331003,
              20.9628257
            ],
            [
              52.2331405,
              20.9630835
            ],
            [
              52.2331759,
              20.9633133
            ],
            [
              52.2333808,
              20.9646279
            ],
            [
              52.2334221,
              20.9649176
            ],
            [
              52.2334885,
              20.9653177
            ],
            [
              52.2335381,
              20.9656142
            ],
            [
              52.2335507,
              20.9656902
            ],
            [
              52.2335649,
              20.9657637
            ],
            [
              52.2335872,
              20.9658733
            ]
          ],
          [
            [
              52.2336187,
              20.9660213
            ],
            [
              52.233673,
              20.9662777
            ],
            [
              52.2336906,
              20.9663735
            ],
            [
              52.2337938,
              20.9670623
            ],
            [
              52.233849,
              20.9674593
            ],
            [
              52.2338895,
              20.9677088
            ],
            [
              52.2339231,
              20.9679333
            ]
          ],
          [
            [
              52.2308786,
              20.9550668
            ],
            [
              52.23099,
              20.9553917
            ],
            [
              52.23112,
              20.9557186
            ],
            [
              52.2312492,
              20.9560672
            ]
          ],
          [
            [
              52.2229564,
              20.9280943
            ],
            [
              52.2230555,
              20.9285173
            ],
            [
              52.2232686,
              20.9293275
            ],
            [
              52.2233728,
              20.9296892
            ],
            [
              52.2234142,
              20.9298626
            ]
          ],
          [
            [
              52.2233282,
              20.9301192
            ],
            [
              52.2235403,
              20.9308676
            ],
            [
              52.2237185,
              20.9314961
            ]
          ],
          [
            [
              52.2310181,
              20.9567912
            ],
            [
              52.2311132,
              20.9570031
            ],
            [
              52.2311381,
              20.957057
            ],
            [
              52.2312428,
              20.957284
            ],
            [
              52.2313215,
              20.9574798
            ],
            [
              52.2313929,
              20.9576972
            ],
            [
              52.2316459,
              20.9585527
            ],
            [
              52.2317719,
              20.9589658
            ]
          ],
          [
            [
              52.2228277,
              20.9281599
            ],
            [
              52.2232147,
              20.9297129
            ],
            [
              52.2232349,
              20.9297903
            ],
            [
              52.2232878,
              20.9299793
            ]
          ],
          [
            [
              52.2237773,
              20.9316968
            ],
            [
              52.2238861,
              20.9320679
            ],
            [
              52.2239142,
              20.9321686
            ],
            [
              52.2242255,
              20.9332735
            ],
            [
              52.2244907,
              20.9341899
            ],
            [
              52.224575,
              20.9344858
            ]
          ],
          [
            [
              52.2232878,
              20.9299793
            ],
            [
              52.2233282,
              20.9301192
            ]
          ],
          [
            [
              52.2234142,
              20.9298626
            ],
            [
              52.2234566,
              20.9300358
            ]
          ],
          [
            [
              52.2234566,
              20.9300358
            ],
            [
              52.2234943,
              20.9301973
            ],
            [
              52.2235213,
              20.9303073
            ],
            [
              52.2235441,
              20.9303914
            ],
            [
              52.2235718,
              20.9304926
            ],
            [
              52.2237438,
              20.9310959
            ],
            [
              52.2237702,
              20.9311851
            ],
            [
              52.2237978,
              20.9312704
            ]
          ],
          [
            [
              52.2248194,
              20.9353431
            ],
            [
              52.2249614,
              20.9358746
            ],
            [
              52.2250439,
              20.9361835
            ]
          ],
          [
            [
              52.2250439,
              20.9361835
            ],
            [
              52.2251081,
              20.9364381
            ],
            [
              52.2251224,
              20.936495
            ],
            [
              52.2251303,
              20.9365215
            ],
            [
              52.2252271,
              20.936847
            ]
          ],
          [
            [
              52.22517,
              20.9360899
            ],
            [
              52.2252161,
              20.9362737
            ],
            [
              52.2252341,
              20.936343
            ],
            [
              52.2252484,
              20.9363949
            ],
            [
              52.2252697,
              20.9364714
            ],
            [
              52.2254755,
              20.9371287
            ]
          ],
          [
            [
              52.2252271,
              20.936847
            ],
            [
              52.2253888,
              20.9373923
            ],
            [
              52.2254562,
              20.9376439
            ],
            [
              52.2255493,
              20.9379707
            ],
            [
              52.2256247,
              20.9383095
            ],
            [
              52.2256693,
              20.9385842
            ],
            [
              52.2257014,
              20.9387957
            ],
            [
              52.225744,
              20.9391228
            ],
            [
              52.2257613,
              20.9392986
            ],
            [
              52.2257715,
              20.9394672
            ],
            [
              52.2257931,
              20.9398228
            ],
            [
              52.2258247,
              20.9404007
            ],
            [
              52.2258462,
              20.9407259
            ]
          ],
          [
            [
              52.2237978,
              20.9312704
            ],
            [
              52.2238574,
              20.9314529
            ],
            [
              52.2238858,
              20.9315444
            ],
            [
              52.2239138,
              20.9316432
            ],
            [
              52.2240353,
              20.932079
            ],
            [
              52.224054,
              20.9321445
            ],
            [
              52.224102,
              20.9323025
            ],
            [
              52.2241595,
              20.9324965
            ],
            [
              52.224974,
              20.9353443
            ],
            [
              52.2250205,
              20.935513
            ],
            [
              52.22517,
              20.9360899
            ]
          ],
          [
            [
              52.2335872,
              20.9658733
            ],
            [
              52.2336187,
              20.9660213
            ]
          ],
          [
            [
              52.2332975,
              20.9650145
            ],
            [
              52.233306,
              20.9650909
            ],
            [
              52.2333781,
              20.965597
            ],
            [
              52.2333889,
              20.9656726
            ],
            [
              52.2334212,
              20.9659096
            ]
          ],
          [
            [
              52.2334383,
              20.9660593
            ],
            [
              52.2334751,
              20.9663589
            ],
            [
              52.2335528,
              20.9668774
            ],
            [
              52.2336881,
              20.9675692
            ]
          ],
          [
            [
              52.2314111,
              20.9567048
            ],
            [
              52.2314411,
              20.9568927
            ],
            [
              52.2314492,
              20.9569432
            ],
            [
              52.2314648,
              20.9570382
            ],
            [
              52.2315164,
              20.9573256
            ],
            [
              52.2315462,
              20.9574681
            ]
          ],
          [
            [
              52.2315462,
              20.9574681
            ],
            [
              52.2315782,
              20.9576063
            ],
            [
              52.2317441,
              20.9582409
            ],
            [
              52.2319191,
              20.958879
            ],
            [
              52.2321222,
              20.95953
            ],
            [
              52.2322002,
              20.9597801
            ],
            [
              52.2324308,
              20.9605335
            ],
            [
              52.2324381,
              20.9605546
            ],
            [
              52.2324914,
              20.9606989
            ]
          ],
          [
            [
              52.2305406,
              20.9547569
            ],
            [
              52.2306556,
              20.955151
            ],
            [
              52.230737,
              20.9554974
            ],
            [
              52.2307792,
              20.9557353
            ],
            [
              52.2307941,
              20.9558253
            ],
            [
              52.2308509,
              20.956168
            ]
          ],
          [
            [
              52.2325757,
              20.9609255
            ],
            [
              52.2326124,
              20.9610372
            ],
            [
              52.2326448,
              20.9611359
            ],
            [
              52.2327209,
              20.9613857
            ],
            [
              52.2327788,
              20.9615617
            ],
            [
              52.2328475,
              20.9617912
            ],
            [
              52.2328947,
              20.9619407
            ],
            [
              52.2329768,
              20.9622538
            ]
          ],
          [
            [
              52.2324251,
              20.9610476
            ],
            [
              52.2324653,
              20.9611654
            ],
            [
              52.2326273,
              20.9616206
            ],
            [
              52.2327843,
              20.9621133
            ],
            [
              52.2328282,
              20.9622633
            ],
            [
              52.2328819,
              20.9624646
            ],
            [
              52.2329546,
              20.9627795
            ],
            [
              52.2330255,
              20.9631379
            ],
            [
              52.2332127,
              20.9643627
            ]
          ],
          [
            [
              52.2343945,
              20.9710572
            ],
            [
              52.2345357,
              20.9716847
            ],
            [
              52.2345978,
              20.9719602
            ],
            [
              52.2346823,
              20.9723361
            ],
            [
              52.2346953,
              20.9723941
            ],
            [
              52.2347039,
              20.9724323
            ],
            [
              52.2347488,
              20.9726289
            ],
            [
              52.2347715,
              20.9727177
            ],
            [
              52.2347957,
              20.9728069
            ]
          ],
          [
            [
              52.2336881,
              20.9675692
            ],
            [
              52.233724,
              20.9677307
            ],
            [
              52.2337532,
              20.9679186
            ]
          ],
          [
            [
              52.2293904,
              20.9504878
            ],
            [
              52.2294458,
              20.9505994
            ]
          ],
          [
            [
              52.2300455,
              20.952405
            ],
            [
              52.2300709,
              20.9524965
            ],
            [
              52.2303362,
              20.9533386
            ],
            [
              52.2308786,
              20.9550668
            ]
          ],
          [
            [
              52.2291803,
              20.9506574
            ],
            [
              52.2292368,
              20.9507732
            ]
          ],
          [
            [
              52.2346566,
              20.9714886
            ],
            [
              52.2347809,
              20.9718712
            ],
            [
              52.2348849,
              20.9721997
            ],
            [
              52.2349017,
              20.972253
            ],
            [
              52.2350349,
              20.9726738
            ],
            [
              52.2350528,
              20.9727296
            ]
          ],
          [
            [
              52.2350528,
              20.9727296
            ],
            [
              52.2350595,
              20.9727518
            ],
            [
              52.235064,
              20.9727678
            ],
            [
              52.2350976,
              20.9728861
            ],
            [
              52.2351181,
              20.972957
            ],
            [
              52.235172,
              20.9731455
            ]
          ],
          [
            [
              52.2259451,
              20.9412423
            ],
            [
              52.2260037,
              20.9416661
            ],
            [
              52.226101,
              20.9423919
            ]
          ],
          [
            [
              52.2237185,
              20.9314961
            ],
            [
              52.2237773,
              20.9316968
            ]
          ],
          [
            [
              52.2324914,
              20.9606989
            ],
            [
              52.2325757,
              20.9609255
            ]
          ],
          [
            [
              52.2332127,
              20.9643627
            ],
            [
              52.2332975,
              20.9650145
            ]
          ],
          [
            [
              52.2338009,
              20.9682158
            ],
            [
              52.2338134,
              20.9682112
            ],
            [
              52.2338336,
              20.9681988
            ],
            [
              52.2338532,
              20.9681791
            ],
            [
              52.2338673,
              20.9681643
            ],
            [
              52.233877,
              20.9681464
            ],
            [
              52.2338936,
              20.9681105
            ],
            [
              52.2339065,
              20.9680771
            ],
            [
              52.2339135,
              20.9680528
            ],
            [
              52.2339231,
              20.9679333
            ]
          ],
          [
            [
              52.2337532,
              20.9679186
            ],
            [
              52.2337729,
              20.968043
            ],
            [
              52.233788,
              20.9681342
            ],
            [
              52.2338009,
              20.9682158
            ]
          ],
          [
            [
              52.224575,
              20.9344858
            ],
            [
              52.2248194,
              20.9353431
            ]
          ],
          [
            [
              52.2355143,
              20.9797781
            ],
            [
              52.2355842,
              20.9801783
            ],
            [
              52.2355911,
              20.9802832
            ],
            [
              52.2356092,
              20.9804835
            ]
          ],
          [
            [
              52.2355143,
              20.9797781
            ],
            [
              52.2355042,
              20.9802261
            ],
            [
              52.2355081,
              20.9802965
            ],
            [
              52.2355176,
              20.9805104
            ]
          ],
          [
            [
              52.2353511,
              20.9767253
            ],
            [
              52.2353592,
              20.9768654
            ],
            [
              52.2354173,
              20.9778666
            ],
            [
              52.235461,
              20.9787286
            ]
          ],
          [
            [
              52.2352613,
              20.9754073
            ],
            [
              52.235269,
              20.9755281
            ],
            [
              52.2353455,
              20.9766441
            ],
            [
              52.2353511,
              20.9767253
            ]
          ],
          [
            [
              52.235461,
              20.9787286
            ],
            [
              52.2354809,
              20.9791201
            ]
          ],
          [
            [
              52.235172,
              20.9731455
            ],
            [
              52.2351788,
              20.9731721
            ],
            [
              52.2351957,
              20.9732401
            ],
            [
              52.2352471,
              20.973446
            ],
            [
              52.2352587,
              20.9734935
            ],
            [
              52.2353401,
              20.9738265
            ],
            [
              52.2353564,
              20.9738977
            ],
            [
              52.2353783,
              20.9740005
            ],
            [
              52.2354004,
              20.974108
            ],
            [
              52.2354241,
              20.9742311
            ],
            [
              52.2354636,
              20.9744495
            ]
          ],
          [
            [
              52.2261901,
              20.9422567
            ],
            [
              52.2262209,
              20.9425235
            ],
            [
              52.2262408,
              20.9427194
            ]
          ],
          [
            [
              52.226101,
              20.9423919
            ],
            [
              52.2261516,
              20.9425248
            ],
            [
              52.2262101,
              20.942667
            ],
            [
              52.2262408,
              20.9427194
            ]
          ],
          [
            [
              52.2258082,
              20.9383681
            ],
            [
              52.2258689,
              20.9387738
            ]
          ],
          [
            [
              52.2355176,
              20.9805104
            ],
            [
              52.2355305,
              20.9806388
            ],
            [
              52.2355342,
              20.9806633
            ]
          ],
          [
            [
              52.2355016,
              20.9795275
            ],
            [
              52.2355143,
              20.9797781
            ]
          ],
          [
            [
              52.2354809,
              20.9791201
            ],
            [
              52.2355016,
              20.9795275
            ]
          ],
          [
            [
              52.2271122,
              20.9460889
            ],
            [
              52.2272103,
              20.9462941
            ],
            [
              52.227234,
              20.946347
            ],
            [
              52.227499,
              20.946972
            ],
            [
              52.227573,
              20.947147
            ],
            [
              52.2285413,
              20.9493015
            ]
          ],
          [
            [
              52.2268802,
              20.944951
            ],
            [
              52.2270248,
              20.9452669
            ],
            [
              52.2270506,
              20.9453245
            ],
            [
              52.2271133,
              20.9454604
            ]
          ],
          [
            [
              52.2295672,
              20.950848
            ],
            [
              52.2296243,
              20.9510052
            ],
            [
              52.2298652,
              20.9517549
            ],
            [
              52.2299656,
              20.9520654
            ],
            [
              52.2300455,
              20.952405
            ]
          ],
          [
            [
              52.2286734,
              20.9495953
            ],
            [
              52.2288248,
              20.9499123
            ],
            [
              52.2290453,
              20.950374
            ],
            [
              52.2290668,
              20.9504192
            ],
            [
              52.2290958,
              20.95048
            ],
            [
              52.2291803,
              20.9506574
            ]
          ],
          [
            [
              52.2356092,
              20.9804835
            ],
            [
              52.2356191,
              20.9806085
            ],
            [
              52.2356209,
              20.9806357
            ]
          ],
          [
            [
              52.2317719,
              20.9589658
            ],
            [
              52.2318999,
              20.959379
            ],
            [
              52.2319651,
              20.9595898
            ]
          ],
          [
            [
              52.2319651,
              20.9595898
            ],
            [
              52.2321829,
              20.9602998
            ],
            [
              52.2322685,
              20.9605743
            ],
            [
              52.2322912,
              20.9606474
            ],
            [
              52.2323856,
              20.9609299
            ],
            [
              52.2324251,
              20.9610476
            ]
          ],
          [
            [
              52.2285413,
              20.9493015
            ],
            [
              52.2286734,
              20.9495953
            ]
          ],
          [
            [
              52.2264328,
              20.9438679
            ],
            [
              52.2264775,
              20.9440232
            ],
            [
              52.2265315,
              20.944172
            ],
            [
              52.2266025,
              20.9443416
            ]
          ],
          [
            [
              52.2339231,
              20.9679333
            ],
            [
              52.234007,
              20.9684977
            ]
          ],
          [
            [
              52.2339356,
              20.9689344
            ],
            [
              52.2339805,
              20.9691471
            ],
            [
              52.2339972,
              20.9692257
            ],
            [
              52.2342379,
              20.9703585
            ],
            [
              52.2343945,
              20.9710572
            ]
          ],
          [
            [
              52.2258462,
              20.9407259
            ],
            [
              52.22586,
              20.9407889
            ],
            [
              52.2258689,
              20.940828
            ],
            [
              52.2258924,
              20.940915
            ],
            [
              52.2259039,
              20.9409605
            ],
            [
              52.2259134,
              20.9409987
            ],
            [
              52.2259451,
              20.9412423
            ]
          ]
        ]
      }
    },
    {
      "type": "Feature",
      "properties": {
        "name": "Prosta",
        "highway": "secondary"
      },
      "geometry": {
        "type": "MultiLineString",
        "coordinates": [
          [
            [
              52.2292097,
              20.9783003
            ],
            [
              52.2292259,
              20.9785371
            ],
            [
              52.2292334,
              20.9786132
            ],
            [
              52.2293239,
              20.9794369
            ]
          ],
          [
            [
              52.2296822,
              20.9800155
            ],
            [
              52.2298056,
              20.9807717
            ]
          ],
          [
            [
              52.2313957,
              20.9893058
            ],
            [
              52.2314045,
              20.9893839
            ],
            [
              52.2314383,
              20.9896809
            ],
            [
              52.2314728,
              20.9899677
            ],
            [
              52.2314825,
              20.9900277
            ],
            [
              52.2314953,
              20.9901072
            ],
            [
              52.231522,
              20.9902444
            ],
            [
              52.2315795,
              20.9905212
            ],
            [
              52.2316931,
              20.9910589
            ],
            [
              52.2317498,
              20.991344
            ],
            [
              52.2319395,
              20.9921977
            ],
            [
              52.2319535,
              20.992254
            ],
            [
              52.2319822,
              20.9923747
            ]
          ],
          [
            [
              52.2302013,
              20.9850422
            ],
            [
              52.2302711,
              20.98522
            ],
            [
              52.230292,
              20.9852726
            ],
            [
              52.2303633,
              20.9854728
            ],
            [
              52.2303909,
              20.9855489
            ],
            [
              52.2304109,
              20.9856192
            ],
            [
              52.2304499,
              20.9857414
            ],
            [
              52.2304855,
              20.9858745
            ],
            [
              52.2305366,
              20.9860973
            ],
            [
              52.2306569,
              20.9866176
            ]
          ],
          [
            [
              52.2298753,
              20.9827551
            ],
            [
              52.2299025,
              20.9829264
            ],
            [
              52.2299091,
              20.9829677
            ],
            [
              52.2299258,
              20.9831103
            ],
            [
              52.2299382,
              20.9832374
            ],
            [
              52.2299786,
              20.983735
            ],
            [
              52.229986,
              20.983824
            ],
            [
              52.2299904,
              20.9838892
            ],
            [
              52.2300165,
              20.984241
            ]
          ],
          [
            [
              52.2325467,
              20.99491
            ],
            [
              52.2326516,
              20.9954383
            ],
            [
              52.2326671,
              20.9955194
            ],
            [
              52.2327372,
              20.9958698
            ],
            [
              52.2327715,
              20.9960384
            ],
            [
              52.2327948,
              20.996148
            ],
            [
              52.2328302,
              20.9963123
            ],
            [
              52.2328519,
              20.9964045
            ],
            [
              52.2328762,
              20.9965035
            ],
            [
              52.2328991,
              20.9966
            ],
            [
              52.2329168,
              20.9966794
            ],
            [
              52.2329344,
              20.9967641
            ],
            [
              52.2329703,
              20.996952
            ],
            [
              52.2329909,
              20.9970435
            ],
            [
              52.2330108,
              20.997124
            ],
            [
              52.2330318,
              20.9971975
            ],
            [
              52.2330547,
              20.9972658
            ],
            [
              52.233084,
              20.9973477
            ],
            [
              52.2331166,
              20.997432
            ],
            [
              52.2331528,
              20.9975217
            ],
            [
              52.233173,
              20.997575
            ],
            [
              52.2332449,
              20.9977126
            ]
          ],
          [
            [
              52.2318132,
              20.9924849
            ],
            [
              52.2318445,
              20.9926385
            ]
          ],
          [
            [
              52.2310843,
              20.9874585
            ],
            [
              52.2312388,
              20.9881882
            ],
            [
              52.2313233,
              20.9886394
            ],
            [
              52.231357,
              20.9888693
            ],
            [
              52.2313744,
              20.989006
            ],
            [
              52.2313832,
              20.9891081
            ],
            [
              52.2313957,
              20.9893058
            ]
          ],
          [
            [
              52.2308571,
              20.9863173
            ],
            [
              52.2309249,
              20.9866709
            ]
          ],
          [
            [
              52.2300992,
              20.9824573
            ],
            [
              52.230184,
              20.9828447
            ],
            [
              52.2303777,
              20.9835308
            ],
            [
              52.2303945,
              20.9835913
            ],
            [
              52.2304699,
              20.9838533
            ]
          ],
          [
            [
              52.2294493,
              20.9782336
            ],
            [
              52.2294802,
              20.9784657
            ],
            [
              52.2294899,
              20.9785423
            ],
            [
              52.2295047,
              20.9786582
            ],
            [
              52.2295618,
              20.9790882
            ],
            [
              52.2296822,
              20.9800155
            ]
          ],
          [
            [
              52.2306368,
              20.9846523
            ],
            [
              52.2306553,
              20.9849119
            ],
            [
              52.2306599,
              20.9849737
            ],
            [
              52.230668,
              20.9850713
            ],
            [
              52.2306996,
              20.9853956
            ],
            [
              52.2307167,
              20.9855322
            ],
            [
              52.2307385,
              20.9856948
            ],
            [
              52.2307552,
              20.9857988
            ],
            [
              52.2308571,
              20.9863173
            ]
          ],
          [
            [
              52.2298056,
              20.9807717
            ],
            [
              52.2300992,
              20.9824573
            ]
          ],
          [
            [
              52.2323143,
              20.9948815
            ],
            [
              52.2324344,
              20.995485
            ],
            [
              52.2324475,
              20.9955506
            ],
            [
              52.2324606,
              20.995619
            ]
          ],
          [
            [
              52.2324606,
              20.995619
            ],
            [
              52.2325054,
              20.9958563
            ],
            [
              52.2325574,
              20.9961303
            ]
          ],
          [
            [
              52.2320269,
              20.9925129
            ],
            [
              52.2320597,
              20.9926567
            ],
            [
              52.2320734,
              20.9927165
            ],
            [
              52.2320944,
              20.992808
            ],
            [
              52.232258,
              20.9935195
            ],
            [
              52.2323359,
              20.9938683
            ]
          ],
          [
            [
              52.2325574,
              20.9961303
            ],
            [
              52.2325674,
              20.9961845
            ],
            [
              52.2325772,
              20.9962509
            ],
            [
              52.2326067,
              20.9964468
            ],
            [
              52.2326186,
              20.9965204
            ],
            [
              52.232723,
              20.9970568
            ],
            [
              52.2327395,
              20.9971473
            ],
            [
              52.2327525,
              20.9972218
            ],
            [
              52.2327625,
              20.997287
            ],
            [
              52.232772,
              20.9973577
            ],
            [
              52.232779,
              20.9974307
            ],
            [
              52.2327831,
              20.9974891
            ],
            [
              52.2327854,
              20.9975645
            ],
            [
              52.2327859,
              20.9976432
            ],
            [
              52.2327861,
              20.9976752
            ],
            [
              52.2327864,
              20.9977349
            ],
            [
              52.2327868,
              20.9978082
            ],
            [
              52.2327873,
              20.9979022
            ],
            [
              52.2327864,
              20.9980387
            ]
          ],
          [
            [
              52.229453,
              20.9803535
            ],
            [
              52.2294674,
              20.9804462
            ],
            [
              52.2296299,
              20.9813763
            ],
            [
              52.2298753,
              20.9827551
            ]
          ],
          [
            [
              52.2293239,
              20.9794369
            ],
            [
              52.2294105,
              20.9800613
            ],
            [
              52.229453,
              20.9803535
            ]
          ],
          [
            [
              52.231139,
              20.9889623
            ],
            [
              52.2312022,
              20.9893008
            ],
            [
              52.2312177,
              20.9893825
            ],
            [
              52.2312501,
              20.9895544
            ],
            [
              52.2314583,
              20.9906599
            ],
            [
              52.2315432,
              20.9910815
            ]
          ],
          [
            [
              52.2315432,
              20.9910815
            ],
            [
              52.2315591,
              20.9911684
            ],
            [
              52.2316005,
              20.9914311
            ],
            [
              52.2316144,
              20.9915069
            ],
            [
              52.2317553,
              20.9922001
            ],
            [
              52.2317743,
              20.9922934
            ],
            [
              52.2317858,
              20.9923502
            ],
            [
              52.2318132,
              20.9924849
            ]
          ],
          [
            [
              52.2309249,
              20.9866709
            ],
            [
              52.2310843,
              20.9874585
            ]
          ],
          [
            [
              52.2323359,
              20.9938683
            ],
            [
              52.2323854,
              20.9940993
            ],
            [
              52.2324364,
              20.9943517
            ],
            [
              52.2325467,
              20.99491
            ]
          ],
          [
            [
              52.2318445,
              20.9926385
            ],
            [
              52.2318691,
              20.9927599
            ],
            [
              52.2318827,
              20.9928268
            ],
            [
              52.2320142,
              20.9934485
            ],
            [
              52.2323143,
              20.9948815
            ]
          ],
          [
            [
              52.2319822,
              20.9923747
            ],
            [
              52.2320269,
              20.9925129
            ]
          ],
          [
            [
              52.2306569,
              20.9866176
            ],
            [
              52.2308838,
              20.9876921
            ],
            [
              52.2310775,
              20.9886327
            ],
            [
              52.231139,
              20.9889623
            ]
          ]
        ]
      }
    },
    {
      "type": "Feature",
      "properties": {
        "name": "Powązkowska",
        "highway": "secondary"
      },
      "geometry": {
        "type": "MultiLineString",
        "coordinates": [
          [
            [
              52.2555022,
              20.9708265
            ],
            [
              52.2556673,
              20.9703942
            ],
            [
              52.2556856,
              20.9703476
            ]
          ],
          [
            [
              52.2554517,
              20.9706821
            ],
            [
              52.2556337,
              20.9701961
            ]
          ],
          [
            [
              52.2550869,
              20.9717779
            ],
            [
              52.2552912,
              20.9713582
            ],
            [
              52.2555022,
              20.9708265
            ]
          ],
          [
            [
              52.2550869,
              20.9717779
            ],
            [
              52.2552291,
              20.9712869
            ],
            [
              52.2554517,
              20.9706821
            ]
          ],
          [
            [
              52.2532644,
              20.9815095
            ],
            [
              52.2532777,
              20.9813142
            ],
            [
              52.2532818,
              20.981255
            ],
            [
              52.25329,
              20.9811343
            ]
          ],
          [
            [
              52.2533346,
              20.9804426
            ],
            [
              52.2533413,
              20.9803523
            ],
            [
              52.2533622,
              20.9800738
            ],
            [
              52.2533819,
              20.9798094
            ]
          ],
          [
            [
              52.25329,
              20.9811343
            ],
            [
              52.2532661,
              20.9809552
            ],
            [
              52.2532688,
              20.9809113
            ],
            [
              52.2532714,
              20.9808672
            ],
            [
              52.2532741,
              20.9808204
            ],
            [
              52.2532879,
              20.9806112
            ],
            [
              52.2533346,
              20.9804426
            ]
          ],
          [
            [
              52.2548474,
              20.9724113
            ],
            [
              52.2549635,
              20.9721024
            ],
            [
              52.2550193,
              20.9719553
            ]
          ],
          [
            [
              52.2542858,
              20.9739661
            ],
            [
              52.2543049,
              20.9739125
            ],
            [
              52.2545763,
              20.9731602
            ],
            [
              52.2547655,
              20.9726318
            ],
            [
              52.2548474,
              20.9724113
            ]
          ],
          [
            [
              52.2533819,
              20.9798094
            ],
            [
              52.253394,
              20.9796309
            ],
            [
              52.2534036,
              20.9794892
            ],
            [
              52.2534403,
              20.9789447
            ],
            [
              52.2534622,
              20.9786199
            ],
            [
              52.2534934,
              20.9781556
            ],
            [
              52.2534955,
              20.978125
            ],
            [
              52.2535426,
              20.9774441
            ],
            [
              52.2535602,
              20.97719
            ],
            [
              52.2535929,
              20.9767115
            ],
            [
              52.2536315,
              20.9762535
            ],
            [
              52.2536687,
              20.9759684
            ],
            [
              52.2537208,
              20.9757086
            ]
          ],
          [
            [
              52.2537208,
              20.9757086
            ],
            [
              52.25376,
              20.9755381
            ],
            [
              52.2537945,
              20.9754033
            ],
            [
              52.2538701,
              20.9751535
            ],
            [
              52.2539425,
              20.9749359
            ],
            [
              52.2540611,
              20.9746024
            ],
            [
              52.2542858,
              20.9739661
            ]
          ],
          [
            [
              52.2550193,
              20.9719553
            ],
            [
              52.2550869,
              20.9717779
            ]
          ]
        ]
      }
    },
    {
      "type": "Feature",
      "properties": {
        "name": "Parysowska",
        "highway": "unclassified"
      },
      "geometry": {
        "type": "MultiLineString",
        "coordinates": [
          [
            [
              52.2567099,
              20.9814303
            ],
            [
              52.2566472,
              20.9813864
            ],
            [
              52.2566011,
              20.9813311
            ],
            [
              52.2565914,
              20.9813158
            ],
            [
              52.2565817,
              20.9813004
            ],
            [
              52.2565783,
              20.981293
            ],
            [
              52.2565662,
              20.9812669
            ],
            [
              52.2565579,
              20.9812392
            ],
            [
              52.2565541,
              20.9812264
            ],
            [
              52.2565457,
              20.9811628
            ],
            [
              52.2565477,
              20.9810863
            ],
            [
              52.25656,
              20.9810342
            ],
            [
              52.2565794,
              20.9809784
            ],
            [
              52.2566087,
              20.9809399
            ],
            [
              52.2566468,
              20.980904
            ],
            [
              52.2566895,
              20.9808824
            ],
            [
              52.2579214,
              20.9807149
            ],
            [
              52.2579614,
              20.9807095
            ],
            [
              52.2580294,
              20.9806974
            ],
            [
              52.2580816,
              20.9806882
            ]
          ],
          [
            [
              52.2564173,
              20.9815415
            ],
            [
              52.2564412,
              20.9814708
            ],
            [
              52.2564477,
              20.9814482
            ],
            [
              52.2564552,
              20.9814179
            ],
            [
              52.2564609,
              20.9813883
            ],
            [
              52.2564652,
              20.9813693
            ],
            [
              52.2564674,
              20.9813484
            ],
            [
              52.2564684,
              20.9813398
            ],
            [
              52.2564718,
              20.9813078
            ],
            [
              52.2564726,
              20.9812766
            ],
            [
              52.2564726,
              20.9812229
            ],
            [
              52.2564788,
              20.9810876
            ],
            [
              52.2564884,
              20.9810054
            ],
            [
              52.2565107,
              20.9809266
            ],
            [
              52.2565459,
              20.9808621
            ],
            [
              52.2566138,
              20.9807855
            ],
            [
              52.2566534,
              20.9807649
            ],
            [
              52.2566947,
              20.9807575
            ],
            [
              52.2578619,
              20.9806092
            ],
            [
              52.2578928,
              20.980596
            ],
            [
              52.2579236,
              20.9805753
            ],
            [
              52.2579963,
              20.9804778
            ]
          ]
        ]
      }
    },
    {
      "type": "Feature",
      "properties": {
        "name": "Burakowska",
        "highway": "residential"
      },
      "geometry": {
        "type": "MultiLineString",
        "coordinates": [
          [
            [
              52.2533413,
              20.9803523
            ],
            [
              52.2534354,
              20.9803501
            ],
            [
              52.2534752,
              20.9803375
            ],
            [
              52.2535228,
              20.9803083
            ],
            [
              52.2536132,
              20.9802267
            ],
            [
              52.25374,
              20.9800982
            ]
          ],
          [
            [
              52.2565503,
              20.9775456
            ],
            [
              52.256771,
              20.9773537
            ],
            [
              52.25683,
              20.9773168
            ],
            [
              52.2568729,
              20.9773044
            ],
            [
              52.2569142,
              20.9773
            ],
            [
              52.2569721,
              20.9773166
            ]
          ],
          [
            [
              52.2533622,
              20.9800738
            ],
            [
              52.2534357,
              20.9800896
            ],
            [
              52.2534952,
              20.9801024
            ],
            [
              52.2535793,
              20.9801207
            ],
            [
              52.2536573,
              20.9801179
            ],
            [
              52.25374,
              20.9800982
            ]
          ],
          [
            [
              52.25374,
              20.9800982
            ],
            [
              52.2540629,
              20.9798097
            ],
            [
              52.2541387,
              20.979742
            ],
            [
              52.2541902,
              20.9796968
            ],
            [
              52.2542594,
              20.9796224
            ],
            [
              52.254322,
              20.9795721
            ],
            [
              52.2543488,
              20.9795505
            ],
            [
              52.2546971,
              20.9792415
            ],
            [
              52.2549936,
              20.9789784
            ],
            [
              52.2550795,
              20.9788905
            ],
            [
              52.255172,
              20.9787958
            ],
            [
              52.2552292,
              20.9787372
            ],
            [
              52.256251,
              20.9778188
            ],
            [
              52.2563453,
              20.977731
            ]
          ],
          [
            [
              52.2563453,
              20.977731
            ],
            [
              52.2564616,
              20.9776227
            ],
            [
              52.2565503,
              20.9775456
            ]
          ]
        ]
      }
    },
    {
      "type": "Feature",
      "properties": {
        "name": "Dywizjonu 303",
        "highway": "tertiary"
      },
      "geometry": {
        "type": "MultiLineString",
        "coordinates": [
          [
            [
              52.2467176,
              20.9357314
            ],
            [
              52.2467296,
              20.9352935
            ],
            [
              52.2468247,
              20.933086
            ]
          ],
          [
            [
              52.2468247,
              20.933086
            ],
            [
              52.2468489,
              20.9325243
            ]
          ],
          [
            [
              52.2466113,
              20.938597
            ],
            [
              52.2466135,
              20.938161
            ],
            [
              52.2466731,
              20.9367599
            ]
          ],
          [
            [
              52.2467728,
              20.9388922
            ],
            [
              52.2467753,
              20.9387582
            ],
            [
              52.2467764,
              20.938646
            ],
            [
              52.2467747,
              20.9384013
            ]
          ],
          [
            [
              52.2466731,
              20.9367599
            ],
            [
              52.2466924,
              20.9359747
            ],
            [
              52.2466947,
              20.9359161
            ],
            [
              52.2467003,
              20.9358501
            ],
            [
              52.2467036,
              20.9358274
            ]
          ],
          [
            [
              52.2467176,
              20.9357314
            ],
            [
              52.246739,
              20.9358357
            ],
            [
              52.2467717,
              20.9359636
            ],
            [
              52.2467967,
              20.9361264
            ],
            [
              52.2468116,
              20.9362396
            ],
            [
              52.246815,
              20.9362668
            ],
            [
              52.2468288,
              20.9363764
            ],
            [
              52.2468332,
              20.9364208
            ],
            [
              52.2468355,
              20.9364632
            ]
          ],
          [
            [
              52.2467747,
              20.9384013
            ],
            [
              52.2467777,
              20.9381545
            ],
            [
              52.2467967,
              20.9375934
            ],
            [
              52.2468014,
              20.9374557
            ],
            [
              52.246809,
              20.9372519
            ],
            [
              52.2468195,
              20.937058
            ]
          ],
          [
            [
              52.2468195,
              20.937058
            ],
            [
              52.2468421,
              20.9365852
            ],
            [
              52.2468355,
              20.9364632
            ]
          ],
          [
            [
              52.2466113,
              20.938597
            ],
            [
              52.2466108,
              20.938688
            ],
            [
              52.2466317,
              20.9388718
            ]
          ],
          [
            [
              52.2467036,
              20.9358274
            ],
            [
              52.2467176,
              20.9357314
            ]
          ]
        ]
      }
    },
    {
      "type": "Feature",
      "properties": {
        "name": "Górczewska",
        "highway": "secondary"
      },
      "geometry": {
        "type": "MultiLineString",
        "coordinates": [
          [
            [
              52.2406082,
              20.9250244
            ],
            [
              52.2406476,
              20.9253321
            ]
          ],
          [
            [
              52.2368965,
              20.9685887
            ],
            [
              52.2370247,
              20.9672985
            ],
            [
              52.2370699,
              20.9669287
            ]
          ],
          [
            [
              52.2405266,
              20.9287725
            ],
            [
              52.2405984,
              20.9280417
            ],
            [
              52.240628,
              20.9276348
            ],
            [
              52.2406409,
              20.9273679
            ],
            [
              52.2406451,
              20.9272204
            ],
            [
              52.2406508,
              20.9270547
            ],
            [
              52.2406457,
              20.9266789
            ],
            [
              52.2406385,
              20.9264244
            ],
            [
              52.2406266,
              20.9262067
            ],
            [
              52.2406025,
              20.9258454
            ],
            [
              52.2405636,
              20.9255034
            ],
            [
              52.2405391,
              20.9252967
            ]
          ],
          [
            [
              52.2404976,
              20.9249892
            ],
            [
              52.2405391,
              20.9252967
            ]
          ],
          [
            [
              52.2381249,
              20.9557175
            ],
            [
              52.2381271,
              20.9555402
            ],
            [
              52.2381282,
              20.9554728
            ],
            [
              52.2381438,
              20.9548404
            ],
            [
              52.2381591,
              20.954538
            ],
            [
              52.2381926,
              20.9541447
            ],
            [
              52.2382661,
              20.9533834
            ],
            [
              52.2383386,
              20.9526249
            ],
            [
              52.23838,
              20.9522005
            ],
            [
              52.2385593,
              20.9503149
            ]
          ],
          [
            [
              52.2377218,
              20.9563371
            ],
            [
              52.2377298,
              20.9565201
            ],
            [
              52.2377457,
              20.9573439
            ]
          ],
          [
            [
              52.2388635,
              20.9456883
            ],
            [
              52.2388811,
              20.9455079
            ],
            [
              52.2389047,
              20.9452627
            ],
            [
              52.2389144,
              20.945163
            ],
            [
              52.2390283,
              20.9439978
            ]
          ],
          [
            [
              52.2378602,
              20.9576898
            ],
            [
              52.237894,
              20.957386
            ],
            [
              52.2379479,
              20.9570222
            ],
            [
              52.2380065,
              20.9566899
            ],
            [
              52.238026,
              20.9565901
            ],
            [
              52.2380585,
              20.9564117
            ]
          ],
          [
            [
              52.2372954,
              20.963496
            ],
            [
              52.2374452,
              20.9619697
            ],
            [
              52.2374632,
              20.9617864
            ],
            [
              52.2374689,
              20.9617288
            ],
            [
              52.2374751,
              20.9616664
            ],
            [
              52.2376214,
              20.960149
            ],
            [
              52.2376793,
              20.9595355
            ],
            [
              52.237698,
              20.9592676
            ],
            [
              52.2377029,
              20.9591826
            ],
            [
              52.2377187,
              20.9589274
            ],
            [
              52.2377502,
              20.9579153
            ],
            [
              52.2377502,
              20.9576423
            ],
            [
              52.2377457,
              20.9573439
            ]
          ],
          [
            [
              52.2373349,
              20.9641219
            ],
            [
              52.2375447,
              20.9619941
            ],
            [
              52.2375568,
              20.9618664
            ],
            [
              52.2375618,
              20.9618133
            ],
            [
              52.2375672,
              20.9617528
            ],
            [
              52.2377216,
              20.9602298
            ],
            [
              52.237775,
              20.9595991
            ],
            [
              52.2377984,
              20.9592766
            ],
            [
              52.2378265,
              20.9586877
            ],
            [
              52.2378463,
              20.9578876
            ],
            [
              52.2378602,
              20.9576898
            ]
          ],
          [
            [
              52.2377576,
              20.9556567
            ],
            [
              52.237789,
              20.9554859
            ],
            [
              52.2377993,
              20.9554263
            ],
            [
              52.2378155,
              20.9553353
            ],
            [
              52.2379016,
              20.9548073
            ],
            [
              52.2379539,
              20.9544986
            ]
          ],
          [
            [
              52.2370974,
              20.971461
            ],
            [
              52.2371221,
              20.9716422
            ],
            [
              52.2371276,
              20.9716826
            ],
            [
              52.2371613,
              20.9719455
            ],
            [
              52.2371644,
              20.9719691
            ]
          ],
          [
            [
              52.2391635,
              20.9426598
            ],
            [
              52.2391752,
              20.9425289
            ]
          ],
          [
            [
              52.238725,
              20.9486069
            ],
            [
              52.2387368,
              20.9484825
            ]
          ],
          [
            [
              52.2385848,
              20.9485689
            ],
            [
              52.2385985,
              20.9484378
            ]
          ],
          [
            [
              52.2404049,
              20.9310564
            ],
            [
              52.2405146,
              20.9299714
            ],
            [
              52.2405473,
              20.9296525
            ],
            [
              52.2405571,
              20.9295616
            ],
            [
              52.2405645,
              20.9294928
            ]
          ],
          [
            [
              52.2390014,
              20.9457213
            ],
            [
              52.2390424,
              20.9452943
            ],
            [
              52.2390918,
              20.9448104
            ],
            [
              52.2391549,
              20.944128
            ]
          ],
          [
            [
              52.2393095,
              20.9424641
            ],
            [
              52.2393375,
              20.9421606
            ],
            [
              52.2394021,
              20.9414585
            ],
            [
              52.2394265,
              20.9411896
            ],
            [
              52.2394803,
              20.9406148
            ],
            [
              52.2395299,
              20.9400856
            ]
          ],
          [
            [
              52.2398664,
              20.9352454
            ],
            [
              52.2398732,
              20.9351752
            ],
            [
              52.2398821,
              20.9350824
            ],
            [
              52.2399551,
              20.9343528
            ]
          ],
          [
            [
              52.2385593,
              20.9503149
            ],
            [
              52.2386923,
              20.9489199
            ],
            [
              52.2387013,
              20.9488323
            ],
            [
              52.2387076,
              20.9487713
            ],
            [
              52.238725,
              20.9486069
            ]
          ],
          [
            [
              52.2399911,
              20.935274
            ],
            [
              52.2399979,
              20.9352059
            ],
            [
              52.2400724,
              20.9344392
            ],
            [
              52.2404049,
              20.9310564
            ]
          ],
          [
            [
              52.2383129,
              20.9513877
            ],
            [
              52.2384768,
              20.9497358
            ],
            [
              52.2385378,
              20.9490765
            ],
            [
              52.2385629,
              20.9487975
            ],
            [
              52.238569,
              20.9487363
            ],
            [
              52.2385848,
              20.9485689
            ]
          ],
          [
            [
              52.2400544,
              20.9333955
            ],
            [
              52.2400976,
              20.9329827
            ],
            [
              52.2401862,
              20.9321358
            ],
            [
              52.2403034,
              20.931015
            ]
          ],
          [
            [
              52.2367786,
              20.97049
            ],
            [
              52.2368103,
              20.970849
            ],
            [
              52.23685,
              20.971256
            ],
            [
              52.2369025,
              20.9716673
            ],
            [
              52.2369141,
              20.9717582
            ],
            [
              52.2369524,
              20.9720216
            ],
            [
              52.2369558,
              20.972043
            ]
          ],
          [
            [
              52.2372322,
              20.9652212
            ],
            [
              52.2372473,
              20.9650301
            ],
            [
              52.2372538,
              20.9649602
            ],
            [
              52.2373349,
              20.9641219
            ]
          ],
          [
            [
              52.237121,
              20.965192
            ],
            [
              52.2371369,
              20.9650004
            ],
            [
              52.2371437,
              20.9649308
            ],
            [
              52.2371531,
              20.9648381
            ],
            [
              52.2372954,
              20.963496
            ]
          ],
          [
            [
              52.2367786,
              20.97049
            ],
            [
              52.2367694,
              20.9702205
            ],
            [
              52.2367714,
              20.9699623
            ],
            [
              52.2367772,
              20.9692049
            ],
            [
              52.236779,
              20.9690678
            ],
            [
              52.2367815,
              20.968928
            ],
            [
              52.2367876,
              20.968776
            ],
            [
              52.2367948,
              20.9686502
            ],
            [
              52.2367988,
              20.9685957
            ],
            [
              52.2368083,
              20.9685062
            ],
            [
              52.2368284,
              20.968311
            ],
            [
              52.236873,
              20.9678443
            ],
            [
              52.2369718,
              20.9668596
            ],
            [
              52.2370209,
              20.9663646
            ],
            [
              52.2370551,
              20.9660119
            ],
            [
              52.2370981,
              20.9655619
            ],
            [
              52.2371024,
              20.9654934
            ],
            [
              52.2371139,
              20.9653092
            ]
          ],
          [
            [
              52.2387368,
              20.9484825
            ],
            [
              52.2387586,
              20.9482731
            ],
            [
              52.2388697,
              20.9471135
            ],
            [
              52.2389732,
              20.9460348
            ],
            [
              52.2390014,
              20.9457213
            ]
          ],
          [
            [
              52.2385985,
              20.9484378
            ],
            [
              52.238617,
              20.9482373
            ],
            [
              52.2386251,
              20.9481498
            ],
            [
              52.2387564,
              20.9467996
            ]
          ],
          [
            [
              52.2391549,
              20.944128
            ],
            [
              52.2391828,
              20.9438282
            ],
            [
              52.2392448,
              20.9431622
            ],
            [
              52.2392528,
              20.9430769
            ],
            [
              52.2392966,
              20.9426069
            ]
          ],
          [
            [
              52.2391752,
              20.9425289
            ],
            [
              52.2392087,
              20.9421323
            ],
            [
              52.2392116,
              20.942098
            ],
            [
              52.2392173,
              20.9420355
            ],
            [
              52.2392406,
              20.9417827
            ],
            [
              52.2393371,
              20.9407814
            ]
          ],
          [
            [
              52.2379539,
              20.9544986
            ],
            [
              52.2380565,
              20.9537212
            ],
            [
              52.2382052,
              20.952384
            ]
          ],
          [
            [
              52.2382052,
              20.952384
            ],
            [
              52.2383129,
              20.9513877
            ]
          ],
          [
            [
              52.2403034,
              20.931015
            ],
            [
              52.2403842,
              20.9301846
            ],
            [
              52.2404256,
              20.9297706
            ],
            [
              52.2404492,
              20.9295354
            ],
            [
              52.2404564,
              20.9294639
            ]
          ],
          [
            [
              52.2387564,
              20.9467996
            ],
            [
              52.2388635,
              20.9456883
            ]
          ],
          [
            [
              52.2397193,
              20.9381225
            ],
            [
              52.2397383,
              20.9379184
            ],
            [
              52.2397449,
              20.9378451
            ],
            [
              52.239754,
              20.9377453
            ],
            [
              52.2398057,
              20.9372052
            ],
            [
              52.2398374,
              20.9368577
            ]
          ],
          [
            [
              52.2395299,
              20.9400856
            ],
            [
              52.2395898,
              20.9394626
            ],
            [
              52.2396104,
              20.9392541
            ],
            [
              52.2396866,
              20.9384718
            ],
            [
              52.2396952,
              20.9383804
            ],
            [
              52.2397193,
              20.9381225
            ]
          ],
          [
            [
              52.2392966,
              20.9426069
            ],
            [
              52.2393095,
              20.9424641
            ]
          ],
          [
            [
              52.2370699,
              20.9669287
            ],
            [
              52.2370915,
              20.9667385
            ],
            [
              52.2371113,
              20.966541
            ],
            [
              52.2371945,
              20.9656882
            ],
            [
              52.2372029,
              20.96559
            ],
            [
              52.2372087,
              20.9655215
            ],
            [
              52.2372235,
              20.9653398
            ]
          ],
          [
            [
              52.2399389,
              20.9358105
            ],
            [
              52.2399519,
              20.9356741
            ],
            [
              52.2399641,
              20.9355494
            ]
          ],
          [
            [
              52.2390283,
              20.9439978
            ],
            [
              52.2391244,
              20.9430466
            ],
            [
              52.2391635,
              20.9426598
            ]
          ],
          [
            [
              52.2405843,
              20.9292935
            ],
            [
              52.240719,
              20.9279155
            ],
            [
              52.2407467,
              20.927424
            ],
            [
              52.2407505,
              20.9272283
            ],
            [
              52.2407543,
              20.9270259
            ],
            [
              52.2407518,
              20.9266678
            ],
            [
              52.2407346,
              20.9262835
            ],
            [
              52.2407027,
              20.9258501
            ],
            [
              52.2406755,
              20.9255686
            ],
            [
              52.2406476,
              20.9253321
            ]
          ],
          [
            [
              52.2368576,
              20.9691744
            ],
            [
              52.2368617,
              20.96903
            ],
            [
              52.2368811,
              20.9687384
            ],
            [
              52.2368884,
              20.9686629
            ],
            [
              52.2368947,
              20.9686086
            ],
            [
              52.2368965,
              20.9685887
            ]
          ],
          [
            [
              52.2368576,
              20.9691744
            ],
            [
              52.2368604,
              20.9695111
            ],
            [
              52.2368777,
              20.9697748
            ],
            [
              52.2369068,
              20.9700605
            ],
            [
              52.2369449,
              20.9703439
            ],
            [
              52.2370348,
              20.9709966
            ]
          ],
          [
            [
              52.2399641,
              20.9355494
            ],
            [
              52.2399711,
              20.9354775
            ]
          ],
          [
            [
              52.239613,
              20.9378879
            ],
            [
              52.2396192,
              20.937813
            ],
            [
              52.239628,
              20.9377311
            ],
            [
              52.2397473,
              20.93648
            ],
            [
              52.23983,
              20.9356224
            ],
            [
              52.2398664,
              20.9352454
            ]
          ],
          [
            [
              52.2393371,
              20.9407814
            ],
            [
              52.2395696,
              20.9383487
            ],
            [
              52.2395945,
              20.9380916
            ]
          ],
          [
            [
              52.2370348,
              20.9709966
            ],
            [
              52.2370974,
              20.971461
            ]
          ],
          [
            [
              52.2372235,
              20.9653398
            ],
            [
              52.2372322,
              20.9652212
            ]
          ],
          [
            [
              52.2371139,
              20.9653092
            ],
            [
              52.237121,
              20.965192
            ]
          ],
          [
            [
              52.2399551,
              20.9343528
            ],
            [
              52.240024,
              20.933686
            ],
            [
              52.2400544,
              20.9333955
            ]
          ],
          [
            [
              52.2398374,
              20.9368577
            ],
            [
              52.2398723,
              20.9364973
            ]
          ],
          [
            [
              52.2405645,
              20.9294928
            ],
            [
              52.2405843,
              20.9292935
            ]
          ],
          [
            [
              52.2404564,
              20.9294639
            ],
            [
              52.2404626,
              20.9294019
            ],
            [
              52.2405045,
              20.9290061
            ],
            [
              52.2405266,
              20.9287725
            ]
          ],
          [
            [
              52.2399711,
              20.9354775
            ],
            [
              52.2399911,
              20.935274
            ]
          ],
          [
            [
              52.2398723,
              20.9364973
            ],
            [
              52.2399389,
              20.9358105
            ]
          ],
          [
            [
              52.2395945,
              20.9380916
            ],
            [
              52.239613,
              20.9378879
            ]
          ]
        ]
      }
    },
    {
      "type": "Feature",
      "properties": {
        "name": "Rondo Tybetu",
        "highway": "secondary"
      },
      "geometry": {
        "type": "MultiLineString",
        "coordinates": [
          [
            [
              52.2281203,
              20.9568389
            ],
            [
              52.2281506,
              20.9570335
            ],
            [
              52.2281569,
              20.9570941
            ],
            [
              52.2281638,
              20.9571607
            ],
            [
              52.2281801,
              20.9573656
            ]
          ],
          [
            [
              52.2277072,
              20.9569344
            ],
            [
              52.2277113,
              20.9570696
            ],
            [
              52.2277193,
              20.9571917
            ],
            [
              52.2277204,
              20.9572079
            ],
            [
              52.2277245,
              20.9572676
            ],
            [
              52.2277404,
              20.9575013
            ]
          ],
          [
            [
              52.2277072,
              20.9569344
            ],
            [
              52.2279313,
              20.9568824
            ],
            [
              52.2279592,
              20.9568759
            ],
            [
              52.2281203,
              20.9568389
            ]
          ],
          [
            [
              52.2277404,
              20.9575013
            ],
            [
              52.2279663,
              20.9574311
            ],
            [
              52.2279938,
              20.957423
            ],
            [
              52.2281801,
              20.9573656
            ]
          ]
        ]
      }
    },
    {
      "type": "Feature",
      "properties": {
        "name": "Elekcyjna",
        "highway": "tertiary"
      },
      "geometry": {
        "type": "MultiLineString",
        "coordinates": [
          [
            [
              52.2293904,
              20.9504878
            ],
            [
              52.229514,
              20.950396
            ],
            [
              52.2295674,
              20.9503528
            ],
            [
              52.2296095,
              20.9503167
            ],
            [
              52.2297284,
              20.950229
            ],
            [
              52.229783,
              20.9501846
            ],
            [
              52.2298207,
              20.9501535
            ],
            [
              52.2298929,
              20.9501147
            ],
            [
              52.2299682,
              20.950086
            ]
          ],
          [
            [
              52.237889,
              20.9483572
            ],
            [
              52.2381017,
              20.9484347
            ],
            [
              52.2382446,
              20.9484774
            ],
            [
              52.2384158,
              20.9485231
            ],
            [
              52.2384648,
              20.9485364
            ],
            [
              52.2385848,
              20.9485689
            ]
          ],
          [
            [
              52.2378829,
              20.9482862
            ],
            [
              52.2381141,
              20.9483134
            ],
            [
              52.2382607,
              20.9483482
            ],
            [
              52.2384782,
              20.9484034
            ],
            [
              52.238499,
              20.9484094
            ],
            [
              52.2385985,
              20.9484378
            ]
          ],
          [
            [
              52.2350143,
              20.9478319
            ],
            [
              52.2351976,
              20.94779
            ],
            [
              52.2352435,
              20.9477828
            ],
            [
              52.2353608,
              20.9477755
            ],
            [
              52.2355142,
              20.947773
            ],
            [
              52.2356805,
              20.9477845
            ],
            [
              52.2358084,
              20.9478044
            ],
            [
              52.2359856,
              20.9478376
            ],
            [
              52.2360998,
              20.9478651
            ],
            [
              52.236256,
              20.9479047
            ],
            [
              52.2363356,
              20.9479249
            ],
            [
              52.2365406,
              20.9479776
            ],
            [
              52.2369014,
              20.9480709
            ],
            [
              52.237365,
              20.9481865
            ],
            [
              52.2374506,
              20.948209
            ],
            [
              52.2376955,
              20.9482742
            ],
            [
              52.2377423,
              20.9482866
            ]
          ],
          [
            [
              52.2324981,
              20.9486281
            ],
            [
              52.2328921,
              20.9484933
            ],
            [
              52.2331666,
              20.9484083
            ]
          ],
          [
            [
              52.2322052,
              20.9487182
            ],
            [
              52.2322634,
              20.9486596
            ],
            [
              52.2322956,
              20.9486494
            ],
            [
              52.2323934,
              20.9486159
            ],
            [
              52.2324981,
              20.9486281
            ]
          ],
          [
            [
              52.2347132,
              20.9479181
            ],
            [
              52.2347941,
              20.9478536
            ],
            [
              52.2348165,
              20.9478461
            ],
            [
              52.2349189,
              20.947814
            ],
            [
              52.2350143,
              20.9478319
            ]
          ],
          [
            [
              52.2336011,
              20.9482686
            ],
            [
              52.2337044,
              20.9482361
            ],
            [
              52.2340486,
              20.9481276
            ],
            [
              52.2347132,
              20.9479181
            ]
          ],
          [
            [
              52.2294458,
              20.9505994
            ],
            [
              52.229553,
              20.9504973
            ],
            [
              52.2295994,
              20.9504534
            ],
            [
              52.2297638,
              20.9503034
            ],
            [
              52.2298245,
              20.9502499
            ],
            [
              52.2298433,
              20.9502329
            ],
            [
              52.2299682,
              20.950086
            ]
          ],
          [
            [
              52.2299682,
              20.950086
            ],
            [
              52.2301099,
              20.949971
            ],
            [
              52.2303488,
              20.949736
            ],
            [
              52.2305633,
              20.9495481
            ],
            [
              52.2307969,
              20.9493597
            ],
            [
              52.231047,
              20.9491928
            ],
            [
              52.2312436,
              20.9490796
            ],
            [
              52.231409,
              20.9489985
            ],
            [
              52.2314955,
              20.9489609
            ],
            [
              52.2315657,
              20.9489303
            ],
            [
              52.2316981,
              20.9488801
            ],
            [
              52.2319217,
              20.9488078
            ],
            [
              52.2321641,
              20.9487301
            ],
            [
              52.2322052,
              20.9487182
            ]
          ],
          [
            [
              52.2377423,
              20.9482866
            ],
            [
              52.2378829,
              20.9482862
            ]
          ],
          [
            [
              52.2331666,
              20.9484083
            ],
            [
              52.2336011,
              20.9482686
            ]
          ],
          [
            [
              52.2377423,
              20.9482866
            ],
            [
              52.237889,
              20.9483572
            ]
          ]
        ]
      }
    },
    {
      "type": "Feature",
      "properties": {
        "name": "Redutowa",
        "highway": "tertiary"
      },
      "geometry": {
        "type": "MultiLineString",
        "coordinates": [
          [
            [
              52.2266697,
              20.9427569
            ],
            [
              52.2268416,
              20.9427315
            ],
            [
              52.2271132,
              20.9426845
            ],
            [
              52.227567,
              20.942593
            ]
          ],
          [
            [
              52.2265009,
              20.9425088
            ],
            [
              52.2265842,
              20.9425026
            ],
            [
              52.2266369,
              20.9424966
            ],
            [
              52.2269234,
              20.9424645
            ],
            [
              52.2269689,
              20.9424587
            ],
            [
              52.2270931,
              20.9424564
            ],
            [
              52.2271863,
              20.9424653
            ],
            [
              52.2272651,
              20.9424788
            ],
            [
              52.2273624,
              20.9425032
            ],
            [
              52.227567,
              20.942593
            ]
          ],
          [
            [
              52.2307373,
              20.9420099
            ],
            [
              52.2309093,
              20.9419611
            ],
            [
              52.2309557,
              20.9419487
            ],
            [
              52.2312963,
              20.941858
            ],
            [
              52.2320989,
              20.9416322
            ],
            [
              52.2322508,
              20.94159
            ],
            [
              52.2324825,
              20.9415203
            ],
            [
              52.2328075,
              20.9414225
            ],
            [
              52.2328634,
              20.9414075
            ],
            [
              52.2331362,
              20.9413062
            ],
            [
              52.2332559,
              20.9412546
            ],
            [
              52.233821,
              20.9409903
            ],
            [
              52.234191,
              20.9408285
            ],
            [
              52.2343663,
              20.9407477
            ],
            [
              52.2344851,
              20.9406909
            ],
            [
              52.2345532,
              20.9406583
            ],
            [
              52.2346354,
              20.9406175
            ],
            [
              52.234773,
              20.9405228
            ],
            [
              52.2348918,
              20.940414
            ],
            [
              52.2351542,
              20.9401132
            ],
            [
              52.2352517,
              20.9400011
            ],
            [
              52.2355119,
              20.9397035
            ],
            [
              52.2356731,
              20.9395169
            ],
            [
              52.2358105,
              20.9393607
            ],
            [
              52.235837,
              20.9393299
            ],
            [
              52.2359094,
              20.939246
            ]
          ],
          [
            [
              52.2263049,
              20.9432531
            ],
            [
              52.2263193,
              20.943066
            ],
            [
              52.2263444,
              20.9429531
            ],
            [
              52.2263754,
              20.9428634
            ],
            [
              52.2264134,
              20.9428027
            ]
          ],
          [
            [
              52.2262408,
              20.9427194
            ],
            [
              52.2262804,
              20.9427566
            ],
            [
              52.2263231,
              20.9427833
            ],
            [
              52.2263678,
              20.9427988
            ],
            [
              52.2264134,
              20.9428027
            ]
          ],
          [
            [
              52.2262408,
              20.9427194
            ],
            [
              52.2262656,
              20.942655
            ],
            [
              52.2262965,
              20.9425981
            ],
            [
              52.2263326,
              20.9425501
            ],
            [
              52.2263729,
              20.9425121
            ]
          ],
          [
            [
              52.2261816,
              20.9429862
            ],
            [
              52.2261972,
              20.9428708
            ],
            [
              52.2262165,
              20.9427858
            ],
            [
              52.2262408,
              20.9427194
            ]
          ],
          [
            [
              52.2261901,
              20.9422567
            ],
            [
              52.2262147,
              20.942327
            ],
            [
              52.2262463,
              20.9423894
            ],
            [
              52.2262839,
              20.942442
            ],
            [
              52.2263266,
              20.9424833
            ],
            [
              52.2263729,
              20.9425121
            ]
          ],
          [
            [
              52.2264134,
              20.9428027
            ],
            [
              52.2265354,
              20.9427765
            ]
          ],
          [
            [
              52.2263729,
              20.9425121
            ],
            [
              52.2265009,
              20.9425088
            ]
          ],
          [
            [
              52.2265354,
              20.9427765
            ],
            [
              52.2266155,
              20.9427648
            ],
            [
              52.2266697,
              20.9427569
            ]
          ],
          [
            [
              52.227567,
              20.942593
            ],
            [
              52.2277045,
              20.9425847
            ],
            [
              52.2279651,
              20.9425509
            ],
            [
              52.2281388,
              20.9425284
            ],
            [
              52.2283442,
              20.9425017
            ],
            [
              52.2284689,
              20.9424855
            ],
            [
              52.2295647,
              20.9423433
            ],
            [
              52.2296065,
              20.9423333
            ],
            [
              52.2296831,
              20.9423124
            ],
            [
              52.2298286,
              20.9422682
            ],
            [
              52.2299725,
              20.9422302
            ],
            [
              52.2302793,
              20.9421426
            ],
            [
              52.2305686,
              20.9420588
            ],
            [
              52.2307373,
              20.9420099
            ]
          ]
        ]
      }
    },
    {
      "type": "Feature",
      "properties": {
        "name": "Platynowa",
        "highway": "residential"
      },
      "geometry": {
        "type": "MultiLineString",
        "coordinates": [
          [
            [
              52.2268995,
              20.9916909
            ],
            [
              52.2268735,
              20.9915586
            ],
            [
              52.2268144,
              20.9912577
            ],
            [
              52.2267499,
              20.9909293
            ],
            [
              52.2267122,
              20.9907374
            ],
            [
              52.2265672,
              20.9899994
            ],
            [
              52.2265047,
              20.989682
            ],
            [
              52.2264171,
              20.9892348
            ],
            [
              52.2263511,
              20.9888897
            ],
            [
              52.2264365,
              20.9888073
            ],
            [
              52.2264839,
              20.9887625
            ],
            [
              52.226767,
              20.988519
            ],
            [
              52.2268107,
              20.9884813
            ],
            [
              52.2269102,
              20.988432
            ],
            [
              52.2270762,
              20.9882962
            ],
            [
              52.2271115,
              20.9882672
            ],
            [
              52.2271494,
              20.9882362
            ]
          ]
        ]
      }
    },
    {
      "type": "Feature",
      "properties": {
        "name": "Miedziana",
        "highway": "residential"
      },
      "geometry": {
        "type": "MultiLineString",
        "coordinates": [
          [
            [
              52.2268995,
              20.9916909
            ],
            [
              52.2270997,
              20.9915859
            ],
            [
              52.2272271,
              20.9915209
            ],
            [
              52.227583,
              20.9913395
            ],
            [
              52.22763,
              20.9913154
            ],
            [
              52.227742,
              20.9912651
            ]
          ],
          [
            [
              52.2281245,
              20.9910925
            ],
            [
              52.228509,
              20.9909055
            ],
            [
              52.2285319,
              20.9908944
            ],
            [
              52.2286138,
              20.9908546
            ],
            [
              52.2292318,
              20.9905648
            ],
            [
              52.229455,
              20.9904529
            ],
            [
              52.2295565,
              20.990402
            ],
            [
              52.2296507,
              20.9903547
            ],
            [
              52.2298728,
              20.990257
            ],
            [
              52.2306881,
              20.9898717
            ],
            [
              52.2307801,
              20.9898258
            ]
          ],
          [
            [
              52.2308641,
              20.9897806
            ],
            [
              52.2311524,
              20.9896118
            ],
            [
              52.2311737,
              20.9896009
            ]
          ],
          [
            [
              52.227742,
              20.9912651
            ],
            [
              52.2278547,
              20.9912143
            ],
            [
              52.2278915,
              20.9911976
            ],
            [
              52.2281245,
              20.9910925
            ]
          ],
          [
            [
              52.2307801,
              20.9898258
            ],
            [
              52.2308437,
              20.9897924
            ],
            [
              52.2308641,
              20.9897806
            ]
          ]
        ]
      }
    },
    {
      "type": "Feature",
      "properties": {
        "name": "Srebrna",
        "highway": "residential"
      },
      "geometry": {
        "type": "MultiLineString",
        "coordinates": [
          [
            [
              52.2276061,
              20.9905174
            ],
            [
              52.227704,
              20.991029
            ],
            [
              52.2277156,
              20.991092
            ],
            [
              52.227742,
              20.9912651
            ]
          ],
          [
            [
              52.2268808,
              20.9877486
            ],
            [
              52.2269294,
              20.9877449
            ],
            [
              52.2269496,
              20.987749
            ],
            [
              52.2269794,
              20.9877633
            ],
            [
              52.2270108,
              20.9877927
            ],
            [
              52.2270372,
              20.9878363
            ],
            [
              52.2270661,
              20.9879003
            ],
            [
              52.2271043,
              20.9880067
            ]
          ],
          [
            [
              52.2270841,
              20.9875748
            ],
            [
              52.2270693,
              20.9876451
            ],
            [
              52.2270643,
              20.9876693
            ],
            [
              52.2270603,
              20.9877052
            ],
            [
              52.2270632,
              20.9877463
            ],
            [
              52.2270733,
              20.9878039
            ],
            [
              52.2271043,
              20.9880067
            ]
          ],
          [
            [
              52.2271043,
              20.9880067
            ],
            [
              52.2271494,
              20.9882362
            ],
            [
              52.2272209,
              20.9886018
            ],
            [
              52.2272946,
              20.9889782
            ],
            [
              52.2273267,
              20.9891368
            ],
            [
              52.2274177,
              20.9895867
            ],
            [
              52.2274972,
              20.9899798
            ],
            [
              52.2275369,
              20.9901759
            ],
            [
              52.2276061,
              20.9905174
            ]
          ]
        ]
      }
    },
    {
      "type": "Feature",
      "properties": {
        "name": "Jana Olbrachta",
        "highway": "tertiary"
      },
      "geometry": {
        "type": "MultiLineString",
        "coordinates": [
          [
            [
              52.2340445,
              20.9259092
            ],
            [
              52.2340518,
              20.9257936
            ],
            [
              52.2340689,
              20.9255225
            ],
            [
              52.2340755,
              20.9254194
            ]
          ],
          [
            [
              52.2360958,
              20.9393012
            ],
            [
              52.2361424,
              20.9394131
            ],
            [
              52.236162,
              20.9394602
            ],
            [
              52.2363648,
              20.9399268
            ],
            [
              52.2365539,
              20.9403667
            ],
            [
              52.2366362,
              20.9405582
            ],
            [
              52.2371633,
              20.941867
            ],
            [
              52.2373707,
              20.9423876
            ],
            [
              52.2374432,
              20.9425752
            ],
            [
              52.2375217,
              20.9427303
            ],
            [
              52.237573,
              20.9428092
            ],
            [
              52.2376323,
              20.9428872
            ],
            [
              52.2376765,
              20.9429316
            ],
            [
              52.2377233,
              20.94297
            ],
            [
              52.2377995,
              20.9430108
            ],
            [
              52.2379277,
              20.9430631
            ],
            [
              52.2380082,
              20.943076
            ],
            [
              52.2381316,
              20.9430742
            ],
            [
              52.2382534,
              20.9430481
            ]
          ],
          [
            [
              52.2382534,
              20.9430481
            ],
            [
              52.2383993,
              20.9430331
            ],
            [
              52.2385335,
              20.9429745
            ]
          ],
          [
            [
              52.2391752,
              20.9425289
            ],
            [
              52.2393095,
              20.9424641
            ]
          ],
          [
            [
              52.2340755,
              20.9254194
            ],
            [
              52.2340864,
              20.9252608
            ],
            [
              52.2341005,
              20.9250562
            ],
            [
              52.2341173,
              20.9248094
            ],
            [
              52.2341522,
              20.9242226
            ]
          ],
          [
            [
              52.2391635,
              20.9426598
            ],
            [
              52.2392322,
              20.9426325
            ],
            [
              52.2392966,
              20.9426069
            ]
          ],
          [
            [
              52.2387916,
              20.9427227
            ],
            [
              52.2390638,
              20.9425846
            ],
            [
              52.2391752,
              20.9425289
            ]
          ],
          [
            [
              52.2337886,
              20.9298762
            ],
            [
              52.2337905,
              20.9299873
            ],
            [
              52.2337985,
              20.9301663
            ],
            [
              52.2338033,
              20.9302485
            ],
            [
              52.2339343,
              20.9316632
            ],
            [
              52.2339372,
              20.9316975
            ],
            [
              52.2339652,
              20.9319753
            ],
            [
              52.2340879,
              20.9332802
            ],
            [
              52.2341027,
              20.9334196
            ],
            [
              52.2341477,
              20.933845
            ],
            [
              52.2341807,
              20.9341566
            ],
            [
              52.2342021,
              20.9343584
            ],
            [
              52.2342279,
              20.9345353
            ],
            [
              52.2342614,
              20.9347895
            ],
            [
              52.2343092,
              20.9350665
            ],
            [
              52.2343593,
              20.9352755
            ],
            [
              52.2344016,
              20.9354167
            ],
            [
              52.2345167,
              20.9357355
            ],
            [
              52.2345257,
              20.9357602
            ],
            [
              52.2347385,
              20.9363749
            ],
            [
              52.2349083,
              20.9368653
            ],
            [
              52.2350241,
              20.9371587
            ],
            [
              52.2351013,
              20.9373286
            ],
            [
              52.2351562,
              20.9374329
            ],
            [
              52.2352434,
              20.9375687
            ],
            [
              52.2352919,
              20.9376571
            ],
            [
              52.2354122,
              20.937882
            ],
            [
              52.2355878,
              20.9382041
            ],
            [
              52.2356663,
              20.9383666
            ],
            [
              52.2357133,
              20.9384764
            ],
            [
              52.2357817,
              20.9386365
            ],
            [
              52.2358821,
              20.9388604
            ],
            [
              52.2359328,
              20.9389736
            ]
          ],
          [
            [
              52.2340064,
              20.9264964
            ],
            [
              52.2340116,
              20.9264161
            ],
            [
              52.2340255,
              20.9262021
            ],
            [
              52.2340419,
              20.9259495
            ],
            [
              52.2340445,
              20.9259092
            ]
          ],
          [
            [
              52.2339415,
              20.9274251
            ],
            [
              52.2339461,
              20.927365
            ],
            [
              52.2339547,
              20.9272531
            ],
            [
              52.2339602,
              20.927185
            ],
            [
              52.2339766,
              20.92696
            ]
          ],
          [
            [
              52.2339766,
              20.92696
            ],
            [
              52.2339952,
              20.9266709
            ],
            [
              52.2340064,
              20.9264964
            ]
          ],
          [
            [
              52.2385597,
              20.9428303
            ],
            [
              52.2387453,
              20.9427455
            ],
            [
              52.2387916,
              20.9427227
            ]
          ],
          [
            [
              52.2382534,
              20.9430481
            ],
            [
              52.2383815,
              20.9429378
            ],
            [
              52.2385158,
              20.9428503
            ]
          ],
          [
            [
              52.2385335,
              20.9429745
            ],
            [
              52.2387121,
              20.9428853
            ]
          ],
          [
            [
              52.2385158,
              20.9428503
            ],
            [
              52.2385597,
              20.9428303
            ]
          ],
          [
            [
              52.2387121,
              20.9428853
            ],
            [
              52.2389877,
              20.9427426
            ],
            [
              52.2390512,
              20.9427124
            ],
            [
              52.2391635,
              20.9426598
            ]
          ],
          [
            [
              52.2338174,
              20.9293031
            ],
            [
              52.2338515,
              20.9287788
            ],
            [
              52.2338643,
              20.9285844
            ],
            [
              52.2338737,
              20.9284377
            ],
            [
              52.2338999,
              20.9280788
            ],
            [
              52.2339004,
              20.9280702
            ],
            [
              52.2339061,
              20.9279809
            ],
            [
              52.2339226,
              20.9277208
            ],
            [
              52.2339262,
              20.9276642
            ],
            [
              52.2339415,
              20.9274251
            ]
          ],
          [
            [
              52.2337886,
              20.9298762
            ],
            [
              52.2337891,
              20.9298053
            ],
            [
              52.2338064,
              20.9294716
            ],
            [
              52.2338174,
              20.9293031
            ]
          ]
        ]
      }
    },
    {
      "type": "Feature",
      "properties": {
        "name": "Seweryna Krzyżanowskiego",
        "highway": "residential"
      },
      "geometry": {
        "type": "MultiLineString",
        "coordinates": [
          [
            [
              52.227347,
              20.9675688
            ],
            [
              52.2274601,
              20.9675515
            ],
            [
              52.2276758,
              20.9675185
            ],
            [
              52.2277228,
              20.9675114
            ],
            [
              52.227786,
              20.9675017
            ]
          ],
          [
            [
              52.2266996,
              20.9676651
            ],
            [
              52.2267081,
              20.9677988
            ],
            [
              52.2267097,
              20.9678357
            ],
            [
              52.2267175,
              20.9680242
            ],
            [
              52.2267733,
              20.9687983
            ],
            [
              52.2267811,
              20.9688998
            ]
          ],
          [
            [
              52.2266465,
              20.9676734
            ],
            [
              52.2266815,
              20.9676679
            ],
            [
              52.2266996,
              20.9676651
            ],
            [
              52.2269684,
              20.9676233
            ],
            [
              52.227347,
              20.9675688
            ]
          ],
          [
            [
              52.2281061,
              20.9674528
            ],
            [
              52.2281568,
              20.9674715
            ],
            [
              52.2282092,
              20.9674838
            ],
            [
              52.2282475,
              20.9674884
            ],
            [
              52.228284,
              20.9674892
            ],
            [
              52.2283022,
              20.9674885
            ],
            [
              52.2283284,
              20.9674847
            ],
            [
              52.2283602,
              20.9674811
            ],
            [
              52.2283845,
              20.9674778
            ],
            [
              52.2283995,
              20.9674704
            ],
            [
              52.2284179,
              20.9674533
            ],
            [
              52.2284342,
              20.9674313
            ],
            [
              52.2284455,
              20.9674156
            ],
            [
              52.2284511,
              20.96741
            ],
            [
              52.2284568,
              20.9674081
            ]
          ],
          [
            [
              52.227786,
              20.9675017
            ],
            [
              52.2279594,
              20.9674752
            ]
          ],
          [
            [
              52.2279594,
              20.9674752
            ],
            [
              52.2280464,
              20.9674619
            ],
            [
              52.2281061,
              20.9674528
            ]
          ]
        ]
      }
    },
    {
      "type": "Feature",
      "properties": {
        "name": "Erazma Ciołka",
        "highway": "unclassified"
      },
      "geometry": {
        "type": "MultiLineString",
        "coordinates": [
          [
            [
              52.2459067,
              20.943196
            ],
            [
              52.246065,
              20.9431137
            ],
            [
              52.2461312,
              20.9430795
            ],
            [
              52.2463877,
              20.942946
            ],
            [
              52.246631,
              20.9428359
            ],
            [
              52.2466735,
              20.9428166
            ],
            [
              52.2467545,
              20.9427938
            ]
          ],
          [
            [
              52.2388635,
              20.9456883
            ],
            [
              52.2390014,
              20.9457213
            ]
          ],
          [
            [
              52.2395434,
              20.9458564
            ],
            [
              52.2397376,
              20.9459095
            ],
            [
              52.2400582,
              20.9459844
            ],
            [
              52.2401404,
              20.9459927
            ],
            [
              52.2402219,
              20.9459906
            ],
            [
              52.240318,
              20.9459803
            ],
            [
              52.2404061,
              20.9459621
            ],
            [
              52.2405423,
              20.9459225
            ],
            [
              52.2406401,
              20.9458775
            ],
            [
              52.2406915,
              20.9458524
            ],
            [
              52.2409523,
              20.9457255
            ],
            [
              52.2410291,
              20.9456881
            ],
            [
              52.2411091,
              20.9456462
            ],
            [
              52.2412975,
              20.9455477
            ],
            [
              52.2418053,
              20.945282
            ],
            [
              52.2418647,
              20.9452515
            ],
            [
              52.2419271,
              20.9452198
            ],
            [
              52.2425639,
              20.9448994
            ],
            [
              52.2426111,
              20.9448756
            ],
            [
              52.2429571,
              20.9447038
            ],
            [
              52.2431012,
              20.9446306
            ],
            [
              52.2432945,
              20.9445322
            ],
            [
              52.2433838,
              20.9444867
            ],
            [
              52.2434892,
              20.9444326
            ],
            [
              52.2438026,
              20.944264
            ],
            [
              52.244115,
              20.9441032
            ],
            [
              52.2442039,
              20.9440587
            ],
            [
              52.2442763,
              20.9440225
            ],
            [
              52.2443157,
              20.9440028
            ],
            [
              52.244788,
              20.9437666
            ]
          ],
          [
            [
              52.2467545,
              20.9427938
            ],
            [
              52.2468007,
              20.9427908
            ],
            [
              52.2468274,
              20.9427885
            ],
            [
              52.2468725,
              20.9427861
            ]
          ],
          [
            [
              52.2390014,
              20.9457213
            ],
            [
              52.2391245,
              20.9457519
            ],
            [
              52.2391722,
              20.945764
            ],
            [
              52.2392186,
              20.9457758
            ],
            [
              52.2394463,
              20.9458323
            ],
            [
              52.2395434,
              20.9458564
            ]
          ],
          [
            [
              52.244788,
              20.9437666
            ],
            [
              52.2448711,
              20.943725
            ],
            [
              52.2448855,
              20.9437176
            ]
          ],
          [
            [
              52.2448855,
              20.9437176
            ],
            [
              52.2452723,
              20.9435189
            ],
            [
              52.2454264,
              20.9434398
            ],
            [
              52.2455225,
              20.9433904
            ],
            [
              52.2457663,
              20.943267
            ],
            [
              52.2459067,
              20.943196
            ]
          ]
        ]
      }
    },
    {
      "type": "Feature",
      "properties": {
        "name": "Sokołowska",
        "highway": "residential"
      },
      "geometry": {
        "type": "MultiLineString",
        "coordinates": [
          [
            [
              52.2375133,
              20.9590824
            ],
            [
              52.2375935,
              20.9590671
            ],
            [
              52.2376265,
              20.9590706
            ],
            [
              52.2376627,
              20.9590953
            ],
            [
              52.2377029,
              20.9591826
            ]
          ],
          [
            [
              52.2377984,
              20.9592766
            ],
            [
              52.2378342,
              20.9592111
            ],
            [
              52.237866,
              20.9591847
            ],
            [
              52.2378799,
              20.9591803
            ],
            [
              52.2379342,
              20.9591579
            ],
            [
              52.2379698,
              20.9591589
            ],
            [
              52.2380542,
              20.9591641
            ],
            [
              52.2381964,
              20.9591819
            ],
            [
              52.2382753,
              20.9591886
            ],
            [
              52.238504,
              20.9592081
            ]
          ],
          [
            [
              52.2393095,
              20.959276
            ],
            [
              52.2393783,
              20.959283
            ],
            [
              52.2399785,
              20.9593441
            ],
            [
              52.2400058,
              20.959349
            ],
            [
              52.2400331,
              20.95936
            ],
            [
              52.2400473,
              20.9593699
            ],
            [
              52.240064,
              20.9593826
            ],
            [
              52.2400893,
              20.9594072
            ],
            [
              52.2401095,
              20.9594298
            ]
          ],
          [
            [
              52.2329288,
              20.9605929
            ],
            [
              52.2329858,
              20.9605849
            ],
            [
              52.233029,
              20.9605788
            ],
            [
              52.2331666,
              20.9605349
            ],
            [
              52.2333262,
              20.9604813
            ],
            [
              52.2335779,
              20.960392
            ],
            [
              52.2338994,
              20.9602858
            ],
            [
              52.2343862,
              20.9601297
            ],
            [
              52.2344229,
              20.960113
            ],
            [
              52.234492,
              20.9600904
            ],
            [
              52.2345173,
              20.9600821
            ],
            [
              52.234604,
              20.9600537
            ],
            [
              52.2349737,
              20.9599214
            ],
            [
              52.2352611,
              20.9598219
            ],
            [
              52.2358287,
              20.9596298
            ]
          ],
          [
            [
              52.2358287,
              20.9596298
            ],
            [
              52.235945,
              20.9595926
            ],
            [
              52.2361834,
              20.9595142
            ],
            [
              52.2367636,
              20.959324
            ],
            [
              52.2368352,
              20.9593008
            ],
            [
              52.237,
              20.95925
            ],
            [
              52.2370707,
              20.9592282
            ],
            [
              52.2375133,
              20.9590824
            ]
          ],
          [
            [
              52.2323856,
              20.9609299
            ],
            [
              52.2323985,
              20.9608597
            ],
            [
              52.2324101,
              20.9608207
            ],
            [
              52.2324231,
              20.9607868
            ],
            [
              52.2324327,
              20.9607709
            ],
            [
              52.2324408,
              20.96076
            ],
            [
              52.2324914,
              20.9606989
            ]
          ],
          [
            [
              52.2325757,
              20.9609255
            ],
            [
              52.2325814,
              20.9608577
            ],
            [
              52.2325908,
              20.9608241
            ],
            [
              52.2326029,
              20.9607944
            ],
            [
              52.2326228,
              20.9607662
            ],
            [
              52.2326428,
              20.9607415
            ],
            [
              52.2326624,
              20.9607242
            ],
            [
              52.2329288,
              20.9605929
            ]
          ],
          [
            [
              52.2324914,
              20.9606989
            ],
            [
              52.2325249,
              20.9606718
            ],
            [
              52.232558,
              20.9606524
            ],
            [
              52.2325815,
              20.9606477
            ],
            [
              52.2326497,
              20.9606338
            ],
            [
              52.2329288,
              20.9605929
            ]
          ],
          [
            [
              52.238504,
              20.9592081
            ],
            [
              52.2392241,
              20.9592697
            ],
            [
              52.23925,
              20.9592708
            ],
            [
              52.2393095,
              20.959276
            ]
          ]
        ]
      }
    },
    {
      "type": "Feature",
      "properties": {
        "name": "Brylowska",
        "highway": "residential"
      },
      "geometry": {
        "type": "MultiLineString",
        "coordinates": [
          [
            [
              52.2274039,
              20.9687828
            ],
            [
              52.2275085,
              20.9687631
            ],
            [
              52.2276186,
              20.9687593
            ],
            [
              52.2281214,
              20.9686629
            ],
            [
              52.2282502,
              20.9686382
            ],
            [
              52.2283227,
              20.9686098
            ],
            [
              52.2283957,
              20.968596
            ],
            [
              52.2284254,
              20.9685907
            ],
            [
              52.2285379,
              20.9685694
            ]
          ],
          [
            [
              52.2234907,
              20.9686977
            ],
            [
              52.2235904,
              20.9687588
            ],
            [
              52.223778,
              20.9688804
            ],
            [
              52.2238622,
              20.9689356
            ],
            [
              52.2243233,
              20.9692378
            ],
            [
              52.2243945,
              20.9692845
            ],
            [
              52.2244445,
              20.9693135
            ],
            [
              52.2244946,
              20.9693362
            ],
            [
              52.224541,
              20.9693507
            ],
            [
              52.2245908,
              20.9693549
            ],
            [
              52.2246297,
              20.96935
            ],
            [
              52.2248092,
              20.9693165
            ],
            [
              52.2248616,
              20.9693072
            ],
            [
              52.2248973,
              20.9692993
            ],
            [
              52.2251499,
              20.9692132
            ],
            [
              52.2251825,
              20.969202
            ],
            [
              52.2252151,
              20.9691939
            ],
            [
              52.225429,
              20.9691539
            ],
            [
              52.225759,
              20.96909
            ],
            [
              52.2263981,
              20.9689711
            ],
            [
              52.2267811,
              20.9688998
            ]
          ],
          [
            [
              52.2267811,
              20.9688998
            ],
            [
              52.2269704,
              20.9688648
            ],
            [
              52.227204,
              20.9688214
            ],
            [
              52.2273063,
              20.9688023
            ],
            [
              52.2274039,
              20.9687828
            ]
          ]
        ]
      }
    },
    {
      "type": "Feature",
      "properties": {
        "name": "Skierniewicka",
        "highway": "residential"
      },
      "geometry": {
        "type": "MultiLineString",
        "coordinates": [
          [
            [
              52.2288281,
              20.9697139
            ],
            [
              52.2288484,
              20.969708
            ],
            [
              52.2289254,
              20.9696856
            ],
            [
              52.228947,
              20.9696799
            ],
            [
              52.2289864,
              20.9696683
            ],
            [
              52.2291308,
              20.9696246
            ],
            [
              52.2294284,
              20.9695342
            ],
            [
              52.2297623,
              20.9694343
            ],
            [
              52.2301839,
              20.969306
            ],
            [
              52.2303945,
              20.9692418
            ],
            [
              52.2307561,
              20.9691315
            ],
            [
              52.2310388,
              20.9690529
            ],
            [
              52.2312125,
              20.9690019
            ],
            [
              52.231299,
              20.9689706
            ]
          ],
          [
            [
              52.231299,
              20.9689706
            ],
            [
              52.2315972,
              20.9688837
            ],
            [
              52.2319919,
              20.9687662
            ],
            [
              52.232429,
              20.9686326
            ],
            [
              52.2324975,
              20.9686122
            ],
            [
              52.2326674,
              20.9685615
            ],
            [
              52.233088,
              20.9684361
            ],
            [
              52.2333357,
              20.9683625
            ]
          ],
          [
            [
              52.2333357,
              20.9683625
            ],
            [
              52.2333907,
              20.9683463
            ],
            [
              52.2336402,
              20.9682684
            ],
            [
              52.2336971,
              20.9682494
            ],
            [
              52.2337168,
              20.9682431
            ],
            [
              52.2337452,
              20.9682341
            ],
            [
              52.2338009,
              20.9682158
            ]
          ]
        ]
      }
    },
    {
      "type": "Feature",
      "properties": {
        "name": "Tadeusza Łomnickiego",
        "highway": "service"
      },
      "geometry": {
        "type": "MultiLineString",
        "coordinates": [
          [
            [
              52.2294284,
              20.9695342
            ],
            [
              52.2294299,
              20.9695586
            ],
            [
              52.2294371,
              20.9696787
            ],
            [
              52.2294382,
              20.9696933
            ]
          ],
          [
            [
              52.2289212,
              20.9714526
            ],
            [
              52.2289649,
              20.9713922
            ],
            [
              52.2289854,
              20.9713677
            ],
            [
              52.2290066,
              20.9713466
            ],
            [
              52.2290373,
              20.9713257
            ],
            [
              52.2290652,
              20.9713124
            ]
          ],
          [
            [
              52.2288954,
              20.9710959
            ],
            [
              52.2289751,
              20.9711662
            ],
            [
              52.2289983,
              20.971185
            ],
            [
              52.2290237,
              20.9711992
            ],
            [
              52.2290503,
              20.9712085
            ],
            [
              52.229078,
              20.9712123
            ],
            [
              52.2291088,
              20.9712099
            ],
            [
              52.2291367,
              20.9712053
            ],
            [
              52.2292696,
              20.9711836
            ],
            [
              52.2293152,
              20.9711727
            ],
            [
              52.2293528,
              20.9711591
            ],
            [
              52.229384,
              20.9711446
            ],
            [
              52.2294136,
              20.9711279
            ],
            [
              52.2294403,
              20.9711104
            ],
            [
              52.2295281,
              20.9710493
            ]
          ],
          [
            [
              52.2294852,
              20.9704788
            ],
            [
              52.2294875,
              20.9705222
            ],
            [
              52.2295123,
              20.9709395
            ],
            [
              52.229519,
              20.9709969
            ],
            [
              52.2295281,
              20.9710493
            ]
          ],
          [
            [
              52.229141,
              20.971296
            ],
            [
              52.2293255,
              20.9712639
            ],
            [
              52.229359,
              20.9712566
            ],
            [
              52.229392,
              20.9712459
            ],
            [
              52.2294292,
              20.9712295
            ],
            [
              52.2294652,
              20.9712088
            ],
            [
              52.229556,
              20.9711487
            ]
          ],
          [
            [
              52.2290652,
              20.9713124
            ],
            [
              52.2290908,
              20.9713052
            ],
            [
              52.229141,
              20.971296
            ]
          ],
          [
            [
              52.2294382,
              20.9696933
            ],
            [
              52.2294852,
              20.9704788
            ]
          ]
        ]
      }
    },
    {
      "type": "Feature",
      "properties": {
        "name": "Deotymy",
        "highway": "tertiary"
      },
      "geometry": {
        "type": "MultiLineString",
        "coordinates": [
          [
            [
              52.2387368,
              20.9484825
            ],
            [
              52.2388435,
              20.9485254
            ],
            [
              52.238872,
              20.9485369
            ],
            [
              52.2389115,
              20.9485532
            ],
            [
              52.2392185,
              20.9486725
            ],
            [
              52.2393319,
              20.9487181
            ],
            [
              52.2394559,
              20.9487986
            ]
          ],
          [
            [
              52.2385848,
              20.9485689
            ],
            [
              52.238725,
              20.9486069
            ]
          ],
          [
            [
              52.2469838,
              20.9475298
            ],
            [
              52.247027,
              20.9475266
            ],
            [
              52.2470496,
              20.9475241
            ],
            [
              52.2471016,
              20.947518
            ]
          ],
          [
            [
              52.2385985,
              20.9484378
            ],
            [
              52.2387368,
              20.9484825
            ]
          ],
          [
            [
              52.2394559,
              20.9487986
            ],
            [
              52.2395506,
              20.9488415
            ],
            [
              52.2396946,
              20.9488971
            ],
            [
              52.2400464,
              20.949038
            ],
            [
              52.2401618,
              20.9490729
            ],
            [
              52.2402761,
              20.9490931
            ],
            [
              52.2403775,
              20.9491003
            ],
            [
              52.2407172,
              20.9490844
            ],
            [
              52.2409153,
              20.9490474
            ],
            [
              52.2411198,
              20.9489949
            ],
            [
              52.2413268,
              20.9489155
            ],
            [
              52.2413848,
              20.9488889
            ],
            [
              52.2416348,
              20.9487605
            ],
            [
              52.2417766,
              20.9486846
            ],
            [
              52.2419291,
              20.9486055
            ],
            [
              52.2420176,
              20.9485602
            ]
          ],
          [
            [
              52.238725,
              20.9486069
            ],
            [
              52.2388248,
              20.9486446
            ],
            [
              52.2388548,
              20.9486559
            ],
            [
              52.239014,
              20.9487163
            ],
            [
              52.2391385,
              20.9487602
            ],
            [
              52.2393425,
              20.9488151
            ],
            [
              52.2394559,
              20.9487986
            ]
          ],
          [
            [
              52.2462349,
              20.9476329
            ],
            [
              52.2463044,
              20.9476183
            ],
            [
              52.2464778,
              20.9475952
            ],
            [
              52.2465523,
              20.9475852
            ],
            [
              52.2465987,
              20.94758
            ],
            [
              52.246795,
              20.9475546
            ],
            [
              52.2468397,
              20.9475488
            ],
            [
              52.2468751,
              20.9475452
            ],
            [
              52.2469838,
              20.9475298
            ]
          ],
          [
            [
              52.2430889,
              20.9480299
            ],
            [
              52.2431034,
              20.9480237
            ],
            [
              52.2431594,
              20.9480092
            ],
            [
              52.2434456,
              20.9479746
            ],
            [
              52.2435205,
              20.9479638
            ],
            [
              52.2436576,
              20.9479463
            ],
            [
              52.2436927,
              20.9479417
            ],
            [
              52.2437759,
              20.9479323
            ],
            [
              52.2438832,
              20.9479198
            ],
            [
              52.2439641,
              20.947907
            ],
            [
              52.2441,
              20.9478901
            ],
            [
              52.2444596,
              20.947846
            ],
            [
              52.244667,
              20.94782
            ],
            [
              52.2449513,
              20.9477844
            ],
            [
              52.2451452,
              20.9477601
            ],
            [
              52.2452423,
              20.9477472
            ],
            [
              52.2453585,
              20.947731
            ],
            [
              52.2455096,
              20.9477127
            ],
            [
              52.2457741,
              20.9476807
            ],
            [
              52.2461496,
              20.9476508
            ],
            [
              52.2462349,
              20.9476329
            ]
          ],
          [
            [
              52.2428623,
              20.9481276
            ],
            [
              52.2429178,
              20.9481514
            ],
            [
              52.2429863,
              20.9481155
            ],
            [
              52.2430262,
              20.9480945
            ],
            [
              52.2430889,
              20.9480299
            ]
          ],
          [
            [
              52.2425044,
              20.9483127
            ],
            [
              52.24278,
              20.9481698
            ],
            [
              52.2428623,
              20.9481276
            ]
          ],
          [
            [
              52.2420176,
              20.9485602
            ],
            [
              52.2420324,
              20.9485238
            ],
            [
              52.2420712,
              20.9484896
            ],
            [
              52.2421057,
              20.9484723
            ],
            [
              52.2425044,
              20.9483127
            ]
          ]
        ]
      }
    },
    {
      "type": "Feature",
      "properties": {
        "name": "Józefa Bema",
        "highway": "residential"
      },
      "geometry": {
        "type": "MultiLineString",
        "coordinates": [
          [
            [
              52.2314998,
              20.9589543
            ],
            [
              52.2316515,
              20.9589539
            ],
            [
              52.2317719,
              20.9589658
            ]
          ],
          [
            [
              52.2253957,
              20.9595671
            ],
            [
              52.225592,
              20.9595481
            ],
            [
              52.2260147,
              20.9595073
            ],
            [
              52.2260976,
              20.9595
            ],
            [
              52.2261231,
              20.9594977
            ],
            [
              52.2262271,
              20.9594885
            ],
            [
              52.2262646,
              20.9594851
            ],
            [
              52.2264804,
              20.959466
            ],
            [
              52.2266707,
              20.9594492
            ],
            [
              52.2268505,
              20.9594332
            ],
            [
              52.2273154,
              20.9593926
            ],
            [
              52.2274767,
              20.9593785
            ],
            [
              52.227666,
              20.9593618
            ]
          ],
          [
            [
              52.2284752,
              20.9592828
            ],
            [
              52.2285883,
              20.9592805
            ],
            [
              52.2288281,
              20.9592528
            ],
            [
              52.2288737,
              20.959248
            ],
            [
              52.2289286,
              20.9592421
            ],
            [
              52.2289748,
              20.9592371
            ],
            [
              52.2291321,
              20.9592203
            ],
            [
              52.2292206,
              20.9592108
            ],
            [
              52.229595,
              20.9591723
            ],
            [
              52.2297101,
              20.9591507
            ],
            [
              52.2297637,
              20.9591407
            ],
            [
              52.2300567,
              20.9591078
            ],
            [
              52.230118,
              20.959101
            ],
            [
              52.2301912,
              20.9590929
            ],
            [
              52.2303823,
              20.9590763
            ],
            [
              52.2304822,
              20.9590741
            ],
            [
              52.2305976,
              20.9590623
            ],
            [
              52.2307766,
              20.9590439
            ],
            [
              52.2308534,
              20.9590293
            ],
            [
              52.2309492,
              20.9590111
            ],
            [
              52.2311803,
              20.9589859
            ],
            [
              52.2312607,
              20.9589782
            ],
            [
              52.2314112,
              20.9589638
            ],
            [
              52.2314998,
              20.9589543
            ]
          ],
          [
            [
              52.2314998,
              20.9589543
            ],
            [
              52.2315451,
              20.9589156
            ],
            [
              52.2315755,
              20.9588779
            ],
            [
              52.2316079,
              20.9588102
            ],
            [
              52.2316269,
              20.9587402
            ],
            [
              52.2316459,
              20.9585527
            ]
          ],
          [
            [
              52.2279918,
              20.9593282
            ],
            [
              52.2280722,
              20.9593199
            ],
            [
              52.2281085,
              20.9593167
            ],
            [
              52.2282263,
              20.9593067
            ]
          ],
          [
            [
              52.227666,
              20.9593618
            ],
            [
              52.2278104,
              20.959347
            ],
            [
              52.2278579,
              20.9593438
            ],
            [
              52.2278935,
              20.9593408
            ],
            [
              52.2279918,
              20.9593282
            ]
          ],
          [
            [
              52.2282263,
              20.9593067
            ],
            [
              52.2283226,
              20.9592978
            ],
            [
              52.2283569,
              20.9592946
            ],
            [
              52.2283947,
              20.9592904
            ],
            [
              52.2284752,
              20.9592828
            ]
          ],
          [
            [
              52.2248034,
              20.959741
            ],
            [
              52.2248395,
              20.9596762
            ],
            [
              52.2248718,
              20.9596369
            ],
            [
              52.2249114,
              20.9596164
            ],
            [
              52.2249395,
              20.9596093
            ],
            [
              52.2253214,
              20.9595739
            ],
            [
              52.2253957,
              20.9595671
            ]
          ]
        ]
      }
    },
    {
      "type": "Feature",
      "properties": {
        "name": "Bitwy pod Lenino",
        "highway": "residential"
      },
      "geometry": {
        "type": "MultiLineString",
        "coordinates": [
          [
            [
              52.2382607,
              20.9483482
            ],
            [
              52.2382729,
              20.9482299
            ],
            [
              52.2383224,
              20.9477519
            ],
            [
              52.2383699,
              20.9472289
            ],
            [
              52.2384731,
              20.9461716
            ],
            [
              52.2385818,
              20.9450063
            ],
            [
              52.2386669,
              20.9441438
            ],
            [
              52.2386655,
              20.9439623
            ],
            [
              52.2386497,
              20.9437869
            ],
            [
              52.2385987,
              20.9434704
            ],
            [
              52.2385892,
              20.9434034
            ]
          ],
          [
            [
              52.2385335,
              20.9429745
            ],
            [
              52.2385395,
              20.9430211
            ],
            [
              52.2385892,
              20.9434034
            ]
          ],
          [
            [
              52.2382446,
              20.9484774
            ],
            [
              52.2382607,
              20.9483482
            ]
          ],
          [
            [
              52.2385158,
              20.9428503
            ],
            [
              52.2385335,
              20.9429745
            ]
          ]
        ]
      }
    },
    {
      "type": "Feature",
      "properties": {
        "name": "Siedmiogrodzka",
        "highway": "tertiary"
      },
      "geometry": {
        "type": "MultiLineString",
        "coordinates": [
          [
            [
              52.231299,
              20.9689706
            ],
            [
              52.2313017,
              20.9689955
            ],
            [
              52.2313054,
              20.9690336
            ],
            [
              52.23132,
              20.9691905
            ],
            [
              52.2313531,
              20.9695146
            ],
            [
              52.2313694,
              20.9696736
            ],
            [
              52.2314001,
              20.9699849
            ],
            [
              52.2314165,
              20.9701512
            ],
            [
              52.2314812,
              20.9708062
            ],
            [
              52.2314991,
              20.970988
            ],
            [
              52.2315135,
              20.9711298
            ],
            [
              52.2316242,
              20.9722607
            ],
            [
              52.231768,
              20.9736579
            ],
            [
              52.2318825,
              20.9743351
            ],
            [
              52.2320665,
              20.9752581
            ],
            [
              52.2321304,
              20.9755788
            ],
            [
              52.2321549,
              20.9757015
            ]
          ],
          [
            [
              52.2321549,
              20.9757015
            ],
            [
              52.2322889,
              20.976218
            ],
            [
              52.2323059,
              20.9763486
            ]
          ],
          [
            [
              52.2321549,
              20.9757015
            ],
            [
              52.2322422,
              20.9762669
            ],
            [
              52.2322702,
              20.9763599
            ]
          ]
        ]
      }
    },
    {
      "type": "Feature",
      "properties": {
        "name": "Karolkowa",
        "highway": "residential"
      },
      "geometry": {
        "type": "MultiLineString",
        "coordinates": [
          [
            [
              52.2340368,
              20.977025
            ],
            [
              52.2341214,
              20.9770052
            ],
            [
              52.234608,
              20.976894
            ],
            [
              52.2348283,
              20.9768437
            ],
            [
              52.2348522,
              20.9768381
            ],
            [
              52.2352147,
              20.9767555
            ],
            [
              52.2353511,
              20.9767253
            ],
            [
              52.235458,
              20.9767017
            ],
            [
              52.2356339,
              20.9766623
            ]
          ],
          [
            [
              52.2378598,
              20.9758702
            ],
            [
              52.2379445,
              20.9758346
            ],
            [
              52.237975,
              20.9758217
            ],
            [
              52.2380079,
              20.9758082
            ],
            [
              52.2388237,
              20.9754729
            ],
            [
              52.2391396,
              20.9753399
            ],
            [
              52.2392252,
              20.9753038
            ],
            [
              52.2393593,
              20.9752489
            ],
            [
              52.239429,
              20.9752206
            ],
            [
              52.239617,
              20.9751476
            ],
            [
              52.2396307,
              20.9751423
            ],
            [
              52.2400141,
              20.9749935
            ],
            [
              52.2405935,
              20.974766
            ],
            [
              52.2406537,
              20.9747424
            ],
            [
              52.2407395,
              20.9747087
            ],
            [
              52.2409469,
              20.974624
            ],
            [
              52.2410215,
              20.9745941
            ],
            [
              52.2410901,
              20.9745669
            ],
            [
              52.2412899,
              20.9744877
            ],
            [
              52.2413282,
              20.9744738
            ]
          ],
          [
            [
              52.2294493,
              20.9782336
            ],
            [
              52.2295751,
              20.9782
            ],
            [
              52.2296178,
              20.9781885
            ],
            [
              52.2296594,
              20.9781774
            ],
            [
              52.2298771,
              20.9781174
            ],
            [
              52.2300562,
              20.9780704
            ]
          ],
          [
            [
              52.2272639,
              20.9786881
            ],
            [
              52.2273695,
              20.9787086
            ],
            [
              52.2274845,
              20.9787102
            ],
            [
              52.227556,
              20.9787055
            ],
            [
              52.2278004,
              20.9786557
            ]
          ],
          [
            [
              52.2292097,
              20.9783003
            ],
            [
              52.2293145,
              20.9782724
            ],
            [
              52.229344,
              20.978263
            ],
            [
              52.2294493,
              20.9782336
            ]
          ],
          [
            [
              52.2287202,
              20.9784167
            ],
            [
              52.2290215,
              20.9783437
            ],
            [
              52.229066,
              20.9783326
            ],
            [
              52.2290998,
              20.9783249
            ],
            [
              52.2292097,
              20.9783003
            ]
          ],
          [
            [
              52.2320627,
              20.9775544
            ],
            [
              52.2321146,
              20.9775399
            ],
            [
              52.2323279,
              20.9774803
            ],
            [
              52.232374,
              20.9774674
            ],
            [
              52.2325025,
              20.9774439
            ]
          ],
          [
            [
              52.2307057,
              20.9778592
            ],
            [
              52.2308357,
              20.9778242
            ],
            [
              52.230956,
              20.9777919
            ],
            [
              52.2312037,
              20.977725
            ],
            [
              52.2314142,
              20.9776682
            ],
            [
              52.2317923,
              20.9775746
            ],
            [
              52.2320627,
              20.9775544
            ]
          ],
          [
            [
              52.2307143,
              20.9779498
            ],
            [
              52.230842,
              20.977917
            ],
            [
              52.2309655,
              20.9778846
            ],
            [
              52.2312141,
              20.9778213
            ],
            [
              52.2316991,
              20.9776924
            ]
          ],
          [
            [
              52.2367821,
              20.9763087
            ],
            [
              52.2373358,
              20.9760832
            ],
            [
              52.2375026,
              20.9760155
            ],
            [
              52.237613,
              20.97597
            ],
            [
              52.237653,
              20.9759535
            ],
            [
              52.2377288,
              20.9759231
            ]
          ],
          [
            [
              52.2377288,
              20.9759231
            ],
            [
              52.2378598,
              20.9758702
            ]
          ],
          [
            [
              52.2278004,
              20.9786557
            ],
            [
              52.2279148,
              20.9786305
            ],
            [
              52.2280113,
              20.978604
            ],
            [
              52.2283074,
              20.9785227
            ],
            [
              52.2284919,
              20.9784753
            ],
            [
              52.2287202,
              20.9784167
            ]
          ],
          [
            [
              52.2316991,
              20.9776924
            ],
            [
              52.2320627,
              20.9775544
            ]
          ],
          [
            [
              52.2302381,
              20.9780242
            ],
            [
              52.2305937,
              20.9779837
            ]
          ],
          [
            [
              52.2300562,
              20.9780704
            ],
            [
              52.2302381,
              20.9780242
            ]
          ],
          [
            [
              52.2302381,
              20.9780242
            ],
            [
              52.2305845,
              20.9778919
            ]
          ],
          [
            [
              52.2364553,
              20.9764407
            ],
            [
              52.2367821,
              20.9763087
            ]
          ],
          [
            [
              52.2325025,
              20.9774439
            ],
            [
              52.2326109,
              20.9774273
            ],
            [
              52.2326474,
              20.9774178
            ],
            [
              52.2329379,
              20.9773409
            ],
            [
              52.2329808,
              20.9773295
            ],
            [
              52.2338871,
              20.9770682
            ],
            [
              52.2340368,
              20.977025
            ]
          ],
          [
            [
              52.2356339,
              20.9766623
            ],
            [
              52.2356511,
              20.9766404
            ],
            [
              52.235662,
              20.9766204
            ],
            [
              52.235668,
              20.9766093
            ],
            [
              52.2356813,
              20.9765793
            ],
            [
              52.2356925,
              20.9765463
            ],
            [
              52.2356989,
              20.9765064
            ],
            [
              52.2357209,
              20.9763631
            ]
          ],
          [
            [
              52.2356339,
              20.9766623
            ],
            [
              52.2356564,
              20.97666
            ],
            [
              52.2356719,
              20.9766616
            ],
            [
              52.2356805,
              20.9766625
            ],
            [
              52.2357058,
              20.9766681
            ],
            [
              52.2357318,
              20.976682
            ],
            [
              52.2357615,
              20.9767095
            ],
            [
              52.2357902,
              20.9767465
            ],
            [
              52.2358077,
              20.9767809
            ]
          ],
          [
            [
              52.2305937,
              20.9779837
            ],
            [
              52.2307143,
              20.9779498
            ]
          ],
          [
            [
              52.2305845,
              20.9778919
            ],
            [
              52.2307057,
              20.9778592
            ]
          ]
        ]
      }
    },
    {
      "type": "Feature",
      "properties": {
        "name": "Monte Cassino",
        "highway": "residential"
      },
      "geometry": {
        "type": "MultiLineString",
        "coordinates": [
          [
            [
              52.2360998,
              20.9478651
            ],
            [
              52.2361125,
              20.9477361
            ],
            [
              52.2361846,
              20.9470051
            ],
            [
              52.2362202,
              20.9466441
            ],
            [
              52.2362295,
              20.9465494
            ],
            [
              52.2362353,
              20.9458453
            ],
            [
              52.2362353,
              20.9457021
            ],
            [
              52.2362351,
              20.945147
            ],
            [
              52.2362402,
              20.9448862
            ],
            [
              52.2362649,
              20.944745
            ],
            [
              52.2363065,
              20.9446049
            ],
            [
              52.2363409,
              20.9445246
            ],
            [
              52.2363822,
              20.9444632
            ],
            [
              52.2364537,
              20.9443911
            ],
            [
              52.2365107,
              20.9443815
            ],
            [
              52.2366195,
              20.9444022
            ],
            [
              52.2369667,
              20.944512
            ],
            [
              52.2373431,
              20.9446168
            ],
            [
              52.237398,
              20.9446184
            ],
            [
              52.2374593,
              20.9446112
            ],
            [
              52.2375247,
              20.944598
            ],
            [
              52.2376102,
              20.9445807
            ]
          ]
        ]
      }
    },
    {
      "type": "Feature",
      "properties": {
        "name": "Batalionu AK „Parasol”",
        "highway": "residential"
      },
      "geometry": {
        "type": "MultiLineString",
        "coordinates": [
          [
            [
              52.2376102,
              20.9445807
            ],
            [
              52.2375874,
              20.94426
            ],
            [
              52.2375821,
              20.944183
            ],
            [
              52.2375797,
              20.9440902
            ],
            [
              52.2375848,
              20.9439848
            ],
            [
              52.2376134,
              20.9437393
            ],
            [
              52.2376184,
              20.9436963
            ],
            [
              52.2376784,
              20.9431864
            ],
            [
              52.2376877,
              20.9431313
            ],
            [
              52.2377073,
              20.9430427
            ],
            [
              52.2377233,
              20.94297
            ]
          ],
          [
            [
              52.237365,
              20.9481865
            ],
            [
              52.2373691,
              20.948109
            ],
            [
              52.2373728,
              20.9480411
            ],
            [
              52.2374407,
              20.9473211
            ],
            [
              52.2374614,
              20.9471012
            ],
            [
              52.2374628,
              20.9470762
            ],
            [
              52.2374711,
              20.946937
            ],
            [
              52.2375297,
              20.9463264
            ],
            [
              52.2375736,
              20.945874
            ],
            [
              52.2376184,
              20.9454088
            ],
            [
              52.2376363,
              20.9452148
            ],
            [
              52.2376426,
              20.9450949
            ],
            [
              52.2376385,
              20.9449856
            ],
            [
              52.2376243,
              20.944783
            ],
            [
              52.2376102,
              20.9445807
            ]
          ]
        ]
      }
    },
    {
      "type": "Feature",
      "properties": {
        "name": "Góralska",
        "highway": "residential"
      },
      "geometry": {
        "type": "MultiLineString",
        "coordinates": [
          [
            [
              52.2382819,
              20.9385715
            ],
            [
              52.2387517,
              20.9384247
            ],
            [
              52.2391236,
              20.9382849
            ],
            [
              52.2392002,
              20.9382428
            ],
            [
              52.2392568,
              20.9382091
            ]
          ],
          [
            [
              52.2392568,
              20.9382091
            ],
            [
              52.2393993,
              20.9381517
            ],
            [
              52.2394612,
              20.9381282
            ],
            [
              52.2395252,
              20.9381039
            ],
            [
              52.2395945,
              20.9380916
            ]
          ],
          [
            [
              52.2365171,
              20.9390944
            ],
            [
              52.236618,
              20.9390878
            ],
            [
              52.236786,
              20.9390252
            ],
            [
              52.2372598,
              20.9388934
            ],
            [
              52.2375219,
              20.9388209
            ],
            [
              52.2375973,
              20.9387999
            ],
            [
              52.2377229,
              20.9387611
            ],
            [
              52.2381783,
              20.938604
            ],
            [
              52.2382819,
              20.9385715
            ]
          ],
          [
            [
              52.2395945,
              20.9380916
            ],
            [
              52.2397193,
              20.9381225
            ]
          ]
        ]
      }
    },
    {
      "type": "Feature",
      "properties": {
        "name": "Okocimska",
        "highway": "residential"
      },
      "geometry": {
        "type": "MultiLineString",
        "coordinates": [
          [
            [
              52.237841,
              20.9422094
            ],
            [
              52.2379453,
              20.9421732
            ],
            [
              52.2383034,
              20.9420494
            ],
            [
              52.238441,
              20.9420032
            ],
            [
              52.2386353,
              20.941938
            ],
            [
              52.2386828,
              20.9419204
            ],
            [
              52.2386709,
              20.9418221
            ],
            [
              52.2386483,
              20.941608
            ],
            [
              52.2386317,
              20.9414689
            ],
            [
              52.2386275,
              20.9414336
            ],
            [
              52.2385927,
              20.9411412
            ],
            [
              52.2385594,
              20.9408616
            ],
            [
              52.2384666,
              20.9400822
            ],
            [
              52.2384621,
              20.9400441
            ],
            [
              52.2383709,
              20.9392661
            ],
            [
              52.2383007,
              20.9386992
            ],
            [
              52.2382819,
              20.9385715
            ]
          ],
          [
            [
              52.2385331,
              20.9366299
            ],
            [
              52.2385582,
              20.9368291
            ],
            [
              52.2385888,
              20.9370654
            ],
            [
              52.2386142,
              20.9372812
            ],
            [
              52.2387357,
              20.938289
            ],
            [
              52.2387517,
              20.9384247
            ]
          ],
          [
            [
              52.2386828,
              20.9419204
            ],
            [
              52.2387163,
              20.9422203
            ],
            [
              52.2387555,
              20.9425686
            ]
          ]
        ]
      }
    },
    {
      "type": "Feature",
      "properties": {
        "name": "Grzybowska",
        "highway": "tertiary"
      },
      "geometry": {
        "type": "MultiLineString",
        "coordinates": [
          [
            [
              52.2359509,
              20.9970073
            ],
            [
              52.2359733,
              20.9970988
            ],
            [
              52.2359837,
              20.9971414
            ],
            [
              52.2360059,
              20.9972304
            ]
          ],
          [
            [
              52.2355239,
              20.9948705
            ],
            [
              52.2355618,
              20.9949946
            ],
            [
              52.2356955,
              20.9956648
            ],
            [
              52.2357773,
              20.9960378
            ]
          ],
          [
            [
              52.235711,
              20.9962001
            ],
            [
              52.2357211,
              20.9962987
            ],
            [
              52.2357293,
              20.9963919
            ],
            [
              52.2357516,
              20.9967012
            ],
            [
              52.2357603,
              20.996782
            ],
            [
              52.235769,
              20.9968628
            ]
          ],
          [
            [
              52.2333559,
              20.9826762
            ],
            [
              52.2333682,
              20.9827508
            ],
            [
              52.233436,
              20.9831626
            ],
            [
              52.2334862,
              20.9834621
            ],
            [
              52.2334953,
              20.9835194
            ],
            [
              52.2335236,
              20.983698
            ],
            [
              52.2335628,
              20.9839452
            ],
            [
              52.2336009,
              20.9841859
            ],
            [
              52.2336303,
              20.9843767
            ]
          ],
          [
            [
              52.2332285,
              20.9818883
            ],
            [
              52.2332658,
              20.9821197
            ],
            [
              52.2332736,
              20.9821687
            ],
            [
              52.2333112,
              20.9824021
            ]
          ],
          [
            [
              52.234912,
              20.9920389
            ],
            [
              52.2349534,
              20.992255
            ],
            [
              52.2349885,
              20.9924151
            ]
          ],
          [
            [
              52.2329957,
              20.9804707
            ],
            [
              52.2330192,
              20.9806112
            ],
            [
              52.2330749,
              20.9809576
            ],
            [
              52.2331053,
              20.9811413
            ],
            [
              52.233177,
              20.9815739
            ],
            [
              52.2331915,
              20.9816615
            ],
            [
              52.2332004,
              20.9817146
            ]
          ],
          [
            [
              52.2343136,
              20.9886694
            ],
            [
              52.2343753,
              20.9890565
            ],
            [
              52.2343837,
              20.9891094
            ],
            [
              52.2344211,
              20.9893332
            ],
            [
              52.2344623,
              20.9895797
            ],
            [
              52.2345426,
              20.9900605
            ]
          ],
          [
            [
              52.2358058,
              20.9970668
            ],
            [
              52.2358252,
              20.9971599
            ],
            [
              52.2358364,
              20.9972024
            ],
            [
              52.2358623,
              20.9972897
            ]
          ],
          [
            [
              52.2346622,
              20.9907711
            ],
            [
              52.2346934,
              20.9909321
            ],
            [
              52.2347062,
              20.990997
            ],
            [
              52.2348141,
              20.9915432
            ],
            [
              52.234912,
              20.9920389
            ]
          ],
          [
            [
              52.2350318,
              20.9925677
            ],
            [
              52.2351281,
              20.9930492
            ],
            [
              52.2351698,
              20.9932554
            ]
          ],
          [
            [
              52.2336303,
              20.9843767
            ],
            [
              52.2336746,
              20.9846637
            ],
            [
              52.2336818,
              20.9847104
            ],
            [
              52.2337168,
              20.9849475
            ],
            [
              52.2337632,
              20.9852404
            ],
            [
              52.2337751,
              20.9853181
            ],
            [
              52.2338034,
              20.9855022
            ]
          ],
          [
            [
              52.2338034,
              20.9855022
            ],
            [
              52.2338228,
              20.985625
            ],
            [
              52.233835,
              20.9857019
            ],
            [
              52.2339141,
              20.9861998
            ],
            [
              52.2339993,
              20.9867359
            ]
          ],
          [
            [
              52.2354732,
              20.9947529
            ],
            [
              52.2355239,
              20.9948705
            ]
          ],
          [
            [
              52.2351698,
              20.9932554
            ],
            [
              52.2352803,
              20.9938076
            ],
            [
              52.2353863,
              20.9943265
            ],
            [
              52.2354619,
              20.9946966
            ]
          ],
          [
            [
              52.2349885,
              20.9924151
            ],
            [
              52.2350318,
              20.9925677
            ]
          ],
          [
            [
              52.2357773,
              20.9960378
            ],
            [
              52.235891,
              20.9966804
            ]
          ],
          [
            [
              52.2359169,
              20.9968128
            ],
            [
              52.2359509,
              20.9970073
            ]
          ],
          [
            [
              52.2354732,
              20.9947529
            ],
            [
              52.2354828,
              20.9949433
            ],
            [
              52.2354964,
              20.9950279
            ],
            [
              52.2355194,
              20.99515
            ],
            [
              52.23569,
              20.9960591
            ],
            [
              52.235711,
              20.9962001
            ]
          ],
          [
            [
              52.2354619,
              20.9946966
            ],
            [
              52.2354732,
              20.9947529
            ]
          ],
          [
            [
              52.235891,
              20.9966804
            ],
            [
              52.2359014,
              20.9967362
            ],
            [
              52.2359169,
              20.9968128
            ]
          ],
          [
            [
              52.235769,
              20.9968628
            ],
            [
              52.2357759,
              20.9969114
            ],
            [
              52.2357851,
              20.9969678
            ],
            [
              52.2358058,
              20.9970668
            ]
          ],
          [
            [
              52.2345426,
              20.9900605
            ],
            [
              52.234614,
              20.9904875
            ],
            [
              52.2346243,
              20.9905491
            ],
            [
              52.2346622,
              20.9907711
            ]
          ],
          [
            [
              52.2342197,
              20.9880947
            ],
            [
              52.2342531,
              20.9882992
            ],
            [
              52.2343136,
              20.9886694
            ]
          ],
          [
            [
              52.2339993,
              20.9867359
            ],
            [
              52.2340508,
              20.9870603
            ],
            [
              52.2341629,
              20.9877465
            ],
            [
              52.2341886,
              20.9879041
            ]
          ],
          [
            [
              52.2332004,
              20.9817146
            ],
            [
              52.2332285,
              20.9818883
            ]
          ],
          [
            [
              52.2333112,
              20.9824021
            ],
            [
              52.2333478,
              20.9826231
            ]
          ],
          [
            [
              52.2341886,
              20.9879041
            ],
            [
              52.2342197,
              20.9880947
            ]
          ],
          [
            [
              52.2333478,
              20.9826231
            ],
            [
              52.2333559,
              20.9826762
            ]
          ]
        ]
      }
    },
    {
      "type": "Feature",
      "properties": {
        "name": "Elektoralna",
        "highway": "residential"
      },
      "geometry": {
        "type": "MultiLineString",
        "coordinates": [
          [
            [
              52.2394544,
              20.9954825
            ],
            [
              52.2394973,
              20.995605
            ],
            [
              52.2395113,
              20.9956446
            ],
            [
              52.2395534,
              20.9957593
            ]
          ],
          [
            [
              52.2388308,
              20.9937912
            ],
            [
              52.2388841,
              20.9939045
            ],
            [
              52.2390175,
              20.9942714
            ],
            [
              52.2391415,
              20.9946156
            ],
            [
              52.2393559,
              20.9952064
            ],
            [
              52.2393811,
              20.9952778
            ],
            [
              52.2394036,
              20.9953402
            ]
          ],
          [
            [
              52.2384387,
              20.9926839
            ],
            [
              52.2384559,
              20.992741
            ],
            [
              52.2386729,
              20.9933477
            ],
            [
              52.2386866,
              20.993392
            ],
            [
              52.2387128,
              20.9934763
            ]
          ],
          [
            [
              52.2394036,
              20.9953402
            ],
            [
              52.2394544,
              20.9954825
            ]
          ],
          [
            [
              52.2387128,
              20.9934763
            ],
            [
              52.2387841,
              20.9936659
            ],
            [
              52.2388225,
              20.9937691
            ],
            [
              52.2388308,
              20.9937912
            ]
          ]
        ]
      }
    },
    {
      "type": "Feature",
      "properties": {
        "name": "Chłodna",
        "highway": "residential"
      },
      "geometry": {
        "type": "MultiLineString",
        "coordinates": [
          [
            [
              52.2371865,
              20.9891735
            ],
            [
              52.2372463,
              20.9894211
            ],
            [
              52.2372608,
              20.989486
            ],
            [
              52.2373462,
              20.9898507
            ],
            [
              52.2373754,
              20.9899755
            ],
            [
              52.2374717,
              20.9903734
            ],
            [
              52.2376118,
              20.9909546
            ],
            [
              52.2376606,
              20.9911506
            ],
            [
              52.2378869,
              20.9920687
            ],
            [
              52.237941,
              20.9922979
            ],
            [
              52.2379737,
              20.9924351
            ],
            [
              52.2382743,
              20.9936595
            ],
            [
              52.2383491,
              20.9936302
            ],
            [
              52.2387128,
              20.9934763
            ]
          ],
          [
            [
              52.2361628,
              20.9846875
            ],
            [
              52.2361971,
              20.9848485
            ],
            [
              52.2363689,
              20.9856067
            ],
            [
              52.2365823,
              20.9865539
            ],
            [
              52.2366129,
              20.9866847
            ],
            [
              52.2367489,
              20.9872863
            ],
            [
              52.2368161,
              20.9875839
            ],
            [
              52.2368758,
              20.9878298
            ],
            [
              52.2369484,
              20.9881289
            ],
            [
              52.2370189,
              20.9884195
            ],
            [
              52.2370701,
              20.9886786
            ],
            [
              52.2370935,
              20.9887996
            ],
            [
              52.2371208,
              20.9889089
            ],
            [
              52.2371336,
              20.9889607
            ],
            [
              52.2371865,
              20.9891735
            ]
          ],
          [
            [
              52.2374241,
              20.9898393
            ],
            [
              52.2375835,
              20.9902926
            ],
            [
              52.2376501,
              20.9904816
            ],
            [
              52.2378145,
              20.9909477
            ]
          ],
          [
            [
              52.2356359,
              20.9807926
            ],
            [
              52.2356516,
              20.9809561
            ],
            [
              52.2356567,
              20.9810139
            ],
            [
              52.2356641,
              20.9810874
            ],
            [
              52.2356751,
              20.9811961
            ],
            [
              52.2356776,
              20.9812419
            ],
            [
              52.2356766,
              20.9812802
            ],
            [
              52.2356739,
              20.9813192
            ],
            [
              52.2356723,
              20.981335
            ],
            [
              52.2356667,
              20.981353
            ]
          ],
          [
            [
              52.2356667,
              20.981353
            ],
            [
              52.2356954,
              20.9815862
            ],
            [
              52.2357157,
              20.9817514
            ],
            [
              52.2357623,
              20.982076
            ],
            [
              52.2358133,
              20.9824326
            ],
            [
              52.2358183,
              20.9824676
            ],
            [
              52.2358763,
              20.9828722
            ],
            [
              52.2358955,
              20.9829974
            ],
            [
              52.235987,
              20.9835955
            ],
            [
              52.2360164,
              20.9837876
            ],
            [
              52.2361391,
              20.9845421
            ],
            [
              52.2361628,
              20.9846875
            ]
          ],
          [
            [
              52.2355613,
              20.980821
            ],
            [
              52.2355864,
              20.9809759
            ],
            [
              52.2355945,
              20.9810309
            ],
            [
              52.235611,
              20.9811437
            ]
          ],
          [
            [
              52.235611,
              20.9811437
            ],
            [
              52.2356206,
              20.9812092
            ],
            [
              52.2356375,
              20.9812953
            ],
            [
              52.2356468,
              20.9813198
            ],
            [
              52.2356521,
              20.9813308
            ],
            [
              52.2356667,
              20.981353
            ]
          ],
          [
            [
              52.2355342,
              20.9806633
            ],
            [
              52.2355381,
              20.9806899
            ],
            [
              52.2355613,
              20.980821
            ]
          ],
          [
            [
              52.2356209,
              20.9806357
            ],
            [
              52.2356226,
              20.9806629
            ],
            [
              52.2356359,
              20.9807926
            ]
          ]
        ]
      }
    },
    {
      "type": "Feature",
      "properties": {
        "name": "Piaskowa",
        "highway": "residential"
      },
      "geometry": {
        "type": "MultiLineString",
        "coordinates": [
          [
            [
              52.2540134,
              20.975862
            ],
            [
              52.2540338,
              20.9758761
            ],
            [
              52.2541039,
              20.975925
            ],
            [
              52.2544059,
              20.976099
            ],
            [
              52.2544262,
              20.9761107
            ],
            [
              52.2544891,
              20.9761469
            ],
            [
              52.2545768,
              20.9761974
            ],
            [
              52.2547395,
              20.9763004
            ],
            [
              52.2553285,
              20.9766238
            ],
            [
              52.255372,
              20.976648
            ]
          ],
          [
            [
              52.255372,
              20.976648
            ],
            [
              52.2554646,
              20.9766996
            ],
            [
              52.2558069,
              20.97689
            ],
            [
              52.2559926,
              20.9769993
            ],
            [
              52.2560501,
              20.9770478
            ],
            [
              52.2561072,
              20.9771232
            ],
            [
              52.2561585,
              20.9772149
            ],
            [
              52.2563157,
              20.9776277
            ],
            [
              52.2563453,
              20.977731
            ]
          ],
          [
            [
              52.2537208,
              20.9757086
            ],
            [
              52.253785,
              20.9757399
            ],
            [
              52.2538213,
              20.9757591
            ],
            [
              52.2540134,
              20.975862
            ]
          ]
        ]
      }
    },
    {
      "type": "Feature",
      "properties": {
        "name": "Miła",
        "highway": "residential"
      },
      "geometry": {
        "type": "MultiLineString",
        "coordinates": [
          [
            [
              52.2483761,
              20.983479
            ],
            [
              52.2484026,
              20.98357
            ],
            [
              52.2484302,
              20.9836587
            ],
            [
              52.2485459,
              20.9840228
            ],
            [
              52.2492623,
              20.98626
            ],
            [
              52.2492817,
              20.98631
            ],
            [
              52.2494075,
              20.9866985
            ],
            [
              52.2494247,
              20.9867519
            ],
            [
              52.2494672,
              20.9868728
            ]
          ],
          [
            [
              52.2476816,
              20.9809041
            ],
            [
              52.2476998,
              20.9809051
            ],
            [
              52.2477356,
              20.9809405
            ],
            [
              52.2477667,
              20.9809878
            ],
            [
              52.2477802,
              20.981037
            ],
            [
              52.2478428,
              20.9813034
            ],
            [
              52.2479416,
              20.9817241
            ],
            [
              52.2481598,
              20.9826112
            ],
            [
              52.2482061,
              20.9827997
            ],
            [
              52.2483333,
              20.9833167
            ],
            [
              52.2483539,
              20.9833976
            ],
            [
              52.2483761,
              20.983479
            ]
          ]
        ]
      }
    },
    {
      "type": "Feature",
      "properties": {
        "name": "Smocza",
        "highway": "residential"
      },
      "geometry": {
        "type": "MultiLineString",
        "coordinates": [
          [
            [
              52.2417876,
              20.9882953
            ],
            [
              52.2418802,
              20.9882197
            ],
            [
              52.2419279,
              20.9881808
            ]
          ],
          [
            [
              52.2445304,
              20.9863769
            ],
            [
              52.245047,
              20.986096
            ],
            [
              52.2451609,
              20.9860343
            ],
            [
              52.2452081,
              20.9860077
            ],
            [
              52.2452479,
              20.9859817
            ],
            [
              52.2452863,
              20.9859533
            ],
            [
              52.2453421,
              20.9859096
            ],
            [
              52.2454297,
              20.9858409
            ],
            [
              52.2456179,
              20.9856931
            ],
            [
              52.245677,
              20.9856439
            ],
            [
              52.2457052,
              20.9856201
            ],
            [
              52.2458246,
              20.9855152
            ],
            [
              52.2458618,
              20.9854824
            ],
            [
              52.2459039,
              20.9854472
            ],
            [
              52.2459526,
              20.985409
            ],
            [
              52.2460883,
              20.9853039
            ],
            [
              52.2461283,
              20.9852729
            ],
            [
              52.246251,
              20.9851723
            ]
          ],
          [
            [
              52.243372,
              20.9872902
            ],
            [
              52.243449,
              20.9872379
            ],
            [
              52.2439327,
              20.986846
            ],
            [
              52.2443977,
              20.9864739
            ],
            [
              52.2444406,
              20.9864402
            ],
            [
              52.2444899,
              20.9864043
            ],
            [
              52.2445304,
              20.9863769
            ]
          ],
          [
            [
              52.246251,
              20.9851723
            ],
            [
              52.2463739,
              20.985077
            ],
            [
              52.2464088,
              20.9850497
            ],
            [
              52.2465445,
              20.9849436
            ],
            [
              52.2465561,
              20.9849338
            ],
            [
              52.2465659,
              20.9849251
            ],
            [
              52.2465757,
              20.9849157
            ],
            [
              52.2465854,
              20.984906
            ],
            [
              52.2466069,
              20.984883
            ],
            [
              52.2466188,
              20.9848712
            ],
            [
              52.246631,
              20.9848599
            ],
            [
              52.2466433,
              20.9848493
            ],
            [
              52.2470344,
              20.9845373
            ],
            [
              52.2470998,
              20.9844851
            ],
            [
              52.2471565,
              20.98444
            ],
            [
              52.2474398,
              20.9842145
            ],
            [
              52.2475826,
              20.9840997
            ],
            [
              52.2477019,
              20.9840045
            ],
            [
              52.2481736,
              20.983628
            ],
            [
              52.2482807,
              20.9835464
            ],
            [
              52.2483761,
              20.983479
            ],
            [
              52.2484766,
              20.9834075
            ],
            [
              52.2487387,
              20.9831989
            ],
            [
              52.2488929,
              20.9830648
            ],
            [
              52.2493803,
              20.982671
            ],
            [
              52.2494146,
              20.9826437
            ],
            [
              52.249472,
              20.9825973
            ],
            [
              52.2499599,
              20.982214
            ],
            [
              52.2501043,
              20.982094
            ],
            [
              52.250139,
              20.9820676
            ],
            [
              52.2501688,
              20.982045
            ],
            [
              52.2502825,
              20.9819767
            ]
          ],
          [
            [
              52.2432477,
              20.9873425
            ],
            [
              52.2432726,
              20.9873325
            ],
            [
              52.243372,
              20.9872902
            ]
          ],
          [
            [
              52.2419279,
              20.9881808
            ],
            [
              52.2421191,
              20.9880255
            ],
            [
              52.242349,
              20.9878387
            ],
            [
              52.2424857,
              20.9877255
            ],
            [
              52.2425532,
              20.9876699
            ],
            [
              52.2425653,
              20.9876581
            ],
            [
              52.242826,
              20.9874769
            ],
            [
              52.2432477,
              20.9873425
            ]
          ]
        ]
      }
    },
    {
      "type": "Feature",
      "properties": {
        "name": "Nowolipie",
        "highway": "residential"
      },
      "geometry": {
        "type": "MultiLineString",
        "coordinates": [
          [
            [
              52.2417876,
              20.9882953
            ],
            [
              52.2417914,
              20.9883493
            ],
            [
              52.2418065,
              20.9883967
            ],
            [
              52.2420597,
              20.9891924
            ],
            [
              52.2420729,
              20.9892332
            ],
            [
              52.2426201,
              20.9909257
            ],
            [
              52.2426327,
              20.9909648
            ],
            [
              52.2430047,
              20.992119
            ],
            [
              52.2430211,
              20.9921691
            ],
            [
              52.2430589,
              20.9922743
            ],
            [
              52.2430801,
              20.9923357
            ]
          ],
          [
            [
              52.24105,
              20.9860266
            ],
            [
              52.2411091,
              20.9862094
            ],
            [
              52.2415819,
              20.987663
            ],
            [
              52.2417283,
              20.9881132
            ],
            [
              52.2417876,
              20.9882953
            ]
          ]
        ]
      }
    },
    {
      "type": "Feature",
      "properties": {
        "name": "Śliska",
        "highway": "residential"
      },
      "geometry": {
        "type": "MultiLineString",
        "coordinates": [
          [
            [
              52.2312912,
              20.995894
            ],
            [
              52.2312752,
              20.9960032
            ],
            [
              52.2312738,
              20.9960654
            ],
            [
              52.2312834,
              20.9961539
            ],
            [
              52.2317642,
              20.9984726
            ],
            [
              52.2318221,
              20.9987341
            ]
          ]
        ]
      }
    },
    {
      "type": "Feature",
      "properties": {
        "name": "Marcina Bielskiego",
        "highway": "residential"
      },
      "geometry": {
        "type": "MultiLineString",
        "coordinates": [
          [
            [
              52.2395486,
              20.9479192
            ],
            [
              52.2395932,
              20.9474716
            ],
            [
              52.2396321,
              20.9470733
            ],
            [
              52.2396504,
              20.9468863
            ],
            [
              52.2397251,
              20.9460406
            ],
            [
              52.2397376,
              20.9459095
            ]
          ],
          [
            [
              52.2394559,
              20.9487986
            ],
            [
              52.2394744,
              20.9486677
            ],
            [
              52.2395034,
              20.9483639
            ],
            [
              52.239533,
              20.9480711
            ],
            [
              52.2395486,
              20.9479192
            ]
          ]
        ]
      }
    },
    {
      "type": "Feature",
      "properties": {
        "name": "Astronomów",
        "highway": "residential"
      },
      "geometry": {
        "type": "MultiLineString",
        "coordinates": [
          [
            [
              52.2411626,
              20.9416471
            ],
            [
              52.2411875,
              20.9417678
            ],
            [
              52.241391,
              20.942753
            ],
            [
              52.2415368,
              20.9435409
            ],
            [
              52.241688,
              20.9442952
            ],
            [
              52.2417919,
              20.9448586
            ],
            [
              52.2417947,
              20.9448739
            ],
            [
              52.2418392,
              20.9451171
            ],
            [
              52.2418542,
              20.9451958
            ],
            [
              52.2418647,
              20.9452515
            ]
          ]
        ]
      }
    },
    {
      "type": "Feature",
      "properties": {
        "name": "Jana Brożka",
        "highway": "residential"
      },
      "geometry": {
        "type": "MultiLineString",
        "coordinates": [
          [
            [
              52.2412043,
              20.9377171
            ],
            [
              52.2414512,
              20.9377485
            ],
            [
              52.2418516,
              20.9377994
            ],
            [
              52.2420124,
              20.9378557
            ],
            [
              52.2420845,
              20.9379362
            ],
            [
              52.2421146,
              20.9380027
            ],
            [
              52.2421763,
              20.9382282
            ],
            [
              52.2422695,
              20.9386878
            ],
            [
              52.2423578,
              20.9391235
            ],
            [
              52.2423784,
              20.939233
            ],
            [
              52.2425303,
              20.9400392
            ],
            [
              52.2425839,
              20.940324
            ],
            [
              52.2426187,
              20.9405085
            ],
            [
              52.2426471,
              20.9406593
            ],
            [
              52.2426801,
              20.9408539
            ]
          ],
          [
            [
              52.2433838,
              20.9444867
            ],
            [
              52.2434115,
              20.9446336
            ],
            [
              52.2435905,
              20.9455747
            ],
            [
              52.2436096,
              20.9456691
            ],
            [
              52.243642,
              20.9458547
            ],
            [
              52.2436749,
              20.9461
            ],
            [
              52.2437073,
              20.946386
            ],
            [
              52.2437121,
              20.946489
            ],
            [
              52.2437716,
              20.9477383
            ],
            [
              52.2437739,
              20.9477918
            ],
            [
              52.2437759,
              20.9479323
            ]
          ],
          [
            [
              52.2430889,
              20.9429572
            ],
            [
              52.2431339,
              20.943181
            ],
            [
              52.2432001,
              20.94352
            ],
            [
              52.2433563,
              20.9443301
            ],
            [
              52.2433838,
              20.9444867
            ]
          ],
          [
            [
              52.2430069,
              20.9425309
            ],
            [
              52.2430889,
              20.9429572
            ]
          ],
          [
            [
              52.2426801,
              20.9408539
            ],
            [
              52.2427047,
              20.9409745
            ],
            [
              52.242882,
              20.9418815
            ],
            [
              52.2429031,
              20.9419896
            ],
            [
              52.2430069,
              20.9425309
            ]
          ]
        ]
      }
    },
    {
      "type": "Feature",
      "properties": {
        "name": "Erika Dahlbergha",
        "highway": "residential"
      },
      "geometry": {
        "type": "MultiLineString",
        "coordinates": [
          [
            [
              52.2471016,
              20.947518
            ],
            [
              52.2471603,
              20.9475108
            ],
            [
              52.247201,
              20.9475056
            ],
            [
              52.2473252,
              20.9474899
            ],
            [
              52.2475499,
              20.9474619
            ],
            [
              52.2478422,
              20.9474254
            ],
            [
              52.2478784,
              20.9474209
            ],
            [
              52.247905,
              20.9474175
            ],
            [
              52.2480908,
              20.9473938
            ],
            [
              52.2481589,
              20.9473851
            ],
            [
              52.2482568,
              20.9473726
            ],
            [
              52.2484078,
              20.9473533
            ],
            [
              52.2485525,
              20.9473348
            ],
            [
              52.2486343,
              20.9473244
            ]
          ]
        ]
      }
    },
    {
      "type": "Feature",
      "properties": {
        "name": "Dalibora",
        "highway": "residential"
      },
      "geometry": {
        "type": "MultiLineString",
        "coordinates": [
          [
            [
              52.2469319,
              20.9429502
            ],
            [
              52.2469742,
              20.9429463
            ],
            [
              52.2470818,
              20.9429363
            ],
            [
              52.2476576,
              20.9428668
            ],
            [
              52.2477064,
              20.9428631
            ],
            [
              52.2479967,
              20.9428714
            ],
            [
              52.2482054,
              20.9428972
            ],
            [
              52.248364,
              20.9429261
            ],
            [
              52.2483853,
              20.9429352
            ],
            [
              52.2483999,
              20.9429456
            ],
            [
              52.248412,
              20.9429563
            ],
            [
              52.2484216,
              20.9429732
            ]
          ],
          [
            [
              52.2468827,
              20.9429558
            ],
            [
              52.2469219,
              20.9429513
            ],
            [
              52.2469319,
              20.9429502
            ]
          ]
        ]
      }
    },
    {
      "type": "Feature",
      "properties": {
        "name": "Dobrogniewa",
        "highway": "residential"
      },
      "geometry": {
        "type": "MultiLineString",
        "coordinates": [
          [
            [
              52.2484216,
              20.9429732
            ],
            [
              52.2484307,
              20.9430002
            ],
            [
              52.2484353,
              20.9430258
            ],
            [
              52.2484387,
              20.9430667
            ],
            [
              52.2484592,
              20.9435999
            ],
            [
              52.2484642,
              20.9437329
            ],
            [
              52.2484712,
              20.9439212
            ],
            [
              52.2484746,
              20.9439918
            ],
            [
              52.2484873,
              20.9442564
            ],
            [
              52.2485124,
              20.9447787
            ],
            [
              52.2485251,
              20.9450426
            ],
            [
              52.2485316,
              20.9451779
            ],
            [
              52.2485378,
              20.9453068
            ],
            [
              52.2485408,
              20.9453705
            ],
            [
              52.2485501,
              20.9455628
            ],
            [
              52.2485533,
              20.9456308
            ],
            [
              52.2485569,
              20.9457051
            ],
            [
              52.2485751,
              20.9460904
            ],
            [
              52.2485846,
              20.9462913
            ],
            [
              52.2485876,
              20.9463562
            ],
            [
              52.2486,
              20.9466171
            ],
            [
              52.2486118,
              20.9468697
            ],
            [
              52.2486151,
              20.946939
            ],
            [
              52.2486291,
              20.9472361
            ],
            [
              52.248631,
              20.9472679
            ],
            [
              52.2486343,
              20.9473244
            ]
          ],
          [
            [
              52.2486343,
              20.9473244
            ],
            [
              52.2486376,
              20.9473932
            ],
            [
              52.2486666,
              20.9480043
            ],
            [
              52.2486743,
              20.9481606
            ],
            [
              52.2486754,
              20.9481835
            ],
            [
              52.2486775,
              20.9482256
            ],
            [
              52.2486836,
              20.9483495
            ],
            [
              52.2486903,
              20.9484867
            ],
            [
              52.248696,
              20.9486025
            ],
            [
              52.2487006,
              20.9486962
            ]
          ]
        ]
      }
    },
    {
      "type": "Feature",
      "properties": {
        "name": "Bolecha",
        "highway": "residential"
      },
      "geometry": {
        "type": "MultiLineString",
        "coordinates": [
          [
            [
              52.2476576,
              20.9428668
            ],
            [
              52.2476626,
              20.9429637
            ],
            [
              52.2476741,
              20.943189
            ],
            [
              52.2476766,
              20.943239
            ],
            [
              52.2476903,
              20.9435061
            ],
            [
              52.2476952,
              20.9436027
            ],
            [
              52.2477028,
              20.9437655
            ],
            [
              52.2477052,
              20.9438157
            ],
            [
              52.2477083,
              20.9438817
            ],
            [
              52.2477151,
              20.9440278
            ],
            [
              52.2477172,
              20.9440725
            ],
            [
              52.2477212,
              20.9441579
            ],
            [
              52.2477261,
              20.9442634
            ],
            [
              52.2477371,
              20.9444971
            ],
            [
              52.2477411,
              20.9445837
            ],
            [
              52.2477443,
              20.9446529
            ],
            [
              52.2477479,
              20.9447298
            ],
            [
              52.2477525,
              20.9448277
            ],
            [
              52.247758,
              20.9449452
            ],
            [
              52.247762,
              20.9450304
            ],
            [
              52.2477637,
              20.945067
            ],
            [
              52.2477675,
              20.9451476
            ],
            [
              52.2477757,
              20.9453233
            ],
            [
              52.2477763,
              20.945335
            ],
            [
              52.2477785,
              20.9453828
            ],
            [
              52.2477803,
              20.9454292
            ],
            [
              52.2477921,
              20.9456739
            ],
            [
              52.2477964,
              20.9457645
            ],
            [
              52.2477972,
              20.9457832
            ],
            [
              52.2478061,
              20.9459737
            ],
            [
              52.2478123,
              20.9461053
            ],
            [
              52.2478144,
              20.9461493
            ],
            [
              52.2478167,
              20.9461995
            ],
            [
              52.2478184,
              20.9462412
            ],
            [
              52.2478285,
              20.9464518
            ],
            [
              52.2478294,
              20.9464716
            ],
            [
              52.2478322,
              20.9465308
            ],
            [
              52.2478334,
              20.9465561
            ],
            [
              52.2478408,
              20.9466977
            ],
            [
              52.247848,
              20.9468366
            ],
            [
              52.2478491,
              20.9468589
            ],
            [
              52.247853,
              20.9469339
            ],
            [
              52.2478739,
              20.9473349
            ],
            [
              52.2478784,
              20.9474209
            ]
          ],
          [
            [
              52.2478784,
              20.9474209
            ],
            [
              52.2478829,
              20.9475153
            ],
            [
              52.2479026,
              20.9479346
            ],
            [
              52.247905,
              20.9479858
            ],
            [
              52.2479209,
              20.9483248
            ],
            [
              52.2479231,
              20.9483843
            ],
            [
              52.2479351,
              20.9486275
            ],
            [
              52.2479387,
              20.9487034
            ],
            [
              52.2479424,
              20.9487822
            ],
            [
              52.2479575,
              20.9491042
            ],
            [
              52.247975,
              20.9494784
            ],
            [
              52.2479782,
              20.9495463
            ],
            [
              52.2479871,
              20.9497357
            ],
            [
              52.2479935,
              20.9498714
            ],
            [
              52.248012,
              20.9502668
            ],
            [
              52.2480149,
              20.950328
            ],
            [
              52.2480297,
              20.9506438
            ],
            [
              52.2480331,
              20.9507126
            ],
            [
              52.2480395,
              20.9508528
            ],
            [
              52.2480485,
              20.9510449
            ],
            [
              52.2480513,
              20.951103
            ],
            [
              52.2480599,
              20.9512866
            ],
            [
              52.2480672,
              20.9514416
            ],
            [
              52.2480698,
              20.9515007
            ],
            [
              52.2480785,
              20.9516834
            ],
            [
              52.2480847,
              20.9518153
            ],
            [
              52.2480874,
              20.9518717
            ],
            [
              52.2480918,
              20.9519653
            ],
            [
              52.2481037,
              20.9522078
            ],
            [
              52.2481068,
              20.9522759
            ],
            [
              52.2481218,
              20.952604
            ],
            [
              52.2481239,
              20.9526507
            ],
            [
              52.248143,
              20.9530561
            ],
            [
              52.2481488,
              20.9531805
            ]
          ]
        ]
      }
    },
    {
      "type": "Feature",
      "properties": {
        "name": "Ożarowska",
        "highway": "residential"
      },
      "geometry": {
        "type": "MultiLineString",
        "coordinates": [
          [
            [
              52.2459067,
              20.943196
            ],
            [
              52.2459136,
              20.9432517
            ],
            [
              52.2459238,
              20.9433334
            ],
            [
              52.2460052,
              20.9440754
            ],
            [
              52.2461111,
              20.9450247
            ],
            [
              52.2461756,
              20.9463404
            ],
            [
              52.2462283,
              20.9474898
            ],
            [
              52.2462319,
              20.9475685
            ],
            [
              52.2462349,
              20.9476329
            ]
          ],
          [
            [
              52.2462349,
              20.9476329
            ],
            [
              52.2462398,
              20.9477114
            ],
            [
              52.2462427,
              20.9477568
            ],
            [
              52.2462448,
              20.9478191
            ],
            [
              52.246261,
              20.9481498
            ],
            [
              52.2463138,
              20.9492272
            ],
            [
              52.2463462,
              20.949905
            ],
            [
              52.2463491,
              20.9499646
            ],
            [
              52.2463791,
              20.9505905
            ],
            [
              52.2464013,
              20.9510314
            ],
            [
              52.2464209,
              20.9513882
            ],
            [
              52.2464389,
              20.9518099
            ],
            [
              52.2464532,
              20.9520918
            ],
            [
              52.246456,
              20.9521484
            ],
            [
              52.2464759,
              20.9525411
            ],
            [
              52.2464805,
              20.9526366
            ],
            [
              52.246498,
              20.9529988
            ],
            [
              52.246502,
              20.9530926
            ]
          ],
          [
            [
              52.246502,
              20.9530926
            ],
            [
              52.2465169,
              20.9533353
            ],
            [
              52.2465273,
              20.9534611
            ],
            [
              52.2465852,
              20.9546547
            ],
            [
              52.2466489,
              20.9560074
            ],
            [
              52.2466813,
              20.9567275
            ],
            [
              52.2466834,
              20.9567793
            ]
          ]
        ]
      }
    },
    {
      "type": "Feature",
      "properties": {
        "name": "Andrychowska",
        "highway": "residential"
      },
      "geometry": {
        "type": "MultiLineString",
        "coordinates": [
          [
            [
              52.2446301,
              20.9424459
            ],
            [
              52.2453507,
              20.9420866
            ],
            [
              52.2456065,
              20.9419478
            ],
            [
              52.2456736,
              20.9419114
            ]
          ]
        ]
      }
    },
    {
      "type": "Feature",
      "properties": {
        "name": "Lędzka",
        "highway": "residential"
      },
      "geometry": {
        "type": "MultiLineString",
        "coordinates": [
          [
            [
              52.241391,
              20.942753
            ],
            [
              52.2414244,
              20.9427353
            ],
            [
              52.2420054,
              20.9424278
            ],
            [
              52.2426443,
              20.9421159
            ],
            [
              52.2428541,
              20.9420135
            ],
            [
              52.2429031,
              20.9419896
            ],
            [
              52.2429441,
              20.9419722
            ],
            [
              52.2436789,
              20.9416601
            ],
            [
              52.2444093,
              20.9412927
            ],
            [
              52.2450274,
              20.9409745
            ],
            [
              52.2453988,
              20.9407619
            ],
            [
              52.2454524,
              20.9407312
            ]
          ]
        ]
      }
    },
    {
      "type": "Feature",
      "properties": {
        "name": "Klecka",
        "highway": "residential"
      },
      "geometry": {
        "type": "MultiLineString",
        "coordinates": [
          [
            [
              52.2444093,
              20.9412927
            ],
            [
              52.2444234,
              20.9413666
            ],
            [
              52.2445887,
              20.9422382
            ],
            [
              52.2446096,
              20.9423481
            ],
            [
              52.2446301,
              20.9424459
            ],
            [
              52.2446461,
              20.9425306
            ],
            [
              52.244844,
              20.943581
            ],
            [
              52.2448711,
              20.943725
            ]
          ]
        ]
      }
    },
    {
      "type": "Feature",
      "properties": {
        "name": "Jana Długosza",
        "highway": "residential"
      },
      "geometry": {
        "type": "MultiLineString",
        "coordinates": [
          [
            [
              52.240306,
              20.967234
            ],
            [
              52.240322,
              20.9673327
            ],
            [
              52.2403793,
              20.9676887
            ],
            [
              52.2405769,
              20.9689781
            ],
            [
              52.2407177,
              20.9699438
            ]
          ],
          [
            [
              52.2391249,
              20.9661442
            ],
            [
              52.2399193,
              20.9658759
            ],
            [
              52.2399789,
              20.9662887
            ],
            [
              52.2401139,
              20.9672235
            ],
            [
              52.2401256,
              20.9673055
            ]
          ],
          [
            [
              52.2407177,
              20.9699438
            ],
            [
              52.2407848,
              20.9704068
            ],
            [
              52.240807,
              20.9705591
            ],
            [
              52.2408098,
              20.9705777
            ]
          ]
        ]
      }
    },
    {
      "type": "Feature",
      "properties": {
        "name": "Młynarska",
        "highway": "residential"
      },
      "geometry": {
        "type": "MultiLineString",
        "coordinates": [
          [
            [
              52.2424522,
              20.9697428
            ],
            [
              52.2424605,
              20.9697617
            ],
            [
              52.242517,
              20.9698837
            ],
            [
              52.2425409,
              20.9699081
            ],
            [
              52.2425727,
              20.9699156
            ],
            [
              52.2431398,
              20.9697007
            ]
          ],
          [
            [
              52.2369558,
              20.972043
            ],
            [
              52.2371644,
              20.9719691
            ]
          ],
          [
            [
              52.2371644,
              20.9719691
            ],
            [
              52.2372551,
              20.9719357
            ],
            [
              52.2372976,
              20.97192
            ],
            [
              52.2373734,
              20.9718919
            ],
            [
              52.2378327,
              20.9717123
            ],
            [
              52.23797,
              20.9716581
            ],
            [
              52.2383913,
              20.9714965
            ],
            [
              52.2384935,
              20.9714584
            ],
            [
              52.2386739,
              20.9713911
            ],
            [
              52.2388054,
              20.9713421
            ],
            [
              52.2389199,
              20.9712994
            ],
            [
              52.2389938,
              20.9712718
            ],
            [
              52.2390986,
              20.9712353
            ]
          ],
          [
            [
              52.2390986,
              20.9712353
            ],
            [
              52.2391908,
              20.9712007
            ],
            [
              52.2392654,
              20.9711718
            ],
            [
              52.239699,
              20.9709996
            ],
            [
              52.239891,
              20.9709269
            ],
            [
              52.2399892,
              20.9708911
            ],
            [
              52.2403381,
              20.9707595
            ],
            [
              52.2405459,
              20.9706804
            ],
            [
              52.2406781,
              20.9706274
            ],
            [
              52.2407539,
              20.9705983
            ]
          ],
          [
            [
              52.2408098,
              20.9705777
            ],
            [
              52.2408928,
              20.9705457
            ],
            [
              52.2409679,
              20.9705167
            ],
            [
              52.2412279,
              20.9704158
            ],
            [
              52.2416659,
              20.970245
            ],
            [
              52.2417209,
              20.9702237
            ],
            [
              52.2419285,
              20.9701374
            ],
            [
              52.2419789,
              20.970114
            ],
            [
              52.2420225,
              20.9700932
            ],
            [
              52.2420785,
              20.9700637
            ],
            [
              52.2421183,
              20.9700398
            ],
            [
              52.2421634,
              20.9700094
            ],
            [
              52.2422086,
              20.9699753
            ],
            [
              52.2422537,
              20.9699387
            ],
            [
              52.2423277,
              20.9698737
            ],
            [
              52.2423679,
              20.969834
            ],
            [
              52.2424086,
              20.9697913
            ],
            [
              52.2424522,
              20.9697428
            ]
          ],
          [
            [
              52.2347957,
              20.9728069
            ],
            [
              52.2348904,
              20.9727782
            ],
            [
              52.2349168,
              20.9727703
            ],
            [
              52.2350089,
              20.9727427
            ],
            [
              52.2350528,
              20.9727296
            ]
          ],
          [
            [
              52.2358402,
              20.9724621
            ],
            [
              52.2359313,
              20.9724185
            ],
            [
              52.2364566,
              20.9722288
            ],
            [
              52.2366166,
              20.9721657
            ],
            [
              52.2366577,
              20.9721495
            ],
            [
              52.2367237,
              20.9721249
            ],
            [
              52.236767,
              20.9721098
            ],
            [
              52.2369558,
              20.972043
            ]
          ],
          [
            [
              52.2351565,
              20.9726986
            ],
            [
              52.2351927,
              20.9726878
            ],
            [
              52.2352505,
              20.9726705
            ],
            [
              52.2352936,
              20.9726576
            ],
            [
              52.2354068,
              20.9726237
            ]
          ],
          [
            [
              52.2439607,
              20.9693782
            ],
            [
              52.2449296,
              20.9689937
            ],
            [
              52.2449743,
              20.9689655
            ],
            [
              52.2450107,
              20.9689298
            ],
            [
              52.2450359,
              20.9688961
            ]
          ],
          [
            [
              52.2431398,
              20.9697007
            ],
            [
              52.2433249,
              20.9696305
            ],
            [
              52.2439607,
              20.9693782
            ]
          ],
          [
            [
              52.2407539,
              20.9705983
            ],
            [
              52.2408098,
              20.9705777
            ]
          ],
          [
            [
              52.2350528,
              20.9727296
            ],
            [
              52.2351565,
              20.9726986
            ]
          ],
          [
            [
              52.2354068,
              20.9726237
            ],
            [
              52.2357498,
              20.9724957
            ],
            [
              52.2358402,
              20.9724621
            ]
          ]
        ]
      }
    },
    {
      "type": "Feature",
      "properties": {
        "name": "Tatarska",
        "highway": "unclassified"
      },
      "geometry": {
        "type": "MultiLineString",
        "coordinates": [
          [
            [
              52.2524592,
              20.9645233
            ],
            [
              52.2525098,
              20.9646272
            ],
            [
              52.2525517,
              20.9647707
            ],
            [
              52.2528292,
              20.9657217
            ],
            [
              52.2528795,
              20.965894
            ],
            [
              52.25297,
              20.9662042
            ],
            [
              52.2532146,
              20.967042
            ],
            [
              52.2532787,
              20.9672618
            ],
            [
              52.2534712,
              20.9679212
            ],
            [
              52.2535092,
              20.9680517
            ],
            [
              52.2536945,
              20.9686864
            ],
            [
              52.2540325,
              20.9698378
            ],
            [
              52.254242,
              20.9705517
            ],
            [
              52.2543132,
              20.9707942
            ],
            [
              52.2544109,
              20.971127
            ],
            [
              52.2547044,
              20.972127
            ],
            [
              52.2547296,
              20.9722127
            ],
            [
              52.2547545,
              20.9722797
            ],
            [
              52.2547793,
              20.9723303
            ],
            [
              52.254817,
              20.9723795
            ],
            [
              52.2548474,
              20.9724113
            ]
          ]
        ]
      }
    },
    {
      "type": "Feature",
      "properties": {
        "name": "Jana Ostroroga",
        "highway": "unclassified"
      },
      "geometry": {
        "type": "MultiLineString",
        "coordinates": [
          [
            [
              52.2494298,
              20.9651784
            ],
            [
              52.2497534,
              20.9650981
            ],
            [
              52.2499552,
              20.9650502
            ],
            [
              52.250024,
              20.9650352
            ]
          ],
          [
            [
              52.2534497,
              20.9630088
            ],
            [
              52.2534555,
              20.9629915
            ],
            [
              52.2534644,
              20.9629636
            ],
            [
              52.2534699,
              20.962936
            ],
            [
              52.2534858,
              20.9628253
            ],
            [
              52.2535796,
              20.9622758
            ]
          ],
          [
            [
              52.2447087,
              20.9674635
            ],
            [
              52.244781,
              20.9673974
            ],
            [
              52.2449354,
              20.9672553
            ],
            [
              52.2449833,
              20.9672117
            ],
            [
              52.2451318,
              20.9670866
            ],
            [
              52.2453646,
              20.9668935
            ],
            [
              52.2454471,
              20.9668411
            ],
            [
              52.2455426,
              20.9667941
            ],
            [
              52.2459909,
              20.9665721
            ],
            [
              52.2460747,
              20.9665307
            ],
            [
              52.2461869,
              20.9664753
            ],
            [
              52.246241,
              20.9664486
            ],
            [
              52.2463848,
              20.9663775
            ],
            [
              52.2465763,
              20.9662741
            ],
            [
              52.2470021,
              20.96606
            ],
            [
              52.2470482,
              20.9660382
            ],
            [
              52.2471136,
              20.9660064
            ],
            [
              52.247137,
              20.9659921
            ]
          ],
          [
            [
              52.2503653,
              20.964951
            ],
            [
              52.2504332,
              20.9649334
            ],
            [
              52.2514048,
              20.9646896
            ],
            [
              52.2519514,
              20.9645524
            ],
            [
              52.2523259,
              20.9644641
            ],
            [
              52.2524059,
              20.9644725
            ],
            [
              52.2524592,
              20.9645233
            ]
          ],
          [
            [
              52.2475043,
              20.9658442
            ],
            [
              52.2476119,
              20.9657784
            ],
            [
              52.2476518,
              20.9657585
            ],
            [
              52.2476867,
              20.9657412
            ],
            [
              52.2478184,
              20.9656843
            ],
            [
              52.2478876,
              20.9656677
            ],
            [
              52.2479663,
              20.9656506
            ]
          ],
          [
            [
              52.2475002,
              20.9657598
            ],
            [
              52.2476371,
              20.9656771
            ],
            [
              52.247672,
              20.9656602
            ]
          ],
          [
            [
              52.247672,
              20.9656602
            ],
            [
              52.2478526,
              20.9655763
            ],
            [
              52.2479372,
              20.9655445
            ],
            [
              52.2480486,
              20.9655108
            ],
            [
              52.2483754,
              20.9654213
            ]
          ],
          [
            [
              52.2483378,
              20.9655698
            ],
            [
              52.2484171,
              20.9655487
            ],
            [
              52.2485249,
              20.9655124
            ],
            [
              52.2488246,
              20.9653778
            ],
            [
              52.2489578,
              20.9652987
            ]
          ],
          [
            [
              52.2479663,
              20.9656506
            ],
            [
              52.2483378,
              20.9655698
            ]
          ],
          [
            [
              52.2483754,
              20.9654213
            ],
            [
              52.2484544,
              20.9653996
            ],
            [
              52.2488629,
              20.9653042
            ],
            [
              52.2489578,
              20.9652987
            ]
          ],
          [
            [
              52.250024,
              20.9650352
            ],
            [
              52.2500833,
              20.9650452
            ],
            [
              52.2501167,
              20.9650453
            ],
            [
              52.2501316,
              20.9650444
            ],
            [
              52.2501853,
              20.9650329
            ],
            [
              52.250234,
              20.9650181
            ],
            [
              52.2502727,
              20.9650042
            ],
            [
              52.2503653,
              20.964951
            ]
          ],
          [
            [
              52.2489578,
              20.9652987
            ],
            [
              52.249126,
              20.9652553
            ]
          ],
          [
            [
              52.249126,
              20.9652553
            ],
            [
              52.2491884,
              20.9652673
            ],
            [
              52.2492295,
              20.9652687
            ],
            [
              52.2492655,
              20.9652618
            ],
            [
              52.2493009,
              20.9652526
            ],
            [
              52.2493633,
              20.9652231
            ],
            [
              52.2494298,
              20.9651784
            ]
          ],
          [
            [
              52.247137,
              20.9659921
            ],
            [
              52.2472151,
              20.9659092
            ],
            [
              52.2472545,
              20.9658906
            ],
            [
              52.2474452,
              20.9657922
            ]
          ],
          [
            [
              52.247137,
              20.9659921
            ],
            [
              52.2472249,
              20.9659898
            ],
            [
              52.2472693,
              20.9659711
            ],
            [
              52.2474495,
              20.9658748
            ]
          ],
          [
            [
              52.2433127,
              20.9681391
            ],
            [
              52.2433231,
              20.9681556
            ],
            [
              52.2433588,
              20.9682112
            ],
            [
              52.2433925,
              20.9682636
            ],
            [
              52.2434837,
              20.9684057
            ],
            [
              52.2435419,
              20.9684432
            ],
            [
              52.2436285,
              20.9684258
            ],
            [
              52.2437101,
              20.9683532
            ],
            [
              52.2439449,
              20.9681444
            ],
            [
              52.244308,
              20.9678214
            ],
            [
              52.2445588,
              20.9675983
            ],
            [
              52.2446455,
              20.9675207
            ],
            [
              52.2447087,
              20.9674635
            ]
          ],
          [
            [
              52.2474731,
              20.9658621
            ],
            [
              52.2475043,
              20.9658442
            ]
          ],
          [
            [
              52.2474452,
              20.9657922
            ],
            [
              52.2475002,
              20.9657598
            ]
          ],
          [
            [
              52.2474495,
              20.9658748
            ],
            [
              52.2474731,
              20.9658621
            ]
          ],
          [
            [
              52.2524592,
              20.9645233
            ],
            [
              52.2524915,
              20.9644585
            ],
            [
              52.2525045,
              20.9644416
            ],
            [
              52.2525803,
              20.9643823
            ],
            [
              52.2529832,
              20.9640815
            ],
            [
              52.2530084,
              20.9640556
            ],
            [
              52.2530715,
              20.9639911
            ],
            [
              52.2531087,
              20.9639323
            ],
            [
              52.2531356,
              20.963888
            ],
            [
              52.253166,
              20.9638378
            ],
            [
              52.2532001,
              20.9637816
            ],
            [
              52.2532263,
              20.9637385
            ],
            [
              52.2532501,
              20.9636884
            ],
            [
              52.2533067,
              20.9635688
            ],
            [
              52.2533668,
              20.9634488
            ],
            [
              52.2534115,
              20.9632837
            ],
            [
              52.2534424,
              20.9631268
            ],
            [
              52.2534486,
              20.9630702
            ],
            [
              52.2534497,
              20.9630088
            ]
          ]
        ]
      }
    },
    {
      "type": "Feature",
      "properties": {
        "name": "Kozielska",
        "highway": "residential"
      },
      "geometry": {
        "type": "MultiLineString",
        "coordinates": [
          [
            [
              52.2533287,
              20.9590723
            ],
            [
              52.253307,
              20.9592587
            ],
            [
              52.2530114,
              20.9618001
            ],
            [
              52.2530076,
              20.9618326
            ],
            [
              52.2529989,
              20.9620167
            ],
            [
              52.253037,
              20.9622923
            ],
            [
              52.2530742,
              20.962411
            ],
            [
              52.2531287,
              20.9625213
            ],
            [
              52.2533856,
              20.9629416
            ],
            [
              52.2534169,
              20.9629842
            ],
            [
              52.2534329,
              20.9630011
            ],
            [
              52.2534497,
              20.9630088
            ]
          ]
        ]
      }
    },
    {
      "type": "Feature",
      "properties": {
        "name": "Wawrzyszewska",
        "highway": "residential"
      },
      "geometry": {
        "type": "MultiLineString",
        "coordinates": [
          [
            [
              52.2473105,
              20.9618609
            ],
            [
              52.2473304,
              20.9620164
            ],
            [
              52.247343,
              20.9621683
            ],
            [
              52.2473637,
              20.9624653
            ],
            [
              52.2473794,
              20.9627345
            ],
            [
              52.247394,
              20.963413
            ],
            [
              52.2474008,
              20.9637258
            ],
            [
              52.2474041,
              20.9639127
            ],
            [
              52.2474086,
              20.9640631
            ]
          ],
          [
            [
              52.2474543,
              20.9652725
            ],
            [
              52.2474826,
              20.9654217
            ],
            [
              52.2474882,
              20.9655148
            ],
            [
              52.2475002,
              20.9657598
            ]
          ],
          [
            [
              52.2474086,
              20.9640631
            ],
            [
              52.2474137,
              20.9642318
            ],
            [
              52.2474253,
              20.9645514
            ],
            [
              52.247438,
              20.9649001
            ],
            [
              52.2474433,
              20.9650461
            ]
          ],
          [
            [
              52.2474452,
              20.9657922
            ],
            [
              52.2474495,
              20.9658748
            ]
          ],
          [
            [
              52.2474433,
              20.9650461
            ],
            [
              52.2474543,
              20.9652725
            ]
          ],
          [
            [
              52.2474452,
              20.9657922
            ],
            [
              52.2474355,
              20.965519
            ],
            [
              52.2474328,
              20.9654313
            ],
            [
              52.2474543,
              20.9652725
            ]
          ],
          [
            [
              52.2470114,
              20.9612615
            ],
            [
              52.2470669,
              20.961342
            ],
            [
              52.2471618,
              20.9614779
            ],
            [
              52.2472137,
              20.9615665
            ],
            [
              52.2472516,
              20.9616522
            ],
            [
              52.2472807,
              20.9617445
            ],
            [
              52.2473105,
              20.9618609
            ]
          ],
          [
            [
              52.2475002,
              20.9657598
            ],
            [
              52.2475043,
              20.9658442
            ]
          ]
        ]
      }
    },
    {
      "type": "Feature",
      "properties": {
        "name": "Żytnia",
        "highway": "residential"
      },
      "geometry": {
        "type": "MultiLineString",
        "coordinates": [
          [
            [
              52.2403339,
              20.9825785
            ],
            [
              52.2403555,
              20.9827343
            ],
            [
              52.2404598,
              20.9833497
            ],
            [
              52.2404668,
              20.9833897
            ],
            [
              52.2405286,
              20.9837297
            ],
            [
              52.2405414,
              20.9838137
            ],
            [
              52.2406116,
              20.9841245
            ],
            [
              52.2406559,
              20.9843203
            ],
            [
              52.2406686,
              20.9843799
            ],
            [
              52.2406903,
              20.9844746
            ]
          ],
          [
            [
              52.2394111,
              20.9766282
            ],
            [
              52.2394658,
              20.9769426
            ],
            [
              52.2395092,
              20.9772728
            ],
            [
              52.239518,
              20.9773327
            ],
            [
              52.2395425,
              20.9774706
            ],
            [
              52.239565,
              20.9775563
            ]
          ],
          [
            [
              52.2386172,
              20.9678925
            ],
            [
              52.238603,
              20.9677814
            ],
            [
              52.2385753,
              20.9675881
            ],
            [
              52.2385584,
              20.9673673
            ],
            [
              52.2385577,
              20.9671261
            ],
            [
              52.2385682,
              20.9670166
            ],
            [
              52.2386245,
              20.9664305
            ],
            [
              52.2386869,
              20.9657813
            ],
            [
              52.2386959,
              20.9657064
            ],
            [
              52.2387057,
              20.9656252
            ]
          ],
          [
            [
              52.2386172,
              20.9678925
            ],
            [
              52.2386325,
              20.9680192
            ],
            [
              52.2386797,
              20.9683469
            ],
            [
              52.2388806,
              20.9697258
            ],
            [
              52.2390263,
              20.9707599
            ],
            [
              52.2390651,
              20.9710192
            ],
            [
              52.2390731,
              20.9710729
            ],
            [
              52.239095,
              20.9712136
            ],
            [
              52.2390986,
              20.9712353
            ]
          ],
          [
            [
              52.23992,
              20.9796912
            ],
            [
              52.2399222,
              20.9797067
            ],
            [
              52.2399422,
              20.9798444
            ],
            [
              52.2399511,
              20.9799036
            ],
            [
              52.2399795,
              20.9800914
            ],
            [
              52.2400162,
              20.9803288
            ],
            [
              52.2400726,
              20.9807273
            ],
            [
              52.240103,
              20.9809414
            ],
            [
              52.2401138,
              20.9810176
            ],
            [
              52.2401277,
              20.9811145
            ],
            [
              52.2401608,
              20.9813439
            ],
            [
              52.2402224,
              20.981782
            ],
            [
              52.2402315,
              20.9818472
            ],
            [
              52.2403115,
              20.9824167
            ],
            [
              52.2403339,
              20.9825785
            ]
          ],
          [
            [
              52.239565,
              20.9775563
            ],
            [
              52.2396,
              20.9776758
            ],
            [
              52.2396182,
              20.9777322
            ],
            [
              52.2396294,
              20.9777694
            ],
            [
              52.239639,
              20.9778097
            ],
            [
              52.2396496,
              20.9778827
            ],
            [
              52.2397379,
              20.9784809
            ]
          ],
          [
            [
              52.2390986,
              20.9712353
            ],
            [
              52.2391024,
              20.97126
            ],
            [
              52.2391075,
              20.9713191
            ],
            [
              52.2391116,
              20.9714029
            ],
            [
              52.2391139,
              20.971467
            ],
            [
              52.2391166,
              20.9715455
            ],
            [
              52.2391445,
              20.9725522
            ],
            [
              52.2391638,
              20.9732519
            ],
            [
              52.2391741,
              20.9735548
            ],
            [
              52.2391946,
              20.9739267
            ],
            [
              52.2392167,
              20.9742916
            ],
            [
              52.2392247,
              20.9744522
            ],
            [
              52.2392287,
              20.9746144
            ],
            [
              52.2392252,
              20.9753038
            ],
            [
              52.2392418,
              20.9754533
            ],
            [
              52.2392796,
              20.9757138
            ],
            [
              52.2393821,
              20.97643
            ],
            [
              52.2394111,
              20.9766282
            ]
          ],
          [
            [
              52.2407789,
              20.9848212
            ],
            [
              52.2408241,
              20.9850098
            ],
            [
              52.2410441,
              20.9858476
            ],
            [
              52.2410521,
              20.9859367
            ],
            [
              52.24105,
              20.9860266
            ]
          ],
          [
            [
              52.2390732,
              20.9617666
            ],
            [
              52.2391758,
              20.9606852
            ],
            [
              52.2392966,
              20.9594119
            ],
            [
              52.2393095,
              20.959276
            ]
          ],
          [
            [
              52.2397379,
              20.9784809
            ],
            [
              52.2398096,
              20.9789682
            ],
            [
              52.2398325,
              20.9791195
            ],
            [
              52.2398411,
              20.9791764
            ],
            [
              52.2398721,
              20.9793812
            ]
          ],
          [
            [
              52.23992,
              20.9796912
            ],
            [
              52.2399267,
              20.9796279
            ],
            [
              52.239936,
              20.979564
            ],
            [
              52.2399448,
              20.9795236
            ],
            [
              52.2399532,
              20.9794913
            ],
            [
              52.2399651,
              20.979461
            ],
            [
              52.2399803,
              20.979428
            ],
            [
              52.2400342,
              20.9793181
            ]
          ],
          [
            [
              52.2398721,
              20.9793812
            ],
            [
              52.2399017,
              20.979577
            ],
            [
              52.2399103,
              20.9796334
            ],
            [
              52.23992,
              20.9796912
            ]
          ],
          [
            [
              52.2406903,
              20.9844746
            ],
            [
              52.2407789,
              20.9848212
            ]
          ],
          [
            [
              52.2390143,
              20.9623775
            ],
            [
              52.2390313,
              20.9622009
            ],
            [
              52.2390732,
              20.9617666
            ]
          ],
          [
            [
              52.2387057,
              20.9656252
            ],
            [
              52.2387159,
              20.9655116
            ],
            [
              52.2387231,
              20.9654312
            ],
            [
              52.2387606,
              20.9649727
            ],
            [
              52.2387936,
              20.9646314
            ],
            [
              52.2389056,
              20.9634719
            ],
            [
              52.2389939,
              20.9625497
            ],
            [
              52.2390143,
              20.9623775
            ]
          ]
        ]
      }
    },
    {
      "type": "Feature",
      "properties": {
        "name": "Wronia",
        "highway": "residential"
      },
      "geometry": {
        "type": "MultiLineString",
        "coordinates": [
          [
            [
              52.230139,
              20.9867769
            ],
            [
              52.2301909,
              20.9867497
            ],
            [
              52.230517,
              20.9865977
            ],
            [
              52.2305545,
              20.9865961
            ],
            [
              52.2306569,
              20.9866176
            ]
          ],
          [
            [
              52.234059,
              20.9854141
            ],
            [
              52.2343468,
              20.9853301
            ],
            [
              52.2349898,
              20.9851417
            ],
            [
              52.2351874,
              20.9850838
            ],
            [
              52.2352613,
              20.9850622
            ],
            [
              52.2353349,
              20.985031
            ],
            [
              52.2358102,
              20.9848299
            ],
            [
              52.2360538,
              20.9847268
            ],
            [
              52.2361464,
              20.9846934
            ],
            [
              52.2361628,
              20.9846875
            ],
            [
              52.2361765,
              20.9846823
            ],
            [
              52.2362908,
              20.9846398
            ],
            [
              52.2370706,
              20.9842839
            ],
            [
              52.2373737,
              20.9841456
            ],
            [
              52.237464,
              20.9841015
            ],
            [
              52.2375586,
              20.9840552
            ],
            [
              52.237784,
              20.9839399
            ],
            [
              52.2381571,
              20.9837491
            ]
          ],
          [
            [
              52.2272946,
              20.9889782
            ],
            [
              52.2273679,
              20.9889291
            ],
            [
              52.2277095,
              20.9886589
            ],
            [
              52.2278624,
              20.9885424
            ],
            [
              52.227907,
              20.9885084
            ]
          ],
          [
            [
              52.2308571,
              20.9863173
            ],
            [
              52.2309666,
              20.9863337
            ],
            [
              52.230997,
              20.9863432
            ],
            [
              52.2311088,
              20.9863746
            ]
          ],
          [
            [
              52.2309249,
              20.9866709
            ],
            [
              52.2310023,
              20.9865042
            ],
            [
              52.2310214,
              20.9864676
            ],
            [
              52.2310388,
              20.9864431
            ],
            [
              52.2311088,
              20.9863746
            ]
          ],
          [
            [
              52.2311088,
              20.9863746
            ],
            [
              52.2315648,
              20.9862277
            ],
            [
              52.231709,
              20.9861812
            ],
            [
              52.231914,
              20.9861152
            ],
            [
              52.2319653,
              20.986092
            ],
            [
              52.2320087,
              20.9860655
            ],
            [
              52.232049,
              20.9860409
            ],
            [
              52.2321009,
              20.9860256
            ],
            [
              52.2327867,
              20.9858143
            ],
            [
              52.2330083,
              20.9857433
            ],
            [
              52.2331973,
              20.98569
            ]
          ],
          [
            [
              52.2331973,
              20.98569
            ],
            [
              52.2335876,
              20.9855843
            ]
          ],
          [
            [
              52.2294136,
              20.9873431
            ],
            [
              52.2300143,
              20.9868885
            ],
            [
              52.2300795,
              20.9868322
            ],
            [
              52.2300877,
              20.9868245
            ],
            [
              52.230139,
              20.9867769
            ]
          ],
          [
            [
              52.2336859,
              20.9855509
            ],
            [
              52.2338034,
              20.9855022
            ],
            [
              52.2338796,
              20.9854705
            ],
            [
              52.233913,
              20.98546
            ],
            [
              52.234059,
              20.9854141
            ]
          ],
          [
            [
              52.2335876,
              20.9855843
            ],
            [
              52.2336471,
              20.9855641
            ],
            [
              52.2336859,
              20.9855509
            ]
          ]
        ]
      }
    },
    {
      "type": "Feature",
      "properties": {
        "name": "Stańczyka",
        "highway": "residential"
      },
      "geometry": {
        "type": "MultiLineString",
        "coordinates": [
          [
            [
              52.2217504,
              20.9552498
            ],
            [
              52.2218882,
              20.9559713
            ],
            [
              52.2220446,
              20.9567576
            ],
            [
              52.2220794,
              20.9569402
            ],
            [
              52.2220973,
              20.9570447
            ],
            [
              52.2221376,
              20.9572483
            ],
            [
              52.2221567,
              20.9573453
            ],
            [
              52.2221784,
              20.9574572
            ],
            [
              52.2221876,
              20.9575351
            ],
            [
              52.2221639,
              20.9579643
            ]
          ],
          [
            [
              52.2216205,
              20.9544964
            ],
            [
              52.2216537,
              20.9546882
            ],
            [
              52.221683,
              20.9548622
            ]
          ],
          [
            [
              52.221683,
              20.9548622
            ],
            [
              52.2216993,
              20.9549562
            ],
            [
              52.2217504,
              20.9552498
            ]
          ],
          [
            [
              52.2221639,
              20.9579643
            ],
            [
              52.2221779,
              20.9580357
            ],
            [
              52.2222346,
              20.9583248
            ],
            [
              52.2222617,
              20.9584634
            ]
          ]
        ]
      }
    },
    {
      "type": "Feature",
      "properties": {
        "name": "Banderii",
        "highway": "living_street"
      },
      "geometry": {
        "type": "MultiLineString",
        "coordinates": [
          [
            [
              52.2444907,
              20.9644261
            ],
            [
              52.2445541,
              20.9641095
            ],
            [
              52.2445599,
              20.9640807
            ],
            [
              52.2445775,
              20.9639958
            ],
            [
              52.2446176,
              20.9638024
            ],
            [
              52.2448948,
              20.9624773
            ],
            [
              52.2449305,
              20.9623241
            ],
            [
              52.2449547,
              20.962177
            ]
          ],
          [
            [
              52.2441614,
              20.9660323
            ],
            [
              52.2441883,
              20.9658942
            ],
            [
              52.2443501,
              20.9650744
            ],
            [
              52.2443629,
              20.9650155
            ],
            [
              52.2444009,
              20.9648402
            ],
            [
              52.2444451,
              20.9646394
            ],
            [
              52.2444907,
              20.9644261
            ]
          ]
        ]
      }
    },
    {
      "type": "Feature",
      "properties": {
        "name": "Gostyńska",
        "highway": "residential"
      },
      "geometry": {
        "type": "MultiLineString",
        "coordinates": [
          [
            [
              52.2430854,
              20.965804
            ],
            [
              52.2431276,
              20.9658137
            ],
            [
              52.2432178,
              20.965844
            ],
            [
              52.2435016,
              20.9658895
            ],
            [
              52.2437847,
              20.9659434
            ],
            [
              52.2439401,
              20.9659779
            ],
            [
              52.2440976,
              20.9660071
            ],
            [
              52.244128,
              20.9660164
            ],
            [
              52.2441614,
              20.9660323
            ],
            [
              52.2442162,
              20.9661505
            ]
          ]
        ]
      }
    },
    {
      "type": "Feature",
      "properties": {
        "name": "Gniewkowska",
        "highway": "residential"
      },
      "geometry": {
        "type": "MultiLineString",
        "coordinates": [
          [
            [
              52.214756,
              20.9209121
            ],
            [
              52.214766,
              20.9210359
            ],
            [
              52.2147908,
              20.9213424
            ],
            [
              52.2148552,
              20.9221368
            ],
            [
              52.2148769,
              20.9223737
            ],
            [
              52.2148858,
              20.9224711
            ],
            [
              52.214928,
              20.9227771
            ],
            [
              52.2151287,
              20.9241303
            ],
            [
              52.2151669,
              20.9242869
            ],
            [
              52.2152062,
              20.9243725
            ],
            [
              52.2152732,
              20.9244795
            ],
            [
              52.2153291,
              20.9246162
            ],
            [
              52.2153382,
              20.9246584
            ],
            [
              52.2153587,
              20.9247534
            ],
            [
              52.2154,
              20.9251272
            ],
            [
              52.2154458,
              20.9255417
            ],
            [
              52.2154971,
              20.9260066
            ],
            [
              52.2155783,
              20.9267807
            ],
            [
              52.2156357,
              20.9273273
            ],
            [
              52.2156526,
              20.9273867
            ],
            [
              52.2156802,
              20.9274398
            ],
            [
              52.215742,
              20.9275432
            ],
            [
              52.2158496,
              20.9276993
            ],
            [
              52.2158812,
              20.9277452
            ],
            [
              52.2159314,
              20.9278105
            ],
            [
              52.2159496,
              20.9278521
            ],
            [
              52.2159635,
              20.9279215
            ],
            [
              52.2161014,
              20.9291169
            ],
            [
              52.2163613,
              20.9312458
            ],
            [
              52.216507,
              20.9324538
            ],
            [
              52.216524,
              20.9325914
            ],
            [
              52.2166681,
              20.9337831
            ],
            [
              52.2167499,
              20.9344717
            ],
            [
              52.2170287,
              20.9368016
            ],
            [
              52.2170888,
              20.9373039
            ],
            [
              52.2171802,
              20.9380677
            ],
            [
              52.2177456,
              20.9428002
            ],
            [
              52.2177677,
              20.9429175
            ],
            [
              52.2177883,
              20.9429801
            ],
            [
              52.2178086,
              20.9430262
            ],
            [
              52.2178805,
              20.943137
            ],
            [
              52.2179291,
              20.9432061
            ],
            [
              52.2180675,
              20.9433755
            ],
            [
              52.2181752,
              20.9435039
            ],
            [
              52.2182358,
              20.9435524
            ],
            [
              52.2182963,
              20.9435809
            ],
            [
              52.218351,
              20.9435836
            ],
            [
              52.2184218,
              20.9435625
            ],
            [
              52.2196094,
              20.9430242
            ],
            [
              52.2196708,
              20.9430021
            ],
            [
              52.219711,
              20.9430006
            ],
            [
              52.2197507,
              20.9430266
            ],
            [
              52.2197775,
              20.9430618
            ],
            [
              52.2198025,
              20.9431308
            ],
            [
              52.2198977,
              20.9436064
            ],
            [
              52.2199129,
              20.9436824
            ],
            [
              52.219923,
              20.9437823
            ],
            [
              52.2199183,
              20.9439345
            ],
            [
              52.2198736,
              20.9444078
            ],
            [
              52.2198406,
              20.944667
            ],
            [
              52.2197795,
              20.9449741
            ],
            [
              52.2195338,
              20.9460433
            ],
            [
              52.2194969,
              20.9461743
            ],
            [
              52.2194594,
              20.9462609
            ],
            [
              52.2193931,
              20.9464007
            ],
            [
              52.2192831,
              20.9465671
            ],
            [
              52.2192344,
              20.9466521
            ],
            [
              52.2192218,
              20.9467042
            ],
            [
              52.219215,
              20.946764
            ],
            [
              52.2192228,
              20.9468408
            ],
            [
              52.2192461,
              20.9469116
            ]
          ],
          [
            [
              52.2196587,
              20.9468437
            ],
            [
              52.2197027,
              20.9468665
            ],
            [
              52.2197275,
              20.9468972
            ],
            [
              52.2197464,
              20.9469489
            ],
            [
              52.219755,
              20.9470083
            ],
            [
              52.2197529,
              20.9470849
            ],
            [
              52.2197445,
              20.9471727
            ],
            [
              52.21972,
              20.9473058
            ],
            [
              52.2195741,
              20.9479481
            ],
            [
              52.2195492,
              20.9481484
            ],
            [
              52.21954,
              20.9483465
            ],
            [
              52.2195458,
              20.9484827
            ],
            [
              52.2195693,
              20.9486581
            ],
            [
              52.2196553,
              20.9491242
            ],
            [
              52.2201335,
              20.9514068
            ],
            [
              52.2204649,
              20.9529887
            ],
            [
              52.2205932,
              20.9536016
            ],
            [
              52.2207484,
              20.9543423
            ],
            [
              52.2208037,
              20.9546412
            ]
          ],
          [
            [
              52.2208037,
              20.9546412
            ],
            [
              52.2208342,
              20.9548118
            ],
            [
              52.2208524,
              20.9549113
            ]
          ],
          [
            [
              52.213551,
              20.9211504
            ],
            [
              52.2138704,
              20.9202107
            ],
            [
              52.2139105,
              20.9201179
            ],
            [
              52.2139339,
              20.9200864
            ],
            [
              52.2139605,
              20.9200585
            ],
            [
              52.2139961,
              20.9200433
            ],
            [
              52.214031,
              20.9200422
            ],
            [
              52.2140829,
              20.9200559
            ],
            [
              52.2141992,
              20.9201288
            ],
            [
              52.2144304,
              20.9203204
            ],
            [
              52.214596,
              20.9204481
            ],
            [
              52.214631,
              20.920478
            ],
            [
              52.2146572,
              20.9205078
            ],
            [
              52.2146822,
              20.9205477
            ],
            [
              52.2147131,
              20.9205971
            ],
            [
              52.2147344,
              20.9206766
            ],
            [
              52.214746,
              20.9207883
            ],
            [
              52.214756,
              20.9209121
            ]
          ]
        ]
      }
    },
    {
      "type": "Feature",
      "properties": {
        "name": "Mszczonowska",
        "highway": "service"
      },
      "geometry": {
        "type": "MultiLineString",
        "coordinates": [
          [
            [
              52.2196587,
              20.9468437
            ],
            [
              52.2197579,
              20.9468357
            ],
            [
              52.2202603,
              20.9467789
            ]
          ],
          [
            [
              52.2114132,
              20.9486153
            ],
            [
              52.2115133,
              20.9485335
            ],
            [
              52.2115539,
              20.9484999
            ],
            [
              52.211602,
              20.9484688
            ],
            [
              52.2116597,
              20.9484469
            ],
            [
              52.2118723,
              20.9484007
            ],
            [
              52.2123615,
              20.948311
            ],
            [
              52.2125891,
              20.9482693
            ],
            [
              52.2126633,
              20.948255
            ],
            [
              52.2127435,
              20.9482399
            ],
            [
              52.2130992,
              20.9481715
            ],
            [
              52.2134298,
              20.9481079
            ],
            [
              52.2138028,
              20.9480361
            ],
            [
              52.2139172,
              20.9480089
            ],
            [
              52.2143275,
              20.9479183
            ],
            [
              52.2143669,
              20.9479099
            ],
            [
              52.2143976,
              20.9479032
            ],
            [
              52.2147002,
              20.9478398
            ],
            [
              52.2147521,
              20.9478282
            ],
            [
              52.2148538,
              20.9478075
            ],
            [
              52.214893,
              20.9478003
            ]
          ],
          [
            [
              52.2192461,
              20.9469116
            ],
            [
              52.219435,
              20.9468775
            ],
            [
              52.2194562,
              20.9468739
            ],
            [
              52.2194707,
              20.9468714
            ],
            [
              52.2196587,
              20.9468437
            ]
          ],
          [
            [
              52.2171847,
              20.9471274
            ],
            [
              52.2172308,
              20.9471313
            ],
            [
              52.2175467,
              20.9470831
            ],
            [
              52.21787,
              20.9470511
            ],
            [
              52.2180873,
              20.9470378
            ]
          ],
          [
            [
              52.2180873,
              20.9470378
            ],
            [
              52.2183254,
              20.9470289
            ],
            [
              52.2186535,
              20.9469871
            ],
            [
              52.2192461,
              20.9469116
            ]
          ]
        ]
      }
    },
    {
      "type": "Feature",
      "properties": {
        "name": "Świętego Stanisława",
        "highway": "residential"
      },
      "geometry": {
        "type": "MultiLineString",
        "coordinates": [
          [
            [
              52.2456016,
              20.964459
            ],
            [
              52.2459005,
              20.9643934
            ],
            [
              52.2459916,
              20.9643735
            ],
            [
              52.2461611,
              20.9643364
            ],
            [
              52.2462582,
              20.9643151
            ],
            [
              52.2464424,
              20.9642748
            ],
            [
              52.2465322,
              20.964255
            ],
            [
              52.2465889,
              20.9642427
            ],
            [
              52.2467085,
              20.9642164
            ],
            [
              52.246962,
              20.9641609
            ],
            [
              52.2470761,
              20.9641359
            ],
            [
              52.2473301,
              20.9640803
            ],
            [
              52.2474086,
              20.9640631
            ]
          ],
          [
            [
              52.2453213,
              20.9644431
            ],
            [
              52.2454011,
              20.9644734
            ],
            [
              52.2454444,
              20.9644846
            ],
            [
              52.2454825,
              20.9644867
            ],
            [
              52.2455297,
              20.9644798
            ],
            [
              52.2456016,
              20.964459
            ]
          ],
          [
            [
              52.245447,
              20.9642066
            ],
            [
              52.2454567,
              20.9642815
            ],
            [
              52.2454625,
              20.9643124
            ],
            [
              52.2454733,
              20.9643451
            ],
            [
              52.245491,
              20.9643825
            ],
            [
              52.2455153,
              20.9644131
            ],
            [
              52.2455386,
              20.9644306
            ],
            [
              52.2456016,
              20.964459
            ]
          ]
        ]
      }
    },
    {
      "type": "Feature",
      "properties": {
        "name": "Emila Zegadłowicza",
        "highway": "residential"
      },
      "geometry": {
        "type": "MultiLineString",
        "coordinates": [
          [
            [
              52.2272223,
              20.9720875
            ],
            [
              52.2272643,
              20.9721074
            ],
            [
              52.227312,
              20.9721203
            ],
            [
              52.2273531,
              20.9721225
            ],
            [
              52.2274104,
              20.9721145
            ],
            [
              52.2275469,
              20.9720899
            ],
            [
              52.2277782,
              20.9720489
            ],
            [
              52.2279967,
              20.9720114
            ],
            [
              52.2284753,
              20.9719292
            ],
            [
              52.2285915,
              20.9719101
            ],
            [
              52.2286244,
              20.9719034
            ],
            [
              52.2287689,
              20.9718955
            ]
          ]
        ]
      }
    },
    {
      "type": "Feature",
      "properties": {
        "name": "Kolejowa",
        "highway": "unclassified"
      },
      "geometry": {
        "type": "MultiLineString",
        "coordinates": [
          [
            [
              52.2234817,
              20.9713481
            ],
            [
              52.2237089,
              20.9724137
            ],
            [
              52.2237944,
              20.9728142
            ],
            [
              52.224046,
              20.974003
            ],
            [
              52.2240895,
              20.9741929
            ],
            [
              52.2242161,
              20.9747903
            ],
            [
              52.2243617,
              20.975469
            ],
            [
              52.2245642,
              20.9764114
            ],
            [
              52.2247383,
              20.977247
            ],
            [
              52.2248033,
              20.9775746
            ],
            [
              52.2248655,
              20.9777121
            ],
            [
              52.2249474,
              20.9777962
            ],
            [
              52.2250526,
              20.9778855
            ],
            [
              52.2250856,
              20.9779136
            ]
          ],
          [
            [
              52.2273212,
              20.9867936
            ],
            [
              52.2273951,
              20.9869844
            ],
            [
              52.2274052,
              20.9870225
            ],
            [
              52.2274126,
              20.9870664
            ],
            [
              52.2274119,
              20.9871161
            ],
            [
              52.2274052,
              20.987171
            ],
            [
              52.2273867,
              20.9872404
            ],
            [
              52.2273641,
              20.9872982
            ],
            [
              52.227333,
              20.9873594
            ]
          ],
          [
            [
              52.2254212,
              20.9796612
            ],
            [
              52.2255041,
              20.9800487
            ],
            [
              52.2255552,
              20.9802886
            ],
            [
              52.2255943,
              20.98047
            ],
            [
              52.2256558,
              20.9807611
            ],
            [
              52.2257546,
              20.9812486
            ]
          ],
          [
            [
              52.2268733,
              20.9855678
            ],
            [
              52.2270005,
              20.9859196
            ],
            [
              52.2270657,
              20.9861014
            ],
            [
              52.227219,
              20.9865373
            ],
            [
              52.2272356,
              20.9865846
            ],
            [
              52.2272426,
              20.9866044
            ],
            [
              52.2272528,
              20.9866334
            ],
            [
              52.2272623,
              20.9866605
            ],
            [
              52.2273212,
              20.9867936
            ]
          ],
          [
            [
              52.2261231,
              20.9830479
            ],
            [
              52.2263286,
              20.9840035
            ],
            [
              52.2263497,
              20.9840855
            ],
            [
              52.2263726,
              20.9841615
            ],
            [
              52.2264006,
              20.9842447
            ],
            [
              52.2266503,
              20.9849442
            ],
            [
              52.22685,
              20.9855029
            ],
            [
              52.2268733,
              20.9855678
            ]
          ],
          [
            [
              52.223269,
              20.9702658
            ],
            [
              52.2232716,
              20.9703474
            ],
            [
              52.2232839,
              20.9704339
            ],
            [
              52.2234404,
              20.9711573
            ],
            [
              52.2234627,
              20.9712606
            ],
            [
              52.2234817,
              20.9713481
            ]
          ],
          [
            [
              52.2260128,
              20.9824316
            ],
            [
              52.2260605,
              20.9826594
            ],
            [
              52.2261154,
              20.982922
            ],
            [
              52.2261194,
              20.9829572
            ],
            [
              52.2261231,
              20.9830479
            ]
          ],
          [
            [
              52.2258077,
              20.9817649
            ],
            [
              52.2259231,
              20.982302
            ],
            [
              52.2259586,
              20.9824635
            ]
          ],
          [
            [
              52.2259586,
              20.9824635
            ],
            [
              52.2259743,
              20.982536
            ],
            [
              52.2259995,
              20.9826462
            ],
            [
              52.2260104,
              20.982689
            ],
            [
              52.2260185,
              20.982721
            ],
            [
              52.2260773,
              20.9829453
            ],
            [
              52.2260881,
              20.9829736
            ],
            [
              52.2261231,
              20.9830479
            ]
          ],
          [
            [
              52.2257546,
              20.9812486
            ],
            [
              52.2257518,
              20.9813425
            ],
            [
              52.2257545,
              20.9813708
            ],
            [
              52.2257873,
              20.9816473
            ],
            [
              52.2257941,
              20.9816942
            ],
            [
              52.2257968,
              20.9817084
            ],
            [
              52.2258077,
              20.9817649
            ]
          ],
          [
            [
              52.2257546,
              20.9812486
            ],
            [
              52.2257845,
              20.9813346
            ],
            [
              52.2257923,
              20.9813637
            ],
            [
              52.2258509,
              20.981678
            ],
            [
              52.2258631,
              20.9817403
            ],
            [
              52.2260128,
              20.9824316
            ]
          ],
          [
            [
              52.2250856,
              20.9779136
            ],
            [
              52.2250781,
              20.9779616
            ],
            [
              52.2250788,
              20.9780174
            ],
            [
              52.2251052,
              20.9781777
            ],
            [
              52.2253088,
              20.9791369
            ],
            [
              52.2254212,
              20.9796612
            ]
          ]
        ]
      }
    },
    {
      "type": "Feature",
      "properties": {
        "name": "Przyokopowa",
        "highway": "unclassified"
      },
      "geometry": {
        "type": "MultiLineString",
        "coordinates": [
          [
            [
              52.2250856,
              20.9779136
            ],
            [
              52.2251285,
              20.9778684
            ],
            [
              52.2251778,
              20.9778683
            ],
            [
              52.2252869,
              20.9779125
            ],
            [
              52.2254644,
              20.977989
            ],
            [
              52.2254935,
              20.9780009
            ],
            [
              52.2259747,
              20.9781932
            ],
            [
              52.2260387,
              20.978219
            ],
            [
              52.2266156,
              20.9784521
            ],
            [
              52.2268061,
              20.9785306
            ],
            [
              52.2269568,
              20.9785924
            ],
            [
              52.2270632,
              20.978636
            ],
            [
              52.2271946,
              20.9786717
            ],
            [
              52.2272639,
              20.9786881
            ]
          ],
          [
            [
              52.2302527,
              20.9806508
            ],
            [
              52.2303299,
              20.9806435
            ],
            [
              52.2306667,
              20.98062
            ],
            [
              52.2310564,
              20.9805929
            ],
            [
              52.2311235,
              20.9805895
            ],
            [
              52.231193,
              20.9805859
            ],
            [
              52.2312375,
              20.9805835
            ],
            [
              52.2312851,
              20.9805826
            ],
            [
              52.231385,
              20.9805765
            ],
            [
              52.231583,
              20.9805644
            ],
            [
              52.2317939,
              20.9805516
            ],
            [
              52.2319393,
              20.9805403
            ],
            [
              52.232465,
              20.9804998
            ],
            [
              52.2326235,
              20.9804876
            ],
            [
              52.2328916,
              20.980471
            ],
            [
              52.2329957,
              20.9804707
            ]
          ],
          [
            [
              52.2329957,
              20.9804707
            ],
            [
              52.2330808,
              20.9804896
            ],
            [
              52.2334776,
              20.9805578
            ],
            [
              52.2335016,
              20.9805631
            ],
            [
              52.2335459,
              20.9805675
            ],
            [
              52.2336527,
              20.9805781
            ]
          ],
          [
            [
              52.2298056,
              20.9807717
            ],
            [
              52.2298946,
              20.9807297
            ],
            [
              52.2299293,
              20.980716
            ],
            [
              52.23017,
              20.9806625
            ],
            [
              52.2302527,
              20.9806508
            ]
          ],
          [
            [
              52.2336582,
              20.9806295
            ],
            [
              52.2337276,
              20.9806433
            ],
            [
              52.233778,
              20.9806554
            ],
            [
              52.2338498,
              20.9806726
            ],
            [
              52.2338839,
              20.9806819
            ],
            [
              52.2339042,
              20.9806875
            ],
            [
              52.2339192,
              20.9806859
            ],
            [
              52.2339271,
              20.9806755
            ],
            [
              52.2339354,
              20.9806642
            ],
            [
              52.2339395,
              20.9806419
            ]
          ],
          [
            [
              52.2342955,
              20.9807284
            ],
            [
              52.2344851,
              20.9807801
            ],
            [
              52.2345564,
              20.9807812
            ]
          ],
          [
            [
              52.2339395,
              20.9806419
            ],
            [
              52.2339697,
              20.9806492
            ],
            [
              52.2342955,
              20.9807284
            ]
          ]
        ]
      }
    },
    {
      "type": "Feature",
      "properties": {
        "name": "Kaprys",
        "highway": "residential"
      },
      "geometry": {
        "type": "MultiLineString",
        "coordinates": [
          [
            [
              52.2420054,
              20.9424278
            ],
            [
              52.242018,
              20.9424934
            ],
            [
              52.2422881,
              20.9439017
            ],
            [
              52.2423045,
              20.9439875
            ]
          ]
        ]
      }
    },
    {
      "type": "Feature",
      "properties": {
        "name": "Koszycka",
        "highway": "residential"
      },
      "geometry": {
        "type": "MultiLineString",
        "coordinates": [
          [
            [
              52.241688,
              20.9442952
            ],
            [
              52.2417334,
              20.9442725
            ],
            [
              52.2423045,
              20.9439875
            ],
            [
              52.2423623,
              20.9439574
            ],
            [
              52.2424789,
              20.9438967
            ],
            [
              52.2429528,
              20.9436499
            ],
            [
              52.2431607,
              20.9435416
            ],
            [
              52.2432001,
              20.94352
            ]
          ]
        ]
      }
    },
    {
      "type": "Feature",
      "properties": {
        "name": "Pustola",
        "highway": "residential"
      },
      "geometry": {
        "type": "MultiLineString",
        "coordinates": [
          [
            [
              52.2326532,
              20.9371396
            ],
            [
              52.2326709,
              20.9372997
            ],
            [
              52.2327491,
              20.9380066
            ],
            [
              52.2328074,
              20.9385341
            ],
            [
              52.2328746,
              20.9391422
            ],
            [
              52.2330616,
              20.940717
            ],
            [
              52.2331156,
              20.9411713
            ],
            [
              52.2331362,
              20.9413062
            ]
          ],
          [
            [
              52.2334839,
              20.947281
            ],
            [
              52.2335893,
              20.9481689
            ],
            [
              52.233592,
              20.9481921
            ],
            [
              52.2336011,
              20.9482686
            ]
          ],
          [
            [
              52.2322756,
              20.933855
            ],
            [
              52.2322951,
              20.9339997
            ],
            [
              52.2323425,
              20.9344425
            ],
            [
              52.2323808,
              20.9347649
            ],
            [
              52.2323997,
              20.9349305
            ],
            [
              52.2324928,
              20.9357928
            ],
            [
              52.232498,
              20.9358352
            ],
            [
              52.2325486,
              20.936256
            ],
            [
              52.2326074,
              20.9367445
            ],
            [
              52.2326287,
              20.9369214
            ],
            [
              52.2326532,
              20.9371396
            ]
          ],
          [
            [
              52.2331362,
              20.9413062
            ],
            [
              52.2331492,
              20.9414001
            ],
            [
              52.2331566,
              20.9414534
            ]
          ]
        ]
      }
    },
    {
      "type": "Feature",
      "properties": {
        "name": "Cypriana Kamila Norwida",
        "highway": "residential"
      },
      "geometry": {
        "type": "MultiLineString",
        "coordinates": [
          [
            [
              52.2313463,
              20.9374321
            ],
            [
              52.2313623,
              20.9374296
            ],
            [
              52.231833,
              20.9373213
            ],
            [
              52.2320386,
              20.9372758
            ],
            [
              52.2325648,
              20.9371592
            ],
            [
              52.2326532,
              20.9371396
            ]
          ]
        ]
      }
    },
    {
      "type": "Feature",
      "properties": {
        "name": "Nakielska",
        "highway": "residential"
      },
      "geometry": {
        "type": "MultiLineString",
        "coordinates": [
          [
            [
              52.2302474,
              20.9376785
            ],
            [
              52.2303114,
              20.9382257
            ],
            [
              52.2303912,
              20.9389076
            ],
            [
              52.2304229,
              20.9391789
            ],
            [
              52.2304566,
              20.9394675
            ],
            [
              52.2304865,
              20.9397197
            ],
            [
              52.23052,
              20.940009
            ],
            [
              52.2305999,
              20.9407431
            ],
            [
              52.2307045,
              20.9417048
            ],
            [
              52.2307148,
              20.9417992
            ],
            [
              52.2307373,
              20.9420099
            ]
          ],
          [
            [
              52.23009,
              20.936256
            ],
            [
              52.2300973,
              20.9362965
            ],
            [
              52.2302328,
              20.9375554
            ],
            [
              52.2302474,
              20.9376785
            ]
          ]
        ]
      }
    },
    {
      "type": "Feature",
      "properties": {
        "name": "Szulborska",
        "highway": "residential"
      },
      "geometry": {
        "type": "MultiLineString",
        "coordinates": [
          [
            [
              52.230846,
              20.9342956
            ],
            [
              52.2308714,
              20.9344534
            ],
            [
              52.2310281,
              20.9353804
            ],
            [
              52.2310877,
              20.9357724
            ],
            [
              52.2312392,
              20.9367815
            ],
            [
              52.2313463,
              20.9374321
            ]
          ],
          [
            [
              52.2304366,
              20.9314389
            ],
            [
              52.2304401,
              20.9314697
            ],
            [
              52.2304622,
              20.9316626
            ],
            [
              52.2305208,
              20.9321179
            ],
            [
              52.2305409,
              20.9322213
            ],
            [
              52.2305495,
              20.9322797
            ]
          ],
          [
            [
              52.2305495,
              20.9322797
            ],
            [
              52.2305998,
              20.9326223
            ],
            [
              52.2307817,
              20.9338623
            ],
            [
              52.2308203,
              20.9341393
            ],
            [
              52.230846,
              20.9342956
            ]
          ]
        ]
      }
    },
    {
      "type": "Feature",
      "properties": {
        "name": "Płocka",
        "highway": "tertiary"
      },
      "geometry": {
        "type": "MultiLineString",
        "coordinates": [
          [
            [
              52.2432368,
              20.9662175
            ],
            [
              52.2434049,
              20.9664775
            ],
            [
              52.2434683,
              20.9665854
            ],
            [
              52.2435802,
              20.9667761
            ]
          ],
          [
            [
              52.2436539,
              20.9668901
            ],
            [
              52.2436879,
              20.9669014
            ],
            [
              52.2437153,
              20.9669218
            ],
            [
              52.243736,
              20.966947
            ],
            [
              52.2437602,
              20.9669808
            ],
            [
              52.2437825,
              20.9670273
            ],
            [
              52.243802,
              20.9670903
            ],
            [
              52.2438132,
              20.9671375
            ],
            [
              52.2438271,
              20.9672483
            ]
          ],
          [
            [
              52.2326518,
              20.9661659
            ],
            [
              52.232792,
              20.9661202
            ],
            [
              52.2332676,
              20.9659601
            ],
            [
              52.2333073,
              20.9659468
            ],
            [
              52.2334212,
              20.9659096
            ]
          ],
          [
            [
              52.2334212,
              20.9659096
            ],
            [
              52.2334994,
              20.9658933
            ],
            [
              52.2335248,
              20.9658873
            ],
            [
              52.2335872,
              20.9658733
            ]
          ],
          [
            [
              52.2426065,
              20.965561
            ],
            [
              52.2426286,
              20.965575
            ]
          ],
          [
            [
              52.2372322,
              20.9652212
            ],
            [
              52.2373467,
              20.965249
            ],
            [
              52.237384,
              20.9652594
            ],
            [
              52.2374298,
              20.9652717
            ],
            [
              52.2375312,
              20.9652978
            ],
            [
              52.2376573,
              20.9653419
            ],
            [
              52.2377189,
              20.9653731
            ],
            [
              52.2377817,
              20.9654157
            ]
          ],
          [
            [
              52.2426286,
              20.965575
            ],
            [
              52.2427672,
              20.9656904
            ],
            [
              52.2428984,
              20.9658221
            ],
            [
              52.2430243,
              20.9659701
            ],
            [
              52.2431236,
              20.9660709
            ],
            [
              52.2432368,
              20.9662175
            ]
          ],
          [
            [
              52.2335872,
              20.9658733
            ],
            [
              52.2336043,
              20.9658691
            ],
            [
              52.2336271,
              20.9658659
            ],
            [
              52.2336554,
              20.9658625
            ],
            [
              52.2336754,
              20.9658613
            ],
            [
              52.2336946,
              20.9658626
            ],
            [
              52.2337286,
              20.9658651
            ],
            [
              52.2337547,
              20.9658739
            ],
            [
              52.2338047,
              20.9658945
            ],
            [
              52.2338276,
              20.965902
            ],
            [
              52.2338425,
              20.9659044
            ]
          ],
          [
            [
              52.2334383,
              20.9660593
            ],
            [
              52.2335221,
              20.9660423
            ],
            [
              52.2335482,
              20.9660379
            ],
            [
              52.2336187,
              20.9660213
            ]
          ],
          [
            [
              52.2336187,
              20.9660213
            ],
            [
              52.2336848,
              20.966006
            ],
            [
              52.2337027,
              20.9660016
            ],
            [
              52.2337246,
              20.965993
            ],
            [
              52.2337498,
              20.9659751
            ],
            [
              52.2337768,
              20.9659524
            ],
            [
              52.2338073,
              20.9659275
            ],
            [
              52.233838,
              20.9659072
            ],
            [
              52.2338425,
              20.9659044
            ]
          ],
          [
            [
              52.2326048,
              20.9663341
            ],
            [
              52.2328428,
              20.9662566
            ],
            [
              52.2332293,
              20.9661276
            ],
            [
              52.2332865,
              20.9661101
            ],
            [
              52.2334383,
              20.9660593
            ]
          ],
          [
            [
              52.2342957,
              20.9657448
            ],
            [
              52.2349017,
              20.9655694
            ],
            [
              52.2350026,
              20.9655422
            ],
            [
              52.2352242,
              20.9654875
            ],
            [
              52.2352694,
              20.9654767
            ],
            [
              52.2353744,
              20.9654481
            ],
            [
              52.2359545,
              20.9652901
            ],
            [
              52.236326,
              20.9651991
            ],
            [
              52.2364182,
              20.9651776
            ]
          ],
          [
            [
              52.2365031,
              20.9651813
            ],
            [
              52.2366877,
              20.9651983
            ],
            [
              52.2368387,
              20.9652388
            ],
            [
              52.2369159,
              20.9652591
            ],
            [
              52.2369567,
              20.9652698
            ],
            [
              52.236997,
              20.9652799
            ],
            [
              52.2371139,
              20.9653092
            ]
          ],
          [
            [
              52.2435802,
              20.9667761
            ],
            [
              52.2436539,
              20.9668901
            ]
          ],
          [
            [
              52.2301711,
              20.9670282
            ],
            [
              52.2303422,
              20.9669699
            ],
            [
              52.2308022,
              20.9668283
            ],
            [
              52.2310125,
              20.966776
            ],
            [
              52.231094,
              20.9667565
            ],
            [
              52.2311267,
              20.9667487
            ],
            [
              52.2313821,
              20.9666963
            ],
            [
              52.2314311,
              20.966684
            ],
            [
              52.231482,
              20.9666683
            ],
            [
              52.2315243,
              20.9666541
            ],
            [
              52.2318279,
              20.9665534
            ],
            [
              52.2318886,
              20.9665333
            ],
            [
              52.2322601,
              20.966411
            ],
            [
              52.2323117,
              20.9663937
            ]
          ],
          [
            [
              52.2292993,
              20.9672405
            ],
            [
              52.2293721,
              20.9672276
            ],
            [
              52.2296268,
              20.9671823
            ],
            [
              52.2297089,
              20.9671671
            ],
            [
              52.2297793,
              20.9671508
            ],
            [
              52.2298404,
              20.9671345
            ],
            [
              52.2298981,
              20.9671173
            ],
            [
              52.2299438,
              20.9671021
            ],
            [
              52.2301711,
              20.9670282
            ]
          ],
          [
            [
              52.2323117,
              20.9663937
            ],
            [
              52.2323377,
              20.9663493
            ],
            [
              52.2323714,
              20.9663121
            ],
            [
              52.2324882,
              20.9662472
            ],
            [
              52.2325105,
              20.9662361
            ],
            [
              52.2325295,
              20.9662265
            ],
            [
              52.2326518,
              20.9661659
            ]
          ],
          [
            [
              52.2323117,
              20.9663937
            ],
            [
              52.2323466,
              20.9664065
            ],
            [
              52.2323761,
              20.9664104
            ],
            [
              52.2324444,
              20.9663892
            ],
            [
              52.2324585,
              20.9663849
            ],
            [
              52.2326048,
              20.9663341
            ]
          ],
          [
            [
              52.238391,
              20.9655784
            ],
            [
              52.2384748,
              20.9656061
            ],
            [
              52.2385653,
              20.965617
            ],
            [
              52.2385981,
              20.9656209
            ],
            [
              52.2387057,
              20.9656252
            ]
          ],
          [
            [
              52.2387057,
              20.9656252
            ],
            [
              52.2388172,
              20.9656234
            ],
            [
              52.2388543,
              20.9656167
            ],
            [
              52.2390609,
              20.9655795
            ],
            [
              52.2393622,
              20.9654729
            ]
          ],
          [
            [
              52.2393622,
              20.9654729
            ],
            [
              52.2397223,
              20.9653454
            ],
            [
              52.2399744,
              20.96524
            ],
            [
              52.240221,
              20.9651476
            ],
            [
              52.2404629,
              20.9650685
            ],
            [
              52.2405672,
              20.9650449
            ],
            [
              52.2408058,
              20.9650147
            ],
            [
              52.2408901,
              20.9650046
            ],
            [
              52.2412343,
              20.9649933
            ],
            [
              52.2415783,
              20.9650356
            ],
            [
              52.2420574,
              20.9652259
            ],
            [
              52.2423202,
              20.9653743
            ],
            [
              52.2424339,
              20.9654389
            ],
            [
              52.2426065,
              20.965561
            ]
          ],
          [
            [
              52.2366624,
              20.9650788
            ],
            [
              52.2367061,
              20.9650829
            ],
            [
              52.2367715,
              20.9650982
            ],
            [
              52.2368412,
              20.9651187
            ],
            [
              52.2369041,
              20.9651352
            ],
            [
              52.2369684,
              20.9651526
            ],
            [
              52.2370087,
              20.9651635
            ],
            [
              52.237121,
              20.965192
            ]
          ],
          [
            [
              52.2371139,
              20.9653092
            ],
            [
              52.2372235,
              20.9653398
            ]
          ],
          [
            [
              52.237121,
              20.965192
            ],
            [
              52.2372322,
              20.9652212
            ]
          ],
          [
            [
              52.2372235,
              20.9653398
            ],
            [
              52.2373351,
              20.9653677
            ],
            [
              52.2373719,
              20.9653768
            ],
            [
              52.2375233,
              20.9654141
            ],
            [
              52.2376526,
              20.9654275
            ],
            [
              52.2377157,
              20.9654246
            ],
            [
              52.2377817,
              20.9654157
            ]
          ],
          [
            [
              52.2377817,
              20.9654157
            ],
            [
              52.2379792,
              20.9654681
            ],
            [
              52.2381274,
              20.9655092
            ],
            [
              52.238391,
              20.9655784
            ]
          ],
          [
            [
              52.2364182,
              20.9651776
            ],
            [
              52.2364748,
              20.9651386
            ],
            [
              52.2365457,
              20.9651003
            ],
            [
              52.2366305,
              20.9650802
            ],
            [
              52.2366624,
              20.9650788
            ]
          ],
          [
            [
              52.2364182,
              20.9651776
            ],
            [
              52.2364606,
              20.9651774
            ],
            [
              52.2365031,
              20.9651813
            ]
          ],
          [
            [
              52.2286951,
              20.9673496
            ],
            [
              52.228816,
              20.9673259
            ],
            [
              52.2288631,
              20.967318
            ],
            [
              52.2289248,
              20.9673069
            ],
            [
              52.2292993,
              20.9672405
            ]
          ],
          [
            [
              52.2284568,
              20.9674081
            ],
            [
              52.2285566,
              20.9673795
            ],
            [
              52.2285925,
              20.9673707
            ],
            [
              52.2286951,
              20.9673496
            ]
          ],
          [
            [
              52.2338425,
              20.9659044
            ],
            [
              52.2339031,
              20.9658831
            ],
            [
              52.2342957,
              20.9657448
            ]
          ]
        ]
      }
    },
    {
      "type": "Feature",
      "properties": {
        "name": "Nowolipki",
        "highway": "residential"
      },
      "geometry": {
        "type": "MultiLineString",
        "coordinates": [
          [
            [
              52.2427243,
              20.9851807
            ],
            [
              52.2430606,
              20.9861901
            ],
            [
              52.2431823,
              20.9866122
            ],
            [
              52.2432429,
              20.98684
            ],
            [
              52.2433211,
              20.9871091
            ],
            [
              52.243372,
              20.9872902
            ]
          ],
          [
            [
              52.243372,
              20.9872902
            ],
            [
              52.2434364,
              20.9874969
            ],
            [
              52.2435463,
              20.9878003
            ],
            [
              52.2437034,
              20.9882454
            ],
            [
              52.2437199,
              20.9882929
            ],
            [
              52.2439992,
              20.9890998
            ],
            [
              52.2442361,
              20.9898034
            ],
            [
              52.2442727,
              20.9899141
            ],
            [
              52.2443679,
              20.9901998
            ],
            [
              52.2445309,
              20.9906894
            ],
            [
              52.2445586,
              20.9907726
            ],
            [
              52.2446332,
              20.9910004
            ]
          ],
          [
            [
              52.2446332,
              20.9910004
            ],
            [
              52.2446834,
              20.9911408
            ],
            [
              52.2446975,
              20.9911802
            ],
            [
              52.2447495,
              20.9913335
            ]
          ],
          [
            [
              52.2420188,
              20.9824287
            ],
            [
              52.242065,
              20.982564
            ],
            [
              52.2423435,
              20.9834865
            ],
            [
              52.2423854,
              20.9836439
            ],
            [
              52.2424156,
              20.984139
            ],
            [
              52.2424151,
              20.9842314
            ],
            [
              52.2424649,
              20.9843825
            ],
            [
              52.2427243,
              20.9851807
            ]
          ]
        ]
      }
    },
    {
      "type": "Feature",
      "properties": {
        "name": "Wolność",
        "highway": "residential"
      },
      "geometry": {
        "type": "MultiLineString",
        "coordinates": [
          [
            [
              52.2406903,
              20.9844746
            ],
            [
              52.2407248,
              20.9844886
            ],
            [
              52.2407592,
              20.9845099
            ],
            [
              52.2408235,
              20.9845161
            ],
            [
              52.2409079,
              20.9844632
            ]
          ],
          [
            [
              52.2407789,
              20.9848212
            ],
            [
              52.2408074,
              20.9847758
            ],
            [
              52.2408585,
              20.9846946
            ],
            [
              52.240878,
              20.9846421
            ],
            [
              52.2409079,
              20.9844632
            ]
          ],
          [
            [
              52.2409079,
              20.9844632
            ],
            [
              52.2409918,
              20.9837979
            ],
            [
              52.2410573,
              20.9833795
            ],
            [
              52.2410687,
              20.9833367
            ],
            [
              52.241084,
              20.9832969
            ],
            [
              52.2411234,
              20.9832277
            ],
            [
              52.2412267,
              20.9831113
            ]
          ],
          [
            [
              52.2416223,
              20.9803299
            ],
            [
              52.2416792,
              20.9800072
            ],
            [
              52.241712,
              20.9798601
            ],
            [
              52.2417388,
              20.9797414
            ]
          ],
          [
            [
              52.2412267,
              20.9831113
            ],
            [
              52.2411999,
              20.9830171
            ],
            [
              52.2411357,
              20.9828548
            ],
            [
              52.2411291,
              20.982831
            ],
            [
              52.2411326,
              20.9827997
            ],
            [
              52.2411764,
              20.982549
            ],
            [
              52.2412744,
              20.982066
            ],
            [
              52.241469,
              20.9810765
            ],
            [
              52.2415752,
              20.9805068
            ],
            [
              52.2416223,
              20.9803299
            ]
          ]
        ]
      }
    },
    {
      "type": "Feature",
      "properties": {
        "name": "Józefa Bellottiego",
        "highway": "residential"
      },
      "geometry": {
        "type": "MultiLineString",
        "coordinates": [
          [
            [
              52.2412267,
              20.9831113
            ],
            [
              52.2413287,
              20.9830223
            ],
            [
              52.2416049,
              20.9827736
            ],
            [
              52.2418877,
              20.9825378
            ],
            [
              52.2419031,
              20.9825249
            ],
            [
              52.2420188,
              20.9824287
            ],
            [
              52.242126,
              20.9823329
            ],
            [
              52.2424967,
              20.9820081
            ],
            [
              52.2430366,
              20.9815335
            ],
            [
              52.2431125,
              20.9814648
            ],
            [
              52.2431497,
              20.9814331
            ],
            [
              52.2431709,
              20.9814158
            ],
            [
              52.2432007,
              20.9813961
            ],
            [
              52.2432389,
              20.9813731
            ],
            [
              52.2437795,
              20.9810588
            ],
            [
              52.2438659,
              20.9810133
            ]
          ]
        ]
      }
    },
    {
      "type": "Feature",
      "properties": {
        "name": "Mordechaja Anielewicza",
        "highway": "tertiary"
      },
      "geometry": {
        "type": "MultiLineString",
        "coordinates": [
          [
            [
              52.244283,
              20.9776275
            ],
            [
              52.2442829,
              20.9777035
            ],
            [
              52.2442871,
              20.977773
            ],
            [
              52.2442974,
              20.9778459
            ],
            [
              52.2443098,
              20.9778974
            ],
            [
              52.2443584,
              20.9781016
            ]
          ],
          [
            [
              52.2473462,
              20.988708
            ],
            [
              52.2473777,
              20.9888037
            ],
            [
              52.2473894,
              20.988839
            ],
            [
              52.2474221,
              20.9889352
            ]
          ],
          [
            [
              52.2441741,
              20.977135
            ],
            [
              52.2441971,
              20.9772399
            ],
            [
              52.2442102,
              20.9772987
            ],
            [
              52.244283,
              20.9776275
            ]
          ],
          [
            [
              52.2450673,
              20.9810295
            ],
            [
              52.2452103,
              20.9816156
            ],
            [
              52.245221,
              20.9816595
            ],
            [
              52.2453642,
              20.9822641
            ],
            [
              52.2454224,
              20.9824866
            ],
            [
              52.2455277,
              20.9828273
            ],
            [
              52.2458788,
              20.9839738
            ],
            [
              52.246028,
              20.9844529
            ]
          ],
          [
            [
              52.2445008,
              20.9786578
            ],
            [
              52.2445906,
              20.9790001
            ]
          ],
          [
            [
              52.2465343,
              20.9861082
            ],
            [
              52.2465701,
              20.9862303
            ],
            [
              52.2466627,
              20.9865305
            ],
            [
              52.2467236,
              20.9867296
            ],
            [
              52.2467856,
              20.9869302
            ],
            [
              52.2468361,
              20.9870952
            ],
            [
              52.2470373,
              20.9877533
            ],
            [
              52.247147,
              20.9880842
            ]
          ],
          [
            [
              52.24473,
              20.9795763
            ],
            [
              52.2448038,
              20.9799146
            ],
            [
              52.2448391,
              20.9800707
            ],
            [
              52.2448573,
              20.980146
            ],
            [
              52.2448755,
              20.9802213
            ],
            [
              52.2448991,
              20.9803184
            ]
          ],
          [
            [
              52.2472851,
              20.988521
            ],
            [
              52.2473089,
              20.9885947
            ],
            [
              52.247325,
              20.988643
            ]
          ],
          [
            [
              52.2444025,
              20.9782835
            ],
            [
              52.2444752,
              20.9785603
            ],
            [
              52.2445008,
              20.9786578
            ]
          ],
          [
            [
              52.2448991,
              20.9803184
            ],
            [
              52.2449293,
              20.980444
            ],
            [
              52.2449416,
              20.9804953
            ],
            [
              52.2449601,
              20.9805721
            ],
            [
              52.2450205,
              20.980835
            ],
            [
              52.2450673,
              20.9810295
            ]
          ],
          [
            [
              52.2439925,
              20.9758892
            ],
            [
              52.2439905,
              20.975944
            ],
            [
              52.2439867,
              20.9763283
            ],
            [
              52.2439885,
              20.9763884
            ],
            [
              52.2440801,
              20.9767797
            ]
          ],
          [
            [
              52.244461,
              20.9782693
            ],
            [
              52.2445113,
              20.9785474
            ],
            [
              52.2445906,
              20.9790001
            ]
          ],
          [
            [
              52.244283,
              20.9776275
            ],
            [
              52.2443216,
              20.9776878
            ],
            [
              52.2443489,
              20.9777452
            ],
            [
              52.2443698,
              20.9778094
            ],
            [
              52.2443818,
              20.9778634
            ],
            [
              52.2443949,
              20.9779226
            ],
            [
              52.2444341,
              20.9781338
            ]
          ],
          [
            [
              52.247147,
              20.9880842
            ],
            [
              52.2472725,
              20.9884824
            ],
            [
              52.2472851,
              20.988521
            ]
          ],
          [
            [
              52.2445906,
              20.9790001
            ],
            [
              52.2446952,
              20.9794331
            ],
            [
              52.24473,
              20.9795763
            ]
          ],
          [
            [
              52.243952,
              20.975006
            ],
            [
              52.2439874,
              20.9750709
            ],
            [
              52.2440006,
              20.9751441
            ],
            [
              52.2440043,
              20.975225
            ],
            [
              52.2439781,
              20.975752
            ],
            [
              52.2439804,
              20.9758149
            ],
            [
              52.2439825,
              20.975846
            ],
            [
              52.2439925,
              20.9758892
            ]
          ],
          [
            [
              52.247325,
              20.988643
            ],
            [
              52.2473462,
              20.988708
            ]
          ],
          [
            [
              52.2443584,
              20.9781016
            ],
            [
              52.2444025,
              20.9782835
            ]
          ],
          [
            [
              52.2444341,
              20.9781338
            ],
            [
              52.244461,
              20.9782693
            ]
          ],
          [
            [
              52.246251,
              20.9851723
            ],
            [
              52.2463131,
              20.9853775
            ],
            [
              52.2463366,
              20.9854552
            ],
            [
              52.246413,
              20.9857076
            ],
            [
              52.2464756,
              20.9859144
            ],
            [
              52.2465343,
              20.9861082
            ]
          ],
          [
            [
              52.246028,
              20.9844529
            ],
            [
              52.2461756,
              20.9849268
            ],
            [
              52.2461974,
              20.9849984
            ],
            [
              52.246251,
              20.9851723
            ]
          ]
        ]
      }
    },
    {
      "type": "Feature",
      "properties": {
        "name": "Esperanto",
        "highway": "residential"
      },
      "geometry": {
        "type": "MultiLineString",
        "coordinates": [
          [
            [
              52.2438241,
              20.9808094
            ],
            [
              52.2439059,
              20.9807677
            ],
            [
              52.2443881,
              20.9805403
            ],
            [
              52.244784,
              20.9803624
            ],
            [
              52.2448991,
              20.9803184
            ]
          ],
          [
            [
              52.2448991,
              20.9803184
            ],
            [
              52.2450318,
              20.9802679
            ],
            [
              52.2452287,
              20.9801875
            ],
            [
              52.2453541,
              20.9801567
            ],
            [
              52.2454154,
              20.9801487
            ],
            [
              52.2455553,
              20.9801455
            ],
            [
              52.2456887,
              20.9801708
            ],
            [
              52.245768,
              20.980194
            ],
            [
              52.2458647,
              20.9802301
            ],
            [
              52.2460026,
              20.9803083
            ],
            [
              52.2461309,
              20.9803919
            ],
            [
              52.2461575,
              20.980408
            ],
            [
              52.2464115,
              20.9805616
            ],
            [
              52.2465864,
              20.9806646
            ],
            [
              52.2470858,
              20.9809588
            ],
            [
              52.2471401,
              20.9809809
            ],
            [
              52.2473213,
              20.981006
            ],
            [
              52.2476546,
              20.9809093
            ],
            [
              52.2476816,
              20.9809041
            ]
          ]
        ]
      }
    },
    {
      "type": "Feature",
      "properties": {
        "name": "Traktorzystki",
        "highway": "residential"
      },
      "geometry": {
        "type": "MultiLineString",
        "coordinates": [
          [
            [
              52.2405515,
              20.9393255
            ],
            [
              52.2405339,
              20.9395048
            ],
            [
              52.2404876,
              20.9399719
            ],
            [
              52.2404616,
              20.9402818
            ],
            [
              52.2404597,
              20.9403355
            ],
            [
              52.2404641,
              20.9403588
            ],
            [
              52.2404742,
              20.9403766
            ],
            [
              52.24049,
              20.9403938
            ],
            [
              52.2405097,
              20.9403955
            ],
            [
              52.2405513,
              20.9403859
            ],
            [
              52.2408871,
              20.9402297
            ],
            [
              52.2408968,
              20.9401428
            ],
            [
              52.2415915,
              20.9397759
            ]
          ],
          [
            [
              52.2408871,
              20.9402297
            ],
            [
              52.2409212,
              20.9404076
            ],
            [
              52.241005,
              20.9408399
            ],
            [
              52.2410343,
              20.9409902
            ],
            [
              52.2410791,
              20.9412194
            ],
            [
              52.2411297,
              20.9414784
            ],
            [
              52.2411626,
              20.9416471
            ]
          ]
        ]
      }
    },
    {
      "type": "Feature",
      "properties": {
        "name": "Icchoka Lejba Pereca",
        "highway": "residential"
      },
      "geometry": {
        "type": "MultiLineString",
        "coordinates": [
          [
            [
              52.2335837,
              20.9934892
            ],
            [
              52.2335992,
              20.9935774
            ],
            [
              52.2336205,
              20.9936988
            ],
            [
              52.2336654,
              20.9939527
            ],
            [
              52.2336801,
              20.9940374
            ],
            [
              52.2336871,
              20.9940757
            ],
            [
              52.2338085,
              20.9948036
            ]
          ],
          [
            [
              52.2332645,
              20.9916282
            ],
            [
              52.2332782,
              20.9917079
            ],
            [
              52.2332917,
              20.9917878
            ],
            [
              52.2335141,
              20.9931003
            ]
          ],
          [
            [
              52.2340606,
              20.9963684
            ],
            [
              52.234085,
              20.9965236
            ],
            [
              52.2340969,
              20.9965692
            ],
            [
              52.2341077,
              20.9965998
            ],
            [
              52.2341222,
              20.996626
            ],
            [
              52.2341392,
              20.9966462
            ]
          ],
          [
            [
              52.2339678,
              20.9957652
            ],
            [
              52.2340174,
              20.9960932
            ],
            [
              52.2340606,
              20.9963684
            ]
          ],
          [
            [
              52.2338085,
              20.9948036
            ],
            [
              52.2338287,
              20.9949249
            ],
            [
              52.2339522,
              20.9956654
            ],
            [
              52.2339678,
              20.9957652
            ]
          ],
          [
            [
              52.2335141,
              20.9931003
            ],
            [
              52.2335424,
              20.9932547
            ],
            [
              52.2335837,
              20.9934892
            ]
          ]
        ]
      }
    },
    {
      "type": "Feature",
      "properties": {
        "name": "Łucka",
        "highway": "residential"
      },
      "geometry": {
        "type": "MultiLineString",
        "coordinates": [
          [
            [
              52.2324503,
              20.9884879
            ],
            [
              52.2324661,
              20.9885787
            ],
            [
              52.2326196,
              20.9894597
            ],
            [
              52.2327892,
              20.9904335
            ],
            [
              52.232842,
              20.9907316
            ],
            [
              52.2328651,
              20.9908621
            ],
            [
              52.2329288,
              20.9912223
            ]
          ],
          [
            [
              52.2316422,
              20.9839212
            ],
            [
              52.2317591,
              20.9846113
            ],
            [
              52.231798,
              20.9848389
            ],
            [
              52.231828,
              20.9850149
            ],
            [
              52.2318441,
              20.985109
            ],
            [
              52.2318532,
              20.9851585
            ],
            [
              52.2319826,
              20.9859105
            ],
            [
              52.2320087,
              20.9860655
            ]
          ],
          [
            [
              52.2329288,
              20.9912223
            ],
            [
              52.2330042,
              20.9916487
            ],
            [
              52.2330125,
              20.9916958
            ],
            [
              52.2330267,
              20.991776
            ]
          ],
          [
            [
              52.2316183,
              20.9836161
            ],
            [
              52.2316184,
              20.9836941
            ],
            [
              52.2316183,
              20.9838181
            ]
          ],
          [
            [
              52.2315001,
              20.9837254
            ],
            [
              52.2316183,
              20.9838181
            ]
          ],
          [
            [
              52.2320087,
              20.9860655
            ],
            [
              52.2320324,
              20.9862004
            ],
            [
              52.2322408,
              20.9873286
            ],
            [
              52.2323733,
              20.9880616
            ],
            [
              52.2324503,
              20.9884879
            ]
          ],
          [
            [
              52.2316183,
              20.9838181
            ],
            [
              52.2316336,
              20.9838702
            ],
            [
              52.2316422,
              20.9839212
            ]
          ]
        ]
      }
    },
    {
      "type": "Feature",
      "properties": {
        "name": "Ciepła",
        "highway": "residential"
      },
      "geometry": {
        "type": "MultiLineString",
        "coordinates": [
          [
            [
              52.2341392,
              20.9966462
            ],
            [
              52.2341528,
              20.996657
            ],
            [
              52.2341672,
              20.9966643
            ],
            [
              52.2341859,
              20.9966684
            ],
            [
              52.2342055,
              20.9966628
            ],
            [
              52.2342242,
              20.9966546
            ],
            [
              52.2349266,
              20.9963541
            ],
            [
              52.2350043,
              20.9963209
            ],
            [
              52.2350375,
              20.9963063
            ],
            [
              52.2351106,
              20.9962755
            ],
            [
              52.2355744,
              20.9960931
            ]
          ],
          [
            [
              52.23884,
              20.9947384
            ],
            [
              52.2390405,
              20.9946586
            ]
          ],
          [
            [
              52.2390405,
              20.9946586
            ],
            [
              52.2390614,
              20.9946497
            ],
            [
              52.2391415,
              20.9946156
            ]
          ],
          [
            [
              52.2355744,
              20.9960931
            ],
            [
              52.2355912,
              20.9960864
            ],
            [
              52.235654,
              20.9960704
            ],
            [
              52.23569,
              20.9960591
            ]
          ],
          [
            [
              52.2387888,
              20.9947594
            ],
            [
              52.23884,
              20.9947384
            ]
          ]
        ]
      }
    },
    {
      "type": "Feature",
      "properties": {
        "name": "Biała",
        "highway": "residential"
      },
      "geometry": {
        "type": "MultiLineString",
        "coordinates": [
          [
            [
              52.238372,
              20.9915806
            ],
            [
              52.238905,
              20.9911221
            ],
            [
              52.2390085,
              20.991033
            ],
            [
              52.2392559,
              20.9908259
            ],
            [
              52.2394062,
              20.9907001
            ]
          ]
        ]
      }
    },
    {
      "type": "Feature",
      "properties": {
        "name": "Krochmalna",
        "highway": "residential"
      },
      "geometry": {
        "type": "MultiLineString",
        "coordinates": [
          [
            [
              52.2361787,
              20.9898095
            ],
            [
              52.2362087,
              20.9899509
            ],
            [
              52.2363963,
              20.9908345
            ],
            [
              52.2364025,
              20.9908636
            ],
            [
              52.2364485,
              20.9910922
            ],
            [
              52.2364629,
              20.9911644
            ],
            [
              52.2364963,
              20.9913294
            ],
            [
              52.2365045,
              20.9913725
            ],
            [
              52.2365343,
              20.9915271
            ],
            [
              52.2365706,
              20.9916831
            ]
          ],
          [
            [
              52.2350042,
              20.9832814
            ],
            [
              52.2350146,
              20.9832688
            ],
            [
              52.2350553,
              20.9832189
            ]
          ],
          [
            [
              52.2367511,
              20.9925684
            ],
            [
              52.2369594,
              20.9936285
            ],
            [
              52.2370276,
              20.9939753
            ],
            [
              52.2370361,
              20.9940185
            ],
            [
              52.2370492,
              20.9940846
            ],
            [
              52.237184,
              20.9947659
            ],
            [
              52.2372575,
              20.9951389
            ],
            [
              52.2372819,
              20.995264
            ],
            [
              52.2372993,
              20.9953864
            ]
          ],
          [
            [
              52.2360089,
              20.9887935
            ],
            [
              52.2360339,
              20.9887985
            ],
            [
              52.2361449,
              20.9887331
            ],
            [
              52.2361964,
              20.9887028
            ],
            [
              52.2363381,
              20.9886193
            ],
            [
              52.2363664,
              20.9886179
            ],
            [
              52.2363929,
              20.9886232
            ],
            [
              52.2364163,
              20.9886441
            ],
            [
              52.2364387,
              20.9886718
            ],
            [
              52.2364667,
              20.9887377
            ]
          ],
          [
            [
              52.2364667,
              20.9887377
            ],
            [
              52.2365151,
              20.9889532
            ],
            [
              52.23662,
              20.9894128
            ],
            [
              52.2366273,
              20.9894447
            ],
            [
              52.2366447,
              20.9895208
            ]
          ],
          [
            [
              52.2352613,
              20.9850622
            ],
            [
              52.235276,
              20.9851345
            ],
            [
              52.2353784,
              20.9857156
            ],
            [
              52.2354378,
              20.9860526
            ],
            [
              52.2355171,
              20.9864679
            ],
            [
              52.2357184,
              20.9874953
            ],
            [
              52.2357946,
              20.9878807
            ],
            [
              52.235829,
              20.9880548
            ],
            [
              52.2358486,
              20.988154
            ],
            [
              52.2358783,
              20.9882942
            ],
            [
              52.2358932,
              20.9883608
            ],
            [
              52.2359507,
              20.9886184
            ]
          ],
          [
            [
              52.2365706,
              20.9916831
            ],
            [
              52.2366035,
              20.9918219
            ],
            [
              52.2366699,
              20.9921592
            ],
            [
              52.2366922,
              20.9922723
            ],
            [
              52.2367285,
              20.9924548
            ],
            [
              52.2367511,
              20.9925684
            ]
          ],
          [
            [
              52.2372993,
              20.9953864
            ],
            [
              52.2373181,
              20.9954988
            ],
            [
              52.2374094,
              20.9960924
            ],
            [
              52.2374263,
              20.9961964
            ],
            [
              52.2374312,
              20.9962296
            ],
            [
              52.2374333,
              20.9962528
            ],
            [
              52.2374321,
              20.996276
            ],
            [
              52.2374283,
              20.9962944
            ],
            [
              52.2374181,
              20.996325
            ],
            [
              52.2373885,
              20.9964142
            ]
          ],
          [
            [
              52.2346597,
              20.9814486
            ],
            [
              52.2346906,
              20.9816085
            ],
            [
              52.2346984,
              20.9816551
            ],
            [
              52.2347091,
              20.9817509
            ]
          ],
          [
            [
              52.2347091,
              20.9817509
            ],
            [
              52.2347205,
              20.9818187
            ],
            [
              52.2347458,
              20.9819686
            ]
          ],
          [
            [
              52.2347458,
              20.9819686
            ],
            [
              52.2349095,
              20.9830954
            ],
            [
              52.2349049,
              20.9831581
            ]
          ],
          [
            [
              52.2350193,
              20.9836423
            ],
            [
              52.2350398,
              20.9837728
            ],
            [
              52.2352468,
              20.9849863
            ],
            [
              52.2352613,
              20.9850622
            ]
          ],
          [
            [
              52.2350042,
              20.9832814
            ],
            [
              52.2349874,
              20.9833469
            ],
            [
              52.2349842,
              20.9834184
            ],
            [
              52.2350193,
              20.9836423
            ]
          ],
          [
            [
              52.2359507,
              20.9886184
            ],
            [
              52.2359818,
              20.9887609
            ],
            [
              52.2360089,
              20.9887935
            ]
          ]
        ]
      }
    },
    {
      "type": "Feature",
      "properties": {
        "name": "Ogrodowa",
        "highway": "residential"
      },
      "geometry": {
        "type": "MultiLineString",
        "coordinates": [
          [
            [
              52.237464,
              20.9841015
            ],
            [
              52.2375004,
              20.9842364
            ],
            [
              52.2376687,
              20.9848865
            ],
            [
              52.2378503,
              20.9855884
            ],
            [
              52.2381168,
              20.9865004
            ],
            [
              52.2381242,
              20.9865257
            ],
            [
              52.2381549,
              20.9866309
            ],
            [
              52.2381777,
              20.9867091
            ],
            [
              52.2382671,
              20.9870163
            ],
            [
              52.238377,
              20.9873928
            ],
            [
              52.2383806,
              20.987405
            ],
            [
              52.2384881,
              20.9877705
            ],
            [
              52.2385193,
              20.9878792
            ],
            [
              52.2385828,
              20.9880755
            ]
          ],
          [
            [
              52.236996,
              20.9814722
            ],
            [
              52.237154,
              20.9823883
            ],
            [
              52.2372457,
              20.9829204
            ],
            [
              52.2373248,
              20.983379
            ]
          ],
          [
            [
              52.2385828,
              20.9880755
            ],
            [
              52.238658,
              20.9883132
            ],
            [
              52.2386744,
              20.9883652
            ],
            [
              52.2389315,
              20.9891784
            ],
            [
              52.2389561,
              20.9892692
            ],
            [
              52.2390473,
              20.9895608
            ],
            [
              52.2391575,
              20.9899112
            ],
            [
              52.2394062,
              20.9907001
            ],
            [
              52.2397114,
              20.9916594
            ],
            [
              52.2398109,
              20.9919723
            ],
            [
              52.2398196,
              20.9919997
            ],
            [
              52.2398961,
              20.9922409
            ],
            [
              52.2401601,
              20.9930729
            ],
            [
              52.2402444,
              20.9933385
            ],
            [
              52.2404143,
              20.9938741
            ],
            [
              52.2404491,
              20.9939221
            ],
            [
              52.2405139,
              20.9941273
            ],
            [
              52.2405407,
              20.9942091
            ],
            [
              52.2405635,
              20.9942788
            ],
            [
              52.2406047,
              20.9944045
            ],
            [
              52.2406244,
              20.9944655
            ]
          ],
          [
            [
              52.2373248,
              20.983379
            ],
            [
              52.237431,
              20.983974
            ],
            [
              52.237464,
              20.9841015
            ]
          ]
        ]
      }
    },
    {
      "type": "Feature",
      "properties": {
        "name": "Waliców",
        "highway": "residential"
      },
      "geometry": {
        "type": "MultiLineString",
        "coordinates": [
          [
            [
              52.2365706,
              20.9916831
            ],
            [
              52.2366336,
              20.9916529
            ],
            [
              52.2375969,
              20.9911789
            ],
            [
              52.2376484,
              20.9911549
            ],
            [
              52.2376606,
              20.9911506
            ]
          ],
          [
            [
              52.2349885,
              20.9924151
            ],
            [
              52.2351188,
              20.9923524
            ]
          ],
          [
            [
              52.2351188,
              20.9923524
            ],
            [
              52.2354668,
              20.99219
            ],
            [
              52.2355178,
              20.9921674
            ],
            [
              52.2362385,
              20.9918384
            ],
            [
              52.2365022,
              20.9917163
            ],
            [
              52.2365706,
              20.9916831
            ]
          ],
          [
            [
              52.2335141,
              20.9931003
            ],
            [
              52.2335873,
              20.9930655
            ],
            [
              52.2349001,
              20.9924587
            ],
            [
              52.2349885,
              20.9924151
            ]
          ]
        ]
      }
    },
    {
      "type": "Feature",
      "properties": {
        "name": "Człuchowska",
        "highway": "residential"
      },
      "geometry": {
        "type": "MultiLineString",
        "coordinates": [
          [
            [
              52.229767,
              20.9209211
            ],
            [
              52.2298209,
              20.9214029
            ],
            [
              52.2298244,
              20.9214344
            ]
          ],
          [
            [
              52.230001,
              20.9227628
            ],
            [
              52.2300405,
              20.9231223
            ],
            [
              52.2301233,
              20.9239254
            ],
            [
              52.2301535,
              20.9242754
            ],
            [
              52.2302594,
              20.9258537
            ],
            [
              52.2303431,
              20.9273961
            ],
            [
              52.2303686,
              20.927851
            ],
            [
              52.2304095,
              20.9281982
            ],
            [
              52.2304386,
              20.9284454
            ],
            [
              52.2304657,
              20.9286758
            ],
            [
              52.2304827,
              20.9288956
            ],
            [
              52.2305007,
              20.929405
            ],
            [
              52.2305262,
              20.9298873
            ]
          ],
          [
            [
              52.2304336,
              20.9314127
            ],
            [
              52.2304366,
              20.9314389
            ]
          ],
          [
            [
              52.2305262,
              20.9298873
            ],
            [
              52.2305475,
              20.9302899
            ]
          ]
        ]
      }
    },
    {
      "type": "Feature",
      "properties": {
        "name": "Dzielna",
        "highway": "residential"
      },
      "geometry": {
        "type": "MultiLineString",
        "coordinates": [
          [
            [
              52.2456925,
              20.9899112
            ],
            [
              52.2457159,
              20.9899381
            ],
            [
              52.2457879,
              20.9899976
            ],
            [
              52.2458282,
              20.9900303
            ]
          ],
          [
            [
              52.2427243,
              20.978843
            ],
            [
              52.2428645,
              20.9797504
            ],
            [
              52.2428747,
              20.9798011
            ],
            [
              52.2428932,
              20.9798748
            ],
            [
              52.2429011,
              20.9799159
            ],
            [
              52.242914,
              20.9799947
            ],
            [
              52.2429881,
              20.9804473
            ],
            [
              52.2430538,
              20.9808481
            ],
            [
              52.2431134,
              20.9812114
            ],
            [
              52.243122,
              20.9812643
            ],
            [
              52.2431497,
              20.9814331
            ],
            [
              52.2431935,
              20.9817005
            ],
            [
              52.2432147,
              20.9818357
            ],
            [
              52.2433318,
              20.982497
            ],
            [
              52.2434154,
              20.9829563
            ],
            [
              52.2434642,
              20.9831194
            ],
            [
              52.2435047,
              20.9832556
            ],
            [
              52.2436948,
              20.9838121
            ],
            [
              52.2437866,
              20.9840887
            ],
            [
              52.2438609,
              20.9843189
            ],
            [
              52.2441643,
              20.9852453
            ],
            [
              52.244483,
              20.9862351
            ],
            [
              52.2445304,
              20.9863769
            ]
          ],
          [
            [
              52.2445304,
              20.9863769
            ],
            [
              52.2446273,
              20.9866685
            ],
            [
              52.2449471,
              20.9876262
            ],
            [
              52.2451084,
              20.9881097
            ],
            [
              52.2452281,
              20.9884473
            ],
            [
              52.2456759,
              20.9898592
            ],
            [
              52.2456839,
              20.9898843
            ],
            [
              52.2456925,
              20.9899112
            ]
          ],
          [
            [
              52.2456746,
              20.9901658
            ],
            [
              52.2456825,
              20.9900867
            ],
            [
              52.2456939,
              20.9899553
            ],
            [
              52.2456925,
              20.9899112
            ]
          ],
          [
            [
              52.2427004,
              20.9787002
            ],
            [
              52.2427062,
              20.9786093
            ],
            [
              52.2427048,
              20.9785759
            ],
            [
              52.2426974,
              20.9785102
            ],
            [
              52.2426921,
              20.9784513
            ],
            [
              52.2426935,
              20.9784098
            ],
            [
              52.2426984,
              20.9783678
            ],
            [
              52.2427133,
              20.9783101
            ],
            [
              52.2427404,
              20.9782546
            ]
          ],
          [
            [
              52.2424971,
              20.9783522
            ],
            [
              52.2425504,
              20.9783706
            ],
            [
              52.2425859,
              20.978395
            ],
            [
              52.2426067,
              20.9784189
            ],
            [
              52.2426213,
              20.9784434
            ],
            [
              52.2426327,
              20.978478
            ],
            [
              52.2426406,
              20.9785088
            ],
            [
              52.2426447,
              20.978533
            ],
            [
              52.2426571,
              20.9786081
            ],
            [
              52.2426653,
              20.9786326
            ],
            [
              52.2427004,
              20.9787002
            ]
          ],
          [
            [
              52.2427004,
              20.9787002
            ],
            [
              52.2427243,
              20.978843
            ]
          ]
        ]
      }
    },
    {
      "type": "Feature",
      "properties": {
        "name": "Pawia",
        "highway": "residential"
      },
      "geometry": {
        "type": "MultiLineString",
        "coordinates": [
          [
            [
              52.2429011,
              20.9799159
            ],
            [
              52.243016,
              20.9798656
            ],
            [
              52.2434295,
              20.9796957
            ],
            [
              52.2435326,
              20.9796664
            ],
            [
              52.243565,
              20.9796785
            ],
            [
              52.2435874,
              20.9797014
            ],
            [
              52.2436204,
              20.979757
            ],
            [
              52.2436384,
              20.9798327
            ],
            [
              52.2437385,
              20.9803371
            ],
            [
              52.2437505,
              20.980405
            ],
            [
              52.2438044,
              20.9807096
            ],
            [
              52.2438241,
              20.9808094
            ],
            [
              52.2438434,
              20.9809088
            ],
            [
              52.2438659,
              20.9810133
            ],
            [
              52.2440335,
              20.981785
            ],
            [
              52.2440705,
              20.9819525
            ],
            [
              52.2441974,
              20.9825272
            ],
            [
              52.2442448,
              20.982742
            ],
            [
              52.2443088,
              20.9830412
            ],
            [
              52.2443515,
              20.9832281
            ],
            [
              52.2444709,
              20.9836254
            ],
            [
              52.2444834,
              20.9836703
            ],
            [
              52.2451165,
              20.9858812
            ],
            [
              52.2451609,
              20.9860343
            ]
          ]
        ]
      }
    },
    {
      "type": "Feature",
      "properties": {
        "name": "Gliniana",
        "highway": "residential"
      },
      "geometry": {
        "type": "MultiLineString",
        "coordinates": [
          [
            [
              52.2462871,
              20.9818016
            ],
            [
              52.2464155,
              20.9822718
            ],
            [
              52.246529,
              20.9826874
            ],
            [
              52.2465365,
              20.9827149
            ],
            [
              52.2468028,
              20.9836897
            ],
            [
              52.246854,
              20.9838772
            ],
            [
              52.2468926,
              20.9840185
            ],
            [
              52.2468997,
              20.9840442
            ],
            [
              52.2470076,
              20.9844391
            ],
            [
              52.2470344,
              20.9845373
            ]
          ]
        ]
      }
    },
    {
      "type": "Feature",
      "properties": {
        "name": "Kolska",
        "highway": "residential"
      },
      "geometry": {
        "type": "MultiLineString",
        "coordinates": [
          [
            [
              52.2506509,
              20.9750742
            ],
            [
              52.2506623,
              20.9752557
            ],
            [
              52.2506804,
              20.9755534
            ],
            [
              52.2507197,
              20.9762015
            ],
            [
              52.2507518,
              20.9767032
            ],
            [
              52.2508072,
              20.9775704
            ],
            [
              52.2508152,
              20.9777058
            ],
            [
              52.2508519,
              20.97831
            ],
            [
              52.2508551,
              20.9783736
            ],
            [
              52.2508622,
              20.9785124
            ],
            [
              52.250866,
              20.9786649
            ],
            [
              52.2508527,
              20.9788659
            ],
            [
              52.250824,
              20.979103
            ],
            [
              52.2507963,
              20.9792543
            ],
            [
              52.2507075,
              20.9797194
            ],
            [
              52.2506773,
              20.9798771
            ]
          ],
          [
            [
              52.2506217,
              20.9745867
            ],
            [
              52.2506509,
              20.9750742
            ]
          ],
          [
            [
              52.2506217,
              20.9745867
            ],
            [
              52.2506785,
              20.9744166
            ]
          ]
        ]
      }
    },
    {
      "type": "Feature",
      "properties": {
        "name": "Spokojna",
        "highway": "residential"
      },
      "geometry": {
        "type": "MultiLineString",
        "coordinates": [
          [
            [
              52.2517482,
              20.9802277
            ],
            [
              52.251753,
              20.9801464
            ],
            [
              52.2517567,
              20.9798309
            ],
            [
              52.2517627,
              20.9797371
            ],
            [
              52.2519126,
              20.9774994
            ],
            [
              52.2519434,
              20.9770395
            ],
            [
              52.252001,
              20.976179
            ],
            [
              52.2520205,
              20.975888
            ],
            [
              52.2520591,
              20.9753117
            ],
            [
              52.2520862,
              20.9749072
            ],
            [
              52.2520831,
              20.97487
            ],
            [
              52.2520725,
              20.9748366
            ],
            [
              52.2520574,
              20.9748133
            ],
            [
              52.2520387,
              20.9747987
            ]
          ],
          [
            [
              52.2514225,
              20.9745729
            ],
            [
              52.2520387,
              20.9747987
            ]
          ],
          [
            [
              52.251738,
              20.9803992
            ],
            [
              52.2517418,
              20.980335
            ],
            [
              52.2517433,
              20.9803105
            ],
            [
              52.2517457,
              20.9802705
            ],
            [
              52.2517482,
              20.9802277
            ]
          ]
        ]
      }
    },
    {
      "type": "Feature",
      "properties": {
        "name": "Józefa Mireckiego „Montwiłła”",
        "highway": "residential"
      },
      "geometry": {
        "type": "MultiLineString",
        "coordinates": [
          [
            [
              52.241558,
              20.9755866
            ],
            [
              52.241579,
              20.9757134
            ],
            [
              52.2417712,
              20.9768707
            ],
            [
              52.2417733,
              20.9769219
            ],
            [
              52.2417712,
              20.9769626
            ],
            [
              52.2417675,
              20.9769971
            ],
            [
              52.2417592,
              20.9770555
            ],
            [
              52.2417014,
              20.977446
            ],
            [
              52.2416645,
              20.9777155
            ]
          ],
          [
            [
              52.2413282,
              20.9744738
            ],
            [
              52.2413547,
              20.974475
            ],
            [
              52.2413802,
              20.9744869
            ],
            [
              52.2414,
              20.9745052
            ],
            [
              52.2414177,
              20.9745315
            ],
            [
              52.2414313,
              20.9745636
            ],
            [
              52.2414401,
              20.9745999
            ],
            [
              52.2415309,
              20.9752061
            ],
            [
              52.2415373,
              20.9753192
            ],
            [
              52.2415443,
              20.9754421
            ],
            [
              52.241558,
              20.9755866
            ]
          ]
        ]
      }
    },
    {
      "type": "Feature",
      "properties": {
        "name": "Henryka Barona",
        "highway": "residential"
      },
      "geometry": {
        "type": "MultiLineString",
        "coordinates": [
          [
            [
              52.2405935,
              20.974766
            ],
            [
              52.2406033,
              20.9748302
            ],
            [
              52.2406639,
              20.9752258
            ],
            [
              52.2406782,
              20.9753189
            ],
            [
              52.2407494,
              20.9757841
            ],
            [
              52.2407662,
              20.9758941
            ]
          ],
          [
            [
              52.2409301,
              20.9758311
            ],
            [
              52.2409481,
              20.9759417
            ],
            [
              52.2410699,
              20.9766878
            ],
            [
              52.2411171,
              20.9769736
            ],
            [
              52.2411752,
              20.9773252
            ]
          ]
        ]
      }
    },
    {
      "type": "Feature",
      "properties": {
        "name": "Syreny",
        "highway": "residential"
      },
      "geometry": {
        "type": "MultiLineString",
        "coordinates": [
          [
            [
              52.2378456,
              20.9620754
            ],
            [
              52.2380791,
              20.9621359
            ],
            [
              52.2389156,
              20.9623504
            ],
            [
              52.2390143,
              20.9623775
            ]
          ],
          [
            [
              52.2390732,
              20.9617666
            ],
            [
              52.2392162,
              20.9618011
            ],
            [
              52.2400038,
              20.9620076
            ],
            [
              52.2401063,
              20.9620321
            ],
            [
              52.2401853,
              20.962051
            ],
            [
              52.2403595,
              20.9619839
            ],
            [
              52.240619,
              20.9617
            ]
          ],
          [
            [
              52.2371464,
              20.9618906
            ],
            [
              52.2373147,
              20.9619357
            ],
            [
              52.2373561,
              20.9619468
            ],
            [
              52.2374142,
              20.9619617
            ],
            [
              52.2374452,
              20.9619697
            ]
          ],
          [
            [
              52.2342902,
              20.9627252
            ],
            [
              52.2345637,
              20.9626249
            ],
            [
              52.2347164,
              20.9625766
            ],
            [
              52.2348024,
              20.9625494
            ],
            [
              52.2354585,
              20.9623417
            ],
            [
              52.2355593,
              20.9622957
            ],
            [
              52.2356788,
              20.9622296
            ],
            [
              52.2357471,
              20.9621908
            ],
            [
              52.2357796,
              20.9621556
            ],
            [
              52.2358031,
              20.9621059
            ],
            [
              52.2358134,
              20.9620823
            ],
            [
              52.2358372,
              20.9620121
            ],
            [
              52.2358538,
              20.9618963
            ],
            [
              52.2358688,
              20.9617638
            ],
            [
              52.235888,
              20.9615567
            ]
          ],
          [
            [
              52.240619,
              20.9617
            ],
            [
              52.2406537,
              20.9616553
            ],
            [
              52.240764,
              20.9615129
            ],
            [
              52.2408965,
              20.961353
            ],
            [
              52.24094,
              20.9613003
            ],
            [
              52.2410956,
              20.9611592
            ],
            [
              52.2411105,
              20.961151
            ],
            [
              52.2413424,
              20.9610045
            ],
            [
              52.2414316,
              20.9609541
            ],
            [
              52.2416489,
              20.9608472
            ],
            [
              52.2418161,
              20.9607622
            ],
            [
              52.242056,
              20.9606423
            ],
            [
              52.2423967,
              20.9604872
            ],
            [
              52.2425714,
              20.9604476
            ],
            [
              52.2426729,
              20.9604377
            ],
            [
              52.2427514,
              20.9604407
            ],
            [
              52.2428444,
              20.9604534
            ],
            [
              52.2429386,
              20.9604732
            ],
            [
              52.2430831,
              20.9605074
            ],
            [
              52.2432705,
              20.9605493
            ],
            [
              52.243395,
              20.9605771
            ],
            [
              52.2434894,
              20.9605982
            ]
          ],
          [
            [
              52.235888,
              20.9615567
            ],
            [
              52.2359334,
              20.9615793
            ],
            [
              52.2359848,
              20.9615977
            ],
            [
              52.2365168,
              20.9617435
            ],
            [
              52.2369234,
              20.9618436
            ],
            [
              52.2371464,
              20.9618906
            ]
          ],
          [
            [
              52.2375447,
              20.9619941
            ],
            [
              52.237578,
              20.9620036
            ],
            [
              52.2376423,
              20.9620208
            ],
            [
              52.2376866,
              20.9620314
            ],
            [
              52.2378456,
              20.9620754
            ]
          ],
          [
            [
              52.2331405,
              20.9630835
            ],
            [
              52.233267,
              20.963044
            ],
            [
              52.2333525,
              20.9629973
            ],
            [
              52.2336673,
              20.9628877
            ],
            [
              52.233958,
              20.9628082
            ],
            [
              52.2339684,
              20.9628053
            ]
          ],
          [
            [
              52.2339684,
              20.9628053
            ],
            [
              52.2340564,
              20.9628184
            ],
            [
              52.2341014,
              20.9628111
            ],
            [
              52.2342902,
              20.9627252
            ]
          ]
        ]
      }
    },
    {
      "type": "Feature",
      "properties": {
        "name": "Eustachego Tyszkiewicza",
        "highway": "residential"
      },
      "geometry": {
        "type": "MultiLineString",
        "coordinates": [
          [
            [
              52.240306,
              20.967234
            ],
            [
              52.2404192,
              20.9671908
            ],
            [
              52.240805,
              20.9670225
            ],
            [
              52.2410651,
              20.9669172
            ],
            [
              52.2411185,
              20.9668999
            ],
            [
              52.2412808,
              20.9668832
            ],
            [
              52.2414054,
              20.9668743
            ]
          ],
          [
            [
              52.2368965,
              20.9685887
            ],
            [
              52.236934,
              20.9685605
            ],
            [
              52.2369715,
              20.9685355
            ],
            [
              52.2370096,
              20.968523
            ],
            [
              52.2370452,
              20.9685216
            ]
          ],
          [
            [
              52.2386172,
              20.9678925
            ],
            [
              52.2387091,
              20.9678626
            ],
            [
              52.2401256,
              20.9673055
            ],
            [
              52.2401787,
              20.9672844
            ],
            [
              52.240306,
              20.967234
            ]
          ],
          [
            [
              52.2414054,
              20.9668743
            ],
            [
              52.2415951,
              20.9668845
            ],
            [
              52.2420411,
              20.9669795
            ],
            [
              52.2421074,
              20.9670001
            ],
            [
              52.2427436,
              20.967218
            ],
            [
              52.242926,
              20.9672774
            ]
          ],
          [
            [
              52.2370452,
              20.9685216
            ],
            [
              52.237092,
              20.9685185
            ],
            [
              52.2371291,
              20.968509
            ],
            [
              52.2373023,
              20.9684325
            ],
            [
              52.2373897,
              20.9683966
            ],
            [
              52.2379466,
              20.9681679
            ],
            [
              52.238547,
              20.9679213
            ],
            [
              52.2386172,
              20.9678925
            ]
          ]
        ]
      }
    },
    {
      "type": "Feature",
      "properties": {
        "name": "Rodziny Kluczyńskich",
        "highway": "residential"
      },
      "geometry": {
        "type": "MultiLineString",
        "coordinates": [
          [
            [
              52.2420411,
              20.9669795
            ],
            [
              52.242061,
              20.9668543
            ],
            [
              52.2421373,
              20.966374
            ],
            [
              52.2421719,
              20.9661562
            ],
            [
              52.2421941,
              20.9660425
            ],
            [
              52.2422931,
              20.9655361
            ],
            [
              52.2423202,
              20.9653743
            ]
          ]
        ]
      }
    },
    {
      "type": "Feature",
      "properties": {
        "name": "Szlenkierów",
        "highway": "residential"
      },
      "geometry": {
        "type": "MultiLineString",
        "coordinates": [
          [
            [
              52.2370549,
              20.9704441
            ],
            [
              52.2370864,
              20.9704379
            ],
            [
              52.2372117,
              20.9703901
            ],
            [
              52.2373914,
              20.9703216
            ],
            [
              52.2374709,
              20.9702884
            ],
            [
              52.2379497,
              20.9700957
            ],
            [
              52.2380294,
              20.9700625
            ],
            [
              52.2380465,
              20.9700557
            ],
            [
              52.2382469,
              20.9699786
            ],
            [
              52.238812,
              20.9697564
            ],
            [
              52.2388806,
              20.9697258
            ]
          ],
          [
            [
              52.2397246,
              20.969707
            ],
            [
              52.2400271,
              20.9695997
            ],
            [
              52.239995,
              20.96921
            ]
          ],
          [
            [
              52.239889,
              20.9709113
            ],
            [
              52.2398773,
              20.9708155
            ],
            [
              52.2398256,
              20.97044
            ],
            [
              52.2398208,
              20.9704053
            ],
            [
              52.2397891,
              20.9701753
            ],
            [
              52.2397676,
              20.9700186
            ],
            [
              52.2397286,
              20.9697357
            ],
            [
              52.2397246,
              20.969707
            ],
            [
              52.239652,
              20.9692017
            ],
            [
              52.2399619,
              20.9690788
            ],
            [
              52.239995,
              20.96921
            ],
            [
              52.2403211,
              20.9690834
            ],
            [
              52.2405037,
              20.9690045
            ],
            [
              52.2405769,
              20.9689781
            ]
          ],
          [
            [
              52.239889,
              20.9709113
            ],
            [
              52.239891,
              20.9709269
            ]
          ],
          [
            [
              52.2369449,
              20.9703439
            ],
            [
              52.2369842,
              20.9703995
            ],
            [
              52.2370112,
              20.9704296
            ],
            [
              52.2370549,
              20.9704441
            ]
          ]
        ]
      }
    },
    {
      "type": "Feature",
      "properties": {
        "name": "Leonarda",
        "highway": "residential"
      },
      "geometry": {
        "type": "MultiLineString",
        "coordinates": [
          [
            [
              52.2386797,
              20.9683469
            ],
            [
              52.2387437,
              20.9683215
            ],
            [
              52.2389288,
              20.9682469
            ],
            [
              52.2395705,
              20.9680079
            ],
            [
              52.2401288,
              20.9677905
            ],
            [
              52.240319,
              20.9677164
            ],
            [
              52.2403793,
              20.9676887
            ]
          ]
        ]
      }
    },
    {
      "type": "Feature",
      "properties": {
        "name": "Szańcowa",
        "highway": "residential"
      },
      "geometry": {
        "type": "MultiLineString",
        "coordinates": [
          [
            [
              52.2362724,
              20.9343587
            ],
            [
              52.2363068,
              20.9342059
            ],
            [
              52.2363833,
              20.9338842
            ],
            [
              52.2363985,
              20.9338164
            ],
            [
              52.2363953,
              20.9337422
            ],
            [
              52.2364057,
              20.9336699
            ],
            [
              52.2364442,
              20.9335196
            ],
            [
              52.236454,
              20.9334809
            ],
            [
              52.2364807,
              20.9334265
            ],
            [
              52.2365103,
              20.9334064
            ],
            [
              52.2366141,
              20.9333359
            ],
            [
              52.2367199,
              20.933275
            ],
            [
              52.2367794,
              20.9332452
            ],
            [
              52.2377685,
              20.9328924
            ],
            [
              52.2385891,
              20.9325816
            ],
            [
              52.2390156,
              20.9324293
            ],
            [
              52.2399429,
              20.9321036
            ],
            [
              52.2399811,
              20.9320903
            ],
            [
              52.2400153,
              20.9320912
            ],
            [
              52.2400667,
              20.9321041
            ],
            [
              52.2400922,
              20.9321106
            ],
            [
              52.2401862,
              20.9321358
            ]
          ]
        ]
      }
    },
    {
      "type": "Feature",
      "properties": {
        "name": "Batalionu AK „Zośka”",
        "highway": "residential"
      },
      "geometry": {
        "type": "MultiLineString",
        "coordinates": [
          [
            [
              52.234191,
              20.9408285
            ],
            [
              52.2342113,
              20.9409983
            ],
            [
              52.2343225,
              20.9419568
            ],
            [
              52.2343486,
              20.94218
            ],
            [
              52.2343811,
              20.9424576
            ],
            [
              52.2344209,
              20.9427989
            ],
            [
              52.2345127,
              20.9435845
            ],
            [
              52.2345199,
              20.943646
            ],
            [
              52.2345222,
              20.9437497
            ],
            [
              52.2345182,
              20.9438474
            ],
            [
              52.2345047,
              20.944038
            ],
            [
              52.234494,
              20.9442115
            ],
            [
              52.2344485,
              20.9449461
            ],
            [
              52.2344318,
              20.9451855
            ],
            [
              52.2344252,
              20.9453056
            ],
            [
              52.2344238,
              20.9453561
            ],
            [
              52.2344314,
              20.9454722
            ],
            [
              52.2344764,
              20.9458603
            ],
            [
              52.2345299,
              20.9463217
            ],
            [
              52.2345391,
              20.9464016
            ],
            [
              52.2345542,
              20.9465314
            ],
            [
              52.2345847,
              20.9467947
            ],
            [
              52.234596,
              20.9468934
            ],
            [
              52.2346992,
              20.9477975
            ],
            [
              52.2347132,
              20.9479181
            ]
          ]
        ]
      }
    },
    {
      "type": "Feature",
      "properties": {
        "name": "Tadeusza Krępowieckiego",
        "highway": "residential"
      },
      "geometry": {
        "type": "MultiLineString",
        "coordinates": [
          [
            [
              52.2354122,
              20.937882
            ],
            [
              52.2354794,
              20.9377917
            ],
            [
              52.2355166,
              20.9377513
            ],
            [
              52.2355353,
              20.9377385
            ],
            [
              52.2355556,
              20.9377292
            ],
            [
              52.23575,
              20.9376603
            ],
            [
              52.2361524,
              20.9375201
            ],
            [
              52.2362398,
              20.9374877
            ],
            [
              52.2368084,
              20.9372772
            ],
            [
              52.2369852,
              20.9372037
            ],
            [
              52.2370574,
              20.9371736
            ],
            [
              52.2371075,
              20.9371461
            ],
            [
              52.2372528,
              20.9370722
            ],
            [
              52.2376023,
              20.9369487
            ],
            [
              52.2379783,
              20.9368204
            ],
            [
              52.2379955,
              20.9368145
            ],
            [
              52.2384295,
              20.9366664
            ],
            [
              52.2385331,
              20.9366299
            ]
          ],
          [
            [
              52.2342021,
              20.9343584
            ],
            [
              52.2343048,
              20.9343114
            ],
            [
              52.2345851,
              20.9340722
            ],
            [
              52.2346012,
              20.93406
            ],
            [
              52.2348384,
              20.9338806
            ],
            [
              52.2348873,
              20.9338436
            ]
          ],
          [
            [
              52.2393252,
              20.9354239
            ],
            [
              52.2393656,
              20.935447
            ],
            [
              52.2393944,
              20.9354692
            ],
            [
              52.239418,
              20.9354913
            ],
            [
              52.239449,
              20.9355271
            ],
            [
              52.2394824,
              20.935576
            ],
            [
              52.2394994,
              20.9356061
            ],
            [
              52.2395216,
              20.9356524
            ]
          ],
          [
            [
              52.2385331,
              20.9366299
            ],
            [
              52.2386272,
              20.9365994
            ],
            [
              52.2392857,
              20.936413
            ],
            [
              52.2393427,
              20.9363923
            ],
            [
              52.2393727,
              20.9363737
            ],
            [
              52.2394132,
              20.9363431
            ],
            [
              52.2394489,
              20.9363054
            ],
            [
              52.2394715,
              20.9362737
            ],
            [
              52.2394925,
              20.9362307
            ],
            [
              52.2395113,
              20.93619
            ],
            [
              52.2395299,
              20.9361391
            ],
            [
              52.2395413,
              20.9360888
            ],
            [
              52.2395512,
              20.9360359
            ],
            [
              52.2395577,
              20.9359818
            ],
            [
              52.2395614,
              20.9359115
            ],
            [
              52.2395582,
              20.9358293
            ],
            [
              52.2395519,
              20.9357772
            ],
            [
              52.2395378,
              20.9357074
            ],
            [
              52.2395216,
              20.9356524
            ]
          ],
          [
            [
              52.2362724,
              20.9343587
            ],
            [
              52.2370346,
              20.9346569
            ],
            [
              52.2372307,
              20.9347374
            ],
            [
              52.2373646,
              20.9347971
            ],
            [
              52.2375015,
              20.9348235
            ],
            [
              52.2375728,
              20.9348345
            ],
            [
              52.238143,
              20.9349494
            ]
          ],
          [
            [
              52.2348873,
              20.9338436
            ],
            [
              52.2350296,
              20.9338254
            ],
            [
              52.2351744,
              20.9338596
            ],
            [
              52.2357925,
              20.9341254
            ],
            [
              52.2362724,
              20.9343587
            ]
          ],
          [
            [
              52.238143,
              20.9349494
            ],
            [
              52.2382124,
              20.9349631
            ],
            [
              52.2383034,
              20.9349845
            ],
            [
              52.2383271,
              20.9349913
            ],
            [
              52.238354,
              20.9349991
            ],
            [
              52.2384154,
              20.9350195
            ],
            [
              52.2386513,
              20.9351177
            ],
            [
              52.2387045,
              20.9351399
            ],
            [
              52.2393252,
              20.9354239
            ]
          ]
        ]
      }
    },
    {
      "type": "Feature",
      "properties": {
        "name": "Mroczna",
        "highway": "residential"
      },
      "geometry": {
        "type": "MultiLineString",
        "coordinates": [
          [
            [
              52.2384871,
              20.9348502
            ],
            [
              52.2385709,
              20.9348184
            ],
            [
              52.2391432,
              20.9345874
            ],
            [
              52.2392168,
              20.9345577
            ],
            [
              52.2392983,
              20.9345438
            ],
            [
              52.2396623,
              20.9344098
            ],
            [
              52.2397659,
              20.9343717
            ],
            [
              52.2398391,
              20.9343446
            ],
            [
              52.2398728,
              20.9343412
            ],
            [
              52.2398919,
              20.9343393
            ],
            [
              52.2399551,
              20.9343528
            ]
          ]
        ]
      }
    },
    {
      "type": "Feature",
      "properties": {
        "name": "Antka Rozpylacza",
        "highway": "residential"
      },
      "geometry": {
        "type": "MultiLineString",
        "coordinates": [
          [
            [
              52.2323997,
              20.9349305
            ],
            [
              52.2324724,
              20.9349083
            ],
            [
              52.2331475,
              20.9347023
            ],
            [
              52.2332165,
              20.9346812
            ],
            [
              52.2333969,
              20.9346262
            ],
            [
              52.2337585,
              20.9345169
            ],
            [
              52.2340758,
              20.9344213
            ],
            [
              52.2341072,
              20.9344079
            ],
            [
              52.2342021,
              20.9343584
            ]
          ]
        ]
      }
    },
    {
      "type": "Feature",
      "properties": {
        "name": "Znana",
        "highway": "residential"
      },
      "geometry": {
        "type": "MultiLineString",
        "coordinates": [
          [
            [
              52.2321092,
              20.927897
            ],
            [
              52.2337829,
              20.9284097
            ],
            [
              52.2338291,
              20.9284241
            ],
            [
              52.2338737,
              20.9284377
            ]
          ],
          [
            [
              52.2303431,
              20.9273961
            ],
            [
              52.2304091,
              20.9274092
            ],
            [
              52.2304785,
              20.9274229
            ],
            [
              52.2310996,
              20.9276035
            ],
            [
              52.2321092,
              20.927897
            ]
          ]
        ]
      }
    },
    {
      "type": "Feature",
      "properties": {
        "name": "Olgi Boznańskiej",
        "highway": "residential"
      },
      "geometry": {
        "type": "MultiLineString",
        "coordinates": [
          [
            [
              52.2302594,
              20.9258537
            ],
            [
              52.2303243,
              20.925873
            ],
            [
              52.2320446,
              20.9263844
            ],
            [
              52.2320878,
              20.9263972
            ]
          ],
          [
            [
              52.2320878,
              20.9263972
            ],
            [
              52.2321315,
              20.9264102
            ],
            [
              52.2338799,
              20.9269309
            ],
            [
              52.2339766,
              20.92696
            ]
          ]
        ]
      }
    },
    {
      "type": "Feature",
      "properties": {
        "name": "Stroma",
        "highway": "tertiary"
      },
      "geometry": {
        "type": "MultiLineString",
        "coordinates": [
          [
            [
              52.232076,
              20.9248284
            ],
            [
              52.2321626,
              20.9248545
            ],
            [
              52.233981,
              20.9253971
            ],
            [
              52.2340755,
              20.9254194
            ]
          ],
          [
            [
              52.2301535,
              20.9242754
            ],
            [
              52.2302254,
              20.9242781
            ],
            [
              52.2319869,
              20.9248005
            ],
            [
              52.232076,
              20.9248284
            ]
          ]
        ]
      }
    },
    {
      "type": "Feature",
      "properties": {
        "name": "Strąkowa",
        "highway": "residential"
      },
      "geometry": {
        "type": "MultiLineString",
        "coordinates": [
          [
            [
              52.2320878,
              20.9263972
            ],
            [
              52.2321074,
              20.9277714
            ],
            [
              52.2321092,
              20.927897
            ]
          ],
          [
            [
              52.232076,
              20.9248284
            ],
            [
              52.232077,
              20.9249632
            ],
            [
              52.2320838,
              20.9258254
            ],
            [
              52.232088,
              20.9262711
            ],
            [
              52.2320878,
              20.9263972
            ]
          ],
          [
            [
              52.2320477,
              20.9226458
            ],
            [
              52.2320483,
              20.9227495
            ],
            [
              52.23205,
              20.9230202
            ],
            [
              52.2320468,
              20.9231583
            ],
            [
              52.2320498,
              20.9233297
            ],
            [
              52.2320645,
              20.9241671
            ],
            [
              52.2320729,
              20.9246492
            ],
            [
              52.232076,
              20.9248284
            ]
          ],
          [
            [
              52.2320447,
              20.9220778
            ],
            [
              52.2320457,
              20.9223291
            ],
            [
              52.2320463,
              20.9224298
            ],
            [
              52.2320467,
              20.9224951
            ],
            [
              52.2320472,
              20.9225669
            ],
            [
              52.2320477,
              20.9226458
            ]
          ]
        ]
      }
    },
    {
      "type": "Feature",
      "properties": {
        "name": "Grodkowska",
        "highway": "residential"
      },
      "geometry": {
        "type": "MultiLineString",
        "coordinates": [
          [
            [
              52.2411633,
              20.9251813
            ],
            [
              52.2411877,
              20.9251213
            ],
            [
              52.2413255,
              20.9247828
            ],
            [
              52.2414097,
              20.9245819
            ],
            [
              52.2415285,
              20.9242984
            ],
            [
              52.2416021,
              20.9241226
            ],
            [
              52.2416292,
              20.9240604
            ],
            [
              52.2416625,
              20.923984
            ],
            [
              52.2417138,
              20.9238662
            ],
            [
              52.2418428,
              20.9235701
            ],
            [
              52.2418475,
              20.9235591
            ],
            [
              52.2418991,
              20.9234385
            ],
            [
              52.2419402,
              20.9233139
            ],
            [
              52.2419621,
              20.9232385
            ],
            [
              52.241966,
              20.9232216
            ],
            [
              52.2419809,
              20.9231579
            ],
            [
              52.2419952,
              20.9230818
            ],
            [
              52.2420027,
              20.9230277
            ],
            [
              52.2420088,
              20.9229782
            ],
            [
              52.2420174,
              20.9229066
            ],
            [
              52.2420248,
              20.9228286
            ]
          ],
          [
            [
              52.240989,
              20.9271827
            ],
            [
              52.2409651,
              20.9268337
            ],
            [
              52.2409511,
              20.9263353
            ],
            [
              52.2409518,
              20.9261132
            ],
            [
              52.2409625,
              20.9258785
            ],
            [
              52.2410241,
              20.9256082
            ],
            [
              52.241037,
              20.9255516
            ]
          ]
        ]
      }
    },
    {
      "type": "Feature",
      "properties": {
        "name": "Fort Wola",
        "highway": "residential"
      },
      "geometry": {
        "type": "MultiLineString",
        "coordinates": [
          [
            [
              52.2239437,
              20.9296444
            ],
            [
              52.2239977,
              20.9295994
            ],
            [
              52.2240299,
              20.9295754
            ],
            [
              52.2240635,
              20.9295527
            ],
            [
              52.2240965,
              20.9295328
            ],
            [
              52.2241296,
              20.9295151
            ],
            [
              52.2241544,
              20.9295032
            ],
            [
              52.2241686,
              20.9294969
            ],
            [
              52.2242056,
              20.9294823
            ],
            [
              52.2242407,
              20.9294708
            ],
            [
              52.2242761,
              20.9294613
            ],
            [
              52.2243206,
              20.9294522
            ],
            [
              52.2243663,
              20.929446
            ],
            [
              52.2243877,
              20.9294442
            ]
          ],
          [
            [
              52.224798,
              20.929435
            ],
            [
              52.224854,
              20.9294385
            ],
            [
              52.2249098,
              20.9294479
            ],
            [
              52.2249577,
              20.9294617
            ],
            [
              52.2249942,
              20.929479
            ],
            [
              52.2250789,
              20.9295382
            ],
            [
              52.2251326,
              20.9296049
            ],
            [
              52.2251764,
              20.9296997
            ],
            [
              52.2252586,
              20.9301025
            ],
            [
              52.225359,
              20.9306333
            ]
          ],
          [
            [
              52.2243305,
              20.9293253
            ],
            [
              52.2243843,
              20.9293281
            ],
            [
              52.2244375,
              20.9293382
            ],
            [
              52.2244722,
              20.9293466
            ],
            [
              52.2245069,
              20.9293579
            ],
            [
              52.2246682,
              20.9294302
            ]
          ],
          [
            [
              52.2254367,
              20.9308789
            ],
            [
              52.225472,
              20.930936
            ],
            [
              52.2255138,
              20.930981
            ],
            [
              52.2255606,
              20.9310192
            ],
            [
              52.2256193,
              20.9310469
            ],
            [
              52.2256709,
              20.9310604
            ],
            [
              52.2257226,
              20.9310599
            ],
            [
              52.2257698,
              20.9310482
            ],
            [
              52.2258376,
              20.9310152
            ]
          ],
          [
            [
              52.2240366,
              20.9294128
            ],
            [
              52.2240681,
              20.9293981
            ],
            [
              52.2240898,
              20.929389
            ],
            [
              52.2241116,
              20.9293809
            ],
            [
              52.2241233,
              20.929377
            ],
            [
              52.2242409,
              20.9293433
            ],
            [
              52.2242697,
              20.9293362
            ],
            [
              52.2243001,
              20.9293301
            ],
            [
              52.2243305,
              20.9293253
            ]
          ],
          [
            [
              52.2246682,
              20.9294302
            ],
            [
              52.224798,
              20.929435
            ]
          ],
          [
            [
              52.2234142,
              20.9298626
            ],
            [
              52.2235308,
              20.9297885
            ],
            [
              52.2235625,
              20.9297688
            ],
            [
              52.2236099,
              20.9297394
            ],
            [
              52.2236362,
              20.9297229
            ],
            [
              52.2236489,
              20.9297144
            ],
            [
              52.2236679,
              20.9297012
            ],
            [
              52.2236939,
              20.9296821
            ],
            [
              52.2237237,
              20.9296588
            ],
            [
              52.223969,
              20.9294568
            ],
            [
              52.2239866,
              20.9294436
            ],
            [
              52.2240044,
              20.9294316
            ],
            [
              52.2240203,
              20.9294218
            ],
            [
              52.2240366,
              20.9294128
            ]
          ],
          [
            [
              52.2243877,
              20.9294442
            ],
            [
              52.2246682,
              20.9294302
            ]
          ],
          [
            [
              52.2258376,
              20.9310152
            ],
            [
              52.2264616,
              20.9306641
            ],
            [
              52.2265228,
              20.9306344
            ],
            [
              52.2265774,
              20.9306105
            ],
            [
              52.2266338,
              20.9305946
            ],
            [
              52.2266854,
              20.9305866
            ],
            [
              52.2267484,
              20.930584
            ],
            [
              52.2268147,
              20.9305895
            ],
            [
              52.2268842,
              20.9306005
            ],
            [
              52.2269821,
              20.930616
            ],
            [
              52.2271029,
              20.9306352
            ],
            [
              52.2278526,
              20.9307539
            ],
            [
              52.2279386,
              20.9307631
            ],
            [
              52.2280089,
              20.9307632
            ],
            [
              52.2280808,
              20.930754
            ],
            [
              52.2281323,
              20.9307416
            ],
            [
              52.2283933,
              20.9306585
            ],
            [
              52.2284924,
              20.930627
            ],
            [
              52.2285628,
              20.9306045
            ],
            [
              52.2291202,
              20.9304271
            ],
            [
              52.2292539,
              20.9303853
            ]
          ],
          [
            [
              52.225359,
              20.9306333
            ],
            [
              52.2253736,
              20.9307017
            ],
            [
              52.2253954,
              20.9307788
            ],
            [
              52.2254128,
              20.9308262
            ],
            [
              52.2254367,
              20.9308789
            ]
          ],
          [
            [
              52.2234566,
              20.9300358
            ],
            [
              52.2234777,
              20.9300221
            ],
            [
              52.2234991,
              20.9300077
            ],
            [
              52.2235189,
              20.9299936
            ],
            [
              52.2235392,
              20.9299781
            ],
            [
              52.2235592,
              20.929962
            ],
            [
              52.2235899,
              20.9299371
            ],
            [
              52.2236449,
              20.9298925
            ],
            [
              52.2237081,
              20.9298407
            ],
            [
              52.2238101,
              20.9297558
            ],
            [
              52.2239437,
              20.9296444
            ]
          ]
        ]
      }
    },
    {
      "type": "Feature",
      "properties": {
        "name": "Batalionu AK „Pięść”",
        "highway": "residential"
      },
      "geometry": {
        "type": "MultiLineString",
        "coordinates": [
          [
            [
              52.2403775,
              20.9491003
            ],
            [
              52.2403918,
              20.9489482
            ],
            [
              52.2404372,
              20.9484657
            ],
            [
              52.2404797,
              20.9480147
            ],
            [
              52.2405257,
              20.9475255
            ],
            [
              52.2405781,
              20.9473709
            ],
            [
              52.2406506,
              20.9472595
            ],
            [
              52.2411221,
              20.9470143
            ],
            [
              52.2411716,
              20.9469886
            ],
            [
              52.2412725,
              20.9469361
            ],
            [
              52.2411992,
              20.9465604
            ],
            [
              52.2411405,
              20.9462564
            ],
            [
              52.2410502,
              20.9457961
            ],
            [
              52.2410291,
              20.9456881
            ]
          ]
        ]
      }
    },
    {
      "type": "Feature",
      "properties": {
        "name": "Czorsztyńska",
        "highway": "residential"
      },
      "geometry": {
        "type": "MultiLineString",
        "coordinates": [
          [
            [
              52.2431399,
              20.9485762
            ],
            [
              52.2431912,
              20.9495307
            ],
            [
              52.2432691,
              20.95102
            ],
            [
              52.243277,
              20.9511996
            ],
            [
              52.2433072,
              20.9517396
            ],
            [
              52.2433416,
              20.952412
            ],
            [
              52.243353,
              20.9526521
            ],
            [
              52.2433908,
              20.9533759
            ],
            [
              52.2434216,
              20.9539758
            ],
            [
              52.2434317,
              20.9541269
            ],
            [
              52.2434564,
              20.9542949
            ],
            [
              52.2434665,
              20.9544733
            ]
          ],
          [
            [
              52.2432358,
              20.9579202
            ],
            [
              52.2433606,
              20.957864
            ],
            [
              52.2434378,
              20.9578681
            ],
            [
              52.2435173,
              20.9578662
            ],
            [
              52.2435554,
              20.9578347
            ],
            [
              52.2435974,
              20.9577439
            ],
            [
              52.2436086,
              20.9577065
            ],
            [
              52.2436294,
              20.9576273
            ]
          ],
          [
            [
              52.2431034,
              20.9480237
            ],
            [
              52.2431095,
              20.9481735
            ],
            [
              52.2431133,
              20.9482224
            ],
            [
              52.2431208,
              20.9483462
            ],
            [
              52.2431399,
              20.9485762
            ]
          ],
          [
            [
              52.2431399,
              20.9485762
            ],
            [
              52.2431607,
              20.9484015
            ],
            [
              52.2431664,
              20.9482035
            ],
            [
              52.2431643,
              20.9481463
            ],
            [
              52.2431594,
              20.9480092
            ]
          ],
          [
            [
              52.2434665,
              20.9544733
            ],
            [
              52.2434876,
              20.9548474
            ],
            [
              52.2435757,
              20.9566713
            ],
            [
              52.2436265,
              20.9575753
            ],
            [
              52.2436294,
              20.9576273
            ]
          ],
          [
            [
              52.2436294,
              20.9576273
            ],
            [
              52.2436502,
              20.9576981
            ],
            [
              52.2436618,
              20.9577484
            ],
            [
              52.2436726,
              20.9578005
            ],
            [
              52.2436923,
              20.957868
            ],
            [
              52.24372,
              20.95794
            ],
            [
              52.2437397,
              20.9579661
            ],
            [
              52.2438152,
              20.9580119
            ]
          ]
        ]
      }
    },
    {
      "type": "Feature",
      "properties": {
        "name": "Magistracka",
        "highway": "residential"
      },
      "geometry": {
        "type": "MultiLineString",
        "coordinates": [
          [
            [
              52.2434317,
              20.9541269
            ],
            [
              52.2435768,
              20.9541057
            ],
            [
              52.2439323,
              20.954057
            ],
            [
              52.2440013,
              20.9540461
            ]
          ],
          [
            [
              52.2465169,
              20.9533353
            ],
            [
              52.2465799,
              20.9533316
            ],
            [
              52.2470186,
              20.9532873
            ],
            [
              52.2471926,
              20.9532588
            ],
            [
              52.2472511,
              20.9532496
            ]
          ],
          [
            [
              52.2455963,
              20.953437
            ],
            [
              52.246021,
              20.9533888
            ],
            [
              52.2463286,
              20.9533435
            ],
            [
              52.246439,
              20.953327
            ],
            [
              52.2465169,
              20.9533353
            ]
          ],
          [
            [
              52.2440013,
              20.9540461
            ],
            [
              52.2440057,
              20.9541126
            ],
            [
              52.2440172,
              20.9543668
            ],
            [
              52.244025,
              20.9545378
            ],
            [
              52.2440296,
              20.9546292
            ],
            [
              52.2440474,
              20.955048
            ]
          ],
          [
            [
              52.2440013,
              20.9540461
            ],
            [
              52.2440967,
              20.9540314
            ],
            [
              52.2442978,
              20.9540047
            ],
            [
              52.2443813,
              20.9539471
            ],
            [
              52.2444313,
              20.9538475
            ],
            [
              52.2444649,
              20.9537787
            ],
            [
              52.2445545,
              20.9535498
            ],
            [
              52.244597,
              20.9534498
            ],
            [
              52.2446592,
              20.9533674
            ],
            [
              52.2447516,
              20.9533175
            ],
            [
              52.2448877,
              20.9532897
            ],
            [
              52.2450895,
              20.9532688
            ],
            [
              52.2451159,
              20.953266
            ],
            [
              52.2452997,
              20.9532465
            ],
            [
              52.245588,
              20.9532159
            ],
            [
              52.2462412,
              20.9531228
            ],
            [
              52.2462701,
              20.9531187
            ],
            [
              52.2463296,
              20.9531103
            ],
            [
              52.246502,
              20.9530926
            ]
          ]
        ]
      }
    },
    {
      "type": "Feature",
      "properties": {
        "name": "Działdowska",
        "highway": "residential"
      },
      "geometry": {
        "type": "MultiLineString",
        "coordinates": [
          [
            [
              52.2338895,
              20.9677088
            ],
            [
              52.2339501,
              20.9676252
            ],
            [
              52.2339899,
              20.9675795
            ],
            [
              52.2340462,
              20.9675424
            ],
            [
              52.2341207,
              20.9675166
            ],
            [
              52.234488,
              20.9674083
            ],
            [
              52.2345559,
              20.9673869
            ],
            [
              52.2346232,
              20.9673656
            ],
            [
              52.2351225,
              20.9672099
            ],
            [
              52.2353579,
              20.9671416
            ],
            [
              52.2353926,
              20.9671331
            ],
            [
              52.2359694,
              20.9669565
            ],
            [
              52.2360351,
              20.9669349
            ],
            [
              52.2361776,
              20.966894
            ],
            [
              52.2364676,
              20.9668083
            ],
            [
              52.2367471,
              20.9667161
            ],
            [
              52.2367678,
              20.9667145
            ],
            [
              52.2367932,
              20.9667172
            ],
            [
              52.2368661,
              20.9667317
            ],
            [
              52.2368959,
              20.9667417
            ],
            [
              52.2369184,
              20.9667536
            ],
            [
              52.2369324,
              20.9667658
            ],
            [
              52.2369456,
              20.9667822
            ],
            [
              52.2369594,
              20.9668161
            ],
            [
              52.2369718,
              20.9668596
            ]
          ]
        ]
      }
    },
    {
      "type": "Feature",
      "properties": {
        "name": "Skwer Kardynała Stefana Wyszyńskiego",
        "highway": "residential"
      },
      "geometry": {
        "type": "MultiLineString",
        "coordinates": [
          [
            [
              52.2387607,
              20.9832229
            ],
            [
              52.2387731,
              20.9832332
            ],
            [
              52.2387906,
              20.9832441
            ],
            [
              52.2388087,
              20.9832517
            ],
            [
              52.2388216,
              20.9832542
            ],
            [
              52.2388352,
              20.9832544
            ],
            [
              52.2388749,
              20.9832403
            ],
            [
              52.2388842,
              20.9832361
            ],
            [
              52.2389426,
              20.9832084
            ],
            [
              52.2389588,
              20.983201
            ],
            [
              52.240255,
              20.9826128
            ],
            [
              52.2402928,
              20.9825962
            ],
            [
              52.2403339,
              20.9825785
            ]
          ]
        ]
      }
    },
    {
      "type": "Feature",
      "properties": {
        "name": "Kacza",
        "highway": "living_street"
      },
      "geometry": {
        "type": "MultiLineString",
        "coordinates": [
          [
            [
              52.2406985,
              20.9799902
            ],
            [
              52.2408402,
              20.9810057
            ],
            [
              52.2408517,
              20.9810891
            ],
            [
              52.2409358,
              20.981661
            ],
            [
              52.2410436,
              20.9823947
            ],
            [
              52.2410534,
              20.9824409
            ],
            [
              52.2410684,
              20.9824675
            ]
          ],
          [
            [
              52.2403277,
              20.977704
            ],
            [
              52.2403717,
              20.9779862
            ],
            [
              52.2404114,
              20.9782405
            ],
            [
              52.2404978,
              20.9787939
            ]
          ],
          [
            [
              52.2412126,
              20.9809766
            ],
            [
              52.2412519,
              20.9809724
            ],
            [
              52.2412794,
              20.9809811
            ],
            [
              52.2414201,
              20.9810472
            ],
            [
              52.241469,
              20.9810765
            ]
          ],
          [
            [
              52.2410684,
              20.9824675
            ],
            [
              52.2410959,
              20.9824945
            ],
            [
              52.2411302,
              20.9825186
            ],
            [
              52.2411764,
              20.982549
            ]
          ],
          [
            [
              52.240948,
              20.9810612
            ],
            [
              52.2412126,
              20.9809766
            ]
          ],
          [
            [
              52.2404978,
              20.9787939
            ],
            [
              52.2405163,
              20.9789124
            ]
          ]
        ]
      }
    },
    {
      "type": "Feature",
      "properties": {
        "name": "Młocińska",
        "highway": "residential"
      },
      "geometry": {
        "type": "MultiLineString",
        "coordinates": [
          [
            [
              52.2541387,
              20.979742
            ],
            [
              52.2541681,
              20.9798448
            ],
            [
              52.2545007,
              20.981008
            ],
            [
              52.2545153,
              20.9810442
            ],
            [
              52.2545318,
              20.9810666
            ],
            [
              52.2545495,
              20.9810751
            ],
            [
              52.254574,
              20.9810823
            ],
            [
              52.2548317,
              20.9810826
            ]
          ],
          [
            [
              52.2548317,
              20.9810826
            ],
            [
              52.2548669,
              20.981087
            ],
            [
              52.2549017,
              20.9810938
            ],
            [
              52.2549362,
              20.9811055
            ],
            [
              52.2549694,
              20.9811207
            ],
            [
              52.2550058,
              20.9811436
            ]
          ]
        ]
      }
    },
    {
      "type": "Feature",
      "properties": {
        "name": "Stawki",
        "highway": "tertiary"
      },
      "geometry": {
        "type": "MultiLineString",
        "coordinates": [
          [
            [
              52.2502825,
              20.9819767
            ],
            [
              52.2503372,
              20.9822671
            ],
            [
              52.2503494,
              20.982328
            ],
            [
              52.2504509,
              20.9828358
            ],
            [
              52.2505177,
              20.9831772
            ],
            [
              52.2506092,
              20.9836405
            ],
            [
              52.250751,
              20.9843602
            ]
          ],
          [
            [
              52.2508113,
              20.9848086
            ],
            [
              52.2508885,
              20.9852502
            ],
            [
              52.2508947,
              20.9852881
            ],
            [
              52.2509007,
              20.9853257
            ],
            [
              52.2509091,
              20.9853737
            ],
            [
              52.250934,
              20.9855184
            ],
            [
              52.2509481,
              20.9855817
            ]
          ],
          [
            [
              52.25011,
              20.9811035
            ],
            [
              52.2500958,
              20.9809147
            ],
            [
              52.2500954,
              20.9807795
            ],
            [
              52.2501012,
              20.9806814
            ],
            [
              52.2501043,
              20.9806542
            ],
            [
              52.2501176,
              20.9805371
            ],
            [
              52.2501381,
              20.980395
            ],
            [
              52.2501496,
              20.9803293
            ],
            [
              52.2501585,
              20.9802795
            ],
            [
              52.2501899,
              20.9801036
            ]
          ],
          [
            [
              52.2501033,
              20.9800654
            ],
            [
              52.2500834,
              20.9802465
            ],
            [
              52.2500784,
              20.9802989
            ],
            [
              52.2500727,
              20.9803657
            ],
            [
              52.2500642,
              20.9804675
            ],
            [
              52.2500628,
              20.9804931
            ],
            [
              52.2500535,
              20.9806678
            ],
            [
              52.2500562,
              20.9807858
            ],
            [
              52.2500765,
              20.9809471
            ],
            [
              52.25011,
              20.9811035
            ]
          ],
          [
            [
              52.25011,
              20.9811035
            ],
            [
              52.2501271,
              20.9811955
            ],
            [
              52.2501359,
              20.9812446
            ],
            [
              52.2502229,
              20.9816784
            ],
            [
              52.2502707,
              20.9819177
            ],
            [
              52.2502825,
              20.9819767
            ]
          ],
          [
            [
              52.250751,
              20.9843602
            ],
            [
              52.2508519,
              20.9847782
            ],
            [
              52.2509761,
              20.9852122
            ],
            [
              52.2509828,
              20.9852356
            ],
            [
              52.2509938,
              20.9852732
            ],
            [
              52.2510043,
              20.9853161
            ],
            [
              52.2510476,
              20.9854916
            ]
          ],
          [
            [
              52.2510476,
              20.9854916
            ],
            [
              52.2510729,
              20.9855941
            ],
            [
              52.2510832,
              20.9856357
            ],
            [
              52.2510932,
              20.9856759
            ],
            [
              52.2511086,
              20.9857384
            ]
          ],
          [
            [
              52.2509481,
              20.9855817
            ],
            [
              52.2509707,
              20.9856833
            ],
            [
              52.2509801,
              20.9857257
            ],
            [
              52.2510047,
              20.9858345
            ]
          ],
          [
            [
              52.250751,
              20.9843602
            ],
            [
              52.2508113,
              20.9848086
            ]
          ]
        ]
      }
    },
    {
      "type": "Feature",
      "properties": {
        "name": "Laskowa",
        "highway": "residential"
      },
      "geometry": {
        "type": "MultiLineString",
        "coordinates": [
          [
            [
              52.2272664,
              20.9753168
            ],
            [
              52.2273299,
              20.9753077
            ],
            [
              52.2273812,
              20.9753004
            ]
          ],
          [
            [
              52.2273812,
              20.9753004
            ],
            [
              52.2276477,
              20.9752648
            ]
          ],
          [
            [
              52.2276477,
              20.9752648
            ],
            [
              52.2283761,
              20.9751711
            ],
            [
              52.2283954,
              20.9751644
            ]
          ]
        ]
      }
    },
    {
      "type": "Feature",
      "properties": {
        "name": "Janusza Korczaka",
        "highway": "residential"
      },
      "geometry": {
        "type": "MultiLineString",
        "coordinates": [
          [
            [
              52.227361,
              20.9768212
            ],
            [
              52.2274105,
              20.9768134
            ],
            [
              52.2275867,
              20.9767876
            ],
            [
              52.2276789,
              20.9767741
            ],
            [
              52.2277878,
              20.9767486
            ],
            [
              52.2284201,
              20.9766609
            ],
            [
              52.2285288,
              20.9766535
            ],
            [
              52.2287146,
              20.9766285
            ],
            [
              52.228756,
              20.976611
            ],
            [
              52.228832,
              20.9765602
            ],
            [
              52.2288575,
              20.9765447
            ],
            [
              52.2288802,
              20.9765342
            ],
            [
              52.2289137,
              20.9765252
            ]
          ],
          [
            [
              52.2289137,
              20.9765252
            ],
            [
              52.228934,
              20.9765147
            ],
            [
              52.2289669,
              20.9764923
            ],
            [
              52.2289904,
              20.9764671
            ],
            [
              52.2290205,
              20.9764313
            ],
            [
              52.2290436,
              20.9763917
            ],
            [
              52.2290613,
              20.976346
            ]
          ]
        ]
      }
    },
    {
      "type": "Feature",
      "properties": {
        "name": "Hrubieszowska",
        "highway": "residential"
      },
      "geometry": {
        "type": "MultiLineString",
        "coordinates": [
          [
            [
              52.2299458,
              20.9785789
            ],
            [
              52.2300302,
              20.9791473
            ],
            [
              52.230053,
              20.9793016
            ],
            [
              52.2302329,
              20.9805173
            ],
            [
              52.2302527,
              20.9806508
            ]
          ],
          [
            [
              52.2298771,
              20.9781174
            ],
            [
              52.2298973,
              20.978256
            ],
            [
              52.2299458,
              20.9785789
            ]
          ]
        ]
      }
    },
    {
      "type": "Feature",
      "properties": {
        "name": "Rondo Ignacego Daszyńskiego",
        "highway": "secondary"
      },
      "geometry": {
        "type": "MultiLineString",
        "coordinates": [
          [
            [
              52.2304699,
              20.9838533
            ],
            [
              52.2305193,
              20.984023
            ],
            [
              52.2305715,
              20.9842028
            ],
            [
              52.2305825,
              20.9842453
            ],
            [
              52.230602,
              20.984348
            ],
            [
              52.2306143,
              20.9844472
            ],
            [
              52.2306368,
              20.9846523
            ]
          ],
          [
            [
              52.2302013,
              20.9850422
            ],
            [
              52.2303219,
              20.984963
            ],
            [
              52.2303988,
              20.9849059
            ],
            [
              52.2304231,
              20.9848852
            ],
            [
              52.2304799,
              20.9848328
            ],
            [
              52.2305138,
              20.9848001
            ],
            [
              52.2305755,
              20.9847281
            ],
            [
              52.2306368,
              20.9846523
            ]
          ],
          [
            [
              52.2300165,
              20.984241
            ],
            [
              52.230113,
              20.9841228
            ],
            [
              52.2302259,
              20.9840193
            ],
            [
              52.2302528,
              20.9840002
            ],
            [
              52.2304699,
              20.9838533
            ]
          ],
          [
            [
              52.2300165,
              20.984241
            ],
            [
              52.2300337,
              20.9844377
            ],
            [
              52.2300664,
              20.9846408
            ],
            [
              52.2300768,
              20.9846805
            ],
            [
              52.2301311,
              20.9848576
            ],
            [
              52.2302013,
              20.9850422
            ]
          ]
        ]
      }
    },
    {
      "type": "Feature",
      "properties": {
        "name": "Stanisława Staszica",
        "highway": "residential"
      },
      "geometry": {
        "type": "MultiLineString",
        "coordinates": [
          [
            [
              52.2351379,
              20.9713353
            ],
            [
              52.2353056,
              20.9712857
            ],
            [
              52.2359582,
              20.9710928
            ],
            [
              52.2366978,
              20.970874
            ],
            [
              52.2367242,
              20.9708669
            ],
            [
              52.2367484,
              20.9708612
            ],
            [
              52.2368103,
              20.970849
            ]
          ],
          [
            [
              52.2368103,
              20.970849
            ],
            [
              52.2368565,
              20.9708398
            ],
            [
              52.236886,
              20.9708397
            ],
            [
              52.236917,
              20.9708461
            ],
            [
              52.2369513,
              20.9708691
            ],
            [
              52.2369872,
              20.9709132
            ],
            [
              52.2370348,
              20.9709966
            ]
          ],
          [
            [
              52.2346566,
              20.9714886
            ],
            [
              52.2347628,
              20.9714525
            ],
            [
              52.2349052,
              20.9714074
            ]
          ],
          [
            [
              52.2349052,
              20.9714074
            ],
            [
              52.2351379,
              20.9713353
            ]
          ]
        ]
      }
    },
    {
      "type": "Feature",
      "properties": {
        "name": "Armatnia",
        "highway": "residential"
      },
      "geometry": {
        "type": "MultiLineString",
        "coordinates": [
          [
            [
              52.2198803,
              20.9566329
            ],
            [
              52.2199015,
              20.9566784
            ],
            [
              52.2199303,
              20.9567773
            ],
            [
              52.2199877,
              20.9569856
            ],
            [
              52.2200726,
              20.9573488
            ],
            [
              52.2200985,
              20.9574458
            ],
            [
              52.22012,
              20.9575265
            ]
          ],
          [
            [
              52.2198631,
              20.9520004
            ],
            [
              52.2199521,
              20.9517671
            ],
            [
              52.2200671,
              20.9514655
            ],
            [
              52.2200931,
              20.9514228
            ],
            [
              52.2201335,
              20.9514068
            ]
          ],
          [
            [
              52.2203584,
              20.9585484
            ],
            [
              52.2204519,
              20.9589493
            ]
          ],
          [
            [
              52.22012,
              20.9575265
            ],
            [
              52.2201375,
              20.9576015
            ],
            [
              52.220218,
              20.9579469
            ],
            [
              52.2202832,
              20.9582263
            ]
          ],
          [
            [
              52.2202832,
              20.9582263
            ],
            [
              52.2203584,
              20.9585484
            ]
          ]
        ]
      }
    },
    {
      "type": "Feature",
      "properties": {
        "name": "Jaktorowska",
        "highway": "residential"
      },
      "geometry": {
        "type": "MultiLineString",
        "coordinates": [
          [
            [
              52.2345564,
              20.9807812
            ],
            [
              52.2345945,
              20.9808107
            ],
            [
              52.2346343,
              20.9808457
            ],
            [
              52.2346839,
              20.9808889
            ],
            [
              52.2347524,
              20.9809131
            ]
          ],
          [
            [
              52.2340368,
              20.977025
            ],
            [
              52.2340505,
              20.9771276
            ],
            [
              52.234063,
              20.9772183
            ],
            [
              52.2341571,
              20.977878
            ],
            [
              52.2341921,
              20.9781232
            ],
            [
              52.2342245,
              20.9783566
            ],
            [
              52.2342559,
              20.9785812
            ],
            [
              52.2342646,
              20.978647
            ],
            [
              52.2344119,
              20.9797
            ],
            [
              52.2344379,
              20.9798927
            ],
            [
              52.2344702,
              20.9801254
            ],
            [
              52.2345206,
              20.9804946
            ],
            [
              52.2345564,
              20.9807812
            ]
          ],
          [
            [
              52.2345564,
              20.9807812
            ],
            [
              52.2345561,
              20.9809194
            ],
            [
              52.2345599,
              20.9809805
            ],
            [
              52.2345769,
              20.9810615
            ]
          ]
        ]
      }
    },
    {
      "type": "Feature",
      "properties": {
        "name": "Wieluńska",
        "highway": "living_street"
      },
      "geometry": {
        "type": "MultiLineString",
        "coordinates": [
          [
            [
              52.232248,
              20.9545351
            ],
            [
              52.2324943,
              20.9545793
            ],
            [
              52.232881,
              20.9547193
            ],
            [
              52.2329959,
              20.9547505
            ],
            [
              52.2333396,
              20.9547916
            ],
            [
              52.2333475,
              20.9543182
            ]
          ],
          [
            [
              52.2311993,
              20.9545631
            ],
            [
              52.2314503,
              20.9546701
            ],
            [
              52.2315132,
              20.9544715
            ],
            [
              52.2318805,
              20.9545997
            ],
            [
              52.2321225,
              20.9545572
            ],
            [
              52.232248,
              20.9545351
            ],
            [
              52.2322517,
              20.9543752
            ],
            [
              52.2322586,
              20.9540252
            ],
            [
              52.2322379,
              20.9539437
            ],
            [
              52.2322389,
              20.9537088
            ],
            [
              52.2322835,
              20.9533497
            ],
            [
              52.232286,
              20.9533346
            ]
          ],
          [
            [
              52.2328704,
              20.9557649
            ],
            [
              52.2328811,
              20.9556419
            ],
            [
              52.2328843,
              20.9555965
            ],
            [
              52.2329959,
              20.9547505
            ]
          ],
          [
            [
              52.2322835,
              20.9533497
            ],
            [
              52.2323862,
              20.9534027
            ]
          ]
        ]
      }
    },
    {
      "type": "Feature",
      "properties": {
        "name": "Parafialna",
        "highway": "residential"
      },
      "geometry": {
        "type": "MultiLineString",
        "coordinates": [
          [
            [
              52.2237995,
              20.9596644
            ],
            [
              52.2238267,
              20.959723
            ],
            [
              52.2238521,
              20.959745
            ],
            [
              52.2241388,
              20.9597584
            ],
            [
              52.2241952,
              20.9597471
            ],
            [
              52.224252,
              20.9597101
            ],
            [
              52.2243054,
              20.9596644
            ],
            [
              52.2243516,
              20.9596116
            ],
            [
              52.2246585,
              20.9592296
            ]
          ],
          [
            [
              52.2249131,
              20.9588629
            ],
            [
              52.2249452,
              20.9586715
            ],
            [
              52.2249972,
              20.9582823
            ]
          ],
          [
            [
              52.223533,
              20.9583489
            ],
            [
              52.2235519,
              20.9584959
            ],
            [
              52.2236137,
              20.9589767
            ]
          ],
          [
            [
              52.2249972,
              20.9582823
            ],
            [
              52.2250057,
              20.9582198
            ],
            [
              52.2250119,
              20.958172
            ],
            [
              52.2250168,
              20.9580944
            ],
            [
              52.2250088,
              20.957975
            ]
          ],
          [
            [
              52.2246585,
              20.9592296
            ],
            [
              52.224742,
              20.9591256
            ],
            [
              52.2247987,
              20.9590555
            ],
            [
              52.2248623,
              20.9589776
            ],
            [
              52.2248921,
              20.9589248
            ],
            [
              52.2249131,
              20.9588629
            ]
          ],
          [
            [
              52.2236137,
              20.9589767
            ],
            [
              52.2236309,
              20.9591207
            ],
            [
              52.2236552,
              20.9592407
            ],
            [
              52.2237219,
              20.9594519
            ]
          ],
          [
            [
              52.2237219,
              20.9594519
            ],
            [
              52.2237995,
              20.9596644
            ]
          ]
        ]
      }
    },
    {
      "type": "Feature",
      "properties": {
        "name": "Księcia Janusza",
        "highway": "tertiary"
      },
      "geometry": {
        "type": "MultiLineString",
        "coordinates": [
          [
            [
              52.2496593,
              20.9386036
            ],
            [
              52.2502468,
              20.9383344
            ]
          ],
          [
            [
              52.2393095,
              20.9424641
            ],
            [
              52.2394349,
              20.9424106
            ],
            [
              52.2394708,
              20.9423957
            ],
            [
              52.239523,
              20.9423717
            ],
            [
              52.2396679,
              20.9423049
            ],
            [
              52.2397424,
              20.9422787
            ],
            [
              52.2399508,
              20.9422459
            ]
          ],
          [
            [
              52.2392966,
              20.9426069
            ],
            [
              52.2394242,
              20.9425542
            ],
            [
              52.2394611,
              20.9425354
            ],
            [
              52.2395538,
              20.942489
            ],
            [
              52.2396703,
              20.9424295
            ],
            [
              52.2397551,
              20.9423794
            ],
            [
              52.2399508,
              20.9422459
            ]
          ],
          [
            [
              52.2466317,
              20.9388718
            ],
            [
              52.2466823,
              20.9388791
            ],
            [
              52.2467085,
              20.9388829
            ],
            [
              52.2467728,
              20.9388922
            ]
          ],
          [
            [
              52.2452359,
              20.9395487
            ],
            [
              52.2461193,
              20.9390845
            ]
          ],
          [
            [
              52.2404299,
              20.9420113
            ],
            [
              52.2410772,
              20.9416895
            ],
            [
              52.2411626,
              20.9416471
            ],
            [
              52.2416057,
              20.9414177
            ],
            [
              52.2420356,
              20.9411952
            ],
            [
              52.2422702,
              20.9410738
            ],
            [
              52.2426021,
              20.9408927
            ],
            [
              52.2426801,
              20.9408539
            ],
            [
              52.2427691,
              20.9408129
            ],
            [
              52.2430196,
              20.9406872
            ],
            [
              52.243095,
              20.9406494
            ],
            [
              52.2435236,
              20.9404246
            ],
            [
              52.2440497,
              20.940152
            ],
            [
              52.2441999,
              20.9400741
            ],
            [
              52.2448837,
              20.939728
            ],
            [
              52.245163,
              20.9395867
            ],
            [
              52.2452359,
              20.9395487
            ]
          ],
          [
            [
              52.2461193,
              20.9390845
            ],
            [
              52.246286,
              20.9390005
            ],
            [
              52.2464521,
              20.9389168
            ],
            [
              52.2464878,
              20.9388987
            ],
            [
              52.2465435,
              20.9388827
            ],
            [
              52.2466317,
              20.9388718
            ]
          ],
          [
            [
              52.2467728,
              20.9388922
            ],
            [
              52.246823,
              20.9389026
            ],
            [
              52.2469771,
              20.9389271
            ],
            [
              52.247017,
              20.9389351
            ],
            [
              52.247903,
              20.9391079
            ],
            [
              52.2481492,
              20.9391271
            ],
            [
              52.2482997,
              20.9391238
            ],
            [
              52.2485301,
              20.9390894
            ],
            [
              52.2487512,
              20.9390143
            ],
            [
              52.2496593,
              20.9386036
            ]
          ],
          [
            [
              52.2399508,
              20.9422459
            ],
            [
              52.240287,
              20.9420806
            ],
            [
              52.2403294,
              20.9420601
            ],
            [
              52.240391,
              20.9420302
            ],
            [
              52.2404299,
              20.9420113
            ]
          ]
        ]
      }
    },
    {
      "type": "Feature",
      "properties": {
        "name": "Kajetana Garbińskiego",
        "highway": "residential"
      },
      "geometry": {
        "type": "MultiLineString",
        "coordinates": [
          [
            [
              52.2344318,
              20.9451855
            ],
            [
              52.234513,
              20.9451927
            ],
            [
              52.2355468,
              20.9448822
            ],
            [
              52.2356017,
              20.9448536
            ],
            [
              52.2356386,
              20.9447863
            ],
            [
              52.2356492,
              20.9446936
            ],
            [
              52.2356532,
              20.944384
            ],
            [
              52.2356417,
              20.9442795
            ],
            [
              52.2356148,
              20.944162
            ],
            [
              52.2355809,
              20.9440765
            ],
            [
              52.2355316,
              20.9440021
            ],
            [
              52.2354642,
              20.9439619
            ],
            [
              52.2353877,
              20.9439559
            ],
            [
              52.2346238,
              20.9441796
            ],
            [
              52.234494,
              20.9442115
            ]
          ]
        ]
      }
    },
    {
      "type": "Feature",
      "properties": {
        "name": "Księdza Jana Sitnika",
        "highway": "residential"
      },
      "geometry": {
        "type": "MultiLineString",
        "coordinates": [
          [
            [
              52.2433416,
              20.952412
            ],
            [
              52.2434218,
              20.9524032
            ],
            [
              52.2436781,
              20.9523695
            ],
            [
              52.2437197,
              20.9523989
            ],
            [
              52.2437418,
              20.9524375
            ],
            [
              52.2437695,
              20.9524796
            ],
            [
              52.2437984,
              20.9525013
            ],
            [
              52.243889,
              20.9524896
            ],
            [
              52.2439011,
              20.9524732
            ],
            [
              52.2439044,
              20.952451
            ],
            [
              52.2438903,
              20.9520463
            ],
            [
              52.2438752,
              20.9516432
            ],
            [
              52.2438506,
              20.9511259
            ],
            [
              52.2438443,
              20.9509377
            ],
            [
              52.2438448,
              20.9509372
            ],
            [
              52.2438828,
              20.9508849
            ],
            [
              52.243896,
              20.9508309
            ],
            [
              52.2439107,
              20.9507215
            ],
            [
              52.2439142,
              20.9504841
            ],
            [
              52.2439104,
              20.9503492
            ],
            [
              52.2438927,
              20.9500673
            ],
            [
              52.2438839,
              20.9498647
            ],
            [
              52.2438754,
              20.9496583
            ],
            [
              52.2438688,
              20.9495295
            ],
            [
              52.2438672,
              20.9494155
            ],
            [
              52.2438751,
              20.949353
            ],
            [
              52.243898,
              20.9492311
            ],
            [
              52.243917,
              20.9491317
            ],
            [
              52.2439218,
              20.9491064
            ],
            [
              52.243933,
              20.9489847
            ],
            [
              52.2439293,
              20.9488645
            ],
            [
              52.2439279,
              20.9488195
            ],
            [
              52.2439192,
              20.9486611
            ],
            [
              52.2439083,
              20.9484617
            ],
            [
              52.2439043,
              20.9483978
            ],
            [
              52.243899,
              20.9482692
            ],
            [
              52.2438893,
              20.9480591
            ],
            [
              52.2438879,
              20.9480279
            ],
            [
              52.2438832,
              20.9479198
            ]
          ]
        ]
      }
    },
    {
      "type": "Feature",
      "properties": {
        "name": "Franciszka Raszei",
        "highway": "residential"
      },
      "geometry": {
        "type": "MultiLineString",
        "coordinates": [
          [
            [
              52.2438903,
              20.9520463
            ],
            [
              52.2440984,
              20.9520191
            ],
            [
              52.2442048,
              20.9520052
            ],
            [
              52.2442706,
              20.9519966
            ],
            [
              52.2444029,
              20.9519793
            ],
            [
              52.2444275,
              20.9519761
            ],
            [
              52.2445837,
              20.9519557
            ],
            [
              52.2447043,
              20.9519399
            ],
            [
              52.2447361,
              20.9519358
            ],
            [
              52.244868,
              20.9519176
            ],
            [
              52.2449005,
              20.9519143
            ],
            [
              52.2450468,
              20.9518952
            ],
            [
              52.2451551,
              20.9518778
            ],
            [
              52.2452109,
              20.9518535
            ],
            [
              52.2453022,
              20.9517416
            ],
            [
              52.2453285,
              20.9517036
            ],
            [
              52.2453607,
              20.9516649
            ],
            [
              52.2453829,
              20.9516459
            ],
            [
              52.245411,
              20.9516254
            ],
            [
              52.2454489,
              20.9516099
            ],
            [
              52.2454867,
              20.9516027
            ],
            [
              52.2455407,
              20.9515989
            ],
            [
              52.2456297,
              20.9516054
            ],
            [
              52.2456841,
              20.9515974
            ]
          ],
          [
            [
              52.2456841,
              20.9515974
            ],
            [
              52.245838,
              20.951463
            ],
            [
              52.2459123,
              20.9514528
            ],
            [
              52.2460591,
              20.9514335
            ],
            [
              52.2463496,
              20.9513958
            ],
            [
              52.2464209,
              20.9513882
            ]
          ]
        ]
      }
    },
    {
      "type": "Feature",
      "properties": {
        "name": "Jana Krysta",
        "highway": "residential"
      },
      "geometry": {
        "type": "MultiLineString",
        "coordinates": [
          [
            [
              52.2352517,
              20.9400011
            ],
            [
              52.2352791,
              20.9400658
            ],
            [
              52.2353055,
              20.940128
            ],
            [
              52.2354653,
              20.9405049
            ],
            [
              52.2355035,
              20.9405722
            ],
            [
              52.2356521,
              20.9407693
            ],
            [
              52.2357478,
              20.9408962
            ],
            [
              52.2357771,
              20.9409456
            ],
            [
              52.2358142,
              20.941026
            ],
            [
              52.2361039,
              20.9418329
            ],
            [
              52.2362067,
              20.9421198
            ],
            [
              52.2363233,
              20.9424451
            ],
            [
              52.2363896,
              20.9426302
            ],
            [
              52.236563,
              20.9431174
            ],
            [
              52.2366013,
              20.943195
            ],
            [
              52.2370018,
              20.9437508
            ],
            [
              52.2370223,
              20.9438057
            ],
            [
              52.2370314,
              20.9438548
            ],
            [
              52.2370311,
              20.9439082
            ],
            [
              52.2370288,
              20.9439294
            ],
            [
              52.2369792,
              20.9443952
            ],
            [
              52.2369667,
              20.944512
            ]
          ]
        ]
      }
    },
    {
      "type": "Feature",
      "properties": {
        "name": "Karola Szczecińskiego",
        "highway": "residential"
      },
      "geometry": {
        "type": "MultiLineString",
        "coordinates": [
          [
            [
              52.2356663,
              20.9383666
            ],
            [
              52.2357701,
              20.9383281
            ],
            [
              52.2361698,
              20.9381799
            ],
            [
              52.2362078,
              20.9381657
            ]
          ]
        ]
      }
    },
    {
      "type": "Feature",
      "properties": {
        "name": "Łacińska",
        "highway": "living_street"
      },
      "geometry": {
        "type": "MultiLineString",
        "coordinates": [
          [
            [
              52.2423578,
              20.9391235
            ],
            [
              52.2424031,
              20.9390976
            ],
            [
              52.2424525,
              20.9390694
            ]
          ],
          [
            [
              52.2424525,
              20.9390694
            ],
            [
              52.2427587,
              20.9389203
            ],
            [
              52.2427848,
              20.9389033
            ],
            [
              52.2428157,
              20.9388788
            ],
            [
              52.242855,
              20.9388363
            ],
            [
              52.2428862,
              20.9388028
            ],
            [
              52.2429307,
              20.9387539
            ],
            [
              52.2429897,
              20.9387022
            ],
            [
              52.2430391,
              20.9386743
            ],
            [
              52.2431271,
              20.9386392
            ],
            [
              52.2431744,
              20.9386346
            ],
            [
              52.2432147,
              20.9386338
            ],
            [
              52.2432358,
              20.9386365
            ],
            [
              52.2432686,
              20.9386315
            ],
            [
              52.2433013,
              20.9386208
            ],
            [
              52.243345,
              20.9385947
            ],
            [
              52.2433783,
              20.9385796
            ]
          ]
        ]
      }
    },
    {
      "type": "Feature",
      "properties": {
        "name": "Romańska",
        "highway": "living_street"
      },
      "geometry": {
        "type": "MultiLineString",
        "coordinates": [
          [
            [
              52.2429074,
              20.9379881
            ],
            [
              52.242947,
              20.9377127
            ],
            [
              52.2429651,
              20.9376656
            ],
            [
              52.2429798,
              20.937636
            ],
            [
              52.2430078,
              20.937605
            ],
            [
              52.2434337,
              20.9373875
            ],
            [
              52.2434739,
              20.93737
            ],
            [
              52.2435095,
              20.9373701
            ],
            [
              52.2436443,
              20.9374285
            ],
            [
              52.2436756,
              20.9374551
            ],
            [
              52.2436986,
              20.9374992
            ],
            [
              52.2437191,
              20.9376044
            ],
            [
              52.2439978,
              20.9390359
            ]
          ],
          [
            [
              52.2439978,
              20.9390359
            ],
            [
              52.2440198,
              20.9391489
            ],
            [
              52.2441405,
              20.9397689
            ],
            [
              52.2441812,
              20.939978
            ],
            [
              52.2441999,
              20.9400741
            ]
          ]
        ]
      }
    },
    {
      "type": "Feature",
      "properties": {
        "name": "Ulrychowska",
        "highway": "residential"
      },
      "geometry": {
        "type": "MultiLineString",
        "coordinates": [
          [
            [
              52.2400487,
              20.9392081
            ],
            [
              52.2400876,
              20.9392181
            ],
            [
              52.2402404,
              20.9392529
            ],
            [
              52.2405163,
              20.9393158
            ],
            [
              52.2405515,
              20.9393255
            ],
            [
              52.2405812,
              20.9390514
            ],
            [
              52.2405916,
              20.9389487
            ],
            [
              52.2405957,
              20.9389204
            ],
            [
              52.2406057,
              20.9388923
            ],
            [
              52.2406191,
              20.9388719
            ],
            [
              52.2406362,
              20.938858
            ],
            [
              52.2410363,
              20.9386289
            ],
            [
              52.2410601,
              20.9386111
            ],
            [
              52.2410707,
              20.9385971
            ],
            [
              52.2410841,
              20.9385705
            ],
            [
              52.2410935,
              20.9385349
            ],
            [
              52.2411828,
              20.9378719
            ],
            [
              52.2412043,
              20.9377171
            ],
            [
              52.2412087,
              20.9376538
            ],
            [
              52.241248,
              20.93708
            ],
            [
              52.241268,
              20.9365791
            ],
            [
              52.2412865,
              20.9362017
            ]
          ]
        ]
      }
    },
    {
      "type": "Feature",
      "properties": {
        "name": "Rondo Zdzisława Lubomirskiego",
        "highway": "secondary"
      },
      "geometry": {
        "type": "MultiLineString",
        "coordinates": [
          [
            [
              52.2310181,
              20.9567912
            ],
            [
              52.2311855,
              20.9567775
            ],
            [
              52.2312102,
              20.9567696
            ],
            [
              52.2312549,
              20.9567551
            ],
            [
              52.2314111,
              20.9567048
            ]
          ],
          [
            [
              52.2308509,
              20.956168
            ],
            [
              52.2309799,
              20.9561295
            ],
            [
              52.2310291,
              20.9561136
            ],
            [
              52.2310684,
              20.9561008
            ],
            [
              52.2311121,
              20.9560867
            ],
            [
              52.2312492,
              20.9560672
            ]
          ],
          [
            [
              52.2312492,
              20.9560672
            ],
            [
              52.2313132,
              20.9562308
            ],
            [
              52.2313421,
              20.9563364
            ],
            [
              52.2313783,
              20.9564952
            ],
            [
              52.2314111,
              20.9567048
            ]
          ],
          [
            [
              52.2308509,
              20.956168
            ],
            [
              52.2309156,
              20.956471
            ],
            [
              52.2309567,
              20.9566408
            ],
            [
              52.2310181,
              20.9567912
            ]
          ]
        ]
      }
    },
    {
      "type": "Feature",
      "properties": {
        "name": "Rondo Józefa Szczepańskiego „Ziutka”",
        "highway": "secondary"
      },
      "geometry": {
        "type": "MultiLineString",
        "coordinates": [
          [
            [
              52.2380585,
              20.9564117
            ],
            [
              52.2381043,
              20.9561654
            ],
            [
              52.2381137,
              20.9561008
            ],
            [
              52.2381228,
              20.9559147
            ],
            [
              52.2381249,
              20.9557175
            ]
          ],
          [
            [
              52.2377218,
              20.9563371
            ],
            [
              52.237842,
              20.9563676
            ],
            [
              52.2379656,
              20.9564005
            ],
            [
              52.2380585,
              20.9564117
            ]
          ],
          [
            [
              52.2377218,
              20.9563371
            ],
            [
              52.2377069,
              20.956151
            ],
            [
              52.2377108,
              20.9559981
            ],
            [
              52.2377256,
              20.9558448
            ],
            [
              52.2377576,
              20.9556567
            ]
          ],
          [
            [
              52.2377576,
              20.9556567
            ],
            [
              52.2378207,
              20.955642
            ],
            [
              52.237843,
              20.9556396
            ],
            [
              52.2378703,
              20.9556407
            ],
            [
              52.2379447,
              20.9556501
            ],
            [
              52.2380125,
              20.9556677
            ],
            [
              52.2381249,
              20.9557175
            ]
          ]
        ]
      }
    },
    {
      "type": "Feature",
      "properties": {
        "name": "Hipolita Wawelberga",
        "highway": "residential"
      },
      "geometry": {
        "type": "MultiLineString",
        "coordinates": [
          [
            [
              52.2353926,
              20.9671331
            ],
            [
              52.2354332,
              20.9671675
            ],
            [
              52.2354588,
              20.967225
            ],
            [
              52.2355395,
              20.9678757
            ],
            [
              52.2355823,
              20.9681756
            ]
          ],
          [
            [
              52.236079,
              20.969161
            ],
            [
              52.2362165,
              20.9691203
            ],
            [
              52.2362449,
              20.9691122
            ],
            [
              52.2362893,
              20.9691044
            ],
            [
              52.2363283,
              20.9691075
            ],
            [
              52.2363786,
              20.9691201
            ],
            [
              52.2365679,
              20.9691766
            ],
            [
              52.2366114,
              20.969185
            ],
            [
              52.2366485,
              20.9691905
            ]
          ],
          [
            [
              52.234893,
              20.9690708
            ],
            [
              52.2348991,
              20.9690442
            ],
            [
              52.2349088,
              20.9690195
            ],
            [
              52.2349271,
              20.9689909
            ],
            [
              52.2349461,
              20.9689767
            ],
            [
              52.2349631,
              20.9689716
            ],
            [
              52.2352375,
              20.9688861
            ],
            [
              52.2353274,
              20.9688581
            ],
            [
              52.2353525,
              20.9688502
            ],
            [
              52.2356647,
              20.9687529
            ],
            [
              52.235652,
              20.9686273
            ],
            [
              52.2356086,
              20.9683457
            ],
            [
              52.2355823,
              20.9681756
            ]
          ],
          [
            [
              52.234893,
              20.9690708
            ],
            [
              52.2349086,
              20.9692058
            ],
            [
              52.2349149,
              20.9692603
            ],
            [
              52.2349382,
              20.9694606
            ],
            [
              52.2349493,
              20.9694952
            ],
            [
              52.2349663,
              20.9695143
            ],
            [
              52.234983,
              20.9695154
            ],
            [
              52.2352544,
              20.9694279
            ],
            [
              52.2355286,
              20.9693404
            ],
            [
              52.2358734,
              20.9692289
            ],
            [
              52.2359629,
              20.9692004
            ],
            [
              52.236079,
              20.969161
            ]
          ],
          [
            [
              52.2359761,
              20.9686862
            ],
            [
              52.2360018,
              20.9686878
            ],
            [
              52.2361741,
              20.9687274
            ],
            [
              52.2361849,
              20.9687299
            ],
            [
              52.2361948,
              20.96874
            ],
            [
              52.2362022,
              20.9687547
            ]
          ],
          [
            [
              52.2356647,
              20.9687529
            ],
            [
              52.2356752,
              20.9687557
            ],
            [
              52.235693,
              20.9687553
            ],
            [
              52.2357703,
              20.9687371
            ],
            [
              52.2359761,
              20.9686862
            ]
          ],
          [
            [
              52.2362022,
              20.9687547
            ],
            [
              52.2362159,
              20.9688744
            ],
            [
              52.2362299,
              20.9689898
            ],
            [
              52.2362449,
              20.9691122
            ]
          ],
          [
            [
              52.2366485,
              20.9691905
            ],
            [
              52.2366846,
              20.9691959
            ],
            [
              52.2367772,
              20.9692049
            ]
          ]
        ]
      }
    },
    {
      "type": "Feature",
      "properties": {
        "name": "Ludwiki",
        "highway": "residential"
      },
      "geometry": {
        "type": "MultiLineString",
        "coordinates": [
          [
            [
              52.2301711,
              20.9670282
            ],
            [
              52.2301571,
              20.9669111
            ],
            [
              52.230123,
              20.9666256
            ],
            [
              52.2301156,
              20.9665157
            ],
            [
              52.2301118,
              20.9664034
            ],
            [
              52.2301115,
              20.9662466
            ],
            [
              52.2301148,
              20.9660774
            ],
            [
              52.230136,
              20.9651208
            ],
            [
              52.2301368,
              20.9650859
            ],
            [
              52.2301624,
              20.9638246
            ],
            [
              52.2301787,
              20.9630222
            ],
            [
              52.2301827,
              20.9628277
            ],
            [
              52.2301894,
              20.9626758
            ],
            [
              52.2301905,
              20.9626199
            ],
            [
              52.2301932,
              20.9624762
            ]
          ],
          [
            [
              52.2301912,
              20.9590929
            ],
            [
              52.2301988,
              20.959244
            ],
            [
              52.2302124,
              20.9595128
            ],
            [
              52.2302239,
              20.9597412
            ],
            [
              52.2302282,
              20.9598253
            ],
            [
              52.2302385,
              20.9600287
            ],
            [
              52.2302367,
              20.9600755
            ],
            [
              52.2302303,
              20.9601212
            ],
            [
              52.2302193,
              20.9601646
            ],
            [
              52.2302086,
              20.9601939
            ],
            [
              52.2301959,
              20.9602209
            ],
            [
              52.230126,
              20.9603012
            ],
            [
              52.2301125,
              20.9603297
            ],
            [
              52.2300984,
              20.9603696
            ],
            [
              52.2300952,
              20.9604055
            ],
            [
              52.2300933,
              20.9604495
            ],
            [
              52.230095,
              20.960496
            ],
            [
              52.2301024,
              20.9606405
            ],
            [
              52.2301153,
              20.9608814
            ],
            [
              52.2301189,
              20.9609486
            ],
            [
              52.2301358,
              20.9610939
            ],
            [
              52.2301587,
              20.9614997
            ],
            [
              52.2301773,
              20.9618273
            ],
            [
              52.2301947,
              20.9621231
            ],
            [
              52.2301958,
              20.9623376
            ],
            [
              52.2301932,
              20.9624762
            ]
          ]
        ]
      }
    },
    {
      "type": "Feature",
      "properties": {
        "name": "Jana Szymczaka",
        "highway": "residential"
      },
      "geometry": {
        "type": "MultiLineString",
        "coordinates": [
          [
            [
              52.2289748,
              20.9592371
            ],
            [
              52.2289822,
              20.9594034
            ],
            [
              52.2289951,
              20.9596943
            ],
            [
              52.2290011,
              20.9597567
            ],
            [
              52.2290116,
              20.9598661
            ],
            [
              52.2290191,
              20.9599977
            ],
            [
              52.2290375,
              20.9603239
            ],
            [
              52.229051,
              20.9605831
            ],
            [
              52.2290677,
              20.960901
            ],
            [
              52.2290798,
              20.9611324
            ],
            [
              52.2290843,
              20.9614333
            ],
            [
              52.2291136,
              20.9619864
            ],
            [
              52.2291222,
              20.9621613
            ],
            [
              52.2291296,
              20.9622882
            ],
            [
              52.2291367,
              20.9624113
            ]
          ]
        ]
      }
    },
    {
      "type": "Feature",
      "properties": {
        "name": "Sebastiana Klonowicza",
        "highway": "residential"
      },
      "geometry": {
        "type": "MultiLineString",
        "coordinates": [
          [
            [
              52.2291367,
              20.9624113
            ],
            [
              52.2292186,
              20.9624177
            ],
            [
              52.2296697,
              20.9624482
            ],
            [
              52.2300949,
              20.9624709
            ],
            [
              52.2301932,
              20.9624762
            ]
          ]
        ]
      }
    },
    {
      "type": "Feature",
      "properties": {
        "name": "Sławińska",
        "highway": "residential"
      },
      "geometry": {
        "type": "MultiLineString",
        "coordinates": [
          [
            [
              52.2245108,
              20.9707528
            ],
            [
              52.2245897,
              20.9708025
            ],
            [
              52.2246402,
              20.9708344
            ],
            [
              52.2248587,
              20.9709735
            ],
            [
              52.2249228,
              20.9710153
            ],
            [
              52.225061,
              20.9711054
            ],
            [
              52.2250942,
              20.9711275
            ]
          ],
          [
            [
              52.2241529,
              20.9705272
            ],
            [
              52.2245108,
              20.9707528
            ]
          ],
          [
            [
              52.2233034,
              20.9699927
            ],
            [
              52.2233429,
              20.9700175
            ],
            [
              52.223807,
              20.9703092
            ],
            [
              52.2239002,
              20.970368
            ],
            [
              52.2240374,
              20.9704545
            ],
            [
              52.2241529,
              20.9705272
            ]
          ]
        ]
      }
    },
    {
      "type": "Feature",
      "properties": {
        "name": "Józefa Sowińskiego",
        "highway": "residential"
      },
      "geometry": {
        "type": "MultiLineString",
        "coordinates": [
          [
            [
              52.22517,
              20.9360899
            ],
            [
              52.2252424,
              20.9360417
            ],
            [
              52.225273,
              20.9360213
            ],
            [
              52.2252962,
              20.9360052
            ],
            [
              52.2253118,
              20.9359936
            ]
          ],
          [
            [
              52.2253118,
              20.9359936
            ],
            [
              52.2253795,
              20.935976
            ],
            [
              52.2254482,
              20.9359617
            ],
            [
              52.2266242,
              20.9356921
            ],
            [
              52.2266354,
              20.9356893
            ],
            [
              52.2269846,
              20.9356022
            ],
            [
              52.2270651,
              20.9355817
            ],
            [
              52.2271914,
              20.9355499
            ],
            [
              52.2274522,
              20.935483
            ],
            [
              52.227526,
              20.9354641
            ],
            [
              52.227548,
              20.9354538
            ],
            [
              52.2276097,
              20.9354248
            ],
            [
              52.228307,
              20.93516
            ],
            [
              52.2287044,
              20.9350079
            ],
            [
              52.228963,
              20.9349089
            ]
          ],
          [
            [
              52.2250439,
              20.9361835
            ],
            [
              52.22517,
              20.9360899
            ]
          ],
          [
            [
              52.2245795,
              20.9363266
            ],
            [
              52.2248637,
              20.9362325
            ],
            [
              52.2249149,
              20.9362155
            ],
            [
              52.224944,
              20.9362069
            ],
            [
              52.2250439,
              20.9361835
            ]
          ],
          [
            [
              52.2244744,
              20.9363698
            ],
            [
              52.2245795,
              20.9363266
            ]
          ],
          [
            [
              52.2196883,
              20.9374365
            ],
            [
              52.2198167,
              20.9374171
            ],
            [
              52.2201868,
              20.9373755
            ],
            [
              52.2202713,
              20.9373661
            ],
            [
              52.2206258,
              20.9373063
            ],
            [
              52.2208591,
              20.937267
            ],
            [
              52.2208874,
              20.9372622
            ],
            [
              52.22111,
              20.9372246
            ]
          ],
          [
            [
              52.228963,
              20.9349089
            ],
            [
              52.2297156,
              20.9346673
            ],
            [
              52.2297792,
              20.9346469
            ],
            [
              52.229884,
              20.9346128
            ]
          ],
          [
            [
              52.229884,
              20.9346128
            ],
            [
              52.2299695,
              20.9345846
            ],
            [
              52.2303887,
              20.9344468
            ],
            [
              52.2305153,
              20.9344042
            ],
            [
              52.2305233,
              20.9344015
            ],
            [
              52.2305586,
              20.9343897
            ],
            [
              52.2307478,
              20.9343302
            ],
            [
              52.230846,
              20.9342956
            ],
            [
              52.2309422,
              20.9342609
            ],
            [
              52.231352,
              20.9341587
            ],
            [
              52.2313852,
              20.9341491
            ],
            [
              52.2314076,
              20.9341435
            ],
            [
              52.2316245,
              20.9340828
            ],
            [
              52.2317509,
              20.9340476
            ],
            [
              52.2320768,
              20.9339419
            ]
          ],
          [
            [
              52.2225648,
              20.9369369
            ],
            [
              52.2231773,
              20.9367576
            ],
            [
              52.2232392,
              20.9367395
            ],
            [
              52.2234484,
              20.9366783
            ],
            [
              52.22356,
              20.9366459
            ],
            [
              52.2242533,
              20.9364447
            ]
          ],
          [
            [
              52.22111,
              20.9372246
            ],
            [
              52.2214105,
              20.9371739
            ],
            [
              52.2214419,
              20.9371668
            ],
            [
              52.2218687,
              20.9370709
            ],
            [
              52.2219204,
              20.9370593
            ],
            [
              52.2220122,
              20.937036
            ]
          ],
          [
            [
              52.2242533,
              20.9364447
            ],
            [
              52.2243587,
              20.9364144
            ],
            [
              52.2244064,
              20.9363978
            ],
            [
              52.2244455,
              20.9363833
            ],
            [
              52.2244744,
              20.9363698
            ]
          ],
          [
            [
              52.2221999,
              20.93703
            ],
            [
              52.2223039,
              20.9370046
            ],
            [
              52.2223375,
              20.9369953
            ],
            [
              52.2223534,
              20.9369916
            ]
          ],
          [
            [
              52.2195777,
              20.937326
            ],
            [
              52.2196161,
              20.9373893
            ],
            [
              52.2196405,
              20.937418
            ],
            [
              52.2196883,
              20.9374365
            ]
          ],
          [
            [
              52.2320768,
              20.9339419
            ],
            [
              52.2321811,
              20.9338973
            ],
            [
              52.2322756,
              20.933855
            ],
            [
              52.2323544,
              20.9338124
            ],
            [
              52.232774,
              20.9336127
            ],
            [
              52.2329761,
              20.9335241
            ],
            [
              52.2330534,
              20.9335001
            ],
            [
              52.2331987,
              20.9334552
            ],
            [
              52.2337539,
              20.9333356
            ],
            [
              52.2339847,
              20.9333044
            ],
            [
              52.2340098,
              20.9332994
            ],
            [
              52.2340879,
              20.9332802
            ]
          ],
          [
            [
              52.2220122,
              20.937036
            ],
            [
              52.2220278,
              20.937032
            ],
            [
              52.2220531,
              20.9370256
            ],
            [
              52.2221239,
              20.9370093
            ],
            [
              52.2221999,
              20.93703
            ]
          ],
          [
            [
              52.2223534,
              20.9369916
            ],
            [
              52.2223678,
              20.9369879
            ],
            [
              52.2225648,
              20.9369369
            ]
          ]
        ]
      }
    },
    {
      "type": "Feature",
      "properties": {
        "name": "Stanisława Worcella",
        "highway": "residential"
      },
      "geometry": {
        "type": "MultiLineString",
        "coordinates": [
          [
            [
              52.221589,
              20.9406585
            ],
            [
              52.2216099,
              20.9406417
            ],
            [
              52.2219025,
              20.9404059
            ],
            [
              52.2219751,
              20.9403499
            ],
            [
              52.2220596,
              20.9402801
            ],
            [
              52.2223712,
              20.9400227
            ],
            [
              52.2225432,
              20.9398807
            ],
            [
              52.2228578,
              20.9396209
            ],
            [
              52.2228869,
              20.9395969
            ],
            [
              52.2229838,
              20.9395145
            ]
          ]
        ]
      }
    },
    {
      "type": "Feature",
      "properties": {
        "name": "Przyce",
        "highway": "residential"
      },
      "geometry": {
        "type": "MultiLineString",
        "coordinates": [
          [
            [
              52.2205523,
              20.9317156
            ],
            [
              52.2205727,
              20.9317334
            ],
            [
              52.220604,
              20.9317492
            ],
            [
              52.2206493,
              20.9317565
            ],
            [
              52.2208197,
              20.9317277
            ],
            [
              52.2208847,
              20.931708
            ],
            [
              52.2209078,
              20.9317001
            ],
            [
              52.2213447,
              20.9315512
            ],
            [
              52.2213919,
              20.9315352
            ],
            [
              52.2214847,
              20.9315082
            ]
          ],
          [
            [
              52.219875,
              20.9321713
            ],
            [
              52.2201391,
              20.9320165
            ],
            [
              52.2204345,
              20.9318434
            ],
            [
              52.2204902,
              20.9318203
            ],
            [
              52.2205153,
              20.9318004
            ],
            [
              52.2205247,
              20.9317836
            ],
            [
              52.2205399,
              20.9317565
            ],
            [
              52.2205523,
              20.9317156
            ]
          ],
          [
            [
              52.216524,
              20.9325914
            ],
            [
              52.2167041,
              20.9325373
            ],
            [
              52.2168085,
              20.9325062
            ],
            [
              52.2171614,
              20.9324011
            ]
          ],
          [
            [
              52.2168028,
              20.9339179
            ],
            [
              52.2170429,
              20.9338437
            ],
            [
              52.2173264,
              20.9337578
            ],
            [
              52.2172582,
              20.9331919
            ],
            [
              52.2172288,
              20.9329555
            ],
            [
              52.2171614,
              20.9324011
            ],
            [
              52.2171004,
              20.9318661
            ],
            [
              52.2170069,
              20.9310803
            ]
          ]
        ]
      }
    },
    {
      "type": "Feature",
      "properties": {
        "name": "Studzienna",
        "highway": "residential"
      },
      "geometry": {
        "type": "MultiLineString",
        "coordinates": [
          [
            [
              52.2214754,
              20.9291187
            ],
            [
              52.2217636,
              20.9289222
            ],
            [
              52.2218276,
              20.9288774
            ],
            [
              52.2219065,
              20.9288222
            ],
            [
              52.2219542,
              20.9287863
            ],
            [
              52.2222978,
              20.9285278
            ]
          ],
          [
            [
              52.2227044,
              20.9282416
            ],
            [
              52.2228277,
              20.9281599
            ]
          ],
          [
            [
              52.2212976,
              20.9292457
            ],
            [
              52.2213167,
              20.9292315
            ],
            [
              52.2214754,
              20.9291187
            ]
          ],
          [
            [
              52.2211979,
              20.9293085
            ],
            [
              52.2212871,
              20.9292532
            ],
            [
              52.2212976,
              20.9292457
            ]
          ],
          [
            [
              52.2222978,
              20.9285278
            ],
            [
              52.2226708,
              20.9282669
            ],
            [
              52.2227044,
              20.9282416
            ]
          ]
        ]
      }
    },
    {
      "type": "Feature",
      "properties": {
        "name": "Hubalczyków",
        "highway": "tertiary"
      },
      "geometry": {
        "type": "MultiLineString",
        "coordinates": [
          [
            [
              52.2233282,
              20.9301192
            ],
            [
              52.2234566,
              20.9300358
            ]
          ],
          [
            [
              52.2232878,
              20.9299793
            ],
            [
              52.2234142,
              20.9298626
            ]
          ],
          [
            [
              52.2226122,
              20.9304649
            ],
            [
              52.2228537,
              20.9303989
            ]
          ],
          [
            [
              52.2228016,
              20.9303254
            ],
            [
              52.2229276,
              20.9302501
            ],
            [
              52.222999,
              20.9301985
            ],
            [
              52.2231446,
              20.9300933
            ],
            [
              52.2231716,
              20.9300727
            ],
            [
              52.2232878,
              20.9299793
            ]
          ],
          [
            [
              52.2226122,
              20.9304649
            ],
            [
              52.2227007,
              20.9303872
            ],
            [
              52.2228016,
              20.9303254
            ]
          ],
          [
            [
              52.2228537,
              20.9303989
            ],
            [
              52.2229433,
              20.9303445
            ],
            [
              52.223133,
              20.9302353
            ],
            [
              52.2231769,
              20.9302126
            ],
            [
              52.2232042,
              20.9301961
            ],
            [
              52.2233282,
              20.9301192
            ]
          ],
          [
            [
              52.2213983,
              20.9308081
            ],
            [
              52.2215152,
              20.9307798
            ],
            [
              52.2215408,
              20.930773
            ],
            [
              52.2215939,
              20.930758
            ],
            [
              52.2217985,
              20.9306996
            ],
            [
              52.2222619,
              20.9305673
            ],
            [
              52.2224102,
              20.930525
            ],
            [
              52.2225914,
              20.9304711
            ],
            [
              52.2226122,
              20.9304649
            ]
          ]
        ]
      }
    },
    {
      "type": "Feature",
      "properties": {
        "name": "Sieradzka",
        "highway": "residential"
      },
      "geometry": {
        "type": "MultiLineString",
        "coordinates": [
          [
            [
              52.2226122,
              20.9304649
            ],
            [
              52.2226274,
              20.9305495
            ],
            [
              52.2226316,
              20.9305699
            ],
            [
              52.2226594,
              20.9307274
            ],
            [
              52.2226985,
              20.9309577
            ],
            [
              52.2227281,
              20.9310649
            ],
            [
              52.2228169,
              20.9311439
            ],
            [
              52.2229506,
              20.931257
            ],
            [
              52.2230973,
              20.9313811
            ],
            [
              52.2231951,
              20.9314638
            ],
            [
              52.2233812,
              20.9316258
            ],
            [
              52.2234035,
              20.9316426
            ],
            [
              52.2234367,
              20.9316559
            ]
          ],
          [
            [
              52.2234367,
              20.9316559
            ],
            [
              52.2234577,
              20.9316551
            ],
            [
              52.2234756,
              20.9316493
            ],
            [
              52.22359,
              20.9315811
            ],
            [
              52.2236175,
              20.9315626
            ],
            [
              52.2237185,
              20.9314961
            ]
          ]
        ]
      }
    },
    {
      "type": "Feature",
      "properties": {
        "name": "Pętla Cmentarz Wolski",
        "highway": "service"
      },
      "geometry": {
        "type": "MultiLineString",
        "coordinates": [
          [
            [
              52.2246682,
              20.9294302
            ],
            [
              52.2247367,
              20.9295523
            ],
            [
              52.2247704,
              20.9296773
            ],
            [
              52.2248208,
              20.9299925
            ]
          ],
          [
            [
              52.224798,
              20.929435
            ],
            [
              52.2248419,
              20.9295293
            ],
            [
              52.224873,
              20.929623
            ],
            [
              52.2249281,
              20.9299604
            ]
          ],
          [
            [
              52.2249281,
              20.9299604
            ],
            [
              52.2250381,
              20.9305926
            ]
          ],
          [
            [
              52.2248208,
              20.9299925
            ],
            [
              52.22494,
              20.9306496
            ]
          ],
          [
            [
              52.2253085,
              20.9309917
            ],
            [
              52.2253341,
              20.9309754
            ],
            [
              52.225342,
              20.9309695
            ],
            [
              52.2253856,
              20.9309366
            ],
            [
              52.2254367,
              20.9308789
            ]
          ],
          [
            [
              52.22494,
              20.9306496
            ],
            [
              52.2249836,
              20.9308752
            ],
            [
              52.2250155,
              20.9309567
            ],
            [
              52.225072,
              20.9310154
            ],
            [
              52.2251327,
              20.9310468
            ],
            [
              52.2252014,
              20.931052
            ],
            [
              52.2252746,
              20.9310131
            ]
          ],
          [
            [
              52.2250381,
              20.9305926
            ],
            [
              52.2250823,
              20.930823
            ],
            [
              52.2251213,
              20.9309167
            ],
            [
              52.2251751,
              20.9309676
            ],
            [
              52.2252746,
              20.9310131
            ]
          ],
          [
            [
              52.2252746,
              20.9310131
            ],
            [
              52.2253085,
              20.9309917
            ]
          ]
        ]
      }
    },
    {
      "type": "Feature",
      "properties": {
        "name": "Gizów",
        "highway": "residential"
      },
      "geometry": {
        "type": "MultiLineString",
        "coordinates": [
          [
            [
              52.2248341,
              20.9454056
            ],
            [
              52.2249228,
              20.94535
            ],
            [
              52.2249317,
              20.9453442
            ],
            [
              52.2249581,
              20.9453269
            ],
            [
              52.2249698,
              20.9453193
            ],
            [
              52.2254572,
              20.9449942
            ],
            [
              52.2256859,
              20.9448447
            ],
            [
              52.2261563,
              20.9445773
            ]
          ],
          [
            [
              52.2252263,
              20.9430193
            ],
            [
              52.2253034,
              20.9433211
            ],
            [
              52.2254475,
              20.9438912
            ],
            [
              52.2254737,
              20.9439955
            ],
            [
              52.2255429,
              20.9442749
            ],
            [
              52.2256471,
              20.944696
            ],
            [
              52.2256688,
              20.9447792
            ],
            [
              52.2256859,
              20.9448447
            ]
          ]
        ]
      }
    },
    {
      "type": "Feature",
      "properties": {
        "name": "Radzanowska",
        "highway": "residential"
      },
      "geometry": {
        "type": "MultiLineString",
        "coordinates": [
          [
            [
              52.2201794,
              20.9299247
            ],
            [
              52.2202121,
              20.9300247
            ],
            [
              52.220251,
              20.9302459
            ],
            [
              52.2202717,
              20.9303639
            ],
            [
              52.2203229,
              20.9306548
            ],
            [
              52.2203375,
              20.9307382
            ],
            [
              52.2203869,
              20.9310189
            ],
            [
              52.2203961,
              20.9310713
            ],
            [
              52.2204422,
              20.9313338
            ],
            [
              52.2204819,
              20.9315597
            ],
            [
              52.220501,
              20.9316352
            ],
            [
              52.220528,
              20.9316823
            ],
            [
              52.2205523,
              20.9317156
            ]
          ]
        ]
      }
    },
    {
      "type": "Feature",
      "properties": {
        "name": "Baltazara",
        "highway": "residential"
      },
      "geometry": {
        "type": "MultiLineString",
        "coordinates": [
          [
            [
              52.2302474,
              20.9376785
            ],
            [
              52.2303452,
              20.9376566
            ],
            [
              52.2313463,
              20.9374321
            ]
          ]
        ]
      }
    },
    {
      "type": "Feature",
      "properties": {
        "name": "Zawiszy",
        "highway": "residential"
      },
      "geometry": {
        "type": "MultiLineString",
        "coordinates": [
          [
            [
              52.2424986,
              20.9589569
            ],
            [
              52.2427877,
              20.9589729
            ],
            [
              52.2434081,
              20.9590071
            ],
            [
              52.2434602,
              20.9590233
            ],
            [
              52.2434841,
              20.9590505
            ],
            [
              52.2435154,
              20.9591057
            ],
            [
              52.2435299,
              20.9591489
            ],
            [
              52.2435387,
              20.959175
            ],
            [
              52.2435486,
              20.9592792
            ],
            [
              52.2435498,
              20.9594127
            ],
            [
              52.2435411,
              20.9596344
            ],
            [
              52.2435325,
              20.9597913
            ],
            [
              52.2434984,
              20.9604375
            ],
            [
              52.2434894,
              20.9605982
            ],
            [
              52.243484,
              20.9607302
            ],
            [
              52.2434756,
              20.9609098
            ],
            [
              52.2434584,
              20.9612799
            ],
            [
              52.2434167,
              20.9621755
            ],
            [
              52.2434132,
              20.9623317
            ],
            [
              52.2434172,
              20.96257
            ],
            [
              52.243436,
              20.9635859
            ],
            [
              52.2434408,
              20.9638478
            ],
            [
              52.2434414,
              20.9639929
            ],
            [
              52.2434413,
              20.9641422
            ],
            [
              52.2434319,
              20.9643008
            ],
            [
              52.2434206,
              20.9644474
            ],
            [
              52.2433928,
              20.9646461
            ],
            [
              52.2433617,
              20.9648359
            ],
            [
              52.2432916,
              20.9651702
            ],
            [
              52.2432728,
              20.9652389
            ],
            [
              52.2432533,
              20.9653003
            ],
            [
              52.2431551,
              20.9655558
            ],
            [
              52.2430854,
              20.965804
            ],
            [
              52.2430732,
              20.9658476
            ],
            [
              52.2430633,
              20.9658757
            ],
            [
              52.2430243,
              20.9659701
            ]
          ]
        ]
      }
    },
    {
      "type": "Feature",
      "properties": {
        "name": "Berestecka",
        "highway": "residential"
      },
      "geometry": {
        "type": "MultiLineString",
        "coordinates": [
          [
            [
              52.2145935,
              20.9517585
            ],
            [
              52.214606,
              20.9515323
            ],
            [
              52.2146738,
              20.9507867
            ],
            [
              52.214827,
              20.9491628
            ],
            [
              52.2148497,
              20.9487012
            ],
            [
              52.214866,
              20.9484462
            ],
            [
              52.214868,
              20.9482198
            ],
            [
              52.2148621,
              20.9478631
            ],
            [
              52.2148538,
              20.9478075
            ]
          ],
          [
            [
              52.2145935,
              20.9517585
            ],
            [
              52.2145849,
              20.9521166
            ],
            [
              52.2145877,
              20.9522805
            ],
            [
              52.2145942,
              20.9525497
            ]
          ]
        ]
      }
    },
    {
      "type": "Feature",
      "properties": {
        "name": "Obozowa",
        "highway": "tertiary"
      },
      "geometry": {
        "type": "MultiLineString",
        "coordinates": [
          [
            [
              52.2466317,
              20.9388718
            ],
            [
              52.246652,
              20.9391628
            ],
            [
              52.2466562,
              20.9398061
            ]
          ],
          [
            [
              52.2467545,
              20.9427938
            ],
            [
              52.2467699,
              20.9431489
            ],
            [
              52.2468079,
              20.9439138
            ],
            [
              52.2468147,
              20.9440798
            ],
            [
              52.2468199,
              20.9441867
            ],
            [
              52.2468568,
              20.9446032
            ],
            [
              52.2468825,
              20.9451169
            ],
            [
              52.2469253,
              20.9460641
            ],
            [
              52.2469366,
              20.9466561
            ],
            [
              52.2469561,
              20.9470606
            ],
            [
              52.2469635,
              20.9472046
            ],
            [
              52.2469694,
              20.9473002
            ],
            [
              52.2469838,
              20.9475298
            ]
          ],
          [
            [
              52.2474544,
              20.9573156
            ],
            [
              52.2474567,
              20.957474
            ],
            [
              52.2474604,
              20.9576589
            ]
          ],
          [
            [
              52.2435077,
              20.9675058
            ],
            [
              52.2435414,
              20.9672789
            ],
            [
              52.2435683,
              20.9671577
            ],
            [
              52.2435997,
              20.9670288
            ],
            [
              52.2436133,
              20.96698
            ],
            [
              52.2436304,
              20.9669309
            ],
            [
              52.2436539,
              20.9668901
            ]
          ],
          [
            [
              52.2466562,
              20.9398061
            ],
            [
              52.2466573,
              20.9400071
            ]
          ],
          [
            [
              52.2466573,
              20.9400071
            ],
            [
              52.2466623,
              20.9403639
            ],
            [
              52.2466868,
              20.9410732
            ],
            [
              52.2466952,
              20.9414927
            ],
            [
              52.2467007,
              20.941686
            ],
            [
              52.2467293,
              20.9422317
            ],
            [
              52.2467428,
              20.9425901
            ],
            [
              52.2467545,
              20.9427938
            ]
          ],
          [
            [
              52.2436036,
              20.967657
            ],
            [
              52.2437514,
              20.9673859
            ],
            [
              52.2438271,
              20.9672483
            ]
          ],
          [
            [
              52.2434812,
              20.9677736
            ],
            [
              52.2434887,
              20.9677431
            ],
            [
              52.2434922,
              20.9677107
            ],
            [
              52.2435012,
              20.9675606
            ],
            [
              52.2435077,
              20.9675058
            ]
          ],
          [
            [
              52.2468725,
              20.9427861
            ],
            [
              52.2468827,
              20.9429558
            ]
          ],
          [
            [
              52.2469838,
              20.9475298
            ],
            [
              52.2469973,
              20.9476894
            ],
            [
              52.2470002,
              20.9477655
            ],
            [
              52.2470452,
              20.9487092
            ],
            [
              52.2470994,
              20.9498185
            ],
            [
              52.2471516,
              20.9509365
            ],
            [
              52.2471902,
              20.9519697
            ],
            [
              52.2471934,
              20.9520558
            ],
            [
              52.2471979,
              20.9521516
            ],
            [
              52.2472257,
              20.9527677
            ],
            [
              52.2472393,
              20.9530219
            ],
            [
              52.2472511,
              20.9532496
            ],
            [
              52.2472563,
              20.9534568
            ],
            [
              52.247269,
              20.9543267
            ],
            [
              52.2472723,
              20.9545114
            ],
            [
              52.2472884,
              20.9555504
            ],
            [
              52.2472815,
              20.9557185
            ],
            [
              52.2472812,
              20.9558689
            ],
            [
              52.2472996,
              20.9568544
            ],
            [
              52.2473008,
              20.9569264
            ],
            [
              52.2473021,
              20.9569805
            ],
            [
              52.247309,
              20.9571369
            ]
          ],
          [
            [
              52.2468827,
              20.9429558
            ],
            [
              52.2468923,
              20.9431324
            ],
            [
              52.2468996,
              20.9432727
            ],
            [
              52.2469039,
              20.9433498
            ],
            [
              52.2469065,
              20.9434183
            ],
            [
              52.2469158,
              20.943609
            ],
            [
              52.2469319,
              20.9439254
            ],
            [
              52.2469352,
              20.9440049
            ],
            [
              52.2469371,
              20.9440641
            ],
            [
              52.2469444,
              20.9442391
            ],
            [
              52.2469513,
              20.9444039
            ],
            [
              52.2469652,
              20.9447592
            ],
            [
              52.2469686,
              20.9448321
            ],
            [
              52.2469842,
              20.9451716
            ],
            [
              52.2469926,
              20.9453539
            ],
            [
              52.2469968,
              20.9454468
            ],
            [
              52.2470057,
              20.9456395
            ],
            [
              52.2470118,
              20.9457719
            ],
            [
              52.2470217,
              20.9459883
            ],
            [
              52.2470247,
              20.9460533
            ],
            [
              52.24704,
              20.9463857
            ],
            [
              52.247043,
              20.9464513
            ],
            [
              52.247062,
              20.9468641
            ],
            [
              52.2470855,
              20.9472859
            ],
            [
              52.2471016,
              20.947518
            ]
          ],
          [
            [
              52.2442288,
              20.9665095
            ],
            [
              52.2442678,
              20.9664344
            ],
            [
              52.2444056,
              20.96617
            ],
            [
              52.2444353,
              20.966113
            ],
            [
              52.2446002,
              20.9658059
            ],
            [
              52.2447413,
              20.9655422
            ],
            [
              52.2453213,
              20.9644431
            ],
            [
              52.245447,
              20.9642066
            ],
            [
              52.2461311,
              20.962927
            ],
            [
              52.2464663,
              20.9623393
            ]
          ],
          [
            [
              52.2460128,
              20.9627697
            ],
            [
              52.2462006,
              20.9624129
            ],
            [
              52.2463755,
              20.9620576
            ]
          ],
          [
            [
              52.2436539,
              20.9668901
            ],
            [
              52.2436899,
              20.9668189
            ],
            [
              52.2437441,
              20.966754
            ],
            [
              52.2438115,
              20.9666858
            ],
            [
              52.2439284,
              20.9665742
            ],
            [
              52.2439755,
              20.9665238
            ],
            [
              52.2440307,
              20.9664595
            ],
            [
              52.2440786,
              20.9663961
            ],
            [
              52.2441447,
              20.9662869
            ],
            [
              52.2442162,
              20.9661505
            ],
            [
              52.244322,
              20.9659535
            ],
            [
              52.2443638,
              20.9658739
            ],
            [
              52.2444391,
              20.9657306
            ],
            [
              52.2452151,
              20.9642672
            ],
            [
              52.2456126,
              20.9635162
            ],
            [
              52.2460128,
              20.9627697
            ]
          ],
          [
            [
              52.2464663,
              20.9623393
            ],
            [
              52.2465564,
              20.9621697
            ],
            [
              52.24664,
              20.9620124
            ],
            [
              52.246659,
              20.9619627
            ],
            [
              52.2466736,
              20.9619113
            ]
          ],
          [
            [
              52.2470114,
              20.9612615
            ],
            [
              52.2470535,
              20.9611797
            ],
            [
              52.2471028,
              20.9610726
            ],
            [
              52.247179,
              20.960895
            ]
          ],
          [
            [
              52.247309,
              20.9571369
            ],
            [
              52.2473227,
              20.9573941
            ],
            [
              52.247336,
              20.9576503
            ],
            [
              52.2473408,
              20.9577435
            ]
          ],
          [
            [
              52.247179,
              20.960895
            ],
            [
              52.2471965,
              20.9608776
            ],
            [
              52.2472222,
              20.9608335
            ],
            [
              52.2472717,
              20.9606914
            ],
            [
              52.2473188,
              20.9605419
            ],
            [
              52.247367,
              20.9603461
            ],
            [
              52.2474083,
              20.9601535
            ],
            [
              52.2474444,
              20.9599586
            ],
            [
              52.2474618,
              20.959835
            ],
            [
              52.2474755,
              20.9596943
            ],
            [
              52.2474978,
              20.9592615
            ],
            [
              52.2475036,
              20.9588461
            ]
          ],
          [
            [
              52.246801,
              20.9612781
            ],
            [
              52.2468301,
              20.9612235
            ],
            [
              52.2469746,
              20.9609478
            ],
            [
              52.2470754,
              20.9607459
            ]
          ],
          [
            [
              52.2470754,
              20.9607459
            ],
            [
              52.2470863,
              20.9606851
            ],
            [
              52.2470954,
              20.9606464
            ],
            [
              52.2471426,
              20.9605242
            ],
            [
              52.2471744,
              20.9604254
            ],
            [
              52.2472091,
              20.9603119
            ],
            [
              52.2472548,
              20.9601567
            ],
            [
              52.2472862,
              20.9600236
            ],
            [
              52.2473133,
              20.9598807
            ],
            [
              52.2473332,
              20.9597618
            ],
            [
              52.2473602,
              20.9595849
            ],
            [
              52.2473784,
              20.9593933
            ],
            [
              52.2473864,
              20.9591739
            ],
            [
              52.247395,
              20.9588642
            ],
            [
              52.2473955,
              20.9585818
            ],
            [
              52.2473894,
              20.9584863
            ],
            [
              52.2473692,
              20.958166
            ],
            [
              52.2473408,
              20.9577435
            ]
          ],
          [
            [
              52.2465581,
              20.9617411
            ],
            [
              52.2466911,
              20.9614842
            ],
            [
              52.246801,
              20.9612781
            ]
          ],
          [
            [
              52.2466736,
              20.9619113
            ],
            [
              52.2470114,
              20.9612615
            ]
          ],
          [
            [
              52.2467587,
              20.9404854
            ],
            [
              52.2467602,
              20.9403641
            ],
            [
              52.2467665,
              20.9402835
            ],
            [
              52.2467719,
              20.9402035
            ],
            [
              52.2467766,
              20.9401287
            ],
            [
              52.2467712,
              20.9392293
            ],
            [
              52.2467712,
              20.9391648
            ],
            [
              52.246771,
              20.9389686
            ],
            [
              52.2467728,
              20.9388922
            ]
          ],
          [
            [
              52.2424522,
              20.9697428
            ],
            [
              52.2425742,
              20.9695936
            ],
            [
              52.2426842,
              20.9694349
            ],
            [
              52.2427821,
              20.9692749
            ],
            [
              52.2428468,
              20.9691503
            ]
          ],
          [
            [
              52.2433127,
              20.9681391
            ],
            [
              52.2434034,
              20.9679444
            ],
            [
              52.2434812,
              20.9677736
            ]
          ],
          [
            [
              52.2438271,
              20.9672483
            ],
            [
              52.2438875,
              20.9671483
            ],
            [
              52.243985,
              20.9669654
            ],
            [
              52.2441396,
              20.9666739
            ],
            [
              52.2442288,
              20.9665095
            ]
          ],
          [
            [
              52.2471016,
              20.947518
            ],
            [
              52.2471102,
              20.9476746
            ],
            [
              52.2471125,
              20.9477478
            ],
            [
              52.247116,
              20.9478418
            ],
            [
              52.2471284,
              20.948069
            ],
            [
              52.2471553,
              20.9487234
            ],
            [
              52.2472032,
              20.9498324
            ],
            [
              52.2472572,
              20.9509477
            ],
            [
              52.247315,
              20.9520596
            ],
            [
              52.2473185,
              20.9521376
            ],
            [
              52.2473542,
              20.9530107
            ],
            [
              52.2473665,
              20.9532731
            ],
            [
              52.2473751,
              20.9534538
            ],
            [
              52.2473808,
              20.9536709
            ],
            [
              52.2473873,
              20.9540593
            ],
            [
              52.2473884,
              20.9541205
            ],
            [
              52.2473908,
              20.9543174
            ],
            [
              52.2473928,
              20.9545367
            ],
            [
              52.2473942,
              20.9546959
            ],
            [
              52.247397,
              20.9552117
            ],
            [
              52.2474171,
              20.9555267
            ],
            [
              52.247422,
              20.9556999
            ],
            [
              52.2474264,
              20.9557364
            ],
            [
              52.2474348,
              20.9558805
            ],
            [
              52.2474404,
              20.9560347
            ],
            [
              52.2474465,
              20.9563964
            ],
            [
              52.2474459,
              20.9569159
            ],
            [
              52.2474468,
              20.9569725
            ],
            [
              52.2474544,
              20.9573156
            ]
          ],
          [
            [
              52.2434812,
              20.9677736
            ],
            [
              52.2434959,
              20.9677547
            ],
            [
              52.2435151,
              20.9677314
            ],
            [
              52.2435747,
              20.9676902
            ],
            [
              52.2436036,
              20.967657
            ]
          ],
          [
            [
              52.2467587,
              20.9404854
            ],
            [
              52.2467889,
              20.9410856
            ],
            [
              52.2468169,
              20.941526
            ],
            [
              52.2468226,
              20.9416693
            ],
            [
              52.2468562,
              20.9423272
            ],
            [
              52.246865,
              20.9425749
            ],
            [
              52.2468725,
              20.9427861
            ]
          ],
          [
            [
              52.2463755,
              20.9620576
            ],
            [
              52.246424,
              20.9619563
            ],
            [
              52.2465144,
              20.9617907
            ],
            [
              52.2465331,
              20.9617654
            ],
            [
              52.2465581,
              20.9617411
            ]
          ],
          [
            [
              52.2474604,
              20.9576589
            ],
            [
              52.2474592,
              20.9576726
            ],
            [
              52.2474609,
              20.9577597
            ],
            [
              52.2474667,
              20.9580421
            ],
            [
              52.2475036,
              20.9588461
            ]
          ],
          [
            [
              52.2428468,
              20.9691503
            ],
            [
              52.2429483,
              20.968936
            ],
            [
              52.2430167,
              20.9687902
            ],
            [
              52.2432332,
              20.9683133
            ],
            [
              52.2433127,
              20.9681391
            ]
          ]
        ]
      }
    },
    {
      "type": "Feature",
      "properties": {
        "name": "Rondo Księdza Mieczysława Krygiera",
        "highway": "tertiary"
      },
      "geometry": {
        "type": "MultiLineString",
        "coordinates": [
          [
            [
              52.2359094,
              20.939246
            ],
            [
              52.2359017,
              20.9392225
            ],
            [
              52.2358962,
              20.9391979
            ],
            [
              52.2358926,
              20.9391689
            ],
            [
              52.23589,
              20.9391365
            ],
            [
              52.2358906,
              20.9391129
            ],
            [
              52.235894,
              20.939084
            ],
            [
              52.2358993,
              20.9390524
            ],
            [
              52.2359079,
              20.9390227
            ],
            [
              52.2359328,
              20.9389736
            ]
          ],
          [
            [
              52.2359328,
              20.9389736
            ],
            [
              52.2359501,
              20.9389526
            ],
            [
              52.2359644,
              20.9389383
            ],
            [
              52.2359795,
              20.9389263
            ],
            [
              52.2359976,
              20.9389179
            ],
            [
              52.2360142,
              20.9389152
            ],
            [
              52.2360302,
              20.9389163
            ],
            [
              52.2360453,
              20.9389191
            ],
            [
              52.2360591,
              20.9389249
            ],
            [
              52.2360719,
              20.9389322
            ],
            [
              52.2360849,
              20.9389437
            ],
            [
              52.2360972,
              20.9389554
            ],
            [
              52.2361074,
              20.9389671
            ],
            [
              52.2361149,
              20.9389777
            ],
            [
              52.2361258,
              20.9389966
            ],
            [
              52.2361366,
              20.9390244
            ],
            [
              52.2361442,
              20.9390526
            ],
            [
              52.2361493,
              20.9390802
            ],
            [
              52.2361513,
              20.9391089
            ],
            [
              52.2361514,
              20.9391441
            ],
            [
              52.2361489,
              20.9391754
            ],
            [
              52.2361448,
              20.9391991
            ],
            [
              52.2361381,
              20.9392262
            ],
            [
              52.2361322,
              20.9392432
            ],
            [
              52.2361238,
              20.9392593
            ],
            [
              52.2361135,
              20.9392753
            ],
            [
              52.2360958,
              20.9393012
            ]
          ],
          [
            [
              52.2359094,
              20.939246
            ],
            [
              52.2359211,
              20.9392709
            ],
            [
              52.2359316,
              20.9392879
            ],
            [
              52.2359439,
              20.9393021
            ],
            [
              52.2359581,
              20.9393167
            ],
            [
              52.2359727,
              20.9393282
            ],
            [
              52.2359884,
              20.939336
            ],
            [
              52.2360062,
              20.9393411
            ],
            [
              52.2360216,
              20.9393438
            ],
            [
              52.2360398,
              20.9393414
            ],
            [
              52.2360542,
              20.9393364
            ],
            [
              52.2360683,
              20.9393273
            ],
            [
              52.2360831,
              20.9393148
            ],
            [
              52.2360958,
              20.9393012
            ]
          ]
        ]
      }
    },
    {
      "type": "Feature",
      "properties": {
        "name": "Rondo Jana Himilsbacha",
        "highway": "unclassified"
      },
      "geometry": {
        "type": "MultiLineString",
        "coordinates": [
          [
            [
              52.2580202,
              20.9803427
            ],
            [
              52.2580361,
              20.9803106
            ],
            [
              52.2580747,
              20.9802635
            ],
            [
              52.2581206,
              20.9802398
            ],
            [
              52.2581688,
              20.9802421
            ],
            [
              52.2582137,
              20.9802702
            ],
            [
              52.258249,
              20.980318
            ],
            [
              52.2582734,
              20.9803815
            ],
            [
              52.2582843,
              20.9804542
            ],
            [
              52.2582807,
              20.9805289
            ],
            [
              52.2582614,
              20.9806018
            ],
            [
              52.2582284,
              20.9806601
            ],
            [
              52.2581854,
              20.9806971
            ],
            [
              52.2581373,
              20.9807088
            ]
          ]
        ]
      }
    },
    {
      "type": "Feature",
      "properties": {
        "name": "Kłopot",
        "highway": "unclassified"
      },
      "geometry": {
        "type": "MultiLineString",
        "coordinates": [
          [
            [
              52.2581373,
              20.9807088
            ],
            [
              52.2583792,
              20.9814406
            ],
            [
              52.2584033,
              20.9815288
            ],
            [
              52.258421,
              20.9815937
            ]
          ],
          [
            [
              52.2582807,
              20.9805289
            ],
            [
              52.2583065,
              20.9806111
            ],
            [
              52.2584588,
              20.9813227
            ],
            [
              52.2584993,
              20.9814427
            ],
            [
              52.2585238,
              20.9815123
            ]
          ],
          [
            [
              52.2578557,
              20.9795622
            ],
            [
              52.2582137,
              20.9802702
            ]
          ],
          [
            [
              52.2578289,
              20.9796528
            ],
            [
              52.257933,
              20.9800031
            ],
            [
              52.2580009,
              20.9802674
            ],
            [
              52.2580202,
              20.9803427
            ]
          ],
          [
            [
              52.2573588,
              20.9782128
            ],
            [
              52.2574824,
              20.9785894
            ],
            [
              52.257675,
              20.9791613
            ],
            [
              52.2577253,
              20.9793044
            ]
          ],
          [
            [
              52.2577253,
              20.9793044
            ],
            [
              52.2578557,
              20.9795622
            ]
          ],
          [
            [
              52.2577253,
              20.9793044
            ],
            [
              52.2578289,
              20.9796528
            ]
          ],
          [
            [
              52.2572165,
              20.9777793
            ],
            [
              52.2573588,
              20.9782128
            ]
          ],
          [
            [
              52.2569721,
              20.9773166
            ],
            [
              52.2570582,
              20.9773902
            ],
            [
              52.257138,
              20.9775348
            ],
            [
              52.2571989,
              20.9777243
            ],
            [
              52.2572165,
              20.9777793
            ]
          ]
        ]
      }
    },
    {
      "type": "Feature",
      "properties": {
        "name": "Goleszowska",
        "highway": "residential"
      },
      "geometry": {
        "type": "MultiLineString",
        "coordinates": [
          [
            [
              52.2235996,
              20.9414839
            ],
            [
              52.2236873,
              20.941403
            ],
            [
              52.2237205,
              20.941371
            ],
            [
              52.223863,
              20.9412338
            ],
            [
              52.2239493,
              20.9411547
            ],
            [
              52.2241246,
              20.9410163
            ],
            [
              52.2242238,
              20.9409329
            ],
            [
              52.2244996,
              20.9407155
            ],
            [
              52.2245506,
              20.9406753
            ],
            [
              52.2246871,
              20.9405816
            ],
            [
              52.2248708,
              20.9405092
            ],
            [
              52.2248878,
              20.9405032
            ],
            [
              52.2252007,
              20.9403816
            ],
            [
              52.2255209,
              20.9402649
            ],
            [
              52.2255802,
              20.9402497
            ]
          ]
        ]
      }
    },
    {
      "type": "Feature",
      "properties": {
        "name": "Aleja Obrońców Grodna",
        "highway": "motorway"
      },
      "geometry": {
        "type": "MultiLineString",
        "coordinates": [
          [
            [
              52.2480854,
              20.9284014
            ],
            [
              52.2480922,
              20.9284614
            ],
            [
              52.2485207,
              20.932263
            ],
            [
              52.2486363,
              20.9332586
            ],
            [
              52.2487816,
              20.9342683
            ],
            [
              52.249,
              20.935339
            ],
            [
              52.2492132,
              20.9362209
            ],
            [
              52.2493721,
              20.9368066
            ],
            [
              52.2495751,
              20.9374351
            ],
            [
              52.2498169,
              20.9381369
            ],
            [
              52.2502811,
              20.9394182
            ]
          ],
          [
            [
              52.2502811,
              20.9394182
            ],
            [
              52.2505579,
              20.9401791
            ]
          ],
          [
            [
              52.2505579,
              20.9401791
            ],
            [
              52.2508683,
              20.9410228
            ],
            [
              52.2511976,
              20.9418125
            ],
            [
              52.2515306,
              20.9425155
            ],
            [
              52.2519192,
              20.9431801
            ],
            [
              52.2522965,
              20.9437528
            ],
            [
              52.2527328,
              20.9443287
            ],
            [
              52.2529329,
              20.9445622
            ],
            [
              52.2531524,
              20.944805
            ],
            [
              52.2535846,
              20.9452284
            ],
            [
              52.2540347,
              20.9456487
            ]
          ]
        ]
      }
    },
    {
      "type": "Feature",
      "properties": {
        "name": "Władysława Przanowskiego",
        "highway": "residential"
      },
      "geometry": {
        "type": "MultiLineString",
        "coordinates": [
          [
            [
              52.2363833,
              20.9338842
            ],
            [
              52.2364069,
              20.9338937
            ],
            [
              52.2367452,
              20.9340312
            ],
            [
              52.236805,
              20.9340424
            ],
            [
              52.2368554,
              20.9340382
            ],
            [
              52.2370889,
              20.9339512
            ],
            [
              52.2378652,
              20.9336747
            ],
            [
              52.2391174,
              20.9332171
            ]
          ],
          [
            [
              52.2391174,
              20.9332171
            ],
            [
              52.239626,
              20.933027
            ],
            [
              52.2398708,
              20.9329355
            ],
            [
              52.2398975,
              20.9329331
            ],
            [
              52.2399287,
              20.932937
            ],
            [
              52.2399705,
              20.9329483
            ],
            [
              52.2399961,
              20.932955
            ],
            [
              52.2400976,
              20.9329827
            ]
          ]
        ]
      }
    },
    {
      "type": "Feature",
      "properties": {
        "name": "Aleja Jerzego Strzałkowskiego",
        "highway": "service"
      },
      "geometry": {
        "type": "MultiLineString",
        "coordinates": [
          [
            [
              52.2428957,
              20.9891863
            ],
            [
              52.2431554,
              20.9899603
            ],
            [
              52.2431647,
              20.9899883
            ],
            [
              52.2431907,
              20.9900656
            ],
            [
              52.2432768,
              20.9903223
            ],
            [
              52.2432818,
              20.9903373
            ],
            [
              52.243378,
              20.9906242
            ],
            [
              52.2433871,
              20.9906511
            ],
            [
              52.2435128,
              20.9910261
            ]
          ]
        ]
      }
    },
    {
      "type": "Feature",
      "properties": {
        "name": "Grabowska",
        "highway": "residential"
      },
      "geometry": {
        "type": "MultiLineString",
        "coordinates": [
          [
            [
              52.2283164,
              20.9543233
            ],
            [
              52.2285483,
              20.954293
            ],
            [
              52.2288476,
              20.9542538
            ],
            [
              52.2289035,
              20.9542465
            ],
            [
              52.2290982,
              20.954221
            ],
            [
              52.2291825,
              20.9542131
            ],
            [
              52.2292875,
              20.954203
            ],
            [
              52.2293738,
              20.9541941
            ],
            [
              52.2294833,
              20.9541842
            ],
            [
              52.2295788,
              20.9541757
            ],
            [
              52.2298991,
              20.9541429
            ]
          ],
          [
            [
              52.2300615,
              20.9541231
            ],
            [
              52.2301643,
              20.9540999
            ],
            [
              52.2302047,
              20.9540599
            ],
            [
              52.2302262,
              20.9539826
            ],
            [
              52.2302332,
              20.9538977
            ],
            [
              52.2302219,
              20.9537035
            ]
          ],
          [
            [
              52.227867,
              20.9543819
            ],
            [
              52.2279711,
              20.954365
            ],
            [
              52.2280056,
              20.9543601
            ]
          ],
          [
            [
              52.2298991,
              20.9541429
            ],
            [
              52.2300615,
              20.9541231
            ]
          ],
          [
            [
              52.2281234,
              20.9543458
            ],
            [
              52.2283164,
              20.9543233
            ]
          ],
          [
            [
              52.2280056,
              20.9543601
            ],
            [
              52.2281234,
              20.9543458
            ]
          ]
        ]
      }
    },
    {
      "type": "Feature",
      "properties": {
        "name": "Tylna",
        "highway": "residential"
      },
      "geometry": {
        "type": "MultiLineString",
        "coordinates": [
          [
            [
              52.2283164,
              20.9543233
            ],
            [
              52.2283253,
              20.9544302
            ],
            [
              52.2283416,
              20.9548257
            ],
            [
              52.2283811,
              20.955013
            ],
            [
              52.2283999,
              20.9553308
            ],
            [
              52.228417,
              20.9553542
            ],
            [
              52.2284329,
              20.9553595
            ],
            [
              52.2288218,
              20.9552733
            ],
            [
              52.2292469,
              20.955179
            ],
            [
              52.2295408,
              20.9551139
            ],
            [
              52.2297913,
              20.9550583
            ],
            [
              52.2298646,
              20.955007
            ],
            [
              52.2298856,
              20.9549603
            ],
            [
              52.2299039,
              20.9548635
            ],
            [
              52.229909,
              20.9544324
            ],
            [
              52.2299031,
              20.9542545
            ],
            [
              52.2298991,
              20.9541429
            ]
          ]
        ]
      }
    },
    {
      "type": "Feature",
      "properties": {
        "name": "Szarych Szeregów",
        "highway": "residential"
      },
      "geometry": {
        "type": "MultiLineString",
        "coordinates": [
          [
            [
              52.227387,
              20.9710636
            ],
            [
              52.2273948,
              20.9710391
            ],
            [
              52.2273971,
              20.9710079
            ],
            [
              52.2273969,
              20.9707958
            ],
            [
              52.227393,
              20.969787
            ],
            [
              52.2273895,
              20.9689123
            ],
            [
              52.2274039,
              20.9687828
            ]
          ],
          [
            [
              52.2272223,
              20.9720875
            ],
            [
              52.2272091,
              20.9721439
            ],
            [
              52.2272001,
              20.9721962
            ],
            [
              52.2271913,
              20.9722734
            ],
            [
              52.2271876,
              20.9723542
            ],
            [
              52.2271806,
              20.973684
            ],
            [
              52.2271898,
              20.9738687
            ],
            [
              52.2272421,
              20.9748489
            ],
            [
              52.2272478,
              20.9749587
            ],
            [
              52.2272664,
              20.9753168
            ],
            [
              52.2272732,
              20.9754361
            ],
            [
              52.2272798,
              20.975553
            ],
            [
              52.2273201,
              20.9762589
            ],
            [
              52.2273374,
              20.9765622
            ],
            [
              52.2273445,
              20.9766139
            ],
            [
              52.2273558,
              20.9766969
            ],
            [
              52.2273562,
              20.9767077
            ],
            [
              52.2273582,
              20.976754
            ],
            [
              52.227361,
              20.9768212
            ],
            [
              52.2273657,
              20.9771473
            ],
            [
              52.2273664,
              20.9773213
            ],
            [
              52.2273577,
              20.9774112
            ],
            [
              52.2273502,
              20.9775748
            ],
            [
              52.2273395,
              20.9777323
            ],
            [
              52.2272926,
              20.9783007
            ],
            [
              52.2272848,
              20.9784554
            ],
            [
              52.2272804,
              20.97851
            ],
            [
              52.2272705,
              20.9786171
            ],
            [
              52.2272639,
              20.9786881
            ]
          ],
          [
            [
              52.227347,
              20.9675688
            ],
            [
              52.2273517,
              20.9676565
            ],
            [
              52.2273526,
              20.9676744
            ],
            [
              52.2273562,
              20.9677406
            ],
            [
              52.2273816,
              20.9682156
            ],
            [
              52.2273849,
              20.9682786
            ],
            [
              52.2274054,
              20.9686609
            ],
            [
              52.2274061,
              20.9686903
            ],
            [
              52.2274059,
              20.9687368
            ],
            [
              52.2274039,
              20.9687828
            ]
          ],
          [
            [
              52.2272644,
              20.9718921
            ],
            [
              52.2272697,
              20.9718499
            ],
            [
              52.2272736,
              20.9717938
            ],
            [
              52.2272748,
              20.9716905
            ],
            [
              52.2272739,
              20.9712665
            ],
            [
              52.2272855,
              20.9712171
            ],
            [
              52.227304,
              20.9711792
            ],
            [
              52.2273323,
              20.9711349
            ],
            [
              52.2273734,
              20.9710851
            ],
            [
              52.227387,
              20.9710636
            ]
          ],
          [
            [
              52.2272223,
              20.9720875
            ],
            [
              52.2272375,
              20.9720296
            ],
            [
              52.2272501,
              20.9719761
            ],
            [
              52.2272644,
              20.9718921
            ]
          ]
        ]
      }
    },
    {
      "type": "Feature",
      "properties": {
        "name": "Wschowska",
        "highway": "residential"
      },
      "geometry": {
        "type": "MultiLineString",
        "coordinates": [
          [
            [
              52.2255202,
              20.9505853
            ],
            [
              52.2256157,
              20.9509864
            ],
            [
              52.2256352,
              20.9510622
            ],
            [
              52.2256476,
              20.9511138
            ],
            [
              52.2256651,
              20.9511849
            ],
            [
              52.2257597,
              20.9515513
            ],
            [
              52.2257993,
              20.9517032
            ],
            [
              52.2258098,
              20.9517435
            ],
            [
              52.2258626,
              20.951926
            ]
          ],
          [
            [
              52.2254029,
              20.9500608
            ],
            [
              52.2255074,
              20.9505294
            ],
            [
              52.2255202,
              20.9505853
            ]
          ]
        ]
      }
    },
    {
      "type": "Feature",
      "properties": {
        "name": "Kacpra Karlińskiego",
        "highway": "residential"
      },
      "geometry": {
        "type": "MultiLineString",
        "coordinates": [
          [
            [
              52.2216785,
              20.9331709
            ],
            [
              52.2217734,
              20.9331358
            ],
            [
              52.2218042,
              20.9331244
            ],
            [
              52.221834,
              20.9331146
            ],
            [
              52.2220783,
              20.9330339
            ]
          ],
          [
            [
              52.2234633,
              20.9336739
            ],
            [
              52.2236284,
              20.933853
            ],
            [
              52.2237023,
              20.9339611
            ],
            [
              52.2237352,
              20.9340091
            ],
            [
              52.2237885,
              20.934087
            ],
            [
              52.2238562,
              20.9342151
            ],
            [
              52.2239175,
              20.9343311
            ],
            [
              52.223959,
              20.9344095
            ],
            [
              52.2240758,
              20.9346305
            ]
          ],
          [
            [
              52.2241727,
              20.9348696
            ],
            [
              52.2241879,
              20.9349154
            ],
            [
              52.2242378,
              20.93512
            ],
            [
              52.2244462,
              20.9362013
            ],
            [
              52.2244744,
              20.9363698
            ]
          ],
          [
            [
              52.2227574,
              20.9327937
            ],
            [
              52.2227695,
              20.932878
            ],
            [
              52.2227765,
              20.932927
            ],
            [
              52.2227817,
              20.9329636
            ],
            [
              52.2227878,
              20.9329984
            ],
            [
              52.2227957,
              20.933024
            ],
            [
              52.2228061,
              20.9330434
            ],
            [
              52.2228164,
              20.9330566
            ]
          ],
          [
            [
              52.2220783,
              20.9330339
            ],
            [
              52.2221978,
              20.9329903
            ],
            [
              52.2222247,
              20.9329806
            ],
            [
              52.2223577,
              20.9329321
            ],
            [
              52.222426,
              20.9329072
            ],
            [
              52.2225156,
              20.9328759
            ],
            [
              52.2226577,
              20.9328276
            ],
            [
              52.2227574,
              20.9327937
            ]
          ],
          [
            [
              52.2228164,
              20.9330566
            ],
            [
              52.2229103,
              20.9331298
            ],
            [
              52.2230732,
              20.9332658
            ],
            [
              52.2231825,
              20.9333732
            ],
            [
              52.223237,
              20.9334303
            ],
            [
              52.223281,
              20.9334763
            ],
            [
              52.2233402,
              20.9335405
            ],
            [
              52.2234633,
              20.9336739
            ]
          ],
          [
            [
              52.2240758,
              20.9346305
            ],
            [
              52.2241378,
              20.9347648
            ],
            [
              52.2241605,
              20.9348329
            ],
            [
              52.2241727,
              20.9348696
            ]
          ]
        ]
      }
    },
    {
      "type": "Feature",
      "properties": {
        "name": "Grenady",
        "highway": "residential"
      },
      "geometry": {
        "type": "MultiLineString",
        "coordinates": [
          [
            [
              52.2401063,
              20.9620321
            ],
            [
              52.240121,
              20.9618827
            ],
            [
              52.240173,
              20.9613941
            ],
            [
              52.2401832,
              20.9612744
            ],
            [
              52.2401848,
              20.961192
            ],
            [
              52.240157,
              20.9609438
            ],
            [
              52.2401052,
              20.9605649
            ],
            [
              52.240118,
              20.9603648
            ],
            [
              52.240157,
              20.9599178
            ],
            [
              52.2401665,
              20.9597735
            ],
            [
              52.2401725,
              20.9596453
            ],
            [
              52.2401689,
              20.9595861
            ],
            [
              52.2401606,
              20.9595395
            ],
            [
              52.2401491,
              20.9595025
            ],
            [
              52.2401332,
              20.9594695
            ],
            [
              52.2401095,
              20.9594298
            ]
          ],
          [
            [
              52.2401063,
              20.9620321
            ],
            [
              52.240096,
              20.9621867
            ],
            [
              52.2400292,
              20.9629172
            ],
            [
              52.2400161,
              20.9631308
            ],
            [
              52.24006,
              20.9632749
            ],
            [
              52.2401199,
              20.9633478
            ],
            [
              52.2404239,
              20.9635937
            ],
            [
              52.2404794,
              20.9636462
            ],
            [
              52.240522,
              20.9637078
            ],
            [
              52.2405443,
              20.9637809
            ],
            [
              52.2405678,
              20.9638752
            ],
            [
              52.2405714,
              20.963993
            ],
            [
              52.2404779,
              20.9648677
            ],
            [
              52.2404629,
              20.9650685
            ]
          ]
        ]
      }
    },
    {
      "type": "Feature",
      "properties": {
        "name": "Grodziska",
        "highway": "residential"
      },
      "geometry": {
        "type": "MultiLineString",
        "coordinates": [
          [
            [
              52.2190068,
              20.9329183
            ],
            [
              52.219045,
              20.9334287
            ],
            [
              52.2190898,
              20.9337757
            ],
            [
              52.2190936,
              20.9338049
            ],
            [
              52.2191504,
              20.9340899
            ],
            [
              52.2191981,
              20.9342727
            ],
            [
              52.2193651,
              20.9349129
            ]
          ],
          [
            [
              52.2193651,
              20.9349129
            ],
            [
              52.2193703,
              20.9349329
            ],
            [
              52.2194162,
              20.9353006
            ],
            [
              52.2194886,
              20.9363224
            ],
            [
              52.2195777,
              20.937326
            ]
          ]
        ]
      }
    },
    {
      "type": "Feature",
      "properties": {
        "name": "Rondo ONZ",
        "highway": "secondary"
      },
      "geometry": {
        "type": "MultiLineString",
        "coordinates": [
          [
            [
              52.2327864,
              20.9980387
            ],
            [
              52.2328484,
              20.9979361
            ],
            [
              52.2328759,
              20.9978918
            ],
            [
              52.2328927,
              20.9978697
            ],
            [
              52.2329158,
              20.9978421
            ],
            [
              52.2329367,
              20.9978223
            ],
            [
              52.2329592,
              20.9978027
            ],
            [
              52.2329829,
              20.9977873
            ],
            [
              52.2330109,
              20.9977732
            ],
            [
              52.2330178,
              20.9977697
            ],
            [
              52.2330292,
              20.997764
            ],
            [
              52.2330475,
              20.9977555
            ],
            [
              52.2330691,
              20.9977476
            ],
            [
              52.2330958,
              20.9977379
            ],
            [
              52.2331362,
              20.9977256
            ],
            [
              52.2331792,
              20.9977178
            ],
            [
              52.2332449,
              20.9977126
            ]
          ],
          [
            [
              52.2332449,
              20.9977126
            ],
            [
              52.2332773,
              20.9977769
            ],
            [
              52.2333096,
              20.9978451
            ],
            [
              52.2333388,
              20.9979152
            ],
            [
              52.2333504,
              20.9979472
            ],
            [
              52.2333711,
              20.9980053
            ],
            [
              52.2333883,
              20.9980662
            ],
            [
              52.2333982,
              20.9981241
            ],
            [
              52.2334035,
              20.9981621
            ],
            [
              52.2334051,
              20.9981736
            ],
            [
              52.2334094,
              20.9982099
            ],
            [
              52.2334127,
              20.9982486
            ],
            [
              52.2334135,
              20.9982863
            ],
            [
              52.2334131,
              20.9985713
            ]
          ],
          [
            [
              52.2327864,
              20.9980387
            ],
            [
              52.232787,
              20.9981586
            ],
            [
              52.2327876,
              20.9982178
            ],
            [
              52.2327908,
              20.9982757
            ],
            [
              52.2327962,
              20.9983278
            ],
            [
              52.2328023,
              20.9983659
            ],
            [
              52.2328083,
              20.9984001
            ],
            [
              52.2328169,
              20.9984408
            ],
            [
              52.2328234,
              20.9984668
            ],
            [
              52.2328351,
              20.9985049
            ],
            [
              52.2328399,
              20.9985173
            ],
            [
              52.2328547,
              20.998554
            ],
            [
              52.2328703,
              20.9985878
            ],
            [
              52.2328888,
              20.9986236
            ],
            [
              52.2329039,
              20.9986505
            ],
            [
              52.2329212,
              20.9986811
            ],
            [
              52.2329415,
              20.9987137
            ],
            [
              52.2330171,
              20.9988326
            ]
          ]
        ]
      }
    },
    {
      "type": "Feature",
      "properties": {
        "name": "Wincentego Pola",
        "highway": "residential"
      },
      "geometry": {
        "type": "MultiLineString",
        "coordinates": [
          [
            [
              52.230001,
              20.9227628
            ],
            [
              52.2300077,
              20.9227054
            ],
            [
              52.2300216,
              20.9226466
            ],
            [
              52.2300433,
              20.922607
            ],
            [
              52.2300751,
              20.9225808
            ],
            [
              52.2301077,
              20.922574
            ],
            [
              52.2301639,
              20.9225804
            ],
            [
              52.2312154,
              20.9229031
            ],
            [
              52.232014,
              20.9231482
            ],
            [
              52.2320468,
              20.9231583
            ],
            [
              52.2321094,
              20.9231783
            ],
            [
              52.2327384,
              20.9233792
            ],
            [
              52.2335219,
              20.9236174
            ],
            [
              52.2337232,
              20.9236796
            ],
            [
              52.2338097,
              20.9237214
            ]
          ]
        ]
      }
    },
    {
      "type": "Feature",
      "properties": {
        "name": "Mikołaja Wierzynka",
        "highway": "residential"
      },
      "geometry": {
        "type": "MultiLineString",
        "coordinates": [
          [
            [
              52.2414614,
              20.9673916
            ],
            [
              52.2414364,
              20.9675018
            ],
            [
              52.2414281,
              20.9676129
            ],
            [
              52.2413781,
              20.9681457
            ],
            [
              52.2413757,
              20.9682164
            ],
            [
              52.2413765,
              20.9682553
            ],
            [
              52.241377,
              20.9682783
            ],
            [
              52.241385,
              20.9683765
            ],
            [
              52.2415005,
              20.9691563
            ],
            [
              52.2415346,
              20.9693823
            ],
            [
              52.2415861,
              20.9697244
            ],
            [
              52.2416427,
              20.9700939
            ],
            [
              52.241663,
              20.9702268
            ],
            [
              52.2416659,
              20.970245
            ]
          ],
          [
            [
              52.2414054,
              20.9668743
            ],
            [
              52.2414101,
              20.9669524
            ],
            [
              52.2414366,
              20.9673198
            ],
            [
              52.2414614,
              20.9673916
            ]
          ]
        ]
      }
    },
    {
      "type": "Feature",
      "properties": {
        "name": "Pańska",
        "highway": "residential"
      },
      "geometry": {
        "type": "MultiLineString",
        "coordinates": [
          [
            [
              52.2307801,
              20.9898258
            ],
            [
              52.2308078,
              20.9899636
            ],
            [
              52.2308157,
              20.9900011
            ],
            [
              52.2309546,
              20.9906578
            ],
            [
              52.2310158,
              20.9909472
            ],
            [
              52.2313039,
              20.992309
            ],
            [
              52.2313691,
              20.9926174
            ],
            [
              52.2314034,
              20.9928113
            ]
          ],
          [
            [
              52.230139,
              20.9867769
            ],
            [
              52.2301691,
              20.9869559
            ],
            [
              52.230308,
              20.9876137
            ],
            [
              52.2305606,
              20.9888098
            ],
            [
              52.230716,
              20.9895355
            ],
            [
              52.2307493,
              20.9896728
            ],
            [
              52.2307801,
              20.9898258
            ]
          ],
          [
            [
              52.2314034,
              20.9928113
            ],
            [
              52.2314475,
              20.9930482
            ],
            [
              52.2315115,
              20.9933443
            ],
            [
              52.2315564,
              20.9935001
            ],
            [
              52.2317575,
              20.9944598
            ],
            [
              52.2320063,
              20.9956367
            ],
            [
              52.2320127,
              20.9956737
            ],
            [
              52.2320188,
              20.9957395
            ],
            [
              52.2320257,
              20.9957743
            ],
            [
              52.2320635,
              20.9959383
            ]
          ],
          [
            [
              52.2320823,
              20.9960193
            ],
            [
              52.2321096,
              20.9961372
            ],
            [
              52.2321541,
              20.9963441
            ],
            [
              52.2322186,
              20.9966583
            ]
          ],
          [
            [
              52.2322186,
              20.9966583
            ],
            [
              52.2322452,
              20.9967839
            ],
            [
              52.2323852,
              20.9974037
            ],
            [
              52.2324225,
              20.9975859
            ],
            [
              52.232491,
              20.9979482
            ]
          ],
          [
            [
              52.2320635,
              20.9959383
            ],
            [
              52.2320823,
              20.9960193
            ]
          ],
          [
            [
              52.2299131,
              20.9856667
            ],
            [
              52.2299767,
              20.9860087
            ],
            [
              52.2300407,
              20.9863117
            ],
            [
              52.2300661,
              20.9864317
            ],
            [
              52.230121,
              20.9866915
            ],
            [
              52.230139,
              20.9867769
            ]
          ]
        ]
      }
    },
    {
      "type": "Feature",
      "properties": {
        "name": "Bronisława Dobrzańskiego",
        "highway": "service"
      },
      "geometry": {
        "type": "MultiLineString",
        "coordinates": [
          [
            [
              52.2398109,
              20.9919723
            ],
            [
              52.2398842,
              20.9919083
            ],
            [
              52.2401741,
              20.9916551
            ],
            [
              52.2406476,
              20.9912416
            ],
            [
              52.2406576,
              20.991228
            ],
            [
              52.2406645,
              20.9912123
            ],
            [
              52.2406742,
              20.9911863
            ],
            [
              52.2406771,
              20.9911666
            ],
            [
              52.2406777,
              20.9911358
            ],
            [
              52.2406824,
              20.9911105
            ],
            [
              52.2406899,
              20.9910868
            ],
            [
              52.2407031,
              20.9910585
            ],
            [
              52.2407242,
              20.991036
            ],
            [
              52.2408322,
              20.9909399
            ],
            [
              52.2409066,
              20.9908738
            ]
          ]
        ]
      }
    },
    {
      "type": "Feature",
      "properties": {
        "name": "Słodowiecka",
        "highway": "residential"
      },
      "geometry": {
        "type": "MultiLineString",
        "coordinates": [
          [
            [
              52.2546158,
              20.9741711
            ],
            [
              52.2556181,
              20.9748209
            ],
            [
              52.2556602,
              20.9748482
            ]
          ],
          [
            [
              52.2556602,
              20.9748482
            ],
            [
              52.2557725,
              20.9749193
            ]
          ],
          [
            [
              52.2542858,
              20.9739661
            ],
            [
              52.2543416,
              20.9740008
            ],
            [
              52.2543932,
              20.9740328
            ],
            [
              52.2546158,
              20.9741711
            ]
          ]
        ]
      }
    },
    {
      "type": "Feature",
      "properties": {
        "name": "Ignacego Prądzyńskiego",
        "highway": "unclassified"
      },
      "geometry": {
        "type": "MultiLineString",
        "coordinates": [
          [
            [
              52.2233865,
              20.96939
            ],
            [
              52.2234541,
              20.9689412
            ],
            [
              52.2234907,
              20.9686977
            ]
          ],
          [
            [
              52.2233034,
              20.9699927
            ],
            [
              52.2233208,
              20.9698724
            ],
            [
              52.2233427,
              20.9697118
            ],
            [
              52.2233865,
              20.96939
            ]
          ],
          [
            [
              52.2244262,
              20.9622221
            ],
            [
              52.2244618,
              20.9619754
            ],
            [
              52.224543,
              20.9614114
            ],
            [
              52.2245888,
              20.9610936
            ],
            [
              52.2246603,
              20.9605973
            ],
            [
              52.2247603,
              20.9598868
            ],
            [
              52.2247768,
              20.9598168
            ],
            [
              52.2248034,
              20.959741
            ]
          ],
          [
            [
              52.223269,
              20.9702658
            ],
            [
              52.2232778,
              20.9701806
            ],
            [
              52.2232841,
              20.970119
            ],
            [
              52.2233034,
              20.9699927
            ]
          ],
          [
            [
              52.2240512,
              20.9648097
            ],
            [
              52.2240783,
              20.9646219
            ],
            [
              52.2240965,
              20.9644958
            ],
            [
              52.2241162,
              20.9643595
            ],
            [
              52.2242785,
              20.963236
            ],
            [
              52.2243498,
              20.9627285
            ],
            [
              52.2243853,
              20.9624929
            ],
            [
              52.2244262,
              20.9622221
            ]
          ],
          [
            [
              52.2234907,
              20.9686977
            ],
            [
              52.2236284,
              20.9677658
            ],
            [
              52.2236546,
              20.9675883
            ],
            [
              52.2236757,
              20.9674457
            ],
            [
              52.2239528,
              20.9654999
            ],
            [
              52.2239644,
              20.9654182
            ],
            [
              52.2239799,
              20.9653093
            ],
            [
              52.2240512,
              20.9648097
            ]
          ]
        ]
      }
    },
    {
      "type": "Feature",
      "properties": {
        "name": "Tunelowa",
        "highway": "residential"
      },
      "geometry": {
        "type": "MultiLineString",
        "coordinates": [
          [
            [
              52.2218438,
              20.9684927
            ],
            [
              52.2218479,
              20.9685137
            ],
            [
              52.2218624,
              20.9685741
            ],
            [
              52.2218856,
              20.9686474
            ],
            [
              52.2219106,
              20.9687095
            ],
            [
              52.221938,
              20.9687689
            ],
            [
              52.2219677,
              20.9688252
            ],
            [
              52.2219996,
              20.9688783
            ],
            [
              52.2220335,
              20.9689278
            ],
            [
              52.2220694,
              20.9689737
            ],
            [
              52.2220929,
              20.9690006
            ],
            [
              52.2221172,
              20.9690259
            ],
            [
              52.222142,
              20.9690496
            ],
            [
              52.2221674,
              20.9690716
            ],
            [
              52.2221934,
              20.9690919
            ],
            [
              52.2222065,
              20.9690995
            ],
            [
              52.2222357,
              20.9691168
            ],
            [
              52.2222659,
              20.9691309
            ],
            [
              52.2222996,
              20.9691424
            ],
            [
              52.2224376,
              20.969179
            ],
            [
              52.222533,
              20.9692043
            ]
          ],
          [
            [
              52.222533,
              20.9692043
            ],
            [
              52.2225491,
              20.969208
            ],
            [
              52.2225923,
              20.9692176
            ],
            [
              52.2227351,
              20.9692496
            ],
            [
              52.2228116,
              20.9692656
            ],
            [
              52.2229008,
              20.9692859
            ],
            [
              52.2229818,
              20.9693029
            ],
            [
              52.2232857,
              20.9693683
            ],
            [
              52.2233865,
              20.96939
            ]
          ],
          [
            [
              52.2211026,
              20.9628454
            ],
            [
              52.2211292,
              20.9629448
            ],
            [
              52.221146,
              20.9630406
            ],
            [
              52.2212212,
              20.9634902
            ],
            [
              52.2212706,
              20.9637797
            ],
            [
              52.2213185,
              20.964079
            ]
          ],
          [
            [
              52.2215935,
              20.9661483
            ],
            [
              52.2215971,
              20.9662403
            ],
            [
              52.2215987,
              20.9663531
            ],
            [
              52.2215982,
              20.9664405
            ],
            [
              52.2215939,
              20.9665221
            ],
            [
              52.2215861,
              20.9666625
            ],
            [
              52.2215751,
              20.9668336
            ],
            [
              52.2215714,
              20.9670117
            ],
            [
              52.2215845,
              20.9672165
            ],
            [
              52.2216047,
              20.9673624
            ],
            [
              52.2218247,
              20.9684024
            ],
            [
              52.2218438,
              20.9684927
            ]
          ],
          [
            [
              52.2214859,
              20.9652448
            ],
            [
              52.2215271,
              20.9655382
            ]
          ],
          [
            [
              52.2213185,
              20.964079
            ],
            [
              52.2213531,
              20.9643089
            ],
            [
              52.2214859,
              20.9652448
            ]
          ],
          [
            [
              52.220859,
              20.9626609
            ],
            [
              52.2208933,
              20.962652
            ],
            [
              52.2209111,
              20.9626538
            ],
            [
              52.2209318,
              20.96266
            ],
            [
              52.2209494,
              20.9626713
            ],
            [
              52.2209734,
              20.962694
            ],
            [
              52.2209975,
              20.9627229
            ],
            [
              52.2210191,
              20.9627548
            ],
            [
              52.2210388,
              20.9627833
            ],
            [
              52.2210698,
              20.9628217
            ],
            [
              52.2211026,
              20.9628454
            ]
          ],
          [
            [
              52.2209255,
              20.9624517
            ],
            [
              52.2209311,
              20.9624812
            ],
            [
              52.2209421,
              20.962507
            ],
            [
              52.2209558,
              20.9625259
            ],
            [
              52.2209988,
              20.9625761
            ],
            [
              52.2210264,
              20.9626113
            ],
            [
              52.2210512,
              20.9626484
            ],
            [
              52.2210711,
              20.9626875
            ],
            [
              52.2210837,
              20.9627242
            ],
            [
              52.2211026,
              20.9628454
            ]
          ],
          [
            [
              52.2215271,
              20.9655382
            ],
            [
              52.221562,
              20.9657865
            ],
            [
              52.2215734,
              20.9658725
            ],
            [
              52.2215806,
              20.965943
            ],
            [
              52.2215865,
              20.9660114
            ],
            [
              52.2215908,
              20.9660806
            ],
            [
              52.2215935,
              20.9661483
            ]
          ]
        ]
      }
    },
    {
      "type": "Feature",
      "properties": {
        "name": "Potrzebna",
        "highway": "service"
      },
      "geometry": {
        "type": "MultiLineString",
        "coordinates": [
          [
            [
              52.2132097,
              20.9224893
            ],
            [
              52.2132335,
              20.9225165
            ],
            [
              52.2132523,
              20.92254
            ],
            [
              52.213297,
              20.922605
            ],
            [
              52.2133825,
              20.9227251
            ],
            [
              52.2134593,
              20.9228498
            ],
            [
              52.2135972,
              20.9231274
            ],
            [
              52.2136608,
              20.9232891
            ],
            [
              52.2137176,
              20.923462
            ],
            [
              52.213765,
              20.9236374
            ],
            [
              52.2138067,
              20.9238336
            ],
            [
              52.2138366,
              20.9240215
            ],
            [
              52.2138573,
              20.924203
            ],
            [
              52.2138639,
              20.9243653
            ],
            [
              52.2138806,
              20.9249809
            ],
            [
              52.2138904,
              20.9250977
            ],
            [
              52.213985,
              20.9258362
            ],
            [
              52.2140359,
              20.9262412
            ],
            [
              52.2142212,
              20.9277154
            ],
            [
              52.214398,
              20.9290084
            ],
            [
              52.2145631,
              20.9302631
            ]
          ],
          [
            [
              52.2145631,
              20.9302631
            ],
            [
              52.2145772,
              20.9304158
            ],
            [
              52.2145837,
              20.9305566
            ],
            [
              52.214581,
              20.9306656
            ]
          ],
          [
            [
              52.214581,
              20.9306656
            ],
            [
              52.2145594,
              20.9306752
            ],
            [
              52.2145403,
              20.9306946
            ],
            [
              52.2145255,
              20.9307223
            ],
            [
              52.2145162,
              20.9307557
            ],
            [
              52.2145134,
              20.9307921
            ],
            [
              52.2145171,
              20.9308282
            ],
            [
              52.2145284,
              20.9308642
            ],
            [
              52.2145462,
              20.9308923
            ],
            [
              52.2145685,
              20.9309098
            ],
            [
              52.2145931,
              20.9309146
            ],
            [
              52.2146173,
              20.9309065
            ],
            [
              52.2146387,
              20.9308862
            ],
            [
              52.214655,
              20.9308558
            ],
            [
              52.2146645,
              20.9308186
            ]
          ],
          [
            [
              52.2146645,
              20.9308186
            ],
            [
              52.2147281,
              20.930871
            ],
            [
              52.2147637,
              20.9308859
            ],
            [
              52.214823,
              20.9308899
            ],
            [
              52.2149222,
              20.9308893
            ],
            [
              52.2150462,
              20.9308804
            ],
            [
              52.2150851,
              20.9308785
            ],
            [
              52.215125,
              20.9308846
            ],
            [
              52.2151604,
              20.9308951
            ],
            [
              52.2151956,
              20.9309094
            ],
            [
              52.2152305,
              20.9309324
            ],
            [
              52.2152594,
              20.9309535
            ],
            [
              52.2152942,
              20.9309897
            ],
            [
              52.2153248,
              20.9310287
            ],
            [
              52.215353,
              20.9310712
            ],
            [
              52.2153795,
              20.9311196
            ],
            [
              52.2154033,
              20.9311717
            ],
            [
              52.2154239,
              20.9312258
            ],
            [
              52.2154405,
              20.9312788
            ],
            [
              52.2155512,
              20.931649
            ],
            [
              52.2158032,
              20.9324777
            ],
            [
              52.2158209,
              20.9325442
            ],
            [
              52.2158798,
              20.9327907
            ]
          ],
          [
            [
              52.2158509,
              20.9328044
            ],
            [
              52.215825,
              20.9328298
            ],
            [
              52.215804,
              20.932865
            ],
            [
              52.2157892,
              20.9329079
            ],
            [
              52.2157817,
              20.9329554
            ],
            [
              52.2157819,
              20.9330045
            ],
            [
              52.2157898,
              20.933052
            ],
            [
              52.2158048,
              20.9330945
            ],
            [
              52.2158261,
              20.9331294
            ],
            [
              52.2158521,
              20.9331542
            ],
            [
              52.2158812,
              20.9331674
            ],
            [
              52.2159113,
              20.9331681
            ],
            [
              52.2159406,
              20.9331562
            ],
            [
              52.215967,
              20.9331324
            ],
            [
              52.2159889,
              20.9330985
            ],
            [
              52.2160046,
              20.9330566
            ],
            [
              52.2160133,
              20.9330096
            ],
            [
              52.2160143,
              20.9329605
            ],
            [
              52.2160075,
              20.9329126
            ],
            [
              52.2159934,
              20.9328691
            ],
            [
              52.215973,
              20.932833
            ],
            [
              52.2159449,
              20.9328045
            ],
            [
              52.215913,
              20.93279
            ],
            [
              52.2158798,
              20.9327907
            ],
            [
              52.2158509,
              20.9328044
            ]
          ]
        ]
      }
    },
    {
      "type": "Feature",
      "properties": {
        "name": "Radziwie",
        "highway": "residential"
      },
      "geometry": {
        "type": "MultiLineString",
        "coordinates": [
          [
            [
              52.2459794,
              20.9621296
            ],
            [
              52.2460054,
              20.9621539
            ],
            [
              52.2460314,
              20.9621824
            ],
            [
              52.246072,
              20.9622317
            ],
            [
              52.2461437,
              20.9623315
            ],
            [
              52.2461768,
              20.9623788
            ],
            [
              52.2462006,
              20.9624129
            ]
          ],
          [
            [
              52.245623,
              20.9620989
            ],
            [
              52.2457503,
              20.9620821
            ],
            [
              52.2457932,
              20.9620787
            ]
          ],
          [
            [
              52.2434132,
              20.9623317
            ],
            [
              52.243498,
              20.9623213
            ],
            [
              52.2436145,
              20.962311
            ],
            [
              52.2438047,
              20.9622907
            ],
            [
              52.2440152,
              20.9622691
            ],
            [
              52.24427,
              20.9622374
            ],
            [
              52.2442969,
              20.9622343
            ],
            [
              52.2444788,
              20.9622115
            ],
            [
              52.2445638,
              20.9622006
            ],
            [
              52.2448205,
              20.9621826
            ],
            [
              52.2448876,
              20.9621768
            ],
            [
              52.2449547,
              20.962177
            ],
            [
              52.2449937,
              20.9621761
            ],
            [
              52.2450367,
              20.9621717
            ],
            [
              52.2454879,
              20.9621155
            ]
          ],
          [
            [
              52.2454879,
              20.9621155
            ],
            [
              52.2455256,
              20.9621112
            ]
          ],
          [
            [
              52.2455256,
              20.9621112
            ],
            [
              52.245623,
              20.9620989
            ]
          ],
          [
            [
              52.2457932,
              20.9620787
            ],
            [
              52.2458359,
              20.9620785
            ],
            [
              52.2458624,
              20.9620808
            ],
            [
              52.2458839,
              20.9620861
            ],
            [
              52.2459002,
              20.9620909
            ],
            [
              52.2459385,
              20.9621066
            ],
            [
              52.2459794,
              20.9621296
            ]
          ]
        ]
      }
    },
    {
      "type": "Feature",
      "properties": {
        "name": "Agawy",
        "highway": "residential"
      },
      "geometry": {
        "type": "MultiLineString",
        "coordinates": [
          [
            [
              52.2414489,
              20.962959
            ],
            [
              52.2414522,
              20.9629244
            ],
            [
              52.2415282,
              20.9621222
            ],
            [
              52.2416391,
              20.9609505
            ],
            [
              52.2416489,
              20.9608472
            ]
          ],
          [
            [
              52.2422547,
              20.9636868
            ],
            [
              52.2423934,
              20.9637428
            ],
            [
              52.2425314,
              20.9637809
            ],
            [
              52.2426726,
              20.9638198
            ],
            [
              52.2432596,
              20.9639537
            ]
          ],
          [
            [
              52.2414489,
              20.962959
            ],
            [
              52.241488,
              20.963112
            ],
            [
              52.2416361,
              20.9632452
            ],
            [
              52.2418228,
              20.9633872
            ],
            [
              52.2419351,
              20.9634673
            ],
            [
              52.2421109,
              20.9635926
            ],
            [
              52.2421314,
              20.963606
            ],
            [
              52.2422547,
              20.9636868
            ]
          ],
          [
            [
              52.2432596,
              20.9639537
            ],
            [
              52.2433406,
              20.9639722
            ],
            [
              52.2434414,
              20.9639929
            ]
          ]
        ]
      }
    },
    {
      "type": "Feature",
      "properties": {
        "name": "Złocienia",
        "highway": "residential"
      },
      "geometry": {
        "type": "MultiLineString",
        "coordinates": [
          [
            [
              52.2422547,
              20.9636868
            ],
            [
              52.2422619,
              20.9636077
            ],
            [
              52.2422658,
              20.9635652
            ],
            [
              52.2424009,
              20.9621595
            ],
            [
              52.2424259,
              20.9619216
            ],
            [
              52.2425303,
              20.9609259
            ],
            [
              52.2425635,
              20.9605352
            ],
            [
              52.2425714,
              20.9604476
            ]
          ]
        ]
      }
    },
    {
      "type": "Feature",
      "properties": {
        "name": "Świętego Wojciecha",
        "highway": "residential"
      },
      "geometry": {
        "type": "MultiLineString",
        "coordinates": [
          [
            [
              52.2358287,
              20.9596298
            ],
            [
              52.2358455,
              20.9597515
            ],
            [
              52.2359135,
              20.9602705
            ],
            [
              52.2359364,
              20.960476
            ],
            [
              52.2359463,
              20.9605836
            ],
            [
              52.2359508,
              20.9607126
            ],
            [
              52.2359546,
              20.9607902
            ],
            [
              52.23595,
              20.9608879
            ],
            [
              52.2359406,
              20.961043
            ],
            [
              52.235888,
              20.9615567
            ]
          ]
        ]
      }
    },
    {
      "type": "Feature",
      "properties": {
        "name": "Rabsztyńska",
        "highway": "service"
      },
      "geometry": {
        "type": "MultiLineString",
        "coordinates": [
          [
            [
              52.2365168,
              20.9617435
            ],
            [
              52.2365215,
              20.9617005
            ],
            [
              52.236528,
              20.9616615
            ],
            [
              52.2365399,
              20.9615594
            ],
            [
              52.2366433,
              20.9604859
            ]
          ],
          [
            [
              52.2363797,
              20.9647805
            ],
            [
              52.2363868,
              20.9648522
            ]
          ],
          [
            [
              52.2364072,
              20.9629792
            ],
            [
              52.2364831,
              20.962177
            ],
            [
              52.2365077,
              20.9619013
            ],
            [
              52.2365168,
              20.9617435
            ]
          ],
          [
            [
              52.2362492,
              20.9635196
            ],
            [
              52.2362351,
              20.9634825
            ],
            [
              52.2362171,
              20.9632591
            ],
            [
              52.2362052,
              20.9631115
            ],
            [
              52.2362068,
              20.963056
            ],
            [
              52.2362174,
              20.9630066
            ],
            [
              52.2362288,
              20.9629799
            ],
            [
              52.2362545,
              20.9629596
            ],
            [
              52.2362747,
              20.9629504
            ],
            [
              52.2364072,
              20.9629792
            ]
          ],
          [
            [
              52.2366922,
              20.9600485
            ],
            [
              52.2366966,
              20.9600046
            ],
            [
              52.2367597,
              20.9593858
            ],
            [
              52.2367636,
              20.959324
            ]
          ],
          [
            [
              52.2366433,
              20.9604859
            ],
            [
              52.236629,
              20.9604821
            ],
            [
              52.2365043,
              20.9604459
            ],
            [
              52.2364867,
              20.9604339
            ],
            [
              52.2364731,
              20.9604173
            ],
            [
              52.2364613,
              20.9603944
            ],
            [
              52.2364541,
              20.960369
            ],
            [
              52.2364507,
              20.9603468
            ],
            [
              52.2364502,
              20.960328
            ],
            [
              52.2364635,
              20.9602001
            ],
            [
              52.2364772,
              20.9600703
            ],
            [
              52.2364825,
              20.9600481
            ],
            [
              52.2364874,
              20.9600332
            ],
            [
              52.2364969,
              20.9600147
            ],
            [
              52.2365075,
              20.9600041
            ],
            [
              52.2365178,
              20.9600017
            ],
            [
              52.2366522,
              20.9600377
            ],
            [
              52.2366922,
              20.9600485
            ]
          ],
          [
            [
              52.2363868,
              20.9648522
            ],
            [
              52.2364018,
              20.9650099
            ]
          ],
          [
            [
              52.2362492,
              20.9635196
            ],
            [
              52.2362927,
              20.9639262
            ],
            [
              52.2363169,
              20.9641519
            ],
            [
              52.2363797,
              20.9647805
            ]
          ],
          [
            [
              52.2364018,
              20.9650099
            ],
            [
              52.2364048,
              20.9650356
            ],
            [
              52.2364182,
              20.9651776
            ]
          ]
        ]
      }
    },
    {
      "type": "Feature",
      "properties": {
        "name": "Emanuela Ringelbluma",
        "highway": "residential"
      },
      "geometry": {
        "type": "MultiLineString",
        "coordinates": [
          [
            [
              52.2450468,
              20.9518952
            ],
            [
              52.245035,
              20.9516413
            ],
            [
              52.245014,
              20.9511797
            ],
            [
              52.2450099,
              20.9510953
            ],
            [
              52.2450081,
              20.9510366
            ],
            [
              52.2450123,
              20.9508802
            ],
            [
              52.2450262,
              20.9507555
            ],
            [
              52.2450319,
              20.950627
            ],
            [
              52.2450269,
              20.9505391
            ],
            [
              52.2450229,
              20.9504597
            ],
            [
              52.2450184,
              20.9503788
            ],
            [
              52.2449887,
              20.9497862
            ],
            [
              52.2449808,
              20.9496697
            ],
            [
              52.2449789,
              20.9496454
            ],
            [
              52.2449672,
              20.9494729
            ],
            [
              52.2449706,
              20.9493962
            ],
            [
              52.2449847,
              20.9493135
            ],
            [
              52.245038,
              20.9492062
            ],
            [
              52.2451091,
              20.9491245
            ],
            [
              52.2451415,
              20.9490918
            ],
            [
              52.2452149,
              20.9490301
            ],
            [
              52.2453331,
              20.9489221
            ]
          ],
          [
            [
              52.2453331,
              20.9489221
            ],
            [
              52.2453738,
              20.9488786
            ],
            [
              52.245521,
              20.9487346
            ],
            [
              52.245542,
              20.9486858
            ],
            [
              52.2455505,
              20.9486272
            ],
            [
              52.2455466,
              20.9485501
            ],
            [
              52.2455332,
              20.9482488
            ],
            [
              52.2455158,
              20.9478575
            ],
            [
              52.2455156,
              20.9478283
            ],
            [
              52.2455096,
              20.9477127
            ]
          ]
        ]
      }
    },
    {
      "type": "Feature",
      "properties": {
        "name": "Kajetana Sołtyka",
        "highway": "residential"
      },
      "geometry": {
        "type": "MultiLineString",
        "coordinates": [
          [
            [
              52.2447087,
              20.9674635
            ],
            [
              52.2447497,
              20.9675999
            ],
            [
              52.2450299,
              20.9685875
            ],
            [
              52.2450548,
              20.968676
            ],
            [
              52.2450622,
              20.9687465
            ],
            [
              52.2450606,
              20.968807
            ],
            [
              52.2450532,
              20.9688545
            ],
            [
              52.2450359,
              20.9688961
            ]
          ],
          [
            [
              52.2443995,
              20.9664811
            ],
            [
              52.2446733,
              20.9673456
            ],
            [
              52.2447087,
              20.9674635
            ]
          ]
        ]
      }
    },
    {
      "type": "Feature",
      "properties": {
        "name": "Przy Lasku",
        "highway": "living_street"
      },
      "geometry": {
        "type": "MultiLineString",
        "coordinates": [
          [
            [
              52.2486167,
              20.9531322
            ],
            [
              52.2486113,
              20.9529994
            ],
            [
              52.2486043,
              20.9528276
            ],
            [
              52.2485955,
              20.9526081
            ],
            [
              52.2485928,
              20.9525433
            ],
            [
              52.2485616,
              20.9517706
            ],
            [
              52.2486991,
              20.9517558
            ],
            [
              52.2487135,
              20.9517543
            ],
            [
              52.2487749,
              20.9517477
            ],
            [
              52.2488691,
              20.9517361
            ]
          ]
        ]
      }
    },
    {
      "type": "Feature",
      "properties": {
        "name": "Chmielna",
        "highway": "residential"
      },
      "geometry": {
        "type": "MultiLineString",
        "coordinates": [
          [
            [
              52.2273164,
              20.9919487
            ],
            [
              52.2273944,
              20.9922728
            ],
            [
              52.2276301,
              20.993399
            ],
            [
              52.2276722,
              20.9935977
            ],
            [
              52.227925,
              20.9947891
            ],
            [
              52.2279494,
              20.9949038
            ]
          ],
          [
            [
              52.2292388,
              21.0004866
            ],
            [
              52.2292722,
              21.0005535
            ],
            [
              52.2292967,
              21.0005909
            ],
            [
              52.2293204,
              21.0006107
            ],
            [
              52.2293487,
              21.0006105
            ]
          ],
          [
            [
              52.2272271,
              20.9915209
            ],
            [
              52.2272649,
              20.9917021
            ],
            [
              52.2273164,
              20.9919487
            ]
          ],
          [
            [
              52.2279494,
              20.9949038
            ],
            [
              52.2279717,
              20.9949993
            ],
            [
              52.2279804,
              20.9950371
            ],
            [
              52.227997,
              20.9951107
            ],
            [
              52.2281271,
              20.9957005
            ],
            [
              52.2282629,
              20.9963
            ],
            [
              52.2282722,
              20.9963358
            ],
            [
              52.2282826,
              20.9963586
            ],
            [
              52.2282961,
              20.9963962
            ],
            [
              52.2283137,
              20.9964618
            ],
            [
              52.2284523,
              20.9970808
            ],
            [
              52.2284598,
              20.9971144
            ],
            [
              52.228532,
              20.9974262
            ],
            [
              52.228593,
              20.9976898
            ],
            [
              52.2286103,
              20.9977811
            ],
            [
              52.2286277,
              20.9978729
            ],
            [
              52.2286599,
              20.9980137
            ],
            [
              52.2286706,
              20.9980618
            ]
          ],
          [
            [
              52.2291991,
              21.0007066
            ],
            [
              52.2292242,
              21.0006673
            ],
            [
              52.2292381,
              21.0006302
            ],
            [
              52.2292438,
              21.0005683
            ],
            [
              52.2292388,
              21.0004866
            ]
          ],
          [
            [
              52.2287049,
              20.9982122
            ],
            [
              52.2287689,
              20.9984895
            ],
            [
              52.2287939,
              20.9985765
            ],
            [
              52.2290478,
              20.9996755
            ],
            [
              52.2291902,
              21.00028
            ],
            [
              52.2292175,
              21.0003948
            ],
            [
              52.2292255,
              21.0004283
            ],
            [
              52.2292341,
              21.0004658
            ],
            [
              52.2292388,
              21.0004866
            ]
          ],
          [
            [
              52.2286706,
              20.9980618
            ],
            [
              52.2286893,
              20.9981457
            ],
            [
              52.2287049,
              20.9982122
            ]
          ]
        ]
      }
    },
    {
      "type": "Feature",
      "properties": {
        "name": "Newelska",
        "highway": "residential"
      },
      "geometry": {
        "type": "MultiLineString",
        "coordinates": [
          [
            [
              52.2452359,
              20.9395487
            ],
            [
              52.2452615,
              20.9396618
            ],
            [
              52.2452969,
              20.9398722
            ],
            [
              52.2453735,
              20.9402953
            ],
            [
              52.2453773,
              20.9403272
            ],
            [
              52.2454524,
              20.9407312
            ],
            [
              52.2456684,
              20.9418835
            ],
            [
              52.2456736,
              20.9419114
            ],
            [
              52.2457618,
              20.9423954
            ],
            [
              52.2458674,
              20.9429752
            ],
            [
              52.2458779,
              20.9430343
            ],
            [
              52.2459067,
              20.943196
            ]
          ]
        ]
      }
    },
    {
      "type": "Feature",
      "properties": {
        "name": "Rondo Zgrupowania AK „Radosław”",
        "highway": "secondary"
      },
      "geometry": {
        "type": "MultiLineString",
        "coordinates": [
          [
            [
              52.2542213,
              20.9824345
            ],
            [
              52.2542223,
              20.9825135
            ],
            [
              52.2542281,
              20.9825921
            ],
            [
              52.2542386,
              20.9826694
            ],
            [
              52.2542539,
              20.9827446
            ],
            [
              52.2542737,
              20.9828169
            ],
            [
              52.2542864,
              20.9828549
            ],
            [
              52.2543086,
              20.9829118
            ],
            [
              52.2543337,
              20.9829653
            ],
            [
              52.2543614,
              20.9830152
            ],
            [
              52.2543917,
              20.983061
            ],
            [
              52.2544246,
              20.9831015
            ]
          ],
          [
            [
              52.2542213,
              20.9824345
            ],
            [
              52.2542249,
              20.9823592
            ],
            [
              52.2542329,
              20.9822848
            ],
            [
              52.2542452,
              20.9822119
            ],
            [
              52.2542612,
              20.9821385
            ]
          ],
          [
            [
              52.2542612,
              20.9821385
            ],
            [
              52.2542747,
              20.9820769
            ],
            [
              52.2542854,
              20.9820325
            ],
            [
              52.2542976,
              20.9819938
            ],
            [
              52.2543076,
              20.9819697
            ],
            [
              52.2543217,
              20.9819406
            ],
            [
              52.2543583,
              20.9818849
            ],
            [
              52.2543812,
              20.9818526
            ],
            [
              52.2544232,
              20.9817986
            ],
            [
              52.2545258,
              20.9816808
            ]
          ],
          [
            [
              52.2545258,
              20.9816808
            ],
            [
              52.2545596,
              20.9816593
            ],
            [
              52.2545943,
              20.9816417
            ],
            [
              52.2546297,
              20.9816283
            ],
            [
              52.2546657,
              20.981619
            ],
            [
              52.254702,
              20.9816139
            ],
            [
              52.2547384,
              20.981613
            ],
            [
              52.2547749,
              20.9816164
            ],
            [
              52.254811,
              20.9816241
            ],
            [
              52.2548468,
              20.9816359
            ],
            [
              52.2548819,
              20.9816519
            ],
            [
              52.2549163,
              20.981672
            ],
            [
              52.2549496,
              20.981696
            ],
            [
              52.2549818,
              20.9817238
            ],
            [
              52.2550127,
              20.9817552
            ],
            [
              52.255042,
              20.9817901
            ],
            [
              52.2550697,
              20.9818284
            ],
            [
              52.2550957,
              20.9818696
            ],
            [
              52.2551197,
              20.9819138
            ]
          ],
          [
            [
              52.2551197,
              20.9819138
            ],
            [
              52.2551459,
              20.9819697
            ],
            [
              52.2551692,
              20.9820292
            ],
            [
              52.2551892,
              20.9820918
            ],
            [
              52.2552059,
              20.982157
            ],
            [
              52.2552191,
              20.9822243
            ],
            [
              52.2552256,
              20.9822678
            ],
            [
              52.255233,
              20.9823383
            ],
            [
              52.2552366,
              20.9824096
            ],
            [
              52.2552377,
              20.9824758
            ],
            [
              52.2552359,
              20.9825186
            ],
            [
              52.2552343,
              20.9825523
            ],
            [
              52.2552302,
              20.9825923
            ]
          ]
        ]
      }
    },
    {
      "type": "Feature",
      "properties": {
        "name": "Edwarda Gibalskiego",
        "highway": "residential"
      },
      "geometry": {
        "type": "MultiLineString",
        "coordinates": [
          [
            [
              52.241558,
              20.9755866
            ],
            [
              52.2416881,
              20.9755416
            ],
            [
              52.2421657,
              20.9754179
            ],
            [
              52.2425566,
              20.9753167
            ],
            [
              52.2426083,
              20.9752843
            ],
            [
              52.2426553,
              20.9752345
            ],
            [
              52.2426773,
              20.975214
            ],
            [
              52.2427104,
              20.975195
            ],
            [
              52.24309,
              20.9750543
            ],
            [
              52.2435397,
              20.9748831
            ],
            [
              52.2435898,
              20.9748836
            ],
            [
              52.2436385,
              20.9749013
            ]
          ],
          [
            [
              52.2393821,
              20.97643
            ],
            [
              52.2394701,
              20.9763953
            ],
            [
              52.2407662,
              20.9758941
            ],
            [
              52.2408927,
              20.9758455
            ],
            [
              52.2409301,
              20.9758311
            ],
            [
              52.241242,
              20.9757077
            ],
            [
              52.2414686,
              20.975618
            ],
            [
              52.241558,
              20.9755866
            ]
          ],
          [
            [
              52.2436385,
              20.9749013
            ],
            [
              52.2436764,
              20.9749276
            ],
            [
              52.2437096,
              20.9749372
            ],
            [
              52.2438696,
              20.9749551
            ],
            [
              52.2439234,
              20.9749805
            ],
            [
              52.2439348,
              20.9749892
            ],
            [
              52.243952,
              20.975006
            ]
          ]
        ]
      }
    },
    {
      "type": "Feature",
      "properties": {
        "name": "Bodzanty",
        "highway": "service"
      },
      "geometry": {
        "type": "MultiLineString",
        "coordinates": [
          [
            [
              52.2227574,
              20.9327937
            ],
            [
              52.2228802,
              20.9327484
            ]
          ],
          [
            [
              52.2228802,
              20.9327484
            ],
            [
              52.222902,
              20.9327386
            ],
            [
              52.2234948,
              20.932484
            ]
          ]
        ]
      }
    },
    {
      "type": "Feature",
      "properties": {
        "name": "Jerzego Ficowskiego",
        "highway": "service"
      },
      "geometry": {
        "type": "MultiLineString",
        "coordinates": [
          [
            [
              52.2547566,
              20.9624032
            ],
            [
              52.2553837,
              20.9624875
            ],
            [
              52.2554839,
              20.962501
            ]
          ]
        ]
      }
    },
    {
      "type": "Feature",
      "properties": {
        "name": "Antoniego Dobiszewskiego",
        "highway": "living_street"
      },
      "geometry": {
        "type": "MultiLineString",
        "coordinates": [
          [
            [
              52.2453132,
              20.9564758
            ],
            [
              52.2453675,
              20.9564747
            ],
            [
              52.2454388,
              20.9564765
            ],
            [
              52.2454695,
              20.9565102
            ],
            [
              52.2454898,
              20.9566122
            ],
            [
              52.2455025,
              20.9569714
            ],
            [
              52.245506,
              20.9570369
            ],
            [
              52.2455111,
              20.9571209
            ],
            [
              52.2455634,
              20.9571937
            ],
            [
              52.2457671,
              20.9571598
            ],
            [
              52.245848,
              20.9571441
            ],
            [
              52.245839,
              20.9569955
            ],
            [
              52.2458332,
              20.9568714
            ],
            [
              52.2458223,
              20.9566418
            ],
            [
              52.2458135,
              20.9564554
            ],
            [
              52.2458044,
              20.9562616
            ],
            [
              52.2457983,
              20.9561436
            ],
            [
              52.245793,
              20.9560116
            ],
            [
              52.2457915,
              20.9559768
            ],
            [
              52.2458041,
              20.9558964
            ],
            [
              52.2458,
              20.9557993
            ],
            [
              52.245792,
              20.9556071
            ],
            [
              52.2457841,
              20.9554192
            ],
            [
              52.2457762,
              20.9552301
            ],
            [
              52.2457688,
              20.9550541
            ],
            [
              52.2457675,
              20.9550317
            ],
            [
              52.2457458,
              20.954965
            ],
            [
              52.2457165,
              20.9549114
            ],
            [
              52.245693,
              20.9548464
            ],
            [
              52.2456863,
              20.9548022
            ]
          ],
          [
            [
              52.2452559,
              20.955573
            ],
            [
              52.245297,
              20.9562228
            ],
            [
              52.2452998,
              20.9562677
            ],
            [
              52.2453099,
              20.9564251
            ],
            [
              52.2453132,
              20.9564758
            ]
          ],
          [
            [
              52.245588,
              20.9532159
            ],
            [
              52.2455963,
              20.953437
            ],
            [
              52.2455998,
              20.9535224
            ],
            [
              52.2456124,
              20.9538306
            ],
            [
              52.2456148,
              20.9538889
            ],
            [
              52.2456286,
              20.9542614
            ],
            [
              52.2456443,
              20.9546285
            ],
            [
              52.2456492,
              20.9547413
            ],
            [
              52.2456632,
              20.9547667
            ],
            [
              52.2456863,
              20.9548022
            ]
          ]
        ]
      }
    },
    {
      "type": "Feature",
      "properties": {
        "name": "Władysława Warneńczyka",
        "highway": "residential"
      },
      "geometry": {
        "type": "MultiLineString",
        "coordinates": [
          [
            [
              52.2254679,
              20.9506056
            ],
            [
              52.2254756,
              20.9506028
            ],
            [
              52.2255202,
              20.9505853
            ],
            [
              52.2257283,
              20.9505166
            ],
            [
              52.2258787,
              20.9504603
            ],
            [
              52.2260021,
              20.9504152
            ],
            [
              52.2261924,
              20.950349
            ],
            [
              52.2262246,
              20.9503359
            ],
            [
              52.2262436,
              20.950327
            ],
            [
              52.2263392,
              20.9502892
            ]
          ],
          [
            [
              52.2246422,
              20.9509601
            ],
            [
              52.2246923,
              20.9509366
            ],
            [
              52.2248418,
              20.9508586
            ],
            [
              52.2248922,
              20.9508323
            ],
            [
              52.2250278,
              20.9507535
            ],
            [
              52.2250768,
              20.9507293
            ],
            [
              52.2251517,
              20.9507045
            ],
            [
              52.2254679,
              20.9506056
            ]
          ]
        ]
      }
    },
    {
      "type": "Feature",
      "properties": {
        "name": "Włodzimierza Majakowskiego",
        "highway": "residential"
      },
      "geometry": {
        "type": "MultiLineString",
        "coordinates": [
          [
            [
              52.2474982,
              20.955522
            ],
            [
              52.2476439,
              20.9555162
            ],
            [
              52.24768,
              20.9555147
            ],
            [
              52.247733,
              20.9555126
            ],
            [
              52.2477586,
              20.9555116
            ],
            [
              52.2477736,
              20.955511
            ],
            [
              52.2478917,
              20.9554893
            ],
            [
              52.2482285,
              20.9553284
            ],
            [
              52.2482435,
              20.9553213
            ],
            [
              52.2483547,
              20.9552624
            ],
            [
              52.2484183,
              20.9552299
            ]
          ],
          [
            [
              52.2489473,
              20.9549663
            ],
            [
              52.2492769,
              20.9548124
            ],
            [
              52.2493292,
              20.954785
            ],
            [
              52.2494123,
              20.9547415
            ]
          ],
          [
            [
              52.2484183,
              20.9552299
            ],
            [
              52.2487454,
              20.9550644
            ],
            [
              52.2487975,
              20.9550384
            ],
            [
              52.2489473,
              20.9549663
            ]
          ],
          [
            [
              52.2474171,
              20.9555267
            ],
            [
              52.2474596,
              20.9555235
            ],
            [
              52.2474982,
              20.955522
            ]
          ]
        ]
      }
    },
    {
      "type": "Feature",
      "properties": {
        "name": "Plac Europejski",
        "highway": "service"
      },
      "geometry": {
        "type": "MultiLineString",
        "coordinates": [
          [
            [
              52.2333677,
              20.9835738
            ],
            [
              52.2333809,
              20.9835682
            ],
            [
              52.2334953,
              20.9835194
            ]
          ]
        ]
      }
    },
    {
      "type": "Feature",
      "properties": {
        "name": "Długomiła",
        "highway": "residential"
      },
      "geometry": {
        "type": "MultiLineString",
        "coordinates": [
          [
            [
              52.2473665,
              20.9532731
            ],
            [
              52.2474238,
              20.9532691
            ],
            [
              52.2475908,
              20.9532484
            ],
            [
              52.2481488,
              20.9531805
            ],
            [
              52.2483314,
              20.9531617
            ],
            [
              52.2483655,
              20.9531581
            ],
            [
              52.2485131,
              20.9531427
            ],
            [
              52.2485653,
              20.9531376
            ],
            [
              52.2486167,
              20.9531322
            ],
            [
              52.2486818,
              20.9531249
            ],
            [
              52.2488332,
              20.9531024
            ],
            [
              52.2491272,
              20.953057
            ]
          ],
          [
            [
              52.2472511,
              20.9532496
            ],
            [
              52.2472943,
              20.9532584
            ],
            [
              52.2473214,
              20.9532639
            ],
            [
              52.2473665,
              20.9532731
            ]
          ]
        ]
      }
    },
    {
      "type": "Feature",
      "properties": {
        "name": "Niska",
        "highway": "living_street"
      },
      "geometry": {
        "type": "MultiLineString",
        "coordinates": [
          [
            [
              52.2488157,
              20.9804908
            ],
            [
              52.2488476,
              20.980594
            ],
            [
              52.2489209,
              20.9808309
            ],
            [
              52.248986,
              20.9810412
            ],
            [
              52.24913,
              20.9815281
            ],
            [
              52.249472,
              20.9825973
            ],
            [
              52.2495223,
              20.9827557
            ],
            [
              52.2499267,
              20.9840678
            ],
            [
              52.2501827,
              20.9848563
            ],
            [
              52.2503549,
              20.9853868
            ],
            [
              52.2504168,
              20.9855774
            ]
          ]
        ]
      }
    },
    {
      "type": "Feature",
      "properties": {
        "name": "Giełdowa",
        "highway": "residential"
      },
      "geometry": {
        "type": "MultiLineString",
        "coordinates": [
          [
            [
              52.2302575,
              20.9734019
            ],
            [
              52.2302756,
              20.973428
            ],
            [
              52.2302896,
              20.97346
            ],
            [
              52.2302989,
              20.9734962
            ],
            [
              52.2303263,
              20.9736425
            ],
            [
              52.2304461,
              20.974226
            ],
            [
              52.2304696,
              20.9743563
            ],
            [
              52.2305448,
              20.9747736
            ],
            [
              52.2305605,
              20.9749095
            ],
            [
              52.2305943,
              20.9752011
            ],
            [
              52.2306065,
              20.9753065
            ],
            [
              52.2306393,
              20.9756538
            ],
            [
              52.2306442,
              20.9757064
            ],
            [
              52.2306739,
              20.9760527
            ],
            [
              52.2306862,
              20.9763228
            ],
            [
              52.2306911,
              20.9764306
            ],
            [
              52.2307022,
              20.9765362
            ],
            [
              52.2307133,
              20.9766412
            ],
            [
              52.2307283,
              20.97678
            ],
            [
              52.2308298,
              20.9777386
            ],
            [
              52.2308357,
              20.9778242
            ]
          ],
          [
            [
              52.2308357,
              20.9778242
            ],
            [
              52.230842,
              20.977917
            ]
          ]
        ]
      }
    },
    {
      "type": "Feature",
      "properties": {
        "name": "Rogalińska",
        "highway": "residential"
      },
      "geometry": {
        "type": "MultiLineString",
        "coordinates": [
          [
            [
              52.2295281,
              20.9710493
            ],
            [
              52.2295432,
              20.9711073
            ],
            [
              52.229556,
              20.9711487
            ],
            [
              52.2295747,
              20.9711985
            ],
            [
              52.2295941,
              20.971242
            ],
            [
              52.2296135,
              20.9712783
            ],
            [
              52.2296397,
              20.9713207
            ],
            [
              52.2296622,
              20.9713485
            ],
            [
              52.2296884,
              20.9713735
            ],
            [
              52.2297157,
              20.9713928
            ],
            [
              52.2297396,
              20.9714048
            ],
            [
              52.2297629,
              20.9714125
            ],
            [
              52.2297838,
              20.9714163
            ],
            [
              52.2298046,
              20.9714173
            ],
            [
              52.2298219,
              20.9714159
            ],
            [
              52.2299713,
              20.9713858
            ],
            [
              52.2300132,
              20.9713764
            ],
            [
              52.2300501,
              20.9713669
            ],
            [
              52.230186,
              20.9713292
            ],
            [
              52.2302973,
              20.9712996
            ],
            [
              52.230358,
              20.9712832
            ],
            [
              52.2308775,
              20.9711505
            ],
            [
              52.2314259,
              20.9710104
            ],
            [
              52.2314991,
              20.970988
            ]
          ]
        ]
      }
    },
    {
      "type": "Feature",
      "properties": {
        "name": "Zwrotnicza",
        "highway": "service"
      },
      "geometry": {
        "type": "MultiLineString",
        "coordinates": [
          [
            [
              52.2247383,
              20.977247
            ],
            [
              52.2247764,
              20.9771843
            ],
            [
              52.2247939,
              20.9770969
            ],
            [
              52.224797,
              20.9770171
            ],
            [
              52.2248179,
              20.9764652
            ]
          ]
        ]
      }
    },
    {
      "type": "Feature",
      "properties": {
        "name": "Gumińska",
        "highway": "residential"
      },
      "geometry": {
        "type": "MultiLineString",
        "coordinates": [
          [
            [
              52.2206798,
              20.9557443
            ],
            [
              52.2206732,
              20.9556707
            ],
            [
              52.2206751,
              20.9555789
            ],
            [
              52.2206838,
              20.9554602
            ],
            [
              52.2207019,
              20.955364
            ]
          ],
          [
            [
              52.2206798,
              20.9557443
            ],
            [
              52.2207128,
              20.9558508
            ],
            [
              52.2207332,
              20.9558846
            ],
            [
              52.2207485,
              20.9559014
            ],
            [
              52.2207707,
              20.9559174
            ],
            [
              52.2207823,
              20.9559287
            ],
            [
              52.2207897,
              20.9559397
            ],
            [
              52.2207963,
              20.9559495
            ],
            [
              52.2208075,
              20.955973
            ],
            [
              52.2208181,
              20.9560056
            ],
            [
              52.22101,
              20.9569976
            ],
            [
              52.2210458,
              20.9571826
            ],
            [
              52.2210712,
              20.9573137
            ]
          ]
        ]
      }
    },
    {
      "type": "Feature",
      "properties": {
        "name": "Symboliczna",
        "highway": "living_street"
      },
      "geometry": {
        "type": "MultiLineString",
        "coordinates": [
          [
            [
              52.2206008,
              20.9343054
            ],
            [
              52.2206299,
              20.9342972
            ],
            [
              52.221399,
              20.934073
            ],
            [
              52.2216988,
              20.9339816
            ],
            [
              52.2217703,
              20.9339621
            ]
          ],
          [
            [
              52.2203729,
              20.9343739
            ],
            [
              52.2206008,
              20.9343054
            ]
          ]
        ]
      }
    },
    {
      "type": "Feature",
      "properties": {
        "name": "Edwarda Szymańskiego",
        "highway": "residential"
      },
      "geometry": {
        "type": "MultiLineString",
        "coordinates": [
          [
            [
              52.2271898,
              20.9738687
            ],
            [
              52.2272403,
              20.9738602
            ],
            [
              52.2275214,
              20.9738113
            ],
            [
              52.2276234,
              20.9737947
            ],
            [
              52.2276354,
              20.9737915
            ],
            [
              52.2276482,
              20.9737834
            ],
            [
              52.2276591,
              20.973773
            ],
            [
              52.2276691,
              20.9737588
            ],
            [
              52.2276768,
              20.9737433
            ],
            [
              52.2276811,
              20.9737332
            ],
            [
              52.2276882,
              20.9737023
            ],
            [
              52.2276922,
              20.9736787
            ],
            [
              52.2276929,
              20.9736556
            ],
            [
              52.227691,
              20.9736167
            ]
          ],
          [
            [
              52.227691,
              20.9736167
            ],
            [
              52.2282538,
              20.9735349
            ],
            [
              52.2282814,
              20.9735229
            ],
            [
              52.2283126,
              20.9734949
            ]
          ]
        ]
      }
    },
    {
      "type": "Feature",
      "properties": {
        "name": "Ewy Pohoskiej",
        "highway": "residential"
      },
      "geometry": {
        "type": "MultiLineString",
        "coordinates": [
          [
            [
              52.2263762,
              20.9756689
            ],
            [
              52.2265444,
              20.9756352
            ],
            [
              52.2267619,
              20.9756085
            ],
            [
              52.2269818,
              20.9755848
            ],
            [
              52.2272499,
              20.9755562
            ],
            [
              52.2272798,
              20.975553
            ]
          ],
          [
            [
              52.2257788,
              20.9757447
            ],
            [
              52.2258525,
              20.9757275
            ],
            [
              52.2259575,
              20.9757011
            ],
            [
              52.225984,
              20.9756945
            ]
          ],
          [
            [
              52.225984,
              20.9756945
            ],
            [
              52.2263762,
              20.9756689
            ]
          ]
        ]
      }
    },
    {
      "type": "Feature",
      "properties": {
        "name": "Dorożkarska",
        "highway": "residential"
      },
      "geometry": {
        "type": "MultiLineString",
        "coordinates": [
          [
            [
              52.2290698,
              20.9737854
            ],
            [
              52.2291446,
              20.9738473
            ],
            [
              52.2291565,
              20.9738549
            ],
            [
              52.2291819,
              20.9738654
            ],
            [
              52.2291933,
              20.973869
            ],
            [
              52.2292128,
              20.9738683
            ],
            [
              52.2292294,
              20.9738656
            ],
            [
              52.2292354,
              20.9738639
            ],
            [
              52.2293208,
              20.9738404
            ]
          ],
          [
            [
              52.2298224,
              20.973548
            ],
            [
              52.2298653,
              20.9735198
            ],
            [
              52.229905,
              20.9734996
            ],
            [
              52.2299439,
              20.9734812
            ],
            [
              52.2301653,
              20.9733772
            ],
            [
              52.2301829,
              20.9733722
            ],
            [
              52.2301891,
              20.9733704
            ],
            [
              52.2302132,
              20.9733723
            ],
            [
              52.2302364,
              20.973383
            ],
            [
              52.2302575,
              20.9734019
            ]
          ],
          [
            [
              52.2290948,
              20.9741809
            ],
            [
              52.2291596,
              20.9740448
            ],
            [
              52.2291728,
              20.9740213
            ],
            [
              52.2291852,
              20.9740043
            ],
            [
              52.2292004,
              20.9739894
            ],
            [
              52.2292236,
              20.9739682
            ],
            [
              52.2292409,
              20.9739592
            ],
            [
              52.2292665,
              20.9739507
            ],
            [
              52.2292866,
              20.9739443
            ],
            [
              52.2293342,
              20.9739311
            ]
          ],
          [
            [
              52.2293208,
              20.9738404
            ],
            [
              52.2295361,
              20.9737808
            ],
            [
              52.2295549,
              20.9737776
            ],
            [
              52.229577,
              20.973777
            ],
            [
              52.2296065,
              20.9737814
            ]
          ],
          [
            [
              52.2293342,
              20.9739311
            ],
            [
              52.2294949,
              20.9738861
            ],
            [
              52.2295149,
              20.9738781
            ],
            [
              52.2295301,
              20.9738678
            ],
            [
              52.2295429,
              20.9738567
            ],
            [
              52.2296065,
              20.9737814
            ]
          ],
          [
            [
              52.2296065,
              20.9737814
            ],
            [
              52.2297431,
              20.9736199
            ],
            [
              52.2297798,
              20.9735831
            ],
            [
              52.2298224,
              20.973548
            ]
          ]
        ]
      }
    },
    {
      "type": "Feature",
      "properties": {
        "name": "Stanisława Smolki",
        "highway": "residential"
      },
      "geometry": {
        "type": "MultiLineString",
        "coordinates": [
          [
            [
              52.2312351,
              20.9328497
            ],
            [
              52.2314076,
              20.9341435
            ]
          ]
        ]
      }
    },
    {
      "type": "Feature",
      "properties": {
        "name": "Mieczysława Wajnberga",
        "highway": "residential"
      },
      "geometry": {
        "type": "MultiLineString",
        "coordinates": [
          [
            [
              52.2358486,
              20.988154
            ],
            [
              52.2359177,
              20.9881133
            ],
            [
              52.2363228,
              20.9878747
            ],
            [
              52.2364262,
              20.9878138
            ],
            [
              52.2367283,
              20.9876359
            ],
            [
              52.2368011,
              20.9875928
            ],
            [
              52.2368161,
              20.9875839
            ]
          ]
        ]
      }
    },
    {
      "type": "Feature",
      "properties": {
        "name": "Boguszewska",
        "highway": "residential"
      },
      "geometry": {
        "type": "MultiLineString",
        "coordinates": [
          [
            [
              52.2214786,
              20.9397728
            ],
            [
              52.2216531,
              20.9395387
            ],
            [
              52.2216776,
              20.9395041
            ],
            [
              52.2216973,
              20.9394695
            ],
            [
              52.2217124,
              20.9394303
            ],
            [
              52.2217237,
              20.9393842
            ],
            [
              52.2217284,
              20.939332
            ],
            [
              52.2216973,
              20.9388386
            ],
            [
              52.2216973,
              20.9387818
            ],
            [
              52.2217046,
              20.9387086
            ],
            [
              52.2217199,
              20.9386327
            ],
            [
              52.2217416,
              20.9385682
            ],
            [
              52.2217679,
              20.9385039
            ],
            [
              52.2217884,
              20.9384632
            ],
            [
              52.2218348,
              20.9384175
            ],
            [
              52.2218771,
              20.9383883
            ],
            [
              52.2219233,
              20.9383699
            ],
            [
              52.2219638,
              20.9383576
            ],
            [
              52.2224469,
              20.9382568
            ]
          ],
          [
            [
              52.2216665,
              20.9383761
            ],
            [
              52.2216926,
              20.9383799
            ],
            [
              52.2217199,
              20.9383899
            ],
            [
              52.2217493,
              20.9384167
            ],
            [
              52.2217884,
              20.9384632
            ]
          ],
          [
            [
              52.2213386,
              20.9384891
            ],
            [
              52.2213919,
              20.9384428
            ],
            [
              52.2216324,
              20.9383791
            ],
            [
              52.2216665,
              20.9383761
            ]
          ],
          [
            [
              52.2224469,
              20.9382568
            ],
            [
              52.2224892,
              20.938248
            ],
            [
              52.2225086,
              20.938244
            ],
            [
              52.2225745,
              20.9382192
            ]
          ]
        ]
      }
    },
    {
      "type": "Feature",
      "properties": {
        "name": "Białowiejska",
        "highway": "residential"
      },
      "geometry": {
        "type": "MultiLineString",
        "coordinates": [
          [
            [
              52.2367219,
              20.9322655
            ],
            [
              52.2367708,
              20.9322465
            ],
            [
              52.236995,
              20.9321593
            ],
            [
              52.2375913,
              20.931936
            ],
            [
              52.2394362,
              20.931247
            ],
            [
              52.2400637,
              20.9310045
            ]
          ],
          [
            [
              52.2400637,
              20.9310045
            ],
            [
              52.2401364,
              20.9309865
            ],
            [
              52.2401773,
              20.9309841
            ],
            [
              52.2402024,
              20.9309892
            ],
            [
              52.2402174,
              20.9309922
            ],
            [
              52.2403034,
              20.931015
            ]
          ]
        ]
      }
    },
    {
      "type": "Feature",
      "properties": {
        "name": "Sztuk Pięknych",
        "highway": "residential"
      },
      "geometry": {
        "type": "MultiLineString",
        "coordinates": [
          [
            [
              52.2208689,
              20.9360085
            ],
            [
              52.2209427,
              20.9359851
            ],
            [
              52.2210203,
              20.9359628
            ],
            [
              52.2212585,
              20.9358939
            ]
          ],
          [
            [
              52.2212585,
              20.9358939
            ],
            [
              52.2215214,
              20.9358178
            ],
            [
              52.2215568,
              20.9358075
            ]
          ],
          [
            [
              52.2215568,
              20.9358075
            ],
            [
              52.2216097,
              20.9357922
            ],
            [
              52.2217245,
              20.9357596
            ]
          ],
          [
            [
              52.2217245,
              20.9357596
            ],
            [
              52.2217963,
              20.9357392
            ],
            [
              52.2218465,
              20.9357256
            ],
            [
              52.2218952,
              20.9357119
            ],
            [
              52.2219643,
              20.935693
            ]
          ]
        ]
      }
    },
    {
      "type": "Feature",
      "properties": {
        "name": "Haberbuscha i Schielego",
        "highway": "living_street"
      },
      "geometry": {
        "type": "MultiLineString",
        "coordinates": [
          [
            [
              52.2342108,
              20.987052
            ],
            [
              52.2342262,
              20.9870092
            ],
            [
              52.2342933,
              20.98698
            ],
            [
              52.2348027,
              20.986767
            ],
            [
              52.2348061,
              20.9867656
            ],
            [
              52.2349308,
              20.9867134
            ],
            [
              52.2350878,
              20.9866478
            ],
            [
              52.2351416,
              20.9866252
            ],
            [
              52.2353662,
              20.9865313
            ],
            [
              52.2354572,
              20.9864932
            ],
            [
              52.2355171,
              20.9864679
            ]
          ]
        ]
      }
    },
    {
      "type": "Feature",
      "properties": {
        "name": "Stanisława Wernera",
        "highway": "living_street"
      },
      "geometry": {
        "type": "MultiLineString",
        "coordinates": [
          [
            [
              52.232166,
              20.989632
            ],
            [
              52.2322483,
              20.98962
            ],
            [
              52.2325649,
              20.9894896
            ],
            [
              52.2326196,
              20.9894597
            ]
          ],
          [
            [
              52.2316976,
              20.9898677
            ],
            [
              52.2317699,
              20.9898361
            ]
          ],
          [
            [
              52.2317699,
              20.9898361
            ],
            [
              52.232166,
              20.989632
            ]
          ]
        ]
      }
    },
    {
      "type": "Feature",
      "properties": {
        "name": "Marynin",
        "highway": "service"
      },
      "geometry": {
        "type": "MultiLineString",
        "coordinates": [
          [
            [
              52.2420845,
              20.9379362
            ],
            [
              52.2421205,
              20.9379035
            ],
            [
              52.2421754,
              20.9378534
            ],
            [
              52.2422064,
              20.937777
            ],
            [
              52.2422199,
              20.9377115
            ],
            [
              52.2422486,
              20.9372519
            ],
            [
              52.2423303,
              20.9365886
            ]
          ]
        ]
      }
    },
    {
      "type": "Feature",
      "properties": {
        "name": "Kozienicka",
        "highway": "service"
      },
      "geometry": {
        "type": "MultiLineString",
        "coordinates": [
          [
            [
              52.2237944,
              20.9728142
            ],
            [
              52.2238671,
              20.9727723
            ],
            [
              52.2238981,
              20.9727552
            ],
            [
              52.2241286,
              20.9726271
            ],
            [
              52.2241651,
              20.9726149
            ],
            [
              52.2242076,
              20.9726115
            ],
            [
              52.2242389,
              20.9726248
            ],
            [
              52.2243206,
              20.9726743
            ],
            [
              52.2245002,
              20.9727866
            ],
            [
              52.2249772,
              20.97309
            ],
            [
              52.2250752,
              20.9731175
            ],
            [
              52.2251392,
              20.9731338
            ],
            [
              52.2252279,
              20.9731498
            ]
          ]
        ]
      }
    },
    {
      "type": "Feature",
      "properties": {
        "name": "Żubra",
        "highway": "service"
      },
      "geometry": {
        "type": "MultiLineString",
        "coordinates": [
          [
            [
              52.2551138,
              20.9809639
            ],
            [
              52.2552139,
              20.9792074
            ],
            [
              52.2552226,
              20.9790544
            ],
            [
              52.255222,
              20.9790133
            ],
            [
              52.2552189,
              20.9789669
            ],
            [
              52.2552167,
              20.9789425
            ],
            [
              52.2552127,
              20.9789175
            ],
            [
              52.2552098,
              20.9789065
            ],
            [
              52.2552039,
              20.9788838
            ],
            [
              52.2551915,
              20.978849
            ],
            [
              52.255172,
              20.9787958
            ]
          ]
        ]
      }
    },
    {
      "type": "Feature",
      "properties": {
        "name": "Danuty Siedzikówny „Inki”",
        "highway": "residential"
      },
      "geometry": {
        "type": "MultiLineString",
        "coordinates": [
          [
            [
              52.2404299,
              20.9420113
            ],
            [
              52.2404531,
              20.9421505
            ],
            [
              52.2405684,
              20.9427853
            ],
            [
              52.2407008,
              20.9434869
            ],
            [
              52.2407465,
              20.9437751
            ],
            [
              52.240785,
              20.9440914
            ],
            [
              52.2408092,
              20.9443619
            ],
            [
              52.2408588,
              20.9447864
            ],
            [
              52.2408944,
              20.9450096
            ],
            [
              52.2410026,
              20.9455548
            ],
            [
              52.2410291,
              20.9456881
            ]
          ]
        ]
      }
    }
  ]
}